,name,code,close,rate,premium,tag,mtexp,fundfirm,listdate,index,avgamount,m1,y0,y1,y3,y5,scale
0,黄金ETF华安,518880,10.873,9917,10000,商品，黄金,0.60%,华安基金,2013-07-29,黄金9999指数,944932.52,10333,11690,16608,26708,31226,939.85
1,纳指ETF,513100,1.801,10006,10000,跨境，美国,0.80%,国泰基金,2013-05-15,纳斯达克100指数,36499.04,9788,9459,11748,20677,21533,167.88
2,标普500ETF博时,513500,2.35,9953,10000,跨境，美国,0.80%,博时基金,2014-01-15,标准普尔500指数,25060.52,9924,9663,11611,17857,20399,223.2
3,红利低波ETF华泰柏瑞,512890,1.188,10051,10001,策略，红利,0.60%,华泰柏瑞基金,2019-01-18,红利低波指数,100421.3,10059,10102,10889,13274,17094,267.54
4,电网设备ETF,159326,2.077,10039,9990,主题，电网设备,0.60%,华夏基金,2024-09-09,电网设备主题指数,311026.91,11999,14015,18865,10000,10000,38.88
5,沪深300ETF华泰柏瑞,510300,4.667,10028,9994,宽基，大盘股,0.20%,华泰柏瑞基金,2012-05-28,沪深300指数,384766.51,9974,10074,12259,12201,9796,4222.58
6,有色金属ETF,512400,2.279,9798,10003,行业，资源，有色金属,0.60%,南方基金,2017-09-01,有色金属指数,239938.16,10630,11827,22126,19949,21145,205.91
7,豆粕ETF,159985,2.126,10315,10000,商品，农产品,0.60%,华夏基金,2019-12-05,大商所豆粕期货价格指数,86958.77,10737,10908,10875,11016,17285,26.09
8,日经ETF,513520,1.983,10051,10000,跨境，日本,0.25%,华夏基金,2019-06-25,日经225指数,59212.67,10542,11054,13916,18429,15639,17.49
9,自由现金流ETF,159201,1.391,10036,10027,策略，现金流,0.20%,华夏基金,2025-02-27,自由现金流指数,90927.02,10708,11449,14108,10000,10000,85.96
10,创业板ETF易方达,159915,3.225,10059,10016,宽基，中小盘,0.20%,易方达基金,2011-12-09,创业板指,466895.34,9960,10122,15007,13659,11634,1004.46
11,恒生科技指数ETF,513180,0.643,10272,10000,跨境，香港，科技,0.65%,华夏基金,2021-05-25,恒生科技指数,650091.93,9095,8784,8181,11712,10000,489.48
12,光伏ETF,515790,1.127,10018,10013,主题，光伏，新兴产业,0.60%,华泰柏瑞基金,2020-12-18,光伏产业指数,63972.92,10302,11715,15292,7789,10397,112.53
13,科创50ETF,588000,1.491,10061,10000,宽基，中小盘，科创板,0.20%,华夏基金,2020-11-16,科创50指数,378998.56,9887,10522,13056,14160,10883,760.22
14,中韩半导体ETF,513310,4.132,10081,10000,跨境，韩国,0.95%,华泰柏瑞基金,2022-12-22,中韩半导体指数,717671.83,12100,16034,26675,39352,10000,36.71
15,通信ETF,515880,1.084,9909,10016,行业，TMT，通信,0.60%,国泰基金,2019-09-06,通信设备指数,118800.58,10576,10558,24289,33560,31789,136.38
16,中证500ETF,510500,8.421,10060,9992,宽基，中小盘,0.20%,南方基金,2013-03-15,中证500指数,484402.63,10248,11181,14273,13685,14118,1446.9
17,化工ETF,159870,0.961,10191,10011,行业，化工,0.60%,鹏华基金,2021-03-03,细分化工指数,200874.13,11033,11663,16233,11820,10223,169.57
18,中概互联网ETF易方达,513050,1.263,10336,10000,跨境，中概股,0.80%,易方达基金,2017-01-18,中国互联网50指数,369856.18,8882,8609,8517,11738,5687,398.59
19,酒ETF,512690,0.51,10139,9999,行业，食品饮料，酒,0.60%,鹏华基金,2019-05-06,中证酒指数,86839.0,9027,9515,8615,5478,5922,188.77
20,创业板50ETF华安,159949,1.514,10020,9991,宽基，中小盘,0.60%,华安基金,2016-07-22,创业板50指数,146498.57,9895,9947,15705,14392,12471,306.53
21,证券ETF,512880,1.131,10125,10000,行业，金融，证券,0.60%,国泰基金,2016-08-08,证券公司指数,194372.16,9480,9339,10171,12161,10348,570.29
22,半导体ETF,512480,1.586,10000,9995,行业，半导体，芯片,0.60%,国联安基金,2019-06-12,半导体指数,145610.62,9969,10833,14060,17800,15860,201.65
23,短融ETF海富通,511360,113.133,10000,10000,债券，信用债，短期融资券,0.20%,海富通基金,2020-09-25,中证短融指数,5983940.88,10013,10026,10165,10613,11146,702.23
24,煤炭ETF,515220,1.237,9880,9991,行业，煤炭，资源,0.60%,国泰基金,2020-03-02,中证煤炭指数,135725.78,10918,12033,13120,11981,21457,86.4
25,恒生科技ETF,513130,0.63,10294,10000,跨境，香港，科技,0.25%,华泰柏瑞基金,2021-06-01,恒生科技指数,796693.4,9104,8774,8192,11496,10000,425.06
26,红利低波50ETF,515450,1.432,10063,10000,策略，低波动，红利,0.60%,南方基金,2020-02-26,标普中国A股大盘红利低波50指数,16240.61,10070,10221,10895,14563,17137,150.39
27,传媒ETF,512980,1.081,10056,9995,行业，TMT，传媒,0.60%,广发基金,2018-01-19,中证传媒指数,59506.8,9192,10832,12869,15421,12614,26.43
28,港股创新药ETF,513120,1.199,10381,10000,跨境，香港，医药,0.60%,广发基金,2022-07-12,港股创新药港币指数,418188.03,9569,10042,14156,12026,10000,234.03
29,香港证券ETF易方达,513090,1.873,10168,9977,跨境，香港,0.20%,易方达基金,2020-03-26,香港证券港元指数,633442.94,9083,9227,11634,16605,15365,303.25
30,医疗ETF,512170,0.342,10240,10039,行业，医药,0.60%,华宝基金,2019-06-17,中证医疗指数,75746.33,9500,10059,9913,6654,4436,252.63
31,稀有金属ETF,562800,1.111,9867,10003,主题，稀有金属,0.60%,嘉实基金,2021-09-27,CS稀金属指数,111037.4,11088,11946,21489,15452,10000,37.13
32,游戏ETF,159869,1.411,10014,10003,主题，游戏,0.60%,华夏基金,2021-03-05,动漫游戏指数,70158.0,9216,9799,11798,14995,13779,126.11
33,消费ETF,159928,0.773,10225,9984,行业，消费，必选消费,0.60%,汇添富基金,2013-09-16,中证消费指数,48038.44,9567,9748,9797,7124,6196,208.92
34,军工ETF,512660,1.523,10099,10013,行业，军工,0.60%,国泰基金,2016-08-08,中证军工指数,99255.21,10389,11092,14588,12962,13301,106.52
35,有色ETF大成,159980,2.093,9995,10000,商品，有色金属,0.70%,大成基金,2019-12-24,上期有色金属指数,140135.69,10185,10486,12392,13348,16677,46.97
36,黄金股ETF,517520,2.547,9864,10016,行业，黄金,0.60%,永赢基金,2023-11-01,SSH黄金股票指数,99557.09,10213,12485,21457,10000,10000,125.5
37,纳指ETF,159941,1.342,9993,10000,跨境，美国,1.00%,广发基金,2015-07-13,纳斯达克100指数,68650.42,9817,9498,11700,20489,21431,297.75
38,价值ETF易方达,159263,1.228,10033,9984,策略，价值,0.60%,易方达基金,2025-07-08,价值100指数,10812.69,10595,11143,10000,10000,10000,12.91
39,科创芯片ETF,588200,2.565,10012,9999,行业，半导体，芯片，科创板,0.60%,嘉实基金,2022-10-26,科创芯片指数,283743.79,9996,10952,15508,22189,10000,396.58
40,人工智能ETF易方达,159819,1.55,10013,9992,主题，新兴产业，人工智能,0.20%,易方达基金,2020-09-23,CS人工智能指数,61890.41,9974,10117,15063,18834,16649,217.96
41,能源化工ETF建信,159981,1.473,10425,10000,商品，化工,0.60%,建信基金,2020-01-17,易盛能化A,220449.47,11562,11598,10462,9627,13403,15.95
42,法国ETF华安,513080,1.859,9995,10000,跨境，法国,0.65%,华安基金,2020-06-12,法国CAC40指数,20464.54,10385,10385,11260,13184,16321,10.3
43,德国ETF华安,513030,1.859,9968,10000,跨境，德国,1.00%,华安基金,2014-09-05,德国DAX指数,22214.3,9915,9931,11065,16250,16466,17.73
44,恒生ETF,159920,1.534,10172,10000,跨境，香港,0.75%,华夏基金,2012-10-22,香港恒生指数,82244.13,9546,9878,10572,13270,10092,137.89
45,上证50ETF,510050,3.068,10007,9992,宽基，大盘股,0.20%,华夏基金,2005-02-23,上证50指数,234885.09,9780,9881,11676,11879,9120,1759.22
46,机器人ETF,562500,1.025,10049,10007,主题，新兴产业，机器人,0.60%,华夏基金,2021-12-29,机器人指数,108983.87,9809,10059,10567,12592,10000,264.65
47,红利ETF华泰柏瑞,510880,3.285,9982,10003,策略，红利,0.60%,华泰柏瑞基金,2007-01-18,红利指数,74561.01,10475,10801,11444,12866,15160,192.65
48,金融科技ETF,159851,0.808,10267,10009,主题，金融科技,0.60%,华宝基金,2021-03-19,金融科技指数,51866.27,9608,9528,10446,14263,10000,100.84
49,卫星ETF,159206,1.805,9978,9997,主题，卫星,0.60%,永赢基金,2025-03-14,卫星通信指数,173914.52,9678,10674,10000,10000,10000,66.59
50,稀土ETF,516780,2.076,9924,10022,主题，稀土,0.60%,华泰柏瑞基金,2021-03-08,稀土产业指数,31952.85,11113,11775,19312,18005,10000,25.97
51,中证红利质量ETF,159209,1.268,10016,10017,策略，红利，价值,0.20%,招商基金,2025-03-25,中证红利质量指数,10982.28,9984,10725,10000,10000,10000,6.85
52,芯片ETF,159995,1.853,9989,10000,行业，半导体，芯片,0.60%,华夏基金,2020-02-10,国证芯片指数,72815.91,9909,10699,13880,17498,15053,251.97
53,银行ETF,512800,0.784,10013,10003,行业，金融，银行,0.60%,华宝基金,2017-08-03,中证银行指数,84822.34,9899,9526,10391,14559,12376,127.94
54,大宗商品ETF,510170,1.566,9905,9992,行业，资源,0.70%,国联安基金,2011-01-25,上证商品指数,8299.2,11138,12568,18402,17556,22979,3.22
55,电力ETF,159611,1.135,10107,10006,行业，电力,0.60%,广发基金,2022-01-07,电力指数,49128.6,11062,11339,12244,12569,10000,36.9
56,中证红利ETF,515080,1.652,10018,10006,策略，红利,0.30%,招商基金,2019-12-27,中证红利指数,27884.37,10299,10658,11527,12701,15810,86.81
57,科创创业ETF,159781,0.92,9978,9988,宽基，中小盘,0.20%,易方达基金,2021-07-05,科创创业50指数,24167.52,10055,10033,15780,14935,10000,118.96
58,中证1000ETF,512100,3.3,10104,9995,宽基，中小盘,0.20%,南方基金,2016-11-04,中证1000指数,274979.46,10210,10851,13061,12174,13531,789.96
59,半导体设备ETF,159516,1.769,9877,10001,行业，半导体，芯片,0.60%,国泰基金,2023-07-27,半导体材料设备指数,139504.18,9850,11465,16244,10000,10000,90.11
60,矿业ETF,561330,2.312,9797,10008,行业，资源，有色金属,0.60%,国泰基金,2022-11-01,有色矿业指数,20748.71,10674,12023,23236,21133,10000,12.3
61,通信ETF华夏,515050,2.384,9950,10002,主题，新兴产业，5G,0.60%,华夏基金,2019-10-16,5G通信指数,29154.53,10535,10475,20393,26548,21135,78.03
62,道琼斯ETF,513400,1.24,10000,10000,跨境，美国,0.65%,鹏华基金,2024-02-02,道琼斯工业平均指数,15389.7,9888,10040,11081,10000,10000,23.57
63,红利ETF易方达,515180,1.461,10007,9997,策略，红利,0.20%,易方达基金,2019-12-20,中证红利指数,32092.66,10296,10649,11542,12807,15634,118.05
64,成长ETF易方达,159259,1.098,9919,10001,策略，成长,0.60%,易方达基金,2025-08-28,成长100指数,10864.96,10262,10378,10000,10000,10000,8.61
65,恒生红利低波ETF易方达,159545,1.501,10081,10000,跨境，香港,0.20%,易方达基金,2024-04-15,恒生港股通高股息低波动指数,28157.67,10025,10667,12508,10000,10000,75.73
66,石油ETF,561360,1.716,9971,9975,行业，石油，天然气,0.60%,国泰基金,2023-10-31,油气产业指数,450049.84,12162,13929,17212,10000,10000,2.55
67,钢铁ETF,515210,1.616,10050,10014,行业，钢铁,0.60%,国泰基金,2020-03-02,中证钢铁指数,29175.45,10738,11137,13328,12617,13112,39.8
68,新能源ETF,516160,3.048,9990,10017,主题，新能源，新兴产业,0.20%,南方基金,2021-02-04,中证新能指数,22300.2,10304,10661,15472,9292,10943,68.15
69,化工ETF,516020,1.021,10190,10013,行业，化工,0.60%,华宝基金,2021-03-08,细分化工指数,45640.29,11014,11669,16336,12169,10000,37.93
70,日经225ETF华安,513880,1.829,9973,10000,跨境，日本,0.25%,华安基金,2019-06-25,日经225指数,26172.73,10439,10893,14005,17637,14894,19.93
71,机器人ETF易方达,159530,1.48,10109,10010,主题，新兴产业，机器人,0.60%,易方达基金,2024-01-18,机器人100指数,63049.25,9642,9332,10393,10000,10000,152.67
72,中证A500ETF,159338,1.24,10016,9996,宽基，中小盘,0.20%,国泰基金,2024-10-15,中证A500指数,694542.28,10065,10385,12930,10000,10000,373.59
73,日经225ETF易方达,513000,1.973,10005,10000,跨境，日本,0.25%,易方达基金,2019-06-25,日经225指数,17425.24,10467,10961,14083,18151,15414,16.28
74,东南亚科技ETF,513730,1.226,10025,10000,跨境，新加坡，东南亚,0.50%,华泰柏瑞基金,2023-12-01,新交所泛东南亚科技指数,5859.51,9295,8839,10217,10000,10000,12.95
75,油气ETF汇添富,159309,1.691,9820,9992,行业，石油，天然气,0.60%,汇添富基金,2024-06-18,油气资源指数,77557.3,12582,14666,18441,10000,10000,0.591
76,恒生科技ETF易方达,513010,0.66,10296,10000,跨境，香港，科技,0.25%,易方达基金,2021-05-25,恒生科技指数,198393.81,9066,8812,8209,11807,10000,270.25
77,券商ETF,512000,0.54,10112,9991,行业，金融，证券,0.60%,华宝基金,2016-09-14,证券公司指数,99869.92,9474,9326,10160,12121,10325,397.72
78,中证2000增强ETF招商,159552,2.206,10166,10018,宽基，中小盘,0.60%,招商基金,2024-06-28,中证2000指数,6993.11,10171,10872,14815,10000,10000,5.42
79,科创半导体ETF,588170,1.707,9878,10009,行业，半导体，芯片,0.60%,华夏基金,2025-04-08,科创半导体材料设备指数,85729.89,9771,11342,10000,10000,10000,36.77
80,中证2000ETF,563300,1.522,10126,9995,宽基，中小盘,0.60%,华泰柏瑞基金,2023-09-14,中证2000指数,59930.53,10333,11126,13614,10000,10000,26.75
81,国防ETF,512670,1.024,10079,10008,行业，军工,0.40%,鹏华基金,2019-08-01,中证国防指数,22629.33,10250,11327,14587,11179,11204,37.27
82,价值100ETF,512040,1.277,10095,10004,策略，价值,0.70%,富国基金,2018-11-29,国信价值指数,11568.89,10307,11066,13513,15469,17645,21.86
83,资源ETF博时,510410,2.215,9719,9937,行业，资源,0.60%,博时基金,2012-05-11,上证资源指数,9464.99,10927,12170,19111,19602,26464,6.64
84,红利低波ETF易方达,563020,1.21,10050,10003,策略，红利,0.20%,易方达基金,2023-12-14,红利低波指数,17676.42,10075,10151,10963,10000,10000,47.17
85,恒生医疗ETF博时,513060,0.581,10301,10000,跨境，香港，医药，医疗保健,0.65%,博时基金,2021-03-29,恒生医疗保健指数,96324.85,9401,9966,12854,9587,10000,63.02
86,恒生互联网ETF,513330,0.45,10297,10000,跨境，香港，互联网,0.65%,华夏基金,2021-02-08,恒生互联网科技业指数,371700.5,8893,8721,8704,9956,4994,346.45
87,科技100ETF,515580,1.342,10045,10023,主题，新兴产业，科技,0.60%,华泰柏瑞基金,2019-10-28,科技100指数,1551.66,10252,10814,15408,16486,16296,5.15
88,新能源车ETF,515030,1.821,9995,9996,主题，新兴产业，新能源车,0.60%,华夏基金,2020-03-04,CS新能车指数,18718.35,10072,9738,13600,10693,11879,44.28
89,德国ETF嘉实,159561,1.353,10037,10000,跨境，德国,0.60%,嘉实基金,2024-04-30,德国DAX指数,18493.73,9905,9890,11191,10000,10000,20.36
90,电池ETF,159755,1.064,9953,10006,主题，新兴产业，新能源车，电池,0.60%,广发基金,2021-06-24,新能电池指数,44119.54,10221,9944,14737,11928,10000,140.86
91,红利低波100ETF,515100,1.47,10075,10002,策略，低波动，红利,0.60%,景顺长城基金,2020-07-03,红利低波100指数,17436.43,10041,10280,10964,12647,16773,57.7
92,航空航天ETF,159227,1.498,10101,10002,行业，航空航天,0.60%,华夏基金,2025-05-16,国证航天指数,51322.24,10149,10974,10000,10000,10000,21.64
93,黄金ETF易方达,159934,11.366,9930,10000,商品，黄金,0.60%,易方达基金,2013-12-16,黄金9999指数,269945.0,10354,11708,16623,26747,31200,355.07
94,农业ETF,159825,0.894,10371,10004,行业，农业,0.60%,富国基金,2020-12-29,中证农业指数,22249.94,10668,10732,13712,10022,8247,23.29
95,人工智能ETF,515980,0.908,10078,9998,主题，新兴产业，人工智能,0.60%,华富基金,2020-02-10,人工智能指数,42097.31,10067,10473,16360,19782,16661,70.45
96,旅游ETF,159766,0.738,10151,10016,主题，旅游,0.60%,富国基金,2021-07-23,中证旅游指数,39769.78,8817,9122,11114,6462,10000,56.94
97,纳斯达克ETF,513300,2.215,10000,10000,跨境，美国,0.80%,华夏基金,2020-11-05,纳斯达克100指数,33766.74,9814,9589,11483,20605,21589,112.53
98,医药ETF易方达,512010,0.372,10248,10016,行业，医药,0.60%,易方达基金,2013-10-28,300医药指数,52385.94,9687,9841,10449,7592,5068,169.74
99,食品饮料ETF,515170,0.527,10174,10008,行业，食品饮料,0.60%,华夏基金,2021-01-13,细分食品指数,12021.34,9262,9617,9262,6530,6171,56.64
100,化工50ETF,516120,1.044,10195,10014,行业，化工,0.60%,富国基金,2021-03-09,细分化工指数,38664.7,11001,11665,16519,12297,10000,15.81
101,创新药ETF,159992,0.801,10309,10003,行业，医药,0.55%,银华基金,2020-04-10,CS创新药指数,57271.19,9604,9639,11203,8266,5911,124.21
102,计算机ETF,159998,1.052,10115,10010,行业，计算机,0.60%,天弘基金,2020-04-13,CS计算机指数,11179.58,9906,10531,10447,10970,9859,23.61
103,创业板人工智能ETF华宝,159363,1.089,9945,9984,主题，新兴产业，人工智能,0.60%,华宝基金,2024-12-16,创业板人工智能指数,70627.02,10111,11011,20374,10000,10000,38.08
104,房地产ETF,512200,1.476,10103,10000,行业，金融，房地产,0.60%,南方基金,2017-09-25,房地产指数,18183.61,9413,9847,10336,7300,6203,46.79
105,港股通央企红利ETF华安,513920,1.727,10076,10000,跨境，香港，央企,0.60%,华安基金,2024-01-05,恒生港股通中国央企红利指数,45233.51,10219,10853,13006,10000,10000,62.39
106,纳指ETF易方达,159696,1.655,10006,10000,跨境，美国,0.60%,易方达基金,2023-08-25,纳斯达克100指数,4294.03,9724,9539,11941,10000,10000,39.7
107,纳指ETF富国,513870,1.695,10030,10000,跨境，美国,0.60%,富国基金,2023-11-02,纳斯达克100指数,7542.68,9832,9620,11928,10000,10000,20.2
108,养殖ETF,159865,0.65,10400,9997,行业，畜牧养殖,0.60%,国泰基金,2021-03-08,中证畜牧指数,20871.98,10350,10301,11754,7927,10000,59.49
109,储能电池ETF易方达,159566,2.22,10091,10014,主题，新兴产业，新能源,0.60%,易方达基金,2024-02-08,新能源电池指数,31236.62,10632,10607,15891,10000,10000,38.9
110,芯片ETF,512760,1.743,10006,9996,行业，半导体，芯片,0.60%,国泰基金,2019-06-12,中华半导体人民币指数,32499.62,9977,10773,13966,17240,14721,97.91
111,黄金股ETF,159562,2.754,9896,10015,行业，黄金,0.20%,华夏基金,2024-01-22,SSH黄金股票指数,39105.91,10192,12344,21234,10000,10000,30.33
112,标普ETF,159655,1.767,9994,10000,跨境，美国,0.75%,华夏基金,2022-10-25,标准普尔500指数,8775.63,9905,9736,11459,17443,10000,35.0
113,MSCIA股ETF易方达,512090,1.977,10041,10006,MSCI,0.20%,易方达基金,2018-06-01,MSCI中国A股国际通指数,12317.39,10066,10265,12592,12616,11534,6.67
114,标普500ETF南方,513650,1.768,9989,10000,跨境，美国,0.75%,南方基金,2023-04-04,标准普尔500指数,9922.28,9933,9779,11609,10000,10000,46.79
115,港股通创新药ETF,159570,1.521,10475,10000,跨境，香港，医药,0.60%,汇添富基金,2024-01-22,港股通创新药指数,210474.62,9633,9902,13568,10000,10000,214.88
116,港股红利ETF博时,513690,1.183,10025,9977,跨境，香港，策略，红利,0.60%,博时基金,2021-05-20,恒生港股通高股息率指数,46539.34,10234,11087,12897,15334,10000,55.26
117,恒生科技ETF大成,159740,0.633,10309,10000,跨境，香港，科技,0.60%,大成基金,2021-05-27,恒生科技指数,245055.47,9134,8804,8210,11572,10000,189.75
118,创业板成长ETF,159967,0.616,10016,10023,策略，动量，成长,0.60%,华夏基金,2019-07-15,创成长指数,23261.96,10115,9686,13538,10676,9778,31.06
119,粮食ETF,159698,1.185,10313,10014,行业，农业,0.60%,鹏华基金,2023-08-18,国证粮食指数,15024.3,10993,11383,13795,10000,10000,1.25
120,基建ETF广发,516970,1.273,10168,10015,主题，基建,0.60%,广发基金,2021-07-05,基建工程指数,12962.82,10383,10734,11853,10469,10000,19.71
121,云计算ETF易方达,516510,1.779,10085,9990,主题，TMT，互联网,0.20%,易方达基金,2021-04-07,云计算指数,15039.43,9916,10520,13653,17790,10000,17.44
122,工业母机ETF,159667,1.993,10142,10009,行业，机床,0.60%,国泰基金,2022-10-26,中证机床指数,22470.57,11737,12519,17020,19713,10000,9.3
123,科创50ETF易方达,588080,1.444,10056,9995,宽基，中小盘，科创板,0.20%,易方达基金,2020-11-16,科创50指数,138235.63,9884,10525,13124,14142,10713,705.97
124,汽车ETF,516110,1.345,10060,10008,行业，汽车,0.60%,国泰基金,2021-05-07,800汽车指数,3437.88,9789,9392,10220,12785,10000,5.92
125,纳指100ETF博时,513390,1.992,10015,10000,跨境，美国,0.65%,博时基金,2023-05-08,纳斯达克100指数,4243.18,9803,9454,11808,10000,10000,35.61
126,电网ETF,561380,2.241,10013,10015,跨境，香港，电网设备,0.60%,国泰基金,2024-12-23,恒生A股电网设备指数,47025.18,11908,13598,23319,10000,10000,5.52
127,黄金ETF博时,159937,10.851,9928,10000,商品，黄金,0.60%,博时基金,2014-09-01,黄金9999指数,223461.68,10346,11700,16604,26674,31190,403.17
128,港股通红利ETF华泰柏瑞,513530,1.699,10077,10000,跨境，香港，红利,0.60%,华泰柏瑞基金,2022-04-25,港股通高股息港元指数,32996.98,10228,10695,12357,16254,10000,36.85
129,沙特ETF,520830,0.914,10000,10000,跨境，沙特,0.60%,华泰柏瑞基金,2024-07-16,富时阿拉伯指数,55055.99,9652,10144,8996,10000,10000,12.9
130,智能驾驶ETF,516520,1.276,10063,10027,主题，智能汽车,0.60%,华泰柏瑞基金,2021-03-01,CS智汽车指数,6100.31,9808,9922,10723,13720,13168,6.45
131,稀土ETF嘉实,516150,2.142,9912,10006,主题，稀土,0.60%,嘉实基金,2021-03-17,稀土产业指数,81351.79,11110,11737,19159,17486,10000,77.71
132,工业有色ETF万家,560860,1.958,9766,10009,行业，资源，有色金属,0.60%,万家基金,2023-03-13,工业有色指数,85799.13,10866,12322,23477,10000,10000,87.6
133,科创200ETF,588230,1.747,10092,9994,宽基，中小盘，科创板,0.20%,华泰柏瑞基金,2024-12-24,科创200指数,20026.02,10092,11486,15853,10000,10000,5.25
134,软件ETF,515230,0.891,10206,10011,主题，新兴产业，软件,0.60%,国泰基金,2021-03-02,软件指数,22313.04,9560,9944,9706,9429,9349,31.83
135,A500ETF基金,512050,1.232,10016,9994,宽基，中小盘,0.20%,华夏基金,2024-11-15,中证A500指数,1010938.86,10074,10370,12914,10000,10000,420.34
136,港股通非银ETF,513750,1.653,10110,10000,跨境，香港，金融,0.60%,广发基金,2023-11-27,港股通非银人民币指数,189183.46,9123,9746,13288,10000,10000,269.11
137,软件ETF,159852,0.875,10198,10012,主题，新兴产业，软件,0.60%,嘉实基金,2021-02-09,软件服务指数,50136.43,9626,10127,9573,9105,8821,60.25
138,自由现金流ETF南方,159232,1.415,10057,10012,策略，现金流,0.20%,南方基金,2025-04-30,中证现金流指数,19866.47,10607,11262,10000,10000,10000,18.13
139,中药ETF,159647,0.96,10116,9991,行业，医药,0.60%,鹏华基金,2022-07-28,中证中药指数,2455.8,9677,9897,10127,8262,10000,13.93
140,卫星ETF招商,159218,1.922,10000,10000,主题，卫星,0.60%,招商基金,2025-05-22,卫星产业指数,53454.17,9948,10877,10000,10000,10000,15.31
141,石油ETF鹏华,159697,1.596,9797,9995,行业，石油，天然气,0.60%,鹏华基金,2023-05-04,国证油气指数,170035.03,12091,13457,16608,10000,10000,2.07
142,证券保险ETF易方达,512070,0.853,10083,9997,行业，金融,0.60%,易方达基金,2014-07-18,300非银指数,62375.08,9322,9232,11092,13184,10352,176.13
143,医疗设备ETF,159873,0.592,10225,10024,行业，医药，医疗保健,0.60%,天弘基金,2021-03-29,医疗保健指数,1264.43,9689,10332,10017,7400,10000,1.09
144,工程机械ETF,560280,1.833,10116,10015,行业，机械,0.60%,广发基金,2023-10-30,工程机械主题指数,28483.06,10304,11421,13216,10000,10000,8.74
145,电网设备ETF广发,159320,2.244,10022,9998,跨境，香港，电网设备,0.55%,广发基金,2024-12-24,恒生A股电网设备指数,16514.02,11911,13559,23302,10000,10000,1.22
146,红利质量ETF,159758,1.086,10093,9993,策略，红利，价值,0.20%,华夏基金,2021-12-28,红利质量指数,14910.94,9846,10605,12134,11231,10000,12.75
147,消费电子ETF,159732,1.153,10009,9997,主题，消费电子,0.60%,华夏基金,2021-08-23,消费电子指数,13336.95,10186,10397,13028,16832,10000,30.2
148,港股通消费ETF易方达,513070,1.321,10232,9985,跨境，香港，消费,0.20%,易方达基金,2022-03-24,HKC消费港元指数,11952.63,9389,10217,9600,12726,10000,8.24
149,能源ETF,159930,1.807,9821,9982,行业，资源，能源,0.60%,汇添富基金,2013-09-16,中证能源指数,43369.74,11466,12351,14872,15893,25814,4.27
150,科技ETF,515000,1.017,9961,10012,主题，新兴产业，科技,0.60%,华宝基金,2019-08-16,科技龙头指数,11755.87,10000,10211,14803,16016,11524,33.46
151,红利ETF工银,159905,1.876,10086,9997,策略，红利,0.60%,工银瑞信基金,2011-01-11,深证红利指数,5205.45,9853,10393,11481,10693,7901,19.03
152,上证指数ETF,510210,1.041,10058,10002,宽基，综合,0.60%,富国基金,2011-03-25,上证指数,60982.34,10136,10494,12836,13287,13124,58.79
153,科创50ETF工银,588050,1.453,10048,9994,宽基，中小盘，科创板,0.35%,工银瑞信基金,2020-11-16,科创50指数,30866.41,9871,10499,13043,13998,10676,113.84
154,半导体设备ETF易方达,159558,2.076,9919,10015,行业，半导体，芯片,0.60%,易方达基金,2024-06-18,半导体材料设备指数,27882.75,9858,11463,16424,10000,10000,16.07
155,有色ETF银华,159871,1.146,9770,9993,行业，资源，有色金属,0.20%,银华基金,2021-03-31,中证有色指数,10489.35,10606,11790,21401,19556,10000,4.1
156,A500ETF易方达,159361,1.262,10016,9995,宽基，中小盘,0.20%,易方达基金,2024-11-19,中证A500指数,271766.15,10064,10378,12957,10000,10000,338.63
157,油气ETF博时,561760,1.626,9909,9988,行业，石油，天然气,0.60%,博时基金,2024-04-29,油气资源指数,19066.18,12556,14649,18229,10000,10000,0.336
158,建材ETF,159745,0.718,10127,10010,行业，建筑材料,0.60%,国泰基金,2021-06-18,建筑材料指数,19794.62,9690,11029,12316,8349,10000,6.1
159,电池ETF汇添富,159796,0.954,10053,9994,主题，新兴产业，新能源车,0.20%,汇添富基金,2022-03-14,CS电池指数,25678.91,10160,9715,15362,11029,10000,93.91
160,碳中和ETF,159790,0.804,10037,10025,主题，低碳,0.60%,华夏基金,2021-08-06,内地低碳指数,2619.96,10190,10496,14130,10113,10000,17.7
161,AI人工智能ETF,512930,2.214,10014,10013,主题，新兴产业，人工智能,0.20%,平安基金,2019-08-23,CS人工智能指数,15195.92,9982,10123,15041,18636,17321,26.8
162,卫星ETF广发,512630,1.581,10006,10006,主题，卫星,0.60%,广发基金,2025-10-22,卫星产业指数,25764.55,9943,10941,10000,10000,10000,7.1
163,中证现金流ETF大成,159235,1.432,10056,10010,策略，现金流,0.20%,大成基金,2025-04-30,中证现金流指数,12791.74,10623,11240,10000,10000,10000,21.51
164,船舶ETF,560710,1.148,10314,10027,行业，船舶,0.60%,富国基金,2026-02-06,智选船舶产业指数,26264.7,10000,10000,10000,10000,10000,14.87
165,5GETF博时,159811,2.382,9896,10009,主题，新兴产业，5G,0.55%,博时基金,2020-04-22,5G50指数,1165.12,10662,10480,18045,24183,21230,1.32
166,港股央企红利ETF,513910,1.68,10078,10000,跨境，香港，央企,0.60%,华夏基金,2024-03-04,港股通央企红利指数,56413.17,10282,10626,12408,10000,10000,49.92
167,黄金ETF国泰,518800,10.742,9917,10000,商品，黄金,0.60%,国泰基金,2013-07-29,黄金9999指数,75829.67,10335,11694,16595,26721,31163,294.83
168,港股通科技30ETF工银,159636,0.58,10302,9962,跨境，香港，科技,0.52%,工银瑞信基金,2022-07-20,港股通科技指数,83361.27,9020,8909,8418,12705,10000,348.18
169,科创100ETF鹏华,588220,1.493,10088,9998,宽基，中小盘，科创板,0.20%,鹏华基金,2023-09-15,科创100指数,64357.41,9914,10811,14411,10000,10000,90.15
170,自由现金流ETF易方达,159222,1.477,10020,10018,策略，现金流,0.20%,易方达基金,2025-04-17,自由现金流指数,14290.35,10711,11458,10000,10000,10000,5.03
171,恒生科技ETF汇添富,513260,1.232,10310,10000,跨境，香港，科技,0.20%,汇添富基金,2022-09-13,恒生科技指数,36226.04,9046,8844,8197,11846,10000,71.75
172,恒生消费ETF,159699,1.036,10197,10000,跨境，香港，消费,0.60%,广发基金,2023-08-23,恒生消费指数,8441.95,9470,10465,10486,10000,10000,11.73
173,卫星ETF易方达,563530,1.573,10019,10010,主题，卫星,0.60%,易方达基金,2025-11-14,卫星产业指数,22159.1,9962,10939,10000,10000,10000,4.86
174,银行ETF,159887,1.275,10024,10004,行业，金融，银行,0.60%,富国基金,2021-05-20,800银行指数,17219.16,9899,9480,10383,14505,10000,13.54
175,科技成长ETF兴业,563560,0.968,10062,10022,策略，成长,0.60%,兴业基金,2026-02-27,科技50策略指数,1147.27,10000,10000,10000,10000,10000,3.5
176,有色ETF汇添富,159652,1.963,9781,9999,行业，资源，有色金属,0.60%,汇添富基金,2023-02-08,细分有色指数,40272.29,10548,11726,21715,20216,10000,41.63
177,石化ETF,159731,1.1,10120,9995,行业，化工，石油化工,0.60%,华夏基金,2021-12-10,石化产业指数,34176.52,11100,11983,16224,13415,10000,2.45
178,石油ETF景顺,159588,1.489,9841,9940,行业，石油，天然气,0.60%,景顺长城基金,2024-05-31,国证油气指数,104596.59,12008,13307,16526,10000,10000,1.23
179,红利国企ETF国泰,510720,1.025,9942,9985,策略，红利,0.60%,国泰基金,2024-05-15,上国红利指数,18605.57,10426,10752,11386,10000,10000,28.01
180,红利低波100ETF博时,159307,1.091,10074,10007,策略，低波动，红利,0.20%,博时基金,2024-04-25,红利低波100指数,6146.21,10074,10283,11122,10000,10000,27.38
181,化工行业ETF易方达,516570,1.194,10102,9996,行业，化工，石油化工,0.20%,易方达基金,2021-06-18,石化产业指数,25343.77,11107,12024,16311,13553,10000,2.03
182,纳指ETF汇添富,159660,1.938,10016,10000,跨境，美国,0.65%,汇添富基金,2023-04-17,纳斯达克100指数,5483.81,9788,9295,11868,10000,10000,37.72
183,沪深300增强ETF招商,561990,1.047,10038,10007,宽基，大盘股,0.60%,招商基金,2021-12-10,沪深300指数,2356.0,9859,9952,12217,12332,10000,6.33
184,物流ETF富国,516910,1.23,10041,9979,行业，物流,0.60%,富国基金,2021-06-11,CS物流指数,4543.32,10742,11111,12178,11243,10000,0.66
185,恒生消费ETF景顺,513970,0.956,10247,10000,跨境，香港，消费,0.65%,景顺长城基金,2023-04-21,恒生消费指数,19800.69,9447,10471,10564,10000,10000,29.35
186,影视ETF,516620,1.083,10084,9997,主题，TMT，影视,0.60%,国泰基金,2021-11-05,中证影视指数,3649.97,9124,10236,10535,10830,10000,0.605
187,港股创新药ETF,159567,0.735,10426,10000,跨境，香港，医药,0.60%,银华基金,2024-01-11,港股通创新药指数,111545.36,9620,9826,13231,10000,10000,78.97
188,军工ETF易方达,512560,0.939,10064,9989,行业，军工,0.60%,易方达基金,2017-07-28,中证军工指数,10139.01,10387,11047,14787,13414,14480,6.64
189,云计算50ETF新华,560660,2.137,10099,9979,行业，TMT，互联网,0.60%,新华基金,2021-08-25,云计算50指数,1025.82,10085,10574,16960,23535,10000,1.19
190,恒生红利ETF,513950,1.447,10091,10000,跨境，香港,0.60%,富国基金,2023-04-28,恒生港股通高股息低波动指数,18657.93,10098,10705,12404,10000,10000,32.55
191,卫星ETF,563230,1.581,10006,10007,主题，卫星,0.60%,富国基金,2025-09-17,卫星产业指数,69599.02,9956,10896,10000,10000,10000,8.1
192,高股息ETF,159207,1.183,10068,10004,策略，红利,0.60%,广发基金,2025-04-09,智选高股息指数,4028.84,10181,10843,10000,10000,10000,4.57
193,粮食ETF广发,159587,1.526,10353,10019,行业，农业,0.60%,广发基金,2024-08-21,国证粮食指数,4399.52,11026,11388,13797,10000,10000,0.14
194,A500ETF博时,159357,1.296,10023,9982,宽基，中小盘,0.20%,博时基金,2024-11-28,中证A500指数,2843.74,10062,10385,12920,10000,10000,20.63
195,沪深300ETF易方达,510310,4.518,10033,9999,宽基，大盘股,0.20%,易方达基金,2013-03-25,沪深300指数,76846.45,9989,10083,12274,12313,10044,3002.2
196,中证2000ETF,159531,1.537,10172,10018,宽基，中小盘,0.20%,南方基金,2023-09-18,中证2000指数,16524.54,10260,11018,13772,10000,10000,7.25
197,生物医药ETF,512290,0.965,10277,10014,行业，医药，生物科技,0.60%,国泰基金,2019-05-20,CS生医指数,8858.66,9536,9650,10388,7720,5205,32.43
198,证券ETF,159841,1.025,10128,10002,行业，金融，证券,0.60%,天弘基金,2021-02-09,证券公司指数,34383.78,9482,9327,10159,12073,10633,102.53
199,军工龙头ETF,512710,0.885,10103,9998,行业，军工,0.60%,富国基金,2019-08-26,军工龙头指数,115266.57,10351,11288,14652,11494,10695,100.58
200,医疗ETF易方达,159847,0.402,10203,10014,行业，医药,0.20%,易方达基金,2021-07-19,中证医疗指数,1956.1,9481,10050,10025,6895,10000,11.83
201,家电ETF,159996,1.527,10066,10014,行业，家电,0.60%,国泰基金,2020-03-16,家用电器指数,8384.79,9658,9757,11122,13513,11362,14.51
202,军工ETF广发,512680,1.56,10084,10013,行业，军工,0.60%,广发基金,2016-10-14,中证军工指数,18867.86,10400,11048,14566,12935,13322,59.72
203,银行ETF南方,512700,1.534,10020,10006,行业，金融，银行,0.60%,南方基金,2017-07-26,中证银行指数,13036.61,9910,9504,10430,14600,12565,14.12
204,A500ETF南方,159352,1.288,10008,9992,宽基，中小盘,0.20%,南方基金,2024-10-15,中证A500指数,739972.66,10055,10362,12902,10000,10000,480.14
205,金融ETF,510230,1.322,10030,10001,行业，金融,0.60%,国泰基金,2011-05-23,180金融指数,3881.55,9636,9330,10669,14195,11548,46.83
206,深证100ETF易方达,159901,3.462,10079,10019,宽基，大盘股,0.20%,易方达基金,2006-04-24,深证100指数,23656.87,10035,10029,12772,11478,9051,70.61
207,沪深300ETF嘉实,159919,4.865,10039,9993,宽基，大盘股,0.20%,嘉实基金,2012-05-28,沪深300指数,89813.48,9975,10079,12256,12200,9830,1971.24
208,300红利低波ETF嘉实,515300,1.344,10030,9990,策略，红利，低波动,0.60%,嘉实基金,2019-09-19,300红利LV指数,20937.58,10307,10362,10542,13780,15144,46.7
209,半导体ETF,159813,1.187,9983,9998,行业，半导体，芯片,0.60%,鹏华基金,2020-05-25,国证芯片指数,30939.67,9908,10703,13851,17430,15551,60.84
210,沪深300ETF华夏,510330,4.861,10027,10001,宽基，大盘股,0.20%,华夏基金,2013-01-16,沪深300指数,44806.57,9984,10079,12264,12228,9841,2286.56
211,计算机ETF,512720,1.262,10104,9994,行业，计算机,0.60%,国泰基金,2019-08-16,CS计算机指数,3327.96,9906,10552,10525,11061,10037,8.01
212,恒生中国企业ETF易方达,510900,1.08,10198,9980,跨境，香港，中概股,0.75%,易方达基金,2012-10-22,恒生中国企业指数,56560.13,9449,9482,9583,13107,8802,78.7
213,科创AIETF博时,588790,0.872,10104,9989,主题，新兴产业，人工智能,0.60%,博时基金,2025-01-09,科创AI指数,34809.73,10175,11108,13333,10000,10000,56.39
214,港股科技ETF,513020,0.999,10257,10005,跨境，香港，科技,0.60%,国泰基金,2022-02-08,HKC科技人民币指数,31058.4,9199,9033,8740,12273,10000,45.94
215,环保ETF,512580,1.342,10000,9971,主题，环保，新兴产业,0.60%,广发基金,2017-02-28,中证环保指数,2075.25,10182,10493,13921,9606,11221,12.73
216,港股红利ETF工银,159691,1.392,9971,10000,跨境，香港，策略，红利,0.52%,工银瑞信基金,2023-04-21,HK高股息港元指数,56435.42,10168,10816,12747,10000,10000,84.35
217,科创芯片设计ETF,588780,0.875,10104,9993,主题，芯片设计,0.60%,国联安基金,2024-12-26,科创芯片设计指数,15129.84,10198,11506,15257,10000,10000,7.39
218,港股通消费ETF鹏华,513590,0.924,10233,9988,跨境，香港，消费,0.60%,鹏华基金,2021-08-19,HKC消费港元指数,1131.08,9409,10255,9575,12320,10000,2.29
219,纳斯达克100ETF,513110,2.038,10010,10000,跨境，美国,1.00%,华泰柏瑞基金,2023-03-20,纳斯达克100指数,10947.25,9803,9586,11801,10000,10000,41.62
220,现金流ETF嘉实,159221,1.388,10043,10023,策略，现金流,0.20%,嘉实基金,2025-05-13,自由现金流指数,3382.37,10710,11448,10000,10000,10000,9.13
221,创业板人工智能ETF华夏,159381,2.062,9985,9998,主题，新兴产业，人工智能,0.20%,华夏基金,2025-03-24,创业板人工智能指数,38459.29,10118,11021,10000,10000,10000,19.22
222,通信设备ETF,159583,1.377,9928,10010,行业，TMT，通信,0.60%,富国基金,2024-07-08,通信设备主题指数,27375.78,10464,10552,23538,10000,10000,12.78
223,科创芯片ETF南方,588890,2.888,10021,10008,行业，半导体，芯片，科创板,0.60%,南方基金,2024-04-23,科创芯片指数,10275.59,10017,10968,15577,10000,10000,18.94
224,中证500ETF嘉实,159922,3.356,10063,10011,宽基，中小盘,0.20%,嘉实基金,2013-03-15,中证500指数,69157.08,10272,11213,14341,5144,4777,156.15
225,医疗器械ETF,159883,0.498,10184,9982,行业，医药，医疗器械,0.60%,永赢基金,2021-04-30,医疗器械指数,18581.87,9708,10226,10061,7378,10000,36.77
226,国企共赢ETF,159719,1.732,9948,10000,主题，国企,0.30%,平安基金,2021-12-28,富时中国国企开放共赢指数,1755.34,10613,10791,11554,14302,10000,0.681
227,沙特ETF南方,159329,0.924,10000,10000,跨境，沙特,0.60%,南方基金,2024-07-16,富时阿拉伯指数,29968.65,9625,10098,8834,10000,10000,13.22
228,传媒ETF,159805,1.509,10073,10009,行业，TMT，传媒,0.60%,鹏华基金,2020-04-17,中证传媒指数,7901.11,9212,10771,12875,15686,13908,1.46
229,有色矿业ETF招商,159690,2.354,9833,10014,行业，资源，有色金属,0.60%,招商基金,2023-07-06,有色矿业指数,8674.69,10681,12010,22832,10000,10000,1.02
230,科创人工智能ETF银华,588930,1.703,10101,9995,主题，新兴产业，人工智能,0.60%,银华基金,2025-01-14,科创AI指数,8134.64,10192,11094,13263,10000,10000,16.8
231,创业板人工智能ETF南方,159382,2.331,9996,9997,主题，新兴产业，人工智能,0.60%,南方基金,2025-05-09,创业板人工智能指数,13342.88,10113,11026,10000,10000,10000,18.71
232,纳指ETF嘉实,159501,1.671,9988,10000,跨境，美国,0.60%,嘉实基金,2023-06-14,纳斯达克100指数,10311.47,9681,9372,11851,10000,10000,100.72
233,纳指生物科技ETF汇添富,513290,1.48,9834,10000,跨境，美国，生物科技,0.65%,汇添富基金,2022-08-29,纳斯达克生物科技指数,5943.44,9886,9718,12542,14136,10000,15.11
234,恒生创新药ETF,520500,1.507,10415,10000,跨境，香港，创新药,0.60%,华泰柏瑞基金,2024-12-27,恒生创新药指数,55518.82,9629,9824,12804,10000,10000,19.38
235,通用航空ETF南方,159283,1.263,10040,10010,行业，航空航天,0.20%,南方基金,2025-08-21,通用航空指数,2408.6,10032,10740,10000,10000,10000,1.34
236,科创半导体设备ETF,588710,1.765,9877,10007,行业，半导体，芯片,0.60%,华泰柏瑞基金,2025-06-04,科创半导体材料设备指数,20270.89,9773,11321,10000,10000,10000,8.86
237,中国A50ETF汇添富,560050,1.028,10000,10000,MSCI,0.60%,汇添富基金,2021-11-08,MSCI中国A50互联互通人民币指数,8060.34,9885,9726,12583,12326,10000,40.4
238,央企红利ETF融通,159336,1.301,9954,9984,策略，红利，央企,0.35%,融通基金,2025-02-12,诚通央企红利指数,3510.19,11025,11544,13457,10000,10000,6.83
239,科创芯片设计ETF易方达,589030,1.013,10130,10000,主题，芯片设计,0.60%,易方达基金,2026-01-19,科创芯片设计指数,6385.44,10191,10000,10000,10000,10000,2.99
240,TMTETF,512220,2.96,9976,10004,行业，TMT,0.60%,景顺长城基金,2014-08-19,TMT150指数,1275.08,10200,10571,15991,19839,17140,5.5
241,智能制造ETF,516800,0.849,10000,9994,主题，智能制造,0.60%,华宝基金,2021-02-19,智能制造指数,1118.39,10071,10733,13727,16729,17724,2.14
242,高端装备ETF嘉实,159638,1.16,10078,10009,主题，高端装备,0.60%,嘉实基金,2022-08-12,高装细分50指数,9907.78,10229,10902,14815,12083,10000,20.52
243,创业板50ETF景顺,159682,1.471,10020,9998,宽基，中小盘,0.20%,景顺长城基金,2023-01-03,创业板50指数,27702.34,9906,9959,15699,14478,10000,51.17
244,旅游ETF,562510,0.746,10136,10008,主题，旅游,0.60%,华夏基金,2021-12-30,中证旅游指数,4676.43,8828,9142,11168,6515,10000,6.89
245,通信ETF银华,159994,0.978,9980,10033,主题，新兴产业，5G,0.60%,银华基金,2020-02-28,5G通信指数,9388.36,10550,10516,20375,26397,20987,28.44
246,中概互联ETF,159605,0.929,10265,10000,跨境，中概股,0.60%,广发基金,2021-12-02,中国互联网30人民币指数,52587.8,8967,8594,8280,11288,10000,43.42
247,800现金流ETF,563990,1.427,10063,10006,策略，现金流,0.60%,富国基金,2025-04-24,800现金流指数,1990.86,10657,11281,10000,10000,10000,6.24
248,云计算ETF华夏,516630,1.729,10099,9996,主题，TMT，互联网,0.20%,华夏基金,2021-09-03,云计算指数,3804.84,9920,10549,13744,17465,10000,4.1
249,日本东证指数ETF南方,513800,1.792,10056,10000,跨境，日本,0.25%,南方基金,2019-06-25,东证指数,13394.21,10258,10960,12754,16597,15809,15.95
250,稀土ETF易方达,159715,1.418,9923,10013,主题，稀土,0.20%,易方达基金,2021-09-10,稀土产业指数,14212.86,11122,11768,19559,18781,10000,5.4
251,机器人50ETF,159559,1.328,10084,10002,主题，新兴产业，机器人,0.60%,景顺长城基金,2023-12-12,机器人100指数,15276.59,9637,9319,10327,10000,10000,31.93
252,黄金股票ETF,517400,1.998,9872,9998,行业，黄金,0.60%,国泰基金,2024-05-08,SSH黄金股票指数,16893.26,10199,12364,21210,10000,10000,4.56
253,光伏龙头ETF广发,560980,0.853,9953,9997,主题，光伏，新兴产业,0.60%,广发基金,2022-11-29,光伏龙头30指数,4385.49,10505,11980,17697,8625,10000,4.81
254,恒生ETF,513660,3.099,10141,10000,跨境，香港,0.60%,华夏基金,2015-01-26,香港恒生指数,24050.27,9530,9939,10657,13779,11192,46.37
255,游戏传媒ETF浦银,517770,1.199,10067,9973,主题，游戏，传媒,0.60%,浦银安盛基金,2021-12-03,SHS游戏传媒人民币指数,1856.06,9083,10222,11895,13367,10000,0.841
256,上证指数ETF国泰,510760,1.348,10052,10020,宽基，综合,0.20%,国泰基金,2020-09-09,上证指数,19268.32,10204,10458,12765,14184,15261,20.34
257,科创创业人工智能ETF易方达,159140,1.12,10018,10007,主题，科创板，人工智能,0.60%,易方达基金,2025-12-18,科创创业AI指数,7655.14,10036,10749,10000,10000,10000,13.34
258,软件ETF华安,561010,1.148,10204,10019,主题，新兴产业，软件,0.60%,华安基金,2023-12-11,软件开发指数,1794.23,9631,9974,9779,10000,10000,1.49
259,中证A500ETF摩根,560530,1.25,10024,9988,宽基，中小盘,0.20%,摩根资产管理,2024-10-15,中证A500指数,10047.94,10056,10381,12907,10000,10000,45.86
260,游戏ETF,516010,1.402,10050,10007,主题，游戏,0.60%,国泰基金,2021-03-05,动漫游戏指数,12272.72,9212,9811,11791,14931,13813,32.5
261,港股通互联网ETF易方达,513040,1.207,10272,10000,跨境，香港，互联网,0.20%,易方达基金,2023-06-12,HKC互联网指数,76980.71,8734,8746,8178,10000,10000,79.08
262,科创新能源ETF,588830,1.634,10031,10000,行业，新能源，科创板,0.60%,鹏华基金,2024-08-09,科创新能指数,19320.87,9873,11176,14086,10000,10000,11.55
263,证券ETF鹏华,159993,1.212,10108,10002,行业，金融，证券,0.60%,鹏华基金,2020-02-07,证券龙头指数,8156.87,9447,9238,10306,12132,10726,40.9
264,标普500ETF,159612,1.841,9957,10000,跨境，美国,0.75%,国泰基金,2022-05-20,标准普尔500指数,2102.27,9973,9824,11322,17584,10000,7.94
265,科创创业人工智能ETF永赢,159141,1.071,10000,10006,主题，科创板，人工智能,0.60%,永赢基金,2025-12-11,科创创业AI指数,5185.4,10009,10721,10000,10000,10000,9.52
266,航空航天ETF,563380,1.305,10148,10000,行业，航空航天,0.60%,华泰柏瑞基金,2025-11-07,全指航空,14923.43,10156,11144,10000,10000,10000,1.7
267,新经济ETF银华,159822,0.663,10247,10000,跨境，新兴产业,0.35%,银华基金,2020-10-23,标普新中国行业指数,3817.71,9247,9325,9851,9910,6000,2.53
268,光伏ETF国泰,159864,0.733,10041,9999,主题，光伏，新兴产业,0.60%,国泰基金,2021-08-10,光伏产业指数,3365.35,10266,11709,15464,8163,10000,5.51
269,云计算ETF,159890,1.807,10146,10023,主题，TMT，互联网,0.25%,招商基金,2021-04-02,云计算指数,4879.79,9929,10561,13710,17698,10000,3.4
270,人工智能50ETF,517800,1.001,10101,9985,主题，新兴产业，人工智能,0.60%,方正富邦基金,2021-08-26,SHS人工智能50人民币指数,1797.73,9515,9506,12178,13807,10000,3.06
271,半导体设备ETF万家,159327,2.109,9878,10004,行业，半导体，芯片,0.60%,万家基金,2024-08-05,半导体材料设备指数,6259.58,9837,11481,16400,10000,10000,5.61
272,中概互联网ETF嘉实,159607,0.929,10311,10000,跨境，中概股,0.60%,嘉实基金,2021-12-02,中国互联网30人民币指数,14730.6,9011,8650,8324,11261,10000,9.97
273,港股通红利ETF汇添富,513820,1.287,10094,10000,跨境，香港，红利,0.60%,汇添富基金,2024-05-16,港股通高股息港元指数,36789.91,10190,10653,12185,10000,10000,45.7
274,港股通消费ETF华夏,513230,1.045,10245,9993,跨境，香港，消费,0.60%,华夏基金,2022-01-24,HKC消费港元指数,4930.4,9389,10255,9561,12590,10000,3.27
275,中证A50ETF工银,561230,1.291,10047,9994,宽基，大盘,0.20%,工银瑞信基金,2024-03-18,中证A50指数,3747.15,9825,9893,11775,10000,10000,8.91
276,日经ETF工银,159866,1.465,10048,10000,跨境，日本,0.25%,工银瑞信基金,2021-04-08,日经225指数,20667.89,10434,10925,13565,17931,10000,8.75
277,港股红利低波ETF,520550,1.256,10064,10000,跨境，香港,0.20%,招商基金,2025-01-24,恒生港股通高股息低波动指数,15320.92,10063,10704,12367,10000,10000,13.39
278,大数据ETF华宝,516700,1.071,10123,10019,主题，新兴产业,0.60%,华宝基金,2021-05-19,中证数据指数,1095.57,10009,10851,10113,10873,10000,0.85
279,A50ETF,159601,1.043,10010,10000,MSCI,0.60%,华夏基金,2021-11-08,MSCI中国A50互联互通人民币指数,7950.4,9914,9748,12704,12461,10000,20.13
280,1000ETF,159629,3.386,10114,10008,宽基，中小盘,0.20%,富国基金,2022-08-03,中证1000指数,29720.67,10223,10860,13033,12179,10000,132.77
281,化工ETF嘉实,159129,1.255,10178,10014,行业，化工,0.20%,嘉实基金,2025-11-14,细分化工指数,14194.89,11009,11696,10000,10000,10000,9.28
282,油气ETF银华,563150,1.609,9835,9951,行业，石油，天然气,0.60%,银华基金,2024-05-30,油气资源指数,14196.55,12502,14522,18140,10000,10000,0.126
283,港股通央企红利ETF南方,520660,1.115,10027,10000,跨境，香港，央企,0.60%,南方基金,2024-07-10,国新港股通央企红利指数,35868.88,10569,11039,12636,10000,10000,27.95
284,人工智能AIETF,515070,1.97,10015,10012,主题，新兴产业，人工智能,0.60%,华夏基金,2019-12-24,CS人工智能指数,23938.48,9985,10123,15027,18726,16610,88.78
285,绿电ETF,562550,1.227,10166,10019,主题，新兴产业，新能源,0.60%,华夏基金,2023-03-27,绿色电力指数,6157.46,11064,11278,12161,10000,10000,2.84
286,中国A50ETF易方达,563000,1.046,10010,10000,MSCI,0.20%,易方达基金,2021-11-08,MSCI中国A50互联互通人民币指数,5146.85,9905,9757,12725,12527,10000,26.17
287,科创综指ETF易方达,589800,1.407,10079,10000,宽基，中小盘，科创板,0.20%,易方达基金,2025-03-04,科创综指,10288.68,10036,10798,14183,10000,10000,16.01
288,锂电池ETF工银,159840,0.853,9965,10017,主题，新兴产业，新能源车，电池,0.52%,工银瑞信基金,2021-08-20,新能电池指数,8036.7,10228,9977,14732,12014,10000,19.31
289,港股通科技ETF南方,159269,0.901,10274,10000,跨境，香港，科技,0.35%,南方基金,2025-07-10,HKC科技人民币指数,10581.55,9203,9010,10000,10000,10000,21.42
290,稀土ETF,159713,1.546,9942,10021,主题，稀土,0.60%,富国基金,2021-08-16,稀土产业指数,27956.15,11122,11766,19373,18146,10000,10.79
291,光伏ETF易方达,562970,1.288,10031,10008,主题，光伏，新兴产业,0.60%,易方达基金,2024-11-07,光伏产业指数,2881.04,10304,11741,15574,10000,10000,6.08
292,稀有金属ETF,159608,1.28,9907,10026,主题，稀有金属,0.60%,广发基金,2021-12-23,CS稀金属指数,68862.66,11101,11996,21695,16162,10000,8.63
293,大数据ETF,515400,1.019,10129,10018,主题，新兴产业,0.60%,富国基金,2021-01-20,中证数据指数,11756.62,10000,10852,10099,10969,10933,11.31
294,创业板人工智能ETF华安,159279,1.243,9984,10007,主题，新兴产业，人工智能,0.60%,华安基金,2025-09-29,创业板人工智能指数,4486.29,10106,10971,10000,10000,10000,1.81
295,畜牧ETF,159867,0.659,10394,10000,行业，畜牧业,0.60%,鹏华基金,2021-03-05,中证畜牧指数,2507.84,10345,10297,11747,8056,6697,8.5
296,红利价值ETF易方达,563700,1.082,10037,9984,策略，红利，价值,0.20%,易方达基金,2025-04-28,红利价值指数,1393.68,10179,10324,10000,10000,10000,5.8
297,科创创业50ETF,159783,0.924,9989,9995,宽基，中小盘,0.20%,华夏基金,2021-07-05,科创创业50指数,19609.33,10043,10000,15688,14831,10000,50.03
298,港股红利低波ETF景顺,159569,1.466,10048,10000,跨境，香港，策略，红利,0.58%,景顺长城基金,2024-08-22,港股通红利低波指数,19155.7,10464,11064,13535,10000,10000,4.66
299,港股通互联网ETF,159792,0.737,10279,9988,跨境，香港，互联网,0.60%,富国基金,2021-09-28,HKC互联网指数,375422.09,8701,8743,8037,10681,10000,794.79
300,电子ETF,159997,1.689,10018,10015,行业，电子,0.60%,天弘基金,2020-03-20,CS电子指数,6682.22,10169,10356,14017,17686,13632,13.3
301,港股通红利ETF广发,520900,1.136,10018,10000,跨境，香港，央企,0.60%,广发基金,2024-07-10,国新港股通央企红利指数,25952.65,10587,11029,12584,10000,10000,19.44
302,科创AIETF鹏华,589090,1.162,10104,9988,主题，新兴产业，人工智能,0.60%,鹏华基金,2025-08-27,科创AI指数,1011.86,10184,11120,10000,10000,10000,2.38
303,上证180ETF华安,510180,4.152,10012,9993,宽基，大盘股,0.20%,华安基金,2006-05-18,上证180指数,7803.91,10036,10259,12324,12781,10719,232.67
304,港股高股息ETF,159302,1.363,10096,10000,跨境，香港，红利,0.60%,银华基金,2024-09-02,港股通高股息港元指数,1629.25,10279,10732,12137,10000,10000,1.53
305,A500ETF嘉实,159351,1.246,10032,10007,宽基，中小盘,0.20%,嘉实基金,2024-10-15,中证A500指数,128022.69,10081,10395,12908,10000,10000,105.89
306,港股通医药ETF鹏华,513700,0.616,10370,9999,跨境，香港，医药,0.60%,鹏华基金,2021-08-06,HKC医药C人民币指数,13526.19,9462,10000,12887,9856,10000,8.63
307,黄金股ETF华安,159321,1.943,9883,10006,行业，黄金,0.60%,华安基金,2024-05-27,SSH黄金股票指数,11788.0,10189,12407,21074,10000,10000,2.03
308,纳斯达克100ETF,159659,1.912,9995,10000,跨境，美国,0.65%,招商基金,2023-04-25,纳斯达克100指数,19052.18,9810,9637,11846,10000,10000,79.26
309,港股央企红利ETF景顺,520990,1.093,10055,10000,跨境，香港，央企,0.60%,景顺长城基金,2024-07-10,国新港股通央企红利指数,71874.92,10550,10985,12594,10000,10000,56.81
310,光伏ETF银华,516880,0.949,10021,9999,主题，光伏，新兴产业,0.60%,银华基金,2021-01-18,光伏产业指数,4716.97,10293,11673,15282,7941,10452,19.98
311,影视ETF,159855,0.966,10073,9996,主题，TMT，影视,0.60%,银华基金,2021-02-26,中证影视指数,3343.73,9139,10222,10477,10757,9797,0.985
312,农业ETF易方达,562900,0.828,10402,10011,主题，农业,0.20%,易方达基金,2021-12-13,CS现代农指数,1815.28,10548,10376,11845,8670,10000,0.771
313,科创100ETF华夏,588800,1.472,10089,10000,宽基，中小盘，科创板,0.20%,华夏基金,2023-11-16,科创100指数,37011.18,9926,10863,14705,10000,10000,26.04
314,科技ETF易方达,159807,0.741,9987,9977,主题，新兴产业，科技,0.20%,易方达基金,2020-03-30,科技50指数,3336.96,10193,10292,13955,12581,9494,8.92
315,科创综指ETF华夏,589000,1.405,10079,9986,宽基，中小盘，科创板,0.20%,华夏基金,2025-03-05,科创综指,16470.39,10007,10758,14036,10000,10000,14.04
316,800ETF,515800,1.299,10031,9999,宽基，综合,0.20%,汇添富基金,2019-12-16,中证800指数,9415.83,10070,10375,12773,12686,11038,53.7
317,专精特新ETF,563210,1.684,10084,9980,跨境，香港，新兴产业,0.60%,富国基金,2025-01-24,恒生A股专精特新企业指数,1564.66,9953,11167,15578,10000,10000,0.996
318,深证成指ETF大成,159943,1.544,10065,10000,宽基，综合,0.60%,大成基金,2015-07-08,深证成指,2245.61,10145,10468,13497,12760,11164,1.94
319,半导体设备ETF华夏,562590,1.862,9904,10004,行业，半导体，芯片,0.60%,华夏基金,2023-10-18,半导体材料设备指数,14746.49,9841,11480,16234,10000,10000,7.91
320,中证500ETF华夏,512500,4.665,10060,9995,宽基，中小盘,0.20%,华夏基金,2015-05-29,中证500指数,43116.38,10264,11198,14314,13713,14094,180.85
321,中证500ETF鹏华,159982,2.186,10060,9988,宽基，中小盘,0.20%,鹏华基金,2020-02-20,中证500指数,2556.96,10244,11199,14448,14429,15945,3.01
322,科创100ETF,588190,1.487,10061,9981,宽基，中小盘，科创板,0.20%,银华基金,2023-09-15,科创100指数,31812.57,9907,10775,14423,10000,10000,38.17
323,材料ETF,159944,1.749,9971,9990,行业，原材料,0.60%,广发基金,2015-07-06,全指材料,2089.65,10737,11810,18547,15644,16194,0.439
324,稀有金属ETF工银,159671,1.557,9873,9994,主题，稀有金属,0.52%,工银瑞信基金,2023-03-10,CS稀金属指数,9078.27,11058,11959,21685,10000,10000,6.15
325,港股通新经济ETF易方达,513320,1.169,10281,10025,跨境，香港,0.60%,易方达基金,2022-03-21,恒生港股通新经济指数,1684.82,9126,9034,8552,11495,10000,1.48
326,300现金流ETF,562080,0.673,9970,9979,策略，现金流,0.60%,华宝基金,2025-04-15,300现金流指数,6826.71,10582,10979,10000,10000,10000,9.25
327,科创板新能源ETF,588960,1.481,10027,10007,行业，新能源，科创板,0.60%,富国基金,2025-02-19,科创新能指数,2447.91,9873,11194,14282,10000,10000,1.95
328,家电ETF广发,560880,1.601,10101,9997,行业，家电,0.60%,广发基金,2022-04-12,家用电器指数,1291.9,9662,9828,11227,13886,10000,6.41
329,中药ETF,560080,1.034,10127,9991,行业，医药,0.60%,汇添富基金,2022-10-17,中证中药指数,5954.4,9691,9885,10108,8135,10000,24.52
330,创业板人工智能ETF大成,159242,1.838,9995,10007,主题，新兴产业，人工智能,0.60%,大成基金,2025-07-24,创业板人工智能指数,5287.94,10138,10986,10000,10000,10000,2.72
331,中证500ETF华泰柏瑞,512510,2.439,10037,9990,宽基，中小盘,0.20%,华泰柏瑞基金,2015-06-12,中证500指数,1851.23,10265,11214,14509,14406,15756,9.28
332,银行ETF汇添富,512820,1.374,10015,10001,行业，金融，银行,0.60%,汇添富基金,2018-11-23,中证银行指数,9561.29,9899,9496,10393,14543,12348,8.96
333,电力ETF,561560,1.378,10125,10025,行业，电力,0.60%,华泰柏瑞基金,2022-05-16,电力指数,13581.34,11095,11360,12326,12771,10000,7.13
334,深成ETF南方,159903,1.718,10070,10004,宽基，综合,0.60%,南方基金,2010-02-02,深证成指,3834.65,10148,10469,13401,12369,10406,4.99
335,恒生医药ETF,159892,0.764,10380,10000,跨境，香港，生物科技,0.65%,华夏基金,2021-10-19,恒生香港上市生物科技指数,109123.98,9502,10079,13451,10914,10000,55.65
336,通信ETF南方,159511,2.046,9918,9999,行业，TMT，通信,0.60%,南方基金,2023-08-07,800通信指数,3174.07,10328,10953,18668,10000,10000,1.37
337,创新药ETF天弘,517380,0.734,10353,10008,行业，医药,0.60%,天弘基金,2021-08-09,恒生沪深港创新药精选50指数,2448.41,9495,9986,13107,10592,10000,13.52
338,央企红利ETF华泰柏瑞,561580,1.314,10008,9995,策略，红利，央企,0.60%,华泰柏瑞基金,2023-05-30,央企红利指数,10730.47,10570,10724,12264,10000,10000,10.21
339,油气ETF华泰柏瑞,561570,1.601,9938,9979,行业，石油，天然气,0.60%,华泰柏瑞基金,2024-10-17,油气产业指数,17727.5,12147,13861,17068,10000,10000,0.244
340,港股汽车ETF,520600,1.193,10223,10000,跨境，香港，汽车,0.60%,广发基金,2024-12-30,港股通汽车指数,22673.97,9975,9668,10145,10000,10000,5.45
341,港股科技ETF景顺,513980,0.641,10256,9998,跨境，香港，科技,0.60%,景顺长城基金,2021-07-02,HKC科技人民币指数,87451.99,9183,9028,8697,12140,10000,224.93
342,中证A500ETF富国,563220,1.287,10023,9992,宽基，中小盘,0.20%,富国基金,2024-10-15,中证A500指数,53509.43,10063,10379,12922,10000,10000,142.51
343,创业大盘ETF西部利得,159814,0.651,10000,9995,宽基，中小盘,0.60%,西部利得基金,2020-07-17,创业大盘指数,2700.86,9924,9616,15537,14000,11604,5.2
344,科创创业50ETF招商,588300,0.948,9979,9982,宽基，中小盘,0.60%,招商基金,2021-07-05,科创创业50指数,4359.77,10021,10011,15669,15000,10000,19.03
345,云计算ETF华泰柏瑞,159738,1.905,10133,9991,跨境，香港，云计算,0.60%,华泰柏瑞基金,2022-01-28,SHS云计算人民币指数,2637.85,9789,9979,14643,19864,10000,3.24
346,创新药ETF东财,159622,1.043,10337,10048,行业，医药,0.55%,东财基金,2023-05-09,SHS创新药人民币指数,4022.18,9586,9905,12431,10000,10000,7.43
347,港股科技ETF银华,513160,1.045,10225,10027,跨境，香港，科技,0.60%,银华基金,2022-02-09,恒生港股通中国科技指数,60872.16,8916,8789,8455,12981,10000,58.4
348,生物科技ETF易方达,159837,0.482,10299,10026,主题，新兴产业，生物科技,0.20%,易方达基金,2021-01-27,中证生科指数,2895.82,9526,9757,10570,7863,5490,12.24
349,证券ETF南方,512900,1.119,10108,10008,行业，金融，证券,0.60%,南方基金,2017-03-31,证券公司指数,4809.33,9483,9341,10182,12110,10332,73.97
350,消费ETF华夏,510630,0.9,10216,10009,行业，消费，必选消费,0.60%,华夏基金,2013-05-08,上证消费指数,2370.06,9434,9815,9825,7229,6642,4.95
351,港股通高股息ETF华夏,159726,1.388,10087,10000,跨境，香港,0.60%,华夏基金,2021-11-23,恒生中国内地企业高股息率指数,6477.6,10087,10702,12437,15954,10000,4.96
352,科创芯片ETF华安,588290,2.513,10012,9996,行业，半导体，芯片，科创板,0.20%,华安基金,2022-10-26,科创芯片指数,21282.71,10000,10945,15560,22160,10000,35.82
353,芯片ETF富国,516640,1.144,10009,9992,行业，半导体，芯片,0.60%,富国基金,2021-08-27,芯片产业指数,9297.06,10018,10772,13867,17519,10000,13.94
354,港股通汽车ETF富国,159239,0.942,10151,10000,跨境，香港，汽车,0.60%,富国基金,2025-05-28,恒生港股通汽车主题指数,1144.97,9854,9345,10000,10000,10000,0.762
355,恒生互联网ETF万家,159202,0.968,10309,10000,跨境，香港，互联网,0.60%,万家基金,2025-04-16,恒生互联网科技业指数,16649.01,8955,8800,10000,10000,10000,12.4
356,港股金融ETF,513140,1.627,10093,10000,跨境，香港,0.60%,华泰柏瑞基金,2023-01-12,H300金融服务港币指数,13077.43,9622,10087,12382,16157,10000,1.57
357,通用航空ETF基金,561660,1.343,10067,10031,行业，航空航天,0.60%,平安基金,2025-11-10,通用航空指数,1367.1,10045,10744,10000,10000,10000,0.63
358,纳斯达克ETF华安,159632,2.009,9990,10000,跨境，美国,0.80%,华安基金,2022-08-03,纳斯达克100指数,28492.7,9795,9576,11599,20375,10000,97.8
359,智能汽车ETF,515250,1.144,10044,10001,主题，智能汽车,0.60%,富国基金,2021-01-08,CS智汽车指数,4032.67,9795,9905,10622,13119,11818,6.8
360,有色金属ETF基金,516650,2.218,9780,9998,行业，资源，有色金属,0.60%,华夏基金,2021-06-21,细分有色指数,69313.08,10557,11717,21724,20182,10000,65.95
361,港股医药ETF银华,159776,1.159,10385,9992,跨境，香港，医药,0.60%,银华基金,2022-03-25,HKC医药C人民币指数,2337.82,9423,9974,12792,9385,10000,1.2
362,中证2000ETF易方达,159532,1.735,10164,10017,宽基，中小盘,0.20%,易方达基金,2023-09-21,中证2000指数,3077.61,10254,11072,14543,10000,10000,1.03
363,银行ETF易方达,516310,1.294,10023,9999,行业，金融，银行,0.20%,易方达基金,2021-05-28,中证银行指数,9988.3,9878,9515,10486,14977,10000,26.3
364,港股通医疗ETF富国,159506,1.313,10379,10000,跨境，香港，医疗,0.60%,富国基金,2023-07-03,恒生港股通医疗保健指数,41372.71,9514,10069,13480,10000,10000,31.38
365,港股互联网ETF博时,159568,1.445,10270,10000,跨境，香港，互联网,0.60%,博时基金,2024-02-27,HKC互联网指数,12322.15,8736,8736,8113,10000,10000,4.24
366,科创创新药ETF国泰,589720,0.832,10335,10004,行业，医药，科创板,0.60%,国泰基金,2025-08-01,科创新药指数,12947.03,9476,9391,10000,10000,10000,7.01
367,基建ETF银华,516950,1.245,10147,10006,主题，基建,0.60%,银华基金,2021-05-14,中证基建指数,1818.85,10281,10696,11614,11308,10000,2.83
368,游戏ETF华泰柏瑞,516770,1.466,10069,10007,主题，游戏,0.36%,华泰柏瑞基金,2021-03-05,动漫游戏指数,2223.26,9226,9819,11880,15464,14472,3.85
369,电池ETF富国,561160,0.815,10037,9987,主题，新兴产业，新能源车,0.60%,富国基金,2022-07-08,CS电池指数,6256.81,10162,9737,15465,11257,10000,22.07
370,医药ETF广发,159938,0.64,10207,10001,行业，医药,0.60%,广发基金,2015-01-08,全指医药,4642.05,9653,9861,10475,7720,6238,61.13
371,生物医药ETF汇添富,159839,0.35,10264,10022,主题，新兴产业，生物科技,0.60%,汇添富基金,2021-02-22,生物医药指数,3352.7,9537,9804,10386,6206,4079,7.18
372,港股通50ETF,513550,1.131,10153,9999,跨境，香港,0.60%,华泰柏瑞基金,2021-01-13,港股通50港元指数,15571.97,9488,9775,10531,13676,10660,26.8
373,创新药ETF,515120,0.601,10309,10019,行业，医药,0.60%,广发基金,2021-01-04,CS创新药指数,30481.45,9616,9616,11276,8359,5980,71.61
374,教育ETF博时,513360,0.536,9981,10000,跨境，教育,0.65%,博时基金,2021-06-17,中国教育人民币指数,11397.04,9658,10000,9554,9069,10000,3.7
375,机器人ETF嘉实,159526,1.498,10060,10005,主题，新兴产业，机器人,0.60%,嘉实基金,2024-04-24,机器人指数,2981.83,9804,10060,10542,10000,10000,9.68
376,集成电路ETF嘉实,562820,2.434,10062,10009,行业，半导体，芯片,0.60%,嘉实基金,2024-04-22,集成电路指数,1434.52,10029,10746,13552,10000,10000,1.13
377,A50ETF基金,159592,1.303,10031,9991,宽基，大盘,0.20%,银华基金,2024-03-18,中证A50指数,4166.08,9797,9864,11613,10000,10000,17.45
378,国证2000ETF万家,159628,1.475,10117,10024,宽基，中小盘,0.60%,万家基金,2022-07-18,国证2000指数,9511.45,10222,10967,13458,14008,10000,7.13
379,航空航天ETF万家,159208,1.533,10099,10007,行业，航空航天,0.60%,万家基金,2025-05-12,国证航天指数,4490.36,10166,10966,10000,10000,10000,1.61
380,电子ETF,515260,0.673,10000,10000,行业，电子,0.60%,华宝基金,2020-07-31,电子50指数,4103.34,10182,10244,14079,18165,13555,5.88
381,科技50ETF,515750,1.834,10022,9999,主题，新兴产业，科技,0.60%,富国基金,2019-12-06,中证科技指数,2472.02,9919,10144,12588,14075,12493,7.43
382,证券ETF华夏,515010,1.296,10117,10001,行业，金融，证券,0.20%,华夏基金,2019-11-07,证券公司指数,2672.56,9467,9344,10221,12250,10845,19.62
383,A500ETF华泰柏瑞,563360,1.31,10031,10004,宽基，中小盘,0.20%,华泰柏瑞基金,2024-10-15,中证A500指数,737304.01,10077,10380,12919,10000,10000,494.5
384,中证1000增强ETF工银,561280,1.742,10175,10060,宽基，中小盘,0.60%,工银瑞信基金,2023-09-22,中证1000指数,1548.82,10369,11304,15148,10000,10000,0.85
385,深成长ETF大成,159906,1.577,9956,10007,策略，成长,0.60%,大成基金,2011-02-23,成长40指数,1022.02,10824,10816,16866,14194,10168,1.76
386,港股通医药ETF易方达,513200,1.035,10371,10009,跨境，香港，医药,0.20%,易方达基金,2022-02-11,HKC医药C港元指数,19929.61,9461,10039,12954,9990,10000,17.97
387,港股通红利低波ETF华宝,159220,0.628,10080,10000,跨境，策略，低波动,0.60%,华宝基金,2025-05-12,标普港股通低波红利指数,8667.67,9990,10677,10000,10000,10000,3.08
388,港股信息技术ETF,159131,0.854,10130,10000,跨境，通信,0.60%,华宝基金,2025-11-13,港股通信息C人民币指数,15574.56,9553,9395,10000,10000,10000,2.62
389,稀有金属ETF华富,561800,1.186,9883,10018,主题，稀有金属,0.60%,华富基金,2021-08-24,CS稀金属指数,4929.99,11084,11992,21486,15186,10000,1.64
390,创业板200ETF华夏,159573,1.542,10111,10000,宽基，中小盘,0.20%,华夏基金,2023-12-25,创业200指数,1414.17,10052,10483,12170,10000,10000,1.26
391,科创100ETF博时,588030,1.5,10087,10000,宽基，中小盘，科创板,0.20%,博时基金,2023-09-15,科创100指数,27750.18,9927,10799,14493,10000,10000,67.45
392,创业板软件ETF富国,159107,0.937,10130,9995,主题，软件，中小盘,0.60%,富国基金,2025-09-22,创业软件指数,6294.85,9680,10576,10000,10000,10000,2.38
393,央企创新ETF博时,515900,1.834,10038,10027,主题，央企,0.20%,博时基金,2019-12-18,央企创新指数,1126.28,10858,11349,12544,13426,16826,36.99
394,红利低波ETF华夏,159547,1.227,10057,10011,策略，红利,0.20%,华夏基金,2024-02-06,红利低波指数,8742.18,10082,10191,11015,10000,10000,8.97
395,科创人工智能ETF华宝,589520,0.658,10108,9997,主题，新兴产业，人工智能,0.60%,华宝基金,2025-03-13,科创AI指数,4105.87,10186,11134,10000,10000,10000,5.27
396,科创机械ETF嘉实,588850,1.541,9994,9995,行业，机械,0.60%,嘉实基金,2025-04-24,科创机械指数,1189.77,9847,11215,10000,10000,10000,0.645
397,云计算ETF鹏华,159739,1.695,10144,10033,主题，TMT，互联网,0.60%,鹏华基金,2021-11-17,云计算指数,2170.6,9941,10554,13582,17656,10000,2.83
398,机床ETF,159663,1.975,10159,10017,行业，机床,0.60%,华夏基金,2022-10-26,中证机床指数,3726.69,11770,12524,16982,19156,10000,1.22
399,恒生生物科技ETF汇添富,513280,1.079,10385,10000,跨境，香港，生物科技,0.20%,汇添富基金,2022-07-18,恒生香港上市生物科技指数,9693.02,9523,10075,13437,10888,10000,4.46
400,电池ETF景顺,159757,0.882,9932,10005,主题，新兴产业，新能源车，电池,0.60%,景顺长城基金,2021-08-09,新能电池指数,2219.86,10232,9966,14799,12216,10000,3.85
401,科创成长ETF易方达,588020,2.077,9981,9992,策略，成长，科创板,0.60%,易方达基金,2023-08-31,科创成长指数,10227.03,10262,10485,16900,10000,10000,7.87
402,光伏ETF汇添富,516290,0.699,10014,9999,主题，光伏，新兴产业,0.20%,汇添富基金,2021-08-23,光伏产业指数,3645.46,10279,11669,15262,7845,10000,6.39
403,恒生央企ETF,513170,1.572,10058,10000,跨境，香港，央企,0.65%,鹏华基金,2024-04-19,恒生中国央企指数,1646.23,9887,10322,11918,10000,10000,3.6
404,创50ETF,159681,1.492,10047,10026,宽基，中小盘,0.20%,鹏华基金,2023-01-03,创业板50指数,13743.59,9933,9987,15738,14599,10000,21.43
405,银行AH优选ETF,517900,1.448,10028,9979,行业，金融，银行,0.60%,招商基金,2022-03-25,银行AH人民币指数,3284.73,9824,9653,10402,14851,10000,11.03
406,中概互联ETF,513220,1.093,10350,10000,跨境，中概股,0.65%,招商基金,2022-07-15,全球中国互联网人民币指数,9936.29,9018,8709,8255,11338,10000,4.04
407,化工ETF国泰,516220,1.062,10202,10018,行业，化工,0.60%,国泰基金,2021-03-10,细分化工指数,5521.46,11017,11683,16313,12027,10000,3.14
408,创业板软件ETF华夏,159256,1.038,10117,9987,主题，软件，中小盘,0.60%,华夏基金,2025-08-04,创业软件指数,11956.23,9647,10538,10000,10000,10000,1.1
409,科创人工智能ETF华夏,589010,1.539,10092,9990,主题，新兴产业，人工智能,0.60%,华夏基金,2025-04-09,科创AI指数,9505.55,10179,11112,10000,10000,10000,36.7
410,化工ETF天弘,159133,1.293,10205,10018,行业，化工,0.60%,天弘基金,2025-11-25,细分化工指数,12679.45,11014,11701,10000,10000,10000,5.5
411,科创新能源ETF易方达,589960,1.131,10035,10006,行业，新能源，科创板,0.60%,易方达基金,2025-09-22,科创新能指数,4332.19,9895,11254,10000,10000,10000,2.49
412,医药ETF,159929,1.321,10224,9996,行业，医药,0.60%,汇添富基金,2013-09-16,中证医药指数,8333.23,9663,9903,10459,7771,5674,18.66
413,科创50增强ETF,588460,1.692,9976,9947,宽基，中小盘，科创板,1.10%,鹏华基金,2023-01-05,科创50指数,4363.3,9982,10562,13892,15872,10000,11.32
414,红利ETF万家,159581,1.111,10018,10006,策略，红利,0.60%,万家基金,2024-03-15,中证红利指数,2662.6,10316,10610,11486,10000,10000,11.2
415,中证A100ETF,512910,1.301,10031,10002,宽基，大盘股,0.60%,广发基金,2019-07-01,中证100指数,1338.79,10000,10172,12643,12674,9847,2.5
416,房地产ETF华夏,515060,0.704,10086,10000,行业，金融，房地产,0.60%,华夏基金,2020-01-03,房地产指数,3991.93,9412,9846,10399,7594,7265,5.43
417,集成电路ETF,159546,1.976,10082,10044,行业，半导体，芯片,0.60%,国泰基金,2023-10-20,集成电路指数,1880.08,10087,10757,13599,10000,10000,2.11
418,创业板人工智能ETF富国,159246,1.028,9981,9998,主题，新兴产业，人工智能,0.45%,富国基金,2025-07-10,创业板人工智能指数,10696.11,10108,11030,10000,10000,10000,25.13
419,创业板ETF广发,159952,1.956,10031,9999,宽基，中小盘,0.20%,广发基金,2017-05-19,创业板指,46304.19,9899,10077,14886,13697,11727,137.26
420,中证500增强ETF南方,560100,1.392,10065,9998,宽基，中小盘,0.55%,南方基金,2022-02-16,中证500指数,1419.41,10273,11145,14175,14219,10000,0.838
421,创新药ETF易方达,516080,0.634,10326,10022,行业，医药,0.20%,易方达基金,2021-02-23,CS创新药指数,2665.93,9635,9650,11444,8955,6959,9.62
422,芯片ETF易方达,516350,1.292,10016,10001,行业，半导体，芯片,0.20%,易方达基金,2021-12-23,芯片产业指数,6537.36,10023,10812,14120,18405,10000,13.04
423,纳斯达克100ETF大成,159513,1.486,10007,10000,跨境，美国,1.00%,大成基金,2023-07-28,纳斯达克100指数,10458.37,9802,9562,11701,10000,10000,59.73
424,芯片ETF广发,159801,0.918,9989,9995,行业，半导体，芯片,0.60%,广发基金,2020-02-18,国证芯片指数,11701.42,9914,10712,13805,17452,15049,44.92
425,储能电池ETF广发,159305,1.962,10077,9997,主题，新兴产业，新能源,0.60%,广发基金,2024-09-27,新能源电池指数,1857.9,10583,10594,15609,10000,10000,2.47
426,中证1000ETF广发,560010,3.386,10089,9997,宽基，中小盘,0.20%,广发基金,2022-08-04,中证1000指数,58657.35,10220,10821,13033,12162,10000,358.72
427,红利低波ETF,159525,1.11,10063,10017,策略，红利,0.20%,富国基金,2024-05-20,红利低波指数,2195.12,10073,10146,10882,10000,10000,3.39
428,恒生科技ETF广发,513380,0.581,10283,10000,跨境，香港，科技,0.60%,广发基金,2022-05-12,恒生科技指数,46870.27,9078,8790,8081,11516,10000,119.03
429,公用事业ETF,159301,1.029,10078,9999,行业，公用事业,0.60%,华夏基金,2024-07-22,全指公用,1749.57,10775,10912,11653,10000,10000,0.771
430,通用航空ETF,159378,1.473,10152,10015,行业，航空,0.60%,永赢基金,2025-01-10,通用航空指数,5860.11,10117,10658,12978,10000,10000,7.56
431,科创信息ETF嘉实,588100,2.064,10034,9987,行业，信息技术，科创板,0.60%,嘉实基金,2022-05-27,科创信息指数,1720.12,9833,10672,14254,19583,10000,2.11
432,央企能源ETF嘉实,562850,1.478,9946,10044,行业，资源，能源,0.60%,嘉实基金,2023-08-09,央企现代能源指数,1455.15,11231,11805,14117,10000,10000,0.689
433,A500ETF招商,560610,1.214,10025,10004,宽基，中小盘,0.20%,招商基金,2024-10-15,中证A500指数,11852.27,10075,10401,12947,10000,10000,56.64
434,卫星ETF鹏华,563790,1.184,10034,10018,主题，卫星,0.60%,鹏华基金,2026-01-05,卫星产业指数,10180.83,9950,10000,10000,10000,10000,3.06
435,机器人ETF银华,562360,1.106,10036,9996,主题，新兴产业，机器人,0.60%,银华基金,2021-10-15,机器人指数,2232.69,9788,10027,10493,12235,10000,5.05
436,自由现金流ETF广发,159229,1.389,10058,10009,策略，现金流,0.60%,广发基金,2025-05-15,800现金流指数,1830.92,10652,11284,10000,10000,10000,0.568
437,地产ETF,159707,0.61,10049,10010,行业，金融，房地产,0.60%,华宝基金,2021-11-12,800地产指数,4771.58,9173,9887,9621,6609,10000,3.23
438,中证500ETF易方达,510580,4.309,10042,9991,宽基，中小盘,0.20%,易方达基金,2015-09-14,中证500指数,7225.71,10252,11198,14455,14079,15000,29.09
439,银行ETF天弘,515290,1.407,10021,10010,行业，金融，银行,0.60%,天弘基金,2020-12-28,中证银行指数,4708.91,9846,9513,10461,14702,12529,55.32
440,生物医药ETF,159859,0.376,10273,10020,行业，医药，生物科技,0.60%,天弘基金,2021-07-07,生物医药指数,12460.1,9519,9792,10444,6309,10000,33.41
441,新能源车ETF,159806,0.795,10000,10006,主题，新兴产业，新能源车,0.60%,国泰基金,2020-03-20,CS新能车指数,1771.37,10089,9755,13683,10861,12218,9.8
442,A500增强ETF工银,159249,1.324,10038,10000,宽基，中小盘,0.60%,工银瑞信基金,2025-07-02,中证A500指数,2222.77,10061,10458,10000,10000,10000,1.03
443,500增强ETF,561550,1.409,10028,9967,宽基，中小盘,0.80%,华泰柏瑞基金,2021-12-10,中证500指数,6931.06,10360,11025,14832,14958,10000,16.91
444,中证2000增强ETF银华,159555,1.81,10226,10088,宽基，中小盘,0.60%,银华基金,2023-12-12,中证2000指数,1069.87,10325,11016,14971,10000,10000,0.715
445,港股通ETF招商,513990,1.156,10158,10013,跨境，香港,0.25%,招商基金,2020-08-18,港股通指数,3139.71,9421,9714,10704,13333,10321,0.814
446,红利港股ETF国泰,159331,1.352,10075,10000,跨境，香港，红利,0.60%,国泰基金,2024-08-01,港股通高股息港元指数,2599.17,10281,10725,12344,10000,10000,2.85
447,科创人工智能ETF广发,588760,0.828,10122,10013,主题，新兴产业，人工智能,0.60%,广发基金,2025-01-23,科创AI指数,25089.93,10197,11159,13420,10000,10000,25.81
448,电池ETF,561910,0.814,10037,9995,主题，新兴产业，新能源车，电池,0.60%,招商基金,2021-08-12,CS电池指数,14260.03,10175,9714,15505,11513,10000,56.2
449,金融科技ETF博时,516860,1.374,10238,9996,主题，金融科技,0.60%,博时基金,2021-10-11,金融科技指数,7236.98,9595,9515,10385,13921,10000,21.52
450,通用航空ETF华夏,159230,1.36,10119,9993,行业，航空,0.60%,华夏基金,2025-05-30,通用航空指数,2379.83,10119,10642,10000,10000,10000,0.743
451,创业板人工智能ETF国泰,159388,0.894,10000,10015,主题，新兴产业，人工智能,0.60%,国泰基金,2025-04-07,创业板人工智能指数,12442.98,10125,11037,10000,10000,10000,5.72
452,科创100ETF国泰,588120,1.509,10094,10003,宽基，中小盘，科创板,0.20%,国泰基金,2023-09-15,科创100指数,8433.96,9934,10833,14552,10000,10000,10.49
453,A500ETF汇添富,563880,1.276,10024,9987,宽基，中小盘,0.20%,汇添富基金,2024-11-25,中证A500指数,9173.32,10055,10349,12889,10000,10000,32.74
454,交通运输ETF,159666,1.056,10028,9979,主题，运输,0.60%,华夏基金,2023-02-13,运输指数,3015.37,10115,10333,11116,10383,10000,0.867
455,建材ETF,516750,0.783,10090,9980,行业，建筑材料,0.60%,富国基金,2021-11-05,建筑材料指数,1506.65,9655,11028,12254,8148,10000,0.858
456,央企共赢ETF国泰,517090,1.73,10017,10000,主题，国企,0.30%,国泰基金,2021-12-28,富时中国国企开放共赢指数,2925.21,10739,10949,11981,14673,10000,1.46
457,消费50ETF,515650,1.142,10169,10005,行业，消费,0.60%,富国基金,2019-11-11,CS消费50指数,7654.73,9446,9670,10115,8567,6718,33.38
458,恒生科技ETF华安,513580,0.639,10306,10000,跨境，香港，科技,0.60%,华安基金,2021-05-27,恒生科技指数,17919.83,8777,8802,8140,11576,10000,51.94
459,医药龙头ETF,515950,0.918,10268,9996,行业，医药,0.60%,富国基金,2020-04-01,医药50指数,1433.74,9776,9935,10787,8046,6236,4.58
460,医疗器械ETF招商,159898,0.547,10205,9997,行业，医药，医疗器械,0.60%,招商基金,2021-06-04,医疗器械指数,3881.36,9733,10224,10263,7997,10000,4.52
461,科创价值ETF建信,588910,1.446,10112,9998,策略，成长，价值,0.60%,建信基金,2025-04-07,智选创新价值指数,1983.29,9945,11080,10000,10000,10000,2.17
462,港股通红利低波ETF华泰柏瑞,520890,1.506,10060,10000,跨境，香港,0.60%,华泰柏瑞基金,2024-09-20,恒生港股通高股息低波动指数,13590.03,10067,10658,12244,10000,10000,1.35
463,农业ETF嘉实,516550,0.818,10263,9992,行业，农业,0.60%,嘉实基金,2021-04-08,大农业指数,1079.11,10434,10623,13301,10251,10000,1.59
464,工业软件ETF博时,159108,1.044,10038,9980,主题，新兴产业，软件,0.60%,博时基金,2025-11-24,工业软件指数,1036.83,9784,10471,10000,10000,10000,6.13
465,黄金股ETF工银,159315,2.071,9895,9993,行业，黄金,0.52%,工银瑞信基金,2024-06-14,SSH黄金股票指数,5994.16,10212,12372,21285,10000,10000,1.56
466,上证指数ETF汇添富,510980,1.434,10063,10030,宽基，综合,0.60%,汇添富基金,2023-12-01,上证指数,4522.84,10113,10467,12702,10000,10000,3.94
467,科创创业人工智能ETF华泰柏瑞,159139,1.116,10036,10018,主题，科创板，人工智能,0.60%,华泰柏瑞基金,2025-12-19,科创创业AI指数,4467.2,10045,10741,10000,10000,10000,4.04
468,港股通创新药ETF万家,520700,1.482,10393,10000,跨境，香港，医疗,0.60%,万家基金,2024-10-14,港股通创新药指数,16546.32,9574,10061,14319,10000,10000,8.84
469,半导体设备ETF广发,560780,1.951,9894,10012,行业，半导体，芯片,0.60%,广发基金,2023-12-12,半导体材料设备指数,18593.64,9844,11490,16478,10000,10000,14.79
470,消费ETF,510150,0.527,10135,9986,行业，消费,0.60%,招商基金,2011-02-25,消费80指数,4619.45,9377,9478,10174,8120,6642,17.92
471,光伏ETF,159857,0.958,10010,10017,主题，光伏，新兴产业,0.60%,天弘基金,2021-02-24,光伏产业指数,23829.92,10290,11711,15353,7885,10961,22.06
472,科创成长ETF,588110,2.023,9956,9981,策略，成长，科创板,0.60%,广发基金,2023-08-31,科创成长指数,2055.02,10269,10504,16844,10000,10000,3.5
473,银行ETF华夏,515020,1.667,10024,10008,行业，金融，银行,0.20%,华夏基金,2019-12-03,中证银行指数,11001.08,9905,9520,10471,14831,13379,9.38
474,有色ETF鹏华,159880,2.315,9797,9994,行业，资源，有色金属,0.60%,鹏华基金,2021-03-25,国证有色指数,8822.81,10590,11884,22006,20379,10000,8.83
475,信创ETF,562570,1.461,10203,9993,行业，信息技术,0.60%,华夏基金,2024-04-30,中证信创指数,2411.41,9925,10587,9925,10000,10000,4.2
476,科创200ETF鹏华,588240,1.607,10126,10033,宽基，中小盘，科创板,0.20%,鹏华基金,2025-02-25,科创200指数,8408.52,10126,11479,15709,10000,10000,1.8
477,A500红利低波ETF易方达,563510,1.028,10029,9990,策略，红利，低波动,0.20%,易方达基金,2025-12-01,A500红利低波指数,1976.4,10249,10363,10000,10000,10000,6.91
478,港股创新药ETF景顺,513780,1.539,10399,10000,跨境，香港，医疗,0.60%,景顺长城基金,2024-10-25,港股通创新药指数,23875.15,9577,10072,14276,10000,10000,28.83
479,证券保险ETF鹏华,515630,1.35,10097,10000,行业，金融，证券保险,0.60%,鹏华基金,2020-04-03,800证保指数,3571.35,9388,9317,10766,12748,10922,5.17
480,半导体设备ETF,561980,2.237,9907,10013,行业，半导体，芯片,0.60%,招商基金,2023-09-01,中证半导指数,18343.09,9894,10976,16257,10000,10000,25.43
481,食品饮料ETF华宝,515710,0.561,10163,9989,行业，食品饮料,0.60%,华宝基金,2021-01-07,细分食品指数,3888.62,9273,9606,9288,6679,6441,15.06
482,创业板人工智能ETF招商,159243,1.105,10018,10026,主题，新兴产业，人工智能,0.20%,招商基金,2026-01-05,创业板人工智能指数,2569.86,10156,10000,10000,10000,10000,2.1
483,黄金股票ETF基金,159322,2.04,9898,9987,行业，黄金,0.60%,平安基金,2024-06-14,SSH黄金股票指数,3708.23,10169,12245,20988,10000,10000,0.993
484,中证1000ETF,159845,3.396,10086,9990,宽基，中小盘,0.20%,华夏基金,2021-03-31,中证1000指数,238445.84,10195,10843,13046,12150,10000,499.08
485,港股通科技ETF,159262,0.937,10218,10000,跨境，香港，科技,0.60%,广发基金,2025-07-07,恒生港股通科技主题指数,77056.07,8984,8873,10000,10000,10000,92.97
486,港股互联网ETF,513770,0.453,10249,10011,跨境，香港，互联网,0.60%,华宝基金,2022-02-18,HKC互联网指数,73364.61,8712,8728,8097,10646,10000,123.43
487,港股通创新药ETF工银,159217,1.238,10483,10000,跨境，香港，医药,0.47%,工银瑞信基金,2025-04-03,港股通创新药指数,69599.73,9619,9896,10000,10000,10000,47.51
488,港股通金融ETF,513190,1.718,10064,10000,跨境，香港，金融,0.60%,华夏基金,2023-10-11,港股通内地金融港元指数,51298.73,9429,9745,11632,10000,10000,25.39
489,港股通创新药ETF易方达,159316,1.233,10423,10000,跨境，香港，医疗,0.20%,易方达基金,2025-03-26,恒生港股通创新药指数,50484.46,9603,9809,10000,10000,10000,39.82
490,上证50ETF易方达,510100,2.992,10010,9993,宽基，大盘股,0.20%,易方达基金,2019-10-09,上证50指数,48484.34,9794,9881,11703,12039,9725,47.6
491,A500ETF龙头,563800,1.235,10024,9996,宽基，中小盘,0.20%,广发基金,2024-11-18,中证A500指数,48249.87,10057,10378,12932,10000,10000,216.25
492,港股通科技ETF基金,159101,0.82,10289,10000,跨境，香港，科技,0.60%,华夏基金,2025-09-03,港股通科技指数,47903.61,9051,8855,10000,10000,10000,26.13
493,港股通科技ETF汇添富,520980,0.951,10215,10000,跨境，香港，科技,0.60%,汇添富基金,2025-07-02,恒生港股通中国科技指数,47801.97,8904,8765,10000,10000,10000,48.99
494,石油ETF富国,159148,1.18,9825,9930,行业，石油，天然气,0.60%,富国基金,2026-02-11,国证油气指数,47218.87,10000,10000,10000,10000,10000,2.1
495,有色金属ETF天弘,159157,1.021,9789,10003,行业，资源，有色金属,0.60%,天弘基金,2026-02-06,工业有色指数,40676.24,10000,10000,10000,10000,10000,10.73
496,券商ETF,159842,1.074,10132,10002,行业，金融，证券,0.20%,银华基金,2021-03-19,证券公司指数,38029.84,9496,9331,10219,12067,10000,105.86
497,港股通创新药ETF,520880,0.488,10427,10000,跨境，香港，医药,0.60%,华宝基金,2025-07-07,恒生港股通创新药精选指数,37444.93,9644,9799,10000,10000,10000,21.0
498,机器人ETF,159770,1.061,10057,10008,主题，新兴产业，机器人,0.60%,天弘基金,2021-11-08,机器人指数,32143.12,9806,10057,10568,12737,10000,110.78
499,恒生科技ETF博时,159742,0.649,10318,10000,跨境，香港，科技,0.65%,博时基金,2021-05-25,恒生科技指数,31587.73,9115,8794,8194,11652,10000,46.42
500,恒生科技ETF天弘,520920,0.749,10288,10000,跨境，香港，科技,0.60%,天弘基金,2025-09-30,恒生科技指数,30067.65,9057,8679,10000,10000,10000,106.1
501,电网设备ETF易方达,560390,1.054,10048,10000,跨境，香港，电网设备,0.20%,易方达基金,2026-03-04,恒生A股电网设备指数,26214.48,10000,10000,10000,10000,10000,4.02
502,港股通科技ETF海富通,513860,0.641,10272,9990,跨境，香港，科技,0.60%,海富通基金,2021-07-02,HKC科技港币全收益指数,25337.64,9197,9015,8733,12256,10000,45.34
503,科创50ETF广发,588060,0.899,10067,9990,宽基，中小盘，科创板,0.60%,广发基金,2021-07-29,科创50指数,24921.84,9857,10490,12991,13981,10000,83.73
504,恒生指数ETF南方,513600,2.871,10141,10000,跨境，香港,0.60%,南方基金,2015-01-26,香港恒生指数,22144.3,9519,9859,10532,13373,10690,24.71
505,恒生科技ETF基金,159741,0.633,10293,10000,跨境，香港，科技,0.20%,嘉实基金,2021-06-03,恒生科技指数,21799.44,9121,8804,8157,11572,10000,8.78
506,中证A500ETF景顺,159353,1.253,10024,9998,宽基，中小盘,0.20%,景顺长城基金,2024-10-15,中证A500指数,21803.55,10064,10398,12896,10000,10000,51.11
507,中证1000ETF易方达,159633,3.46,10055,9983,宽基，中小盘,0.20%,易方达基金,2022-08-04,中证1000指数,21725.06,10188,10881,13216,12446,10000,15.43
508,科创50ETF华泰柏瑞,588090,1.454,10048,9989,宽基，中小盘，科创板,0.60%,华泰柏瑞基金,2020-11-16,科创50指数,21539.13,9871,10491,13029,13941,10575,49.68
509,创业板ETF天弘,159977,1.679,10024,10010,宽基，中小盘,0.20%,天弘基金,2019-09-27,创业板R指数,19718.69,9923,10078,14898,13628,11627,85.97
510,航天ETF华安,159267,1.276,10087,9989,行业，航空航天,0.60%,华安基金,2025-08-01,国证航天指数,18095.74,10127,10925,10000,10000,10000,6.71
511,恒生科技ETF南方,520570,0.808,10293,10000,跨境，香港，科技,0.20%,南方基金,2025-11-17,恒生科技指数,16596.84,9089,8773,10000,10000,10000,19.36
512,创业板ETF华夏,159957,2.115,10033,10002,宽基，中小盘,0.20%,华夏基金,2018-01-04,创业板指,16387.58,9897,10076,14894,13716,12031,18.94
513,科创人工智能ETF易方达,588730,1.608,10094,9994,主题，新兴产业，人工智能,0.60%,易方达基金,2025-01-24,科创AI指数,16352.91,10203,11128,13456,10000,10000,15.2
514,中证A50ETF大成,159595,1.323,10023,10001,宽基，大盘,0.20%,大成基金,2024-03-18,中证A50指数,15937.99,9815,9881,11615,10000,10000,24.56
515,科创芯片ETF汇添富,588750,1.71,10018,9998,行业，半导体，芯片，科创板,0.60%,汇添富基金,2024-12-26,科创芯片指数,15533.4,9994,10885,15475,10000,10000,53.0
516,恒生互联网ETF华安,159688,0.918,10338,10000,跨境，香港，互联网,0.65%,华安基金,2023-02-15,恒生互联网科技业指数,14952.76,8844,8810,8636,9892,10000,14.51
517,香港科技ETF,513560,1.188,10277,10000,跨境，香港，科技,0.60%,兴银基金,2023-02-13,HKC科技港币指数,14683.96,9238,8993,8813,12349,10000,9.18
518,创业板新能源ETF国泰,159387,1.65,10079,10047,主题，新兴产业，新能源,0.60%,国泰基金,2025-06-10,创新能源指数,14431.07,9988,10185,10000,10000,10000,5.16
519,恒生生物科技ETF南方,159615,1.097,10388,10000,跨境，香港，生物科技,0.65%,南方基金,2022-06-28,恒生香港上市生物科技指数,14324.18,9514,10046,13444,10661,10000,4.9
520,港股医疗ETF永赢,159366,1.356,10265,10000,跨境，香港，医疗,0.60%,永赢基金,2025-04-14,港股通医疗主题指数,14318.28,9231,9985,10000,10000,10000,2.39
521,港股通汽车ETF,159323,1.232,10241,10000,跨境，香港，汽车,0.60%,华夏基金,2025-01-08,港股通汽车指数,13966.31,9984,9670,10132,10000,10000,1.47
522,港股通央企红利ETF天弘,159281,1.04,10087,10000,跨境，香港，央企,0.60%,天弘基金,2025-09-02,港股通央企红利指数,13808.99,10277,10632,10000,10000,10000,3.5
523,航空航天ETF天弘,159241,1.528,10113,10001,行业，航空航天,0.60%,天弘基金,2025-05-29,国证航天指数,13746.16,10153,11001,10000,10000,10000,6.1
524,科创综指ETF鹏华,589680,1.384,10065,9990,宽基，中小盘，科创板,0.20%,鹏华基金,2025-03-05,科创综指,13469.91,10014,10729,13896,10000,10000,14.95
525,中证A50指数ETF,159593,1.323,10038,9991,宽基，大盘,0.20%,平安基金,2024-03-12,中证A50指数,13080.08,9829,9866,11615,10000,10000,55.97
526,港股科技50ETF招商,159750,0.91,10388,10000,跨境，香港，科技,0.65%,招商基金,2022-02-14,港股科技港币指数,12922.52,9211,8948,8708,11221,10000,14.96
527,有色ETF华宝,159876,1.178,9792,10010,行业，资源，有色金属,0.60%,华宝基金,2021-03-24,中证有色指数,11948.78,10613,11827,21418,19471,10000,8.47
528,恒生生物科技ETF易方达,159105,0.904,10391,10000,跨境，香港，生物科技,0.60%,易方达基金,2025-11-03,恒生生物科技指数,11303.63,9516,10056,10000,10000,10000,0.962
529,证券ETF汇添富,560090,1.213,10100,9999,行业，金融，证券,0.60%,汇添富基金,2023-03-15,证券公司指数,11214.24,9491,9324,10168,10000,10000,35.05
530,金ETF嘉实,159831,10.99,9942,10000,商品，黄金,0.60%,嘉实基金,2022-04-07,上海金,11160.65,10358,11701,16609,26444,10000,14.68
531,港股科技ETF天弘,159128,0.804,10281,10000,跨境，香港，科技,0.60%,天弘基金,2025-11-13,港股通科技指数,11096.59,9034,8845,10000,10000,10000,16.34
532,港股通科技ETF华泰柏瑞,513150,1.017,10273,10021,跨境，香港，科技,0.60%,华泰柏瑞基金,2022-02-11,HKC科技港币指数,10955.64,9212,9056,8760,12253,10000,1.22
533,电力ETF景顺,159158,1.085,10121,9991,行业，电力,0.60%,景顺长城基金,2026-01-27,电力指数,10848.73,11071,10000,10000,10000,10000,16.72
534,创业板新能源ETF华夏,159368,1.488,10034,10024,主题，新兴产业，新能源,0.20%,华夏基金,2025-03-24,创新能源指数,10700.35,9953,10164,10000,10000,10000,6.76
535,沪深300ETF广发,510360,1.77,10023,9985,宽基，大盘股,0.60%,广发基金,2015-09-09,沪深300指数,10611.48,9966,10057,12207,12173,9927,38.56
536,港股通医疗ETF,520510,0.887,10242,10000,跨境，香港，医疗,0.60%,华夏基金,2025-08-07,港股通医疗主题指数,10497.67,9182,9955,10000,10000,10000,2.06
537,港股通创新药ETF南方,159297,0.769,10477,10000,跨境，香港，医药,0.20%,南方基金,2025-09-22,港股通创新药指数,10376.18,9637,9796,10000,10000,10000,14.3
538,电力ETF工银,560270,1.027,10088,10000,行业，电力,0.60%,工银瑞信基金,2026-03-06,电力指数,10335.59,10000,10000,10000,10000,10000,2.77
539,港股通恒生科技ETF华安,520840,0.828,10222,10000,跨境，香港，科技,0.60%,华安基金,2025-08-25,恒生港股通科技主题指数,10269.0,8990,8856,10000,10000,10000,10.86
540,全指自由现金流ETF,563760,1.37,10081,10009,策略，现金流,0.20%,中银基金,2025-06-06,中证现金流指数,9972.03,10612,11248,10000,10000,10000,11.78
541,恒生科技ETF摩根,513890,0.97,10286,10000,跨境，香港，科技,0.65%,上投摩根基金,2022-01-21,恒生科技指数,9890.35,9108,8802,8227,12125,10000,8.72
542,双创50ETF,588380,0.941,10000,10006,宽基，中小盘,0.60%,富国基金,2021-07-06,科创创业50指数,9639.73,10053,10000,15657,14937,10000,30.49
543,A500ETF,159339,1.245,10008,9983,宽基，中小盘,0.20%,银华基金,2024-10-15,中证A500指数,9485.63,10040,10332,12875,10000,10000,32.72
544,科创创业50ETF南方,159780,0.92,10000,10000,宽基，中小盘,0.60%,南方基金,2021-07-05,科创创业50指数,9124.34,10066,10011,15593,14815,10000,36.7
545,香港科技ETF南方,159747,1.238,10343,10000,跨境，香港，科技,0.65%,南方基金,2021-07-14,港股科技港币指数,9023.56,9164,8926,8645,11275,10000,5.01
546,军工ETF华宝,512810,0.88,10046,9985,行业，军工,0.60%,华宝基金,2016-08-22,中证军工指数,8865.84,10377,11055,14630,13333,15081,7.53
547,沪深300ETF鹏华,159673,1.275,10024,9988,宽基，大盘股,0.20%,鹏华基金,2023-07-17,沪深300指数,8690.44,9977,10071,12224,10000,10000,23.43
548,成渝经济圈ETF博时,159623,1.05,10116,9984,主题，区域，成渝,0.20%,博时基金,2022-09-09,成渝经济圈指数,8749.84,10135,10294,13972,11289,10000,31.9
549,现金流ETF全指,563390,1.431,10056,10006,策略，现金流,0.60%,华泰柏瑞基金,2025-04-30,中证现金流指数,8271.95,10608,11259,10000,10000,10000,6.71
550,能源ETF广发,159945,1.486,9835,9980,行业，资源，能源,0.60%,广发基金,2015-07-06,全指能源,8178.83,11528,12604,14757,14890,22862,0.254
551,电池ETF易方达,159175,1.001,10060,10000,主题，新兴产业，新能源车，电池,0.60%,易方达基金,2026-03-05,CS电池指数,8172.43,10000,10000,10000,10000,10000,8.59
552,中证500ETF广发,510510,2.66,10064,9990,宽基，中小盘,0.60%,广发基金,2013-05-24,中证500指数,8065.17,10262,11200,14309,13782,14134,20.96
553,绿色电力ETF嘉实,159625,1.328,10145,10022,主题，新兴产业，新能源,0.60%,嘉实基金,2022-04-29,绿色电力指数,8097.31,10975,11360,12262,12217,10000,13.8
554,港股通创新药ETF嘉实,520970,0.83,10388,10000,跨境，香港，医疗,0.60%,嘉实基金,2025-08-07,港股通创新药指数,8081.42,9584,10061,10000,10000,10000,10.1
555,港股通科技ETF鹏华,159751,0.929,10265,10018,跨境，香港，科技,0.55%,鹏华基金,2021-12-28,HKC科技港币指数,8032.45,9235,9055,8748,12288,10000,12.86
556,港股消费ETF银华,159735,0.805,10281,10020,跨境，香港，消费,0.60%,银华基金,2021-06-04,HKC消费港元指数,7935.7,9415,10307,9504,12142,10000,7.26
557,中证A500ETF大成,159358,1.319,10023,9994,宽基，中小盘,0.20%,大成基金,2024-11-29,中证A500指数,7904.09,10061,10394,12931,10000,10000,16.75
558,创业板ETF富国,159971,1.122,10045,10009,宽基，中小盘,0.20%,富国基金,2019-07-02,创业板R指数,7750.79,9912,10081,14871,13600,11502,20.8
559,恒生科技ETF鹏华,520590,0.865,10298,10000,跨境，香港，科技,0.60%,鹏华基金,2025-12-01,恒生科技指数,7756.64,9144,8827,10000,10000,10000,2.58
560,机器人ETF富国,159272,0.885,10080,10003,主题，新兴产业，机器人,0.60%,富国基金,2025-09-19,机器人100指数,7699.4,9630,9316,10000,10000,10000,27.1
561,港股消费ETF鹏华,159265,0.967,10244,10000,跨境，香港，消费,0.60%,鹏华基金,2025-07-02,港股通消费指数,7744.12,9453,10136,10000,10000,10000,3.22
562,沪深300ETF南方,159925,4.693,10034,9993,宽基，大盘股,0.20%,南方基金,2013-04-11,沪深300指数,7605.39,9972,10088,12283,12298,10067,27.42
563,证券ETF易方达,512570,1.135,10107,9999,行业，金融，证券,0.60%,易方达基金,2017-08-11,证券公司指数,7304.12,9474,9334,10225,12297,10588,22.94
564,医疗ETF,159828,0.424,10192,10016,行业，医药,0.60%,国泰基金,2021-01-12,中证医疗指数,7282.2,9464,10047,9930,6635,4544,20.18
565,机器人ETF鹏华,159278,1.048,10106,10013,主题，新兴产业，机器人,0.60%,鹏华基金,2025-08-12,机器人100指数,7304.23,9650,9349,10000,10000,10000,14.49
566,中证A500ETF,560510,1.213,10017,10000,宽基，中小盘,0.20%,泰康基金,2024-10-15,中证A500指数,7299.75,10075,10396,12962,10000,10000,35.05
567,港股通消费ETF汇添富,159268,0.936,10230,10000,跨境，香港，消费,0.60%,汇添富基金,2025-07-21,港股通消费指数,6915.38,9360,10207,10000,10000,10000,7.29
568,芯片ETF东财,159599,2.218,10005,9993,行业，半导体，芯片,0.55%,东财基金,2024-05-08,芯片产业指数,6810.12,10018,10809,13906,10000,10000,11.9
569,港股国企ETF国泰,159519,1.727,10041,10000,跨境，香港，国企,0.65%,国泰基金,2023-08-31,内地国有港元指数,6728.59,9846,10249,11886,10000,10000,1.37
570,A500ETF万家,159356,1.295,10031,9997,宽基，中小盘,0.20%,万家基金,2024-12-06,中证A500指数,6651.83,10078,10410,12963,10000,10000,17.59
571,科创芯片设计ETF天弘,589070,0.954,10127,9991,主题，芯片设计,0.60%,天弘基金,2026-01-23,科创芯片设计指数,6648.97,10181,10000,10000,10000,10000,6.07
572,中证1000增强ETF招商,159680,1.694,10132,10036,宽基，中小盘,0.60%,招商基金,2022-11-30,中证1000指数,6401.65,10174,11108,13919,15671,10000,6.47
573,沪深300ETF国寿,510380,1.375,10029,9983,宽基，大盘股,0.60%,国寿安保基金,2018-02-07,沪深300指数,6318.53,9964,10051,12277,12266,9971,22.99
574,央企科技ETF南方,560170,1.145,10017,9994,主题，央企，新兴产业,0.60%,南方基金,2023-07-06,央企科技引领指数,6209.61,10325,11041,13146,10000,10000,13.46
575,新能源ETF嘉实,159875,0.72,10000,10025,主题，新兴产业，新能源,0.60%,嘉实基金,2021-08-17,中证新能指数,5993.11,10315,10667,15451,9231,10000,17.8
576,电力ETF华宝,159146,1.096,10120,10007,行业，电力,0.60%,华宝基金,2026-01-20,电力指数,5864.2,11082,10000,10000,10000,10000,7.19
577,新能车ETF,515700,2.434,9984,9999,主题，新兴产业，新能源车,0.20%,平安基金,2020-02-10,新能源车指数,5830.15,10075,9736,13705,10915,12514,22.8
578,A500ETF鹏华,512020,1.302,10023,9988,宽基，中小盘,0.20%,鹏华基金,2024-12-02,中证A500指数,5674.35,10046,10375,12828,10000,10000,22.25
579,自由现金流ETF基金,159233,1.38,10058,9995,策略，现金流,0.60%,平安基金,2025-06-04,中证现金流指数,5655.03,10575,11284,10000,10000,10000,7.02
580,创业板ETF南方,159948,3.563,10037,10003,宽基，中小盘,0.20%,南方基金,2016-05-31,创业板指,5630.57,9897,10082,14902,13736,11728,49.75
581,软件ETF易方达,562930,0.9,10216,10016,主题，新兴产业，软件,0.60%,易方达基金,2023-06-05,软件服务指数,5496.44,9646,10135,9751,10000,10000,2.63
582,现金流500ETF,560120,1.452,10076,10005,策略，现金流,0.60%,华夏基金,2025-08-05,500现金流指数,5537.83,10454,11767,10000,10000,10000,0.414
583,300ETF,159300,4.932,10024,9988,宽基，大盘股,0.20%,富国基金,2024-06-05,沪深300指数,5377.8,9976,10076,12339,10000,10000,12.07
584,中证A50ETF易方达,563080,1.329,10023,9993,宽基，大盘,0.20%,易方达基金,2024-03-18,中证A50指数,5273.65,9823,9866,11678,10000,10000,19.95
585,创业板ETF东财,159205,1.573,10045,10010,宽基，中小盘,0.20%,东财基金,2025-06-12,创业板指,5189.77,9906,10083,10000,10000,10000,6.19
586,科创50ETF汇添富,588870,1.439,10049,9987,宽基，中小盘，科创板,0.20%,汇添富基金,2025-01-27,科创50指数,5203.62,9870,10473,12964,10000,10000,7.11
587,港股通创新药ETF鹏华,159286,0.786,10452,10000,跨境，香港，医药,0.60%,鹏华基金,2025-09-02,港股通创新药指数,5237.94,9621,9800,10000,10000,10000,5.66
588,港股通互联网ETF南方,520650,0.769,10267,10000,跨境，香港，互联网,0.20%,南方基金,2025-11-10,HKC互联网指数,5084.64,8759,8739,10000,10000,10000,2.47
589,证券ETF东财,159692,1.243,10106,10003,行业，金融，证券,0.55%,东财基金,2023-05-23,证券公司30指数,5139.59,9460,9276,10264,10000,10000,9.24
590,有色ETF华安,512940,1.009,9796,9998,行业，资源，有色金属,0.60%,华安基金,2026-02-26,有色矿业指数,5069.6,10000,10000,10000,10000,10000,5.53
591,科创200ETF华夏,588820,1.862,10098,9998,宽基，中小盘，科创板,0.20%,华夏基金,2025-01-06,科创200指数,5070.42,10120,11529,15806,10000,10000,7.2
592,科创50ETF东财,589850,1.351,10052,9994,宽基，中小盘，科创板,0.20%,东财基金,2025-08-11,科创50指数,4949.99,9883,10514,10000,10000,10000,6.43
593,深证50ETF富国,159350,1.452,10076,10008,策略，价值,0.60%,富国基金,2023-12-11,深证50指数,4899.09,9891,9680,12453,10000,10000,2.12
594,科创半导体设备ETF鹏华,589020,1.379,9871,10004,行业，半导体，芯片,0.60%,鹏华基金,2025-09-04,科创半导体材料设备指数,4895.11,9773,11340,10000,10000,10000,2.97
595,创业板50ETF嘉实,159373,1.618,10043,10006,宽基，中小盘,0.20%,嘉实基金,2025-02-10,创业板50指数,4819.18,9902,9975,15832,10000,10000,4.49
596,科创创业ETF嘉实,588400,0.93,10000,9990,宽基，中小盘,0.60%,嘉实基金,2021-07-05,科创创业50指数,4833.55,10043,10011,15683,14785,10000,17.08
597,港股创新药ETF博时,520690,0.792,10435,10000,跨境，香港，医药,0.60%,博时基金,2025-08-01,恒生港股通创新药精选指数,4792.49,9588,9790,10000,10000,10000,4.88
598,科创创业人工智能ETF景顺,159142,1.086,10009,10002,主题，科创板，人工智能,0.60%,景顺长城基金,2025-12-12,科创创业AI指数,4770.11,10028,10668,10000,10000,10000,3.52
599,中证A50ETF,159591,1.322,10038,10003,宽基，大盘,0.20%,富国基金,2024-03-18,中证A50指数,4731.46,9829,9880,11689,10000,10000,6.41
600,工业有色ETF鹏华,159162,1.011,9787,10027,行业，资源，有色金属,0.60%,鹏华基金,2026-01-29,工业有色指数,4606.86,10859,10000,10000,10000,10000,7.96
601,医疗创新ETF,516820,0.358,10229,10000,行业，医药,0.60%,平安基金,2021-07-01,CS医药创新指数,4496.1,9808,9917,10623,6717,10000,16.06
602,科创芯片ETF博时,588990,2.664,10030,10003,行业，半导体，芯片，科创板,0.60%,博时基金,2024-08-16,科创芯片指数,4418.42,10004,10945,15417,10000,10000,5.78
603,软件ETF汇添富,159590,1.133,10235,10019,主题，新兴产业，软件,0.60%,汇添富基金,2024-11-06,软件指数,4263.1,9561,9956,9594,10000,10000,3.17
604,港股通科技ETF富国,520860,0.83,10272,10000,跨境，香港，科技,0.60%,富国基金,2025-07-25,HKC科技港币指数,4334.15,9192,8992,10000,10000,10000,7.32
605,A股ETF,563330,4.422,10075,9996,宽基，综合,0.60%,华泰柏瑞基金,2023-11-07,中证A股指数,4289.26,10098,10607,13188,10000,10000,1.18
606,港股通科技ETF招商,159125,0.792,10259,10000,跨境，香港，科技,0.60%,招商基金,2025-11-06,港股通科技指数,4182.85,9051,8889,10000,10000,10000,6.87
607,科创芯片ETF富国,588810,1.809,10006,9987,行业，半导体，芯片，科创板,0.60%,富国基金,2025-01-09,科创芯片指数,4245.96,10006,10970,15568,10000,10000,6.29
608,A500ETF工银,159362,1.311,10038,9999,宽基，中小盘,0.20%,工银瑞信基金,2024-12-02,中证A500指数,4226.92,10069,10397,13071,10000,10000,15.04
609,A500ETF中金,512080,1.323,10015,9989,宽基，中小盘,0.20%,中金基金,2025-01-21,中证A500指数,4150.39,10046,10376,12845,10000,10000,11.66
610,沪深300ETF天弘,515330,1.338,10022,9992,宽基，大盘股,0.60%,天弘基金,2019-12-26,沪深300指数,4068.29,9963,10053,12219,12197,9845,81.8
611,A50ETF嘉实,562890,1.33,10076,10037,宽基，大盘,0.20%,嘉实基金,2024-03-18,中证A50指数,4106.75,9859,9918,11760,10000,10000,3.28
612,科创综指ETF国泰,589630,1.431,10085,10006,宽基，中小盘，科创板,0.20%,国泰基金,2025-03-12,科创综指,4059.57,10021,10784,10000,10000,10000,3.24
613,港股通医疗ETF华宝,159137,0.907,10237,10000,跨境，香港，医疗,0.60%,华宝基金,2026-01-12,港股通医疗主题指数,4104.67,9217,10000,10000,10000,10000,2.83
614,房地产ETF银华,159768,0.548,10074,10036,行业，金融，房地产,0.60%,银华基金,2022-02-16,内地地产指数,3955.25,9210,9928,9597,6357,10000,3.48
615,科创芯片ETF易方达,589130,1.014,10010,10008,行业，半导体，芯片，科创板,0.60%,易方达基金,2026-01-08,科创芯片指数,3996.11,9990,10000,10000,10000,10000,2.76
616,科创综指ETF南方,589660,1.412,10064,9978,宽基，中小盘，科创板,0.20%,南方基金,2025-03-05,科创综指,4020.87,10021,10779,14134,10000,10000,4.63
617,新能源ETF易方达,516090,0.596,9983,10007,主题，新兴产业，新能源,0.20%,易方达基金,2021-03-19,中证新能指数,3901.8,10294,10643,15602,9597,10000,12.61
618,港股通生物科技ETF华安,159102,0.795,10338,10000,跨境，香港，生物科技,0.60%,华安基金,2025-09-16,恒生香港上市生物科技指数,3906.58,9498,10013,10000,10000,10000,6.86
619,港股通科技ETF东财,520530,0.857,10239,10000,跨境，香港，科技,0.60%,东财基金,2025-12-08,HKC科技港币指数,3884.58,9205,8964,10000,10000,10000,3.18
620,港股通科技ETF平安,159152,0.835,10245,10000,跨境，香港，科技,0.60%,平安基金,2026-02-03,恒生港股通科技主题指数,3809.62,9017,10000,10000,10000,10000,9.29
621,港股通50ETF国泰,159712,1.248,10155,10000,跨境，香港,0.60%,国泰基金,2021-11-11,港股通50港元指数,3688.27,9476,9866,10505,13448,10000,1.56
622,双创龙头ETF,588330,0.935,9979,10003,宽基，中小盘,0.60%,华宝基金,2021-07-06,科创创业50指数,3661.2,10065,10021,15688,15032,10000,10.49
623,机器人ETF南方,159258,1.145,10044,9992,主题，新兴产业，机器人,0.60%,南方基金,2025-08-01,机器人指数,3657.17,9786,10044,10000,10000,10000,15.62
624,中国国企ETF南方,517180,1.632,9982,10000,主题，国企,0.30%,南方基金,2021-12-28,富时中国国企开放共赢指数,3707.8,10688,10837,11691,14555,10000,2.21
625,沪深300成长ETF银华,562310,1.02,10020,9990,策略，成长,0.60%,银华基金,2022-09-09,300成长指数,3696.49,9903,10069,13247,10647,10000,7.48
626,中证2000ETF华夏,562660,1.928,10153,10024,宽基，中小盘,0.60%,华夏基金,2023-09-14,中证2000指数,3654.79,10316,11249,15548,10000,10000,3.04
627,A500红利ETF,560570,1.04,10039,9993,策略，红利，低波动,0.40%,国联安基金,2025-09-18,A500红利低波指数,3691.93,10206,10317,10000,10000,10000,16.57
628,金融科技ETF华夏,516100,1.327,10255,9997,主题，金融科技,0.20%,华夏基金,2021-07-23,金融科技指数,3590.9,9595,9513,10532,14072,10000,13.65
629,芯片ETF汇添富,516920,1.113,10009,9986,行业，半导体，芯片,0.20%,汇添富基金,2021-08-16,芯片产业指数,3596.57,10000,10774,13843,17473,10000,7.37
630,机器人指数ETF,560770,1.01,10030,10005,主题，新兴产业，机器人,0.60%,招商基金,2025-09-01,机器人指数,3583.47,9796,10060,10000,10000,10000,23.19
631,深100ETF南方,159212,1.391,10058,9996,宽基，大盘股,0.20%,南方基金,2025-04-09,深证100指数,3512.81,10029,9993,10000,10000,10000,1.66
632,消费电子ETF易方达,562950,1.253,9992,9986,主题，消费电子,0.20%,易方达基金,2022-01-20,消费电子指数,3478.65,10105,10097,13769,18107,10000,11.08
633,中证A500ETF天弘,159360,1.32,10030,9997,宽基，中小盘,0.20%,天弘基金,2024-11-28,中证A500指数,3483.76,10076,10394,12992,10000,10000,18.54
634,光伏ETF华夏,515370,1.069,10019,9988,主题，光伏，新兴产业,0.50%,华夏基金,2025-11-18,光伏产业指数,3406.41,10279,11632,10000,10000,10000,15.2
635,畜牧养殖ETF,516670,0.726,10431,10006,行业，畜牧养殖,0.30%,招商基金,2021-03-26,中证畜牧指数,3412.5,10357,10283,11960,8297,10000,13.59
636,机器人ETF汇添富,159213,1.232,10049,9997,主题，新兴产业，机器人,0.60%,汇添富基金,2025-04-30,机器人指数,3376.27,9809,10041,10000,10000,10000,6.76
637,300自由现金流ETF摩根,563900,1.29,9985,9997,策略，现金流,0.60%,摩根资产管理,2025-05-07,300现金流指数,3404.24,10609,11025,10000,10000,10000,4.54
638,中证500ETF国泰,561350,1.313,10061,9979,宽基，中小盘,0.60%,国泰基金,2021-09-01,中证500指数,3283.46,10234,11155,14118,13983,10000,1.12
639,光伏ETF博时,560310,1.009,10000,9998,主题，光伏，新兴产业,0.60%,博时基金,2026-03-02,光伏产业指数,3285.68,10000,10000,10000,10000,10000,2.27
640,有色ETF富国,159168,1.061,9770,10008,行业，资源，有色金属,0.60%,富国基金,2026-02-12,工业有色指数,3250.81,10000,10000,10000,10000,10000,2.39
641,中证A50ETF摩根,560350,1.255,10032,9992,宽基，大盘,0.20%,摩根资产管理,2024-03-12,中证A50指数,3304.04,9820,9864,11609,10000,10000,20.57
642,科创50ETF南方,588150,0.996,10050,10000,宽基，中小盘，科创板,0.20%,南方基金,2021-12-20,科创50指数,3173.08,9871,10495,13123,14048,10000,2.61
643,半导体ETF南方,159325,1.583,9981,10004,行业，半导体，芯片,0.20%,南方基金,2024-11-08,半导体行业精选指数,3178.58,9888,10596,13682,10000,10000,2.64
644,通用航空ETF,563320,1.227,10057,10019,行业，航空航天,0.60%,华泰柏瑞基金,2025-09-03,通用航空指数,3211.1,10049,10820,10000,10000,10000,3.42
645,软件ETF招商,159899,0.896,10205,10004,主题，新兴产业，软件,0.60%,招商基金,2021-06-28,软件指数,3086.4,9573,9967,9857,9989,10000,4.36
646,恒生医疗ETF嘉实,159557,1.464,10346,10000,跨境，香港，医药，医疗保健,0.60%,嘉实基金,2024-05-22,恒生医疗保健指数,3143.38,9403,9946,12642,10000,10000,2.11
647,科创芯片ETF华宝,589190,0.93,10032,9996,行业，半导体，芯片，科创板,0.38%,华宝基金,2026-01-27,科创芯片指数,3082.83,9979,10000,10000,10000,10000,3.79
648,绿色电力ETF,561170,1.231,10107,10014,主题，新兴产业，新能源,0.60%,富国基金,2023-03-16,绿色电力指数,3052.84,11070,11283,12164,10000,10000,1.68
649,港股通央企红利ETF,159266,1.048,10048,10000,跨境，香港，央企,0.60%,永赢基金,2025-08-01,港股通央企红利指数,3142.89,10305,10661,10000,10000,10000,6.11
650,港股通100ETF华安,513900,1.043,10146,9983,跨境，香港,0.70%,华安基金,2018-05-25,中华港股通精选100人民币指数,3028.99,9405,9775,10504,11906,8945,1.18
651,科创芯片ETF国泰,589100,1.645,10018,10001,行业，半导体，芯片，科创板,0.60%,国泰基金,2025-04-07,科创芯片指数,3002.97,9994,10952,10000,10000,10000,6.35
652,港股央企红利ETF万家,159333,1.486,10075,10000,跨境，香港，央企,0.60%,万家基金,2024-09-03,港股通央企红利指数,2978.6,10291,10613,12478,10000,10000,5.6
653,A50ETF华宝,159596,0.63,10032,9997,宽基，大盘,0.20%,华宝基金,2024-03-18,中证A50指数,3030.35,9828,9890,11712,10000,10000,5.75
654,500ETF,159500,1.218,10108,10002,宽基，中小盘,0.20%,富国基金,2025-08-29,中证500指数,2881.77,10227,11215,10000,10000,10000,0.981
655,创业板ETF博时,159908,3.0,10040,10004,宽基，中小盘,0.20%,博时基金,2011-07-13,创业板指,2940.51,9878,10104,14866,13667,11881,11.55
656,农业ETF华夏,516810,0.916,10385,10021,行业，农业,0.60%,华夏基金,2022-01-11,中证农业指数,2892.72,10664,10764,13816,10517,10000,2.34
657,有色金属ETF国泰,159881,2.194,9795,9998,行业，资源，有色金属,0.60%,国泰基金,2021-07-01,中证有色指数,2949.86,10573,11802,21426,19945,10000,1.01
658,电池ETF建信,159775,0.886,9955,10016,主题，新兴产业，新能源车,0.60%,建信基金,2022-01-24,新能电池指数,2866.69,10231,9977,14645,11720,10000,2.48
659,有色ETF景顺,560290,0.988,9792,10023,行业，资源，有色金属,0.60%,景顺长城基金,2026-02-06,有色矿业指数,2890.58,10000,10000,10000,10000,10000,5.25
660,公用事业ETF国投瑞银,159159,1.075,10094,10001,行业，公用事业,0.25%,国投瑞银基金,2026-02-12,全指公用,2891.43,10000,10000,10000,10000,10000,6.32
661,港股通50ETF摩根,520950,0.902,10158,10000,跨境，香港,0.60%,摩根基金(中国),2025-11-25,恒生港股通50指数,2873.39,9386,9575,10000,10000,10000,6.45
662,科创创业人工智能ETF摩根,588420,1.084,10000,9997,主题，科创板，人工智能,0.60%,摩根基金(中国),2026-01-05,科创创业AI指数,2946.35,10009,10000,10000,10000,10000,3.1
663,电池ETF南方,159147,0.953,10063,10015,主题，新兴产业，新能源车，电池,0.20%,南方基金,2026-01-23,CS电池指数,2789.31,10182,10000,10000,10000,10000,3.22
664,消费电子ETF富国,561100,1.31,10000,10002,主题，消费电子,0.60%,富国基金,2022-02-08,消费电子指数,2802.56,10116,10108,13632,18094,10000,8.18
665,科创信息技术ETF摩根,588770,1.48,10061,10001,行业，信息技术，科创板,0.20%,摩根资产管理,2025-03-24,科创信息指数,2785.94,9814,10701,10000,10000,10000,0.742
666,科创医药ETF嘉实,588700,1.007,10297,10009,行业，医药，科创板,0.60%,嘉实基金,2024-01-05,科创生物指数,2776.68,9518,9636,10770,10000,10000,2.51
667,A500ETF永赢,159386,1.31,10038,10000,宽基，中小盘,0.20%,永赢基金,2025-02-11,中证A500指数,2826.09,10069,10405,13074,10000,10000,2.05
668,科创200ETF国泰,589220,0.983,10103,10004,宽基，中小盘，科创板,0.20%,国泰基金,2026-01-26,科创200指数,2825.18,10124,10000,10000,10000,10000,8.53
669,科创创新药ETF汇添富,589120,0.77,10363,10015,行业，医药，科创板,0.60%,汇添富基金,2025-09-19,科创新药指数,2844.01,9471,9402,10000,10000,10000,4.35
670,食品饮料ETF天弘,159736,0.661,10185,9991,行业，食品饮料,0.60%,天弘基金,2021-09-27,CS食品饮指数,2716.6,9297,9636,9484,6623,10000,54.21
671,云计算ETF汇添富,159273,1.336,10144,9987,跨境，香港，云计算,0.60%,汇添富基金,2025-08-06,SHS云计算人民币指数,2669.52,9759,9978,10000,10000,10000,13.46
672,通信ETF嘉实,159695,2.426,9922,10002,行业，TMT，通信,0.60%,嘉实基金,2023-05-10,国证通信指数,2681.36,10539,10816,19756,10000,10000,3.56
673,半导体ETF博时,159582,2.458,9903,10016,行业，半导体，芯片,0.60%,博时基金,2024-04-16,中证半导指数,2747.86,9895,10968,16118,10000,10000,2.75
674,工程机械ETF华夏,515970,1.008,10090,9988,行业，机械,0.20%,华夏基金,2026-02-12,工程机械主题指数,2660.74,10000,10000,10000,10000,10000,5.35
675,科创200ETF易方达,588270,1.623,10100,9999,宽基，中小盘，科创板,0.20%,易方达基金,2025-06-16,科创200指数,2687.44,10112,11486,10000,10000,10000,9.54
676,科创创业ETF国泰,588360,1.005,10000,10013,宽基，中小盘，科创板,0.60%,国泰基金,2021-07-06,科创创业50指数,2646.02,10050,10060,15827,15438,10000,3.67
677,电池ETF嘉实,562880,0.833,10060,10008,主题，新兴产业，新能源车，电池,0.60%,嘉实基金,2021-07-20,CS电池指数,2572.67,10183,9731,15397,11121,10000,14.52
678,港股科技30ETF,159120,0.811,10227,10000,跨境，香港，科技,0.60%,国联安基金,2025-11-13,恒生港股通科技主题指数,2632.84,8991,8844,10000,10000,10000,2.36
679,港股通科技ETF前海开源,159135,0.865,10237,10000,跨境，香港，科技,0.60%,前海开源基金,2026-02-11,恒生港股通科技主题指数,2570.36,10000,10000,10000,10000,10000,8.23
680,养殖ETF永赢,159165,1.026,10374,9968,,0.60%,永赢基金,2026-02-12,畜牧养殖指数,2617.77,10000,10000,10000,10000,10000,3.86
681,中证500ETF博时,159968,10.619,10063,9980,宽基，中小盘,0.20%,博时基金,2019-10-31,中证500指数,2513.26,10240,11220,14511,14311,15435,5.39
682,中证1000ETF汇添富,560110,1.22,10108,10008,宽基，中小盘,0.20%,汇添富基金,2022-08-08,中证1000指数,2524.24,10235,10893,13090,12261,10000,1.7
683,科创50ETF基金,588180,0.915,10044,9987,宽基，中小盘，科创板,0.35%,国联安基金,2021-07-01,科创50指数,2495.84,9860,10493,13071,14077,10000,19.19
684,港股医药ETF,159718,0.865,10335,10012,跨境，香港，医药,0.60%,平安基金,2021-12-28,HKC医药C人民币指数,2500.37,9464,9965,12758,9654,10000,2.09
685,双创50ETF,159782,0.921,10000,9999,宽基，中小盘,0.60%,银华基金,2021-07-07,科创创业50指数,2530.58,10044,10022,15637,14927,10000,8.03
686,工业有色ETF博时,159171,0.97,9798,10000,行业，资源，有色金属,0.60%,博时基金,2026-03-05,工业有色指数,2467.27,10000,10000,10000,10000,10000,2.63
687,创业板200ETF易方达,159572,1.534,10105,9993,宽基，中小盘,0.20%,易方达基金,2023-12-25,创业200指数,2455.13,10039,10457,12126,10000,10000,3.95
688,港股通汽车ETF汇添富,159210,0.978,10219,10000,跨境，香港，汽车,0.60%,汇添富基金,2025-06-04,港股通汽车指数,2458.84,9980,9664,10000,10000,10000,0.477
689,H股ETF港股通,159960,0.863,10225,10000,跨境，香港，中概股,0.60%,平安基金,2018-10-22,恒生中国企业指数,2438.34,9568,9632,9708,13220,9872,5.06
690,中国A50ETF南方,159602,1.002,9990,10000,MSCI,0.22%,南方基金,2021-11-08,MSCI中国A50互联互通人民币指数,2364.93,9901,9747,12738,12556,10000,6.13
691,科创人工智能ETF南方,589230,0.941,10097,9994,主题，新兴产业，人工智能,0.20%,南方基金,2026-02-02,科创AI指数,2406.54,10195,10000,10000,10000,10000,5.13
692,科创综指ETF天弘,589860,1.397,10079,9993,宽基，中小盘，科创板,0.20%,天弘基金,2025-03-05,科创综指,2375.74,10014,10788,14168,10000,10000,2.98
693,港股红利低波ETF银华,520610,1.004,10030,10000,跨境，策略，低波动,0.60%,银华基金,2026-02-09,标普港股通低波红利指数,2356.17,10000,10000,10000,10000,10000,8.11
694,恒生生物科技ETF广发,159169,0.96,10345,10000,跨境，香港，生物科技,0.60%,广发基金,2026-03-04,恒生生物科技指数,2446.99,10000,10000,10000,10000,10000,4.35
695,恒生国企ETF,159850,0.848,10180,10000,跨境，香港，中概股,0.65%,华夏基金,2021-02-19,恒生中国企业指数,2345.62,9422,9507,9593,13086,8706,6.99
696,有色ETF泰康,159163,0.914,9786,10008,行业，资源，有色金属,0.60%,泰康基金,2026-02-09,有色矿业指数,2343.28,10000,10000,10000,10000,10000,1.87
697,科创新材料ETF博时,588010,0.956,10031,10015,主题，新材料，科创板,0.60%,博时基金,2022-10-26,科创材料指数,2299.51,10335,11065,15345,10031,10000,2.29
698,A500ETF华安,159359,1.299,10023,9992,宽基，中小盘,0.20%,华安基金,2024-12-02,中证A500指数,2342.6,10070,10384,12887,10000,10000,9.22
699,沪深300增强ETF国泰,561300,1.014,10020,10001,宽基，大盘股,0.60%,国泰基金,2021-12-10,沪深300指数,2210.64,9961,10191,12336,13101,10000,6.5
700,沪深300ETF东财,159330,1.435,10049,10009,宽基，大盘股,0.55%,东财基金,2024-08-19,沪深300指数,2194.8,9986,10099,12286,10000,10000,5.58
701,信息技术ETF,159939,0.922,10000,9992,行业，信息技术,0.60%,广发基金,2015-02-05,全指信息,2180.91,10044,10430,13285,15924,13639,12.66
702,半导体龙头ETF工银,159665,1.923,9974,9994,行业，半导体，芯片,0.52%,工银瑞信基金,2023-01-06,国证芯片指数,2224.63,9912,10755,14088,18227,10000,4.16
703,港股通50ETF华夏,159711,1.347,10158,10000,跨境，香港,0.60%,华夏基金,2021-12-28,港股通50港元指数,2231.2,9499,9854,10573,13675,10000,0.807
704,恒生医疗ETF大成,159303,1.61,10334,10000,跨境，香港，医药，医疗保健,0.60%,大成基金,2024-06-27,恒生医疗保健指数,2152.93,9382,9920,12808,10000,10000,0.85
705,基建ETF华夏,159635,1.195,10170,10002,主题，基建,0.60%,华夏基金,2022-07-12,中证基建指数,2151.32,10293,10708,11557,11158,10000,1.54
706,机器人ETF国泰,159551,1.323,10046,9998,主题，新兴产业，机器人,0.60%,国泰基金,2023-11-16,机器人指数,2215.66,9800,10053,10559,10000,10000,5.59
707,中证A50ETF,563350,1.353,10022,9986,宽基，大盘,0.20%,华泰柏瑞基金,2024-03-18,中证A50指数,2161.23,9819,9883,11806,10000,10000,3.47
708,央企科创ETF融通,159335,1.6,10044,9984,主题，央企，科技,0.35%,融通基金,2024-09-05,央企科技创新指数,2221.26,10782,11611,13223,10000,10000,2.42
709,科创综指ETF建信,589880,1.401,10101,9985,宽基，中小盘，科创板,0.20%,建信基金,2025-02-28,科创综指,2176.16,9964,10760,14038,10000,10000,5.99
710,数字经济ETF工银,561220,1.51,9993,9967,主题，数字经济,0.50%,工银瑞信基金,2025-05-30,国企数字经济指数,2236.14,10155,10619,10000,10000,10000,2.08
711,沪深300ETF汇添富,515310,1.39,10022,10000,宽基，大盘股,0.20%,汇添富基金,2019-12-25,沪深300指数,2079.48,9978,10072,12225,12161,10191,3.38
712,沪深300ETF华安,515390,1.354,10037,9997,宽基，大盘股,0.20%,华安基金,2020-01-10,沪深300指数,2144.4,9978,10074,12253,12209,10281,5.09
713,沪深300ETF万家,159393,4.838,10027,9996,宽基，大盘股,0.20%,万家基金,2025-03-10,沪深300指数,2082.65,10000,10113,10000,10000,10000,3.73
714,大数据ETF华夏,516000,1.105,10082,9989,主题，新兴产业,0.60%,华夏基金,2021-03-01,中证数据指数,2091.68,9991,10865,10166,11196,11619,3.08
715,科创芯片ETF鹏华,588920,1.646,10037,10005,行业，半导体，芯片，科创板,0.60%,鹏华基金,2025-07-28,科创芯片指数,2149.39,10000,10937,10000,10000,10000,4.11
716,中证2000ETF汇添富,159536,1.555,10190,10045,宽基，中小盘,0.60%,汇添富基金,2023-09-21,中证2000指数,2127.03,10271,10966,13628,10000,10000,0.529
717,工程机械ETF富国,516250,1.161,10166,10037,行业，机械,0.60%,富国基金,2025-12-22,工程机械主题指数,2081.42,10311,11416,10000,10000,10000,2.31
718,创业板200ETF南方,159270,1.193,10127,10005,宽基，中小盘,0.20%,南方基金,2025-07-24,创业200指数,2093.41,10034,10474,10000,10000,10000,1.35
719,汽车零部件ETF,562700,1.47,10089,10004,主题，汽车零部件,0.60%,华夏基金,2024-05-14,汽车零部件指数,2107.86,9716,9602,12000,10000,10000,2.38
720,中证A500ETF海富通,563860,1.299,10031,9994,宽基，中小盘,0.20%,海富通基金,2025-02-12,中证A500指数,2115.68,10070,10417,12913,10000,10000,4.05
721,央企ESGETF融通,560810,1.25,10130,10019,主题，ESG,0.35%,融通基金,2024-12-09,诚通央企ESG指数,2072.69,10908,11395,12953,10000,10000,8.97
722,消费ETF嘉实,512600,0.659,10233,9989,行业，消费，必选消费,0.60%,嘉实基金,2014-07-25,中证消费指数,2049.44,9592,9777,9851,7250,6522,12.33
723,沪深300ETF泰康,515380,5.375,10017,9989,宽基，大盘股,0.45%,泰康资产,2020-03-23,沪深300指数,2027.88,9972,10066,12266,12314,10011,36.38
724,中证500ETF东财,159337,1.876,10054,10012,宽基，中小盘,0.55%,东财基金,2024-09-20,中证500指数,1968.54,10274,11213,14321,10000,10000,5.85
725,医疗器械ETF,562600,0.866,10188,9993,行业，医药，医疗器械,0.60%,华夏基金,2023-12-11,医疗器械指数,1995.1,9719,10200,10070,10000,10000,3.25
726,港股通互联网ETF广发,520630,0.844,10268,10000,跨境，香港，互联网,0.20%,广发基金,2025-12-22,HKC互联网指数,2008.8,8773,8792,10000,10000,10000,3.64
727,汽车零部件ETF易方达,159565,1.586,10095,10000,主题，汽车零部件,0.60%,易方达基金,2024-02-26,汽车零部件指数,2034.22,9712,9600,12015,10000,10000,3.81
728,创业板新能源ETF鹏华,159261,1.56,10032,10011,主题，新兴产业，新能源,0.60%,鹏华基金,2025-07-07,创新能源指数,1976.41,9949,10143,10000,10000,10000,0.704
729,金融科技ETF富国,515720,0.883,10256,10001,主题，金融科技,0.60%,富国基金,2025-10-09,金融科技指数,1926.86,9608,9536,10000,10000,10000,6.16
730,港股互联网ETF国泰,513720,0.84,10256,10000,跨境，香港，互联网,0.60%,国泰基金,2026-01-09,HKC互联网指数,1937.27,8750,10000,10000,10000,10000,2.79
731,港股通互联网ETF基金,520910,0.811,10266,10000,跨境，香港，互联网,0.20%,华夏基金,2026-02-02,HKC互联网指数,1910.15,8768,10000,10000,10000,10000,7.4
732,港股通红利ETF南方,159127,0.986,10061,10000,跨境，香港，红利,0.20%,南方基金,2025-11-20,港股通高股息港元指数,1897.59,10260,10741,10000,10000,10000,3.79
733,沪深300成长ETF万家,159656,1.143,10053,10022,策略，成长,0.60%,万家基金,2023-01-16,300成长指数,1874.55,9956,10088,13511,11373,10000,2.42
734,科创100ETF南方,588900,1.513,10073,9992,宽基，中小盘，科创板,0.20%,南方基金,2023-12-18,科创100指数,1873.15,9928,10815,14562,10000,10000,6.64
735,计算机ETF南方,159586,1.354,10196,10002,行业，计算机,0.60%,南方基金,2024-03-15,计算机指数,1865.21,9734,10188,9826,10000,10000,2.77
736,科创芯片设计ETF鹏华,589170,0.969,10136,10001,主题，芯片设计,0.60%,鹏华基金,2026-02-06,科创芯片设计指数,1933.83,10000,10000,10000,10000,10000,5.48
737,农牧渔ETF,159275,1.032,10414,10003,行业，农牧渔,0.60%,华宝基金,2025-09-29,农牧渔指数,1865.32,10498,10467,10000,10000,10000,1.73
738,科创创业人工智能ETF工银,588430,1.104,10027,10015,主题，科创板，人工智能,0.55%,工银瑞信基金,2025-12-29,科创创业AI指数,1886.67,10000,10750,10000,10000,10000,6.02
739,沪深300ETF永赢,563520,1.194,10025,10000,宽基，大盘股,0.20%,永赢基金,2024-11-18,沪深300指数,1830.45,9975,10084,12309,10000,10000,5.02
740,光伏ETF浦银,159609,0.653,10015,9991,主题，光伏，新兴产业,0.60%,浦银安盛基金,2022-07-08,光伏产业指数,1754.53,10251,11703,15293,7765,10000,2.98
741,中证A500ETF指数基金,159215,1.31,10031,9993,宽基，中小盘,0.20%,平安基金,2025-04-07,中证A500指数,1833.81,10061,10380,10000,10000,10000,18.66
742,港股汽车ETF国泰,520720,0.879,10197,10000,跨境，香港，汽车,0.60%,国泰基金,2025-09-25,港股通汽车指数,1832.61,9955,9659,10000,10000,10000,1.21
743,港股通汽车ETF华宝,520780,0.969,10200,10000,跨境，香港，汽车,0.60%,华宝基金,2025-12-29,港股通汽车指数,1771.22,9979,9709,10000,10000,10000,1.69
744,科创综指ETF招商,589770,1.414,10086,9988,宽基，中小盘，科创板,0.20%,招商基金,2025-03-05,科创综指,1842.85,10021,10786,14140,10000,10000,3.39
745,港股通科技ETF嘉实,520670,0.841,10219,10000,跨境，香港，科技,0.40%,嘉实基金,2025-08-19,恒生港股通科技主题指数,1795.5,8995,8890,10000,10000,10000,2.73
746,恒生生物科技ETF鹏华,159130,0.903,10344,10000,跨境，香港，生物科技,0.60%,鹏华基金,2025-11-27,恒生生物科技指数,1822.29,9495,10078,10000,10000,10000,7.58
747,中证500ETF汇添富,563750,1.149,10009,9990,宽基，中小盘,0.20%,汇添富基金,2025-10-30,中证500指数,1726.04,10241,11210,10000,10000,10000,4.21
748,平安MSCI低波ETF,512390,1.245,10081,10000,MSCI，策略，低波动,0.60%,平安基金,2018-07-13,MSCI中国A股低波指数,1715.98,10089,10315,11756,11659,10960,2.04
749,人工智能ETF万家,159248,1.52,10020,10024,主题，新兴产业，人工智能,0.60%,万家基金,2025-07-24,CS人工智能指数,1727.57,10020,10167,10000,10000,10000,2.63
750,香港大盘30ETF,520560,0.859,10154,10000,跨境，香港，中概股,0.60%,华宝基金,2025-10-13,恒生中国(香港上市)25指数,1708.96,9307,9357,10000,10000,10000,8.12
751,农业ETF天弘,512620,1.085,10373,9999,行业，农业,0.60%,天弘基金,2025-11-21,中证农业指数,1740.42,10669,10721,10000,10000,10000,4.45
752,金融科技ETF兴业,563570,0.95,10304,10019,主题，金融科技,0.60%,兴业基金,2025-11-11,金融科技指数,1745.22,9674,9635,10000,10000,10000,3.42
753,科创芯片ETF广发,589160,0.923,10011,9999,行业，半导体，芯片，科创板,0.60%,广发基金,2026-01-30,科创芯片指数,1739.37,10011,10000,10000,10000,10000,5.01
754,科创100ETF华泰柏瑞,588880,1.464,10090,9989,宽基，中小盘，科创板,0.60%,华泰柏瑞基金,2023-11-16,科创100指数,1730.81,9946,10852,14640,10000,10000,1.91
755,港股通央企红利ETF平安,159143,1.063,10076,10000,跨境，香港，央企,0.60%,平安基金,2026-01-12,恒生港股通中国央企红利指数,1699.14,10251,10000,10000,10000,10000,5.14
756,恒生生物科技ETF富国,159132,0.935,10343,10000,跨境，香港，生物科技,0.60%,富国基金,2026-01-08,恒生生物科技指数,1707.64,9502,10000,10000,10000,10000,2.71
757,沪深300ETF工银,510350,4.863,10033,9997,宽基，大盘股,0.20%,工银瑞信基金,2019-08-16,沪深300指数,1601.25,9982,10064,12321,12363,10058,40.75
758,证券ETF富国,515850,1.398,10108,9999,行业，金融，证券,0.20%,富国基金,2020-02-21,证券公司指数,1618.45,9484,9345,10310,12372,11211,3.71
759,创新药ETF建信,159835,0.623,10315,9996,行业，医药,0.60%,建信基金,2021-03-29,CS创新药指数,1597.46,9585,9599,11205,8274,10000,2.51
760,金融科技ETF易方达,159299,0.894,10276,10014,主题，金融科技,0.60%,易方达基金,2025-09-11,金融科技指数,1606.01,9603,9572,10000,10000,10000,2.72
761,创新药ETF富国,159748,0.733,10339,9997,行业，医药,0.60%,富国基金,2021-12-03,SHS创新药人民币指数,1554.06,9557,9852,12530,9839,10000,5.62
762,港股通科技ETF万家,159251,0.853,10277,10000,跨境，香港，科技,0.60%,万家基金,2025-07-24,港股通科技指数,1563.09,9084,8895,10000,10000,10000,2.34
763,恒生消费ETF嘉实,520620,0.95,10182,10000,跨境，香港，消费,0.60%,嘉实基金,2025-08-19,恒生消费指数,1597.41,9472,10474,10000,10000,10000,4.7
764,央企红利ETF广发,560700,1.257,10008,10002,策略，红利，国企,0.55%,广发基金,2023-06-06,央企股东回报指数,1552.65,10790,11243,12931,10000,10000,4.75
765,信创ETF易方达,159540,1.726,10082,9998,行业，信息技术,0.60%,易方达基金,2023-09-28,国证信创指数,1607.25,9977,10973,12900,10000,10000,1.6
766,航空ETF,159392,1.331,10145,10003,行业，航空,0.60%,富国基金,2025-05-14,通用航空指数,1646.66,10122,10657,10000,10000,10000,0.918
767,恒生50ETF景顺,159109,0.875,10151,10000,跨境，香港,0.60%,景顺长城基金,2025-10-10,恒生港股通50指数,1555.52,9409,9584,10000,10000,10000,5.44
768,沪深300ETF中金,510320,1.253,10016,9980,宽基，大盘股,0.20%,中金基金,2025-04-25,沪深300指数,1528.91,9968,10048,10000,10000,10000,5.17
769,创业板50ETF国泰,159375,1.685,10030,10006,宽基，中小盘,0.20%,国泰基金,2025-01-10,创业板50指数,1492.68,9900,9959,15851,10000,10000,2.28
770,传媒ETF华夏,516190,1.277,10071,9997,行业，TMT,0.60%,华夏基金,2021-09-17,文娱传媒指数,1540.83,8993,10332,12350,13414,10000,0.463
771,港股通100ETF易方达,159788,1.273,10176,10000,跨境，香港,0.20%,易方达基金,2022-03-02,HKC中国100港元指数,1451.25,9430,9644,9938,13192,10000,1.98
772,A500ETF华宝,563500,0.642,10016,9998,宽基，中小盘,0.20%,华宝基金,2024-12-02,中证A500指数,1516.09,10090,10397,13059,10000,10000,6.17
773,红利质量ETF易方达,560370,0.989,10010,9987,策略，红利，价值,0.20%,易方达基金,2026-02-26,中证红利质量指数,1528.58,10000,10000,10000,10000,10000,2.16
774,现金流全指ETF,563780,1.413,10057,10014,策略，现金流,0.60%,方正富邦基金,2025-05-13,中证现金流指数,1540.99,10608,11241,10000,10000,10000,4.55
775,恒生生物科技ETF摩根,520760,0.942,10318,10000,跨境，香港，生物科技,0.60%,摩根基金(中国),2026-03-02,恒生生物科技指数,1505.71,10000,10000,10000,10000,10000,3.85
776,中证500ETF天弘,159820,1.423,10078,10000,宽基，中小盘,0.60%,天弘基金,2020-08-24,中证500指数,1380.54,10252,11222,14359,13869,14447,18.75
777,上证180ETF华夏,510670,1.015,10050,10018,宽基，大盘股,0.20%,华夏基金,2025-10-29,上证180指数,1385.39,10050,10284,10000,10000,10000,4.05
778,科创50ETF华安,588280,1.022,10059,9993,宽基，中小盘，科创板,0.20%,华安基金,2021-10-29,科创50指数,1358.22,9865,10493,13086,13981,10000,4.2
779,科创50ETF富国,588940,1.454,10055,9991,宽基，中小盘，科创板,0.20%,富国基金,2025-06-03,科创50指数,1449.22,9878,10529,10000,10000,10000,4.7
780,电池ETF大成,159155,0.943,10053,9985,主题，新兴产业，新能源车，电池,0.60%,大成基金,2026-01-21,CS电池指数,1384.53,10151,10000,10000,10000,10000,4.41
781,中证500成长ETF易方达,159606,1.303,10054,10009,策略，价值，成长,0.60%,易方达基金,2021-12-29,500质量指数,1368.22,10325,11146,14510,14624,10000,3.53
782,电力ETF博时,561700,1.191,10145,10021,行业，电力,0.60%,博时基金,2022-07-15,电力指数,1374.59,11100,11343,12228,12445,10000,2.03
783,港股通红利ETF富国,159277,1.022,10089,10000,跨境，香港，红利,0.40%,富国基金,2025-08-14,港股通高股息港元指数,1391.7,10251,10735,10000,10000,10000,1.05
784,碳中和ETF南方,159639,1.099,10009,9987,主题，环保，新兴产业,0.60%,南方基金,2022-07-19,SEEE碳中和指数,1386.51,10252,10497,14291,12647,10000,3.74
785,恒生消费ETF华泰柏瑞,520520,1.112,10192,10000,跨境，香港，消费,0.60%,华泰柏瑞基金,2024-11-01,恒生消费指数,1421.91,9464,10441,10510,10000,10000,0.799
786,科创人工智能ETF汇添富,589560,1.048,10087,9984,主题，新兴产业，人工智能,0.60%,汇添富基金,2025-09-05,科创AI指数,1391.84,10175,11102,10000,10000,10000,5.17
787,自由现金流800ETF万家,563580,1.302,10070,10019,策略，现金流,0.60%,万家基金,2025-07-25,800现金流指数,1383.65,10663,11263,10000,10000,10000,5.51
788,消费ETF广发,560680,0.846,10242,9987,行业，消费,0.60%,广发基金,2022-10-31,中证消费指数,1254.76,9581,9769,9849,7109,10000,3.08
789,上证50ETF广发,510950,1.285,10016,10007,宽基，大盘股,0.20%,广发基金,2024-05-10,上证50指数,1257.16,9809,9915,11746,10000,10000,0.88
790,创业板ETF汇添富,159247,0.968,10031,10003,宽基，中小盘,0.20%,汇添富基金,2026-02-02,创业板指,1261.06,9918,10000,10000,10000,10000,2.64
791,光伏ETF鹏华,159863,0.745,10040,10000,主题，光伏，新兴产业,0.60%,鹏华基金,2021-03-11,光伏产业指数,1253.49,10290,11677,15173,7826,10000,2.47
792,光伏ETF富国,560230,1.02,10049,10010,主题，光伏，新兴产业,0.60%,富国基金,2026-02-06,光伏产业指数,1265.03,10000,10000,10000,10000,10000,3.64
793,VRETF,159786,1.135,9913,9997,主题，增强现实,0.60%,银华基金,2021-08-06,中证VR指数,1292.75,9895,10244,11725,15338,10000,1.8
794,消费电子ETF,561600,1.213,9984,9995,主题，消费电子,0.60%,平安基金,2021-09-09,消费电子指数,1335.83,10100,10066,13478,16989,10000,4.77
795,云计算ETF天弘,517390,1.797,10118,9977,跨境，香港，云计算,0.60%,天弘基金,2021-12-23,SHS云计算人民币指数,1345.95,9750,9978,14610,19878,10000,3.22
796,国证2000ETF,159907,1.132,10125,10009,宽基，中小盘,0.60%,广发基金,2011-08-10,国证2000指数,1340.59,10282,11012,13557,13780,12146,1.65
797,农牧ETF建信,159616,0.985,10390,10026,主题，农牧,0.60%,建信基金,2022-08-08,农牧主题指数,1263.05,10753,11231,14380,10535,10000,0.566
798,碳中和ETF易方达,562990,1.105,10018,10004,主题，环保，新兴产业,0.60%,易方达基金,2022-07-19,SEEE碳中和指数,1329.01,10289,10554,14407,12687,10000,6.34
799,电信ETF易方达,563010,1.975,9970,10004,行业，TMT，通信,0.60%,易方达基金,2023-07-13,中证电信指数,1264.7,10351,10249,14695,10000,10000,1.52
800,工程机械ETF易方达,159138,1.098,10120,10012,行业，机械,0.60%,易方达基金,2026-01-13,工程机械主题指数,1308.1,10310,10000,10000,10000,10000,3.0
801,高股息ETF,563180,1.187,10000,9992,策略，红利,0.60%,银华基金,2024-05-14,高息策略指数,1266.75,10304,10477,11637,10000,10000,1.59
802,中证A500增强ETF国泰,159226,1.282,10023,9976,宽基，中小盘,0.60%,国泰基金,2025-05-29,中证A500指数,1302.32,10039,10517,10000,10000,10000,0.916
803,科创综指ETF汇添富,589080,1.4,10065,9981,宽基，中小盘，科创板,0.20%,汇添富基金,2025-03-05,科创综指,1290.94,10000,10753,14000,10000,10000,2.78
804,科创综指ETF博时,589900,1.408,10086,9990,宽基，中小盘，科创板,0.20%,博时基金,2025-03-05,科创综指,1331.07,10021,10773,14165,10000,10000,3.84
805,全指现金流ETF华安,561080,1.416,10050,10006,策略，现金流,0.60%,华安基金,2025-04-30,中证现金流指数,1331.48,10599,11220,10000,10000,10000,0.369
806,自由现金流ETF工银,159236,1.399,10072,10004,策略，现金流,0.20%,工银瑞信基金,2025-05-16,中证现金流指数,1271.58,10590,11237,10000,10000,10000,0.656
807,银行ETF华安,516210,1.335,10015,10002,行业，金融，银行,0.60%,华安基金,2021-09-24,中证银行指数,1179.41,9896,9509,10446,14495,10000,1.5
808,一带一路ETF易方达,515110,1.893,9989,10008,主题，国企，一带一路,0.20%,易方达基金,2020-01-15,国企带路指数,1168.3,11038,11936,14406,14674,15684,3.45
809,光伏ETF嘉实,159123,1.183,10025,9993,主题，光伏，新兴产业,0.60%,嘉实基金,2025-11-27,光伏产业指数,1167.48,10234,11690,10000,10000,10000,2.65
810,食品饮料ETF,159843,0.603,10152,9990,行业，食品饮料,0.60%,招商基金,2021-02-05,国证食品指数,1219.18,9263,9571,9334,6806,6821,4.34
811,通信ETF广发,159507,2.216,9946,10019,行业，TMT，通信,0.60%,广发基金,2023-06-21,国证通信指数,1218.58,10567,10794,19821,10000,10000,1.47
812,能源ETF工银,561260,1.456,9932,9983,行业，资源，能源,0.60%,工银瑞信基金,2023-08-09,央企现代能源指数,1189.5,11157,11704,13946,10000,10000,0.325
813,800红利低波ETF鑫元,563980,1.007,10060,9980,策略，低波动，红利,0.60%,鑫元基金,2025-11-07,800红利低波指数,1223.87,10265,10490,10000,10000,10000,4.93
814,科创综指ETF景顺,589890,1.396,10109,9989,宽基，中小盘，科创板,0.20%,景顺长城基金,2025-03-05,科创价格指数,1168.5,10022,10780,14030,10000,10000,4.27
815,港股通互联网ETF汇添富,159280,0.816,10251,10000,跨境，香港,0.50%,汇添富基金,2025-08-18,港股通互联网指数,1160.91,8879,8812,10000,10000,10000,1.08
816,沪深300指增ETF,562070,1.013,10040,10010,宽基，大盘股,0.90%,华宝基金,2025-12-25,沪深300指数,1065.21,9970,10060,10000,10000,10000,1.78
817,中证500ETF中银证券,515190,1.738,10058,9994,宽基，中小盘,0.20%,中银证券,2020-05-27,中证500指数,1063.83,10260,11162,14223,13525,13849,8.17
818,500ETF增强,159610,1.231,10065,10019,宽基，中小盘,0.60%,景顺长城基金,2022-01-10,中证500指数,1139.47,10250,11090,14215,14534,10000,2.32
819,红利低波ETF泰康,560150,1.153,10061,10010,策略，红利,0.50%,泰康基金,2024-04-08,红利低波指数,1094.84,10061,10134,10948,10000,10000,8.57
820,上证指数ETF易方达,530060,1.008,10050,9996,宽基，综合,0.20%,易方达基金,2026-02-10,上证指数,1132.22,10000,10000,10000,10000,10000,3.21
821,证券ETF建信,515560,1.034,10088,9978,行业，金融，证券,0.25%,建信基金,2020-07-20,证券公司指数,1050.69,9469,9324,10187,12237,10638,2.16
822,红利ETF西部利得,159708,0.9,10078,9988,策略，红利,0.48%,西部利得基金,2021-07-02,深证红利指数,1082.23,9879,10405,11583,11097,10000,1.91
823,中证800ETF易方达,515810,1.693,10036,9971,宽基，综合,0.20%,易方达基金,2019-10-25,中证800指数,1122.03,10047,10380,13043,13479,11749,6.02
824,一带一路ETF富国,515150,1.792,9989,10002,主题，国企，一带一路,0.20%,富国基金,2020-01-15,国企带路指数,1109.4,11041,11931,14417,14325,14834,8.19
825,科创创业ETF博时,588390,0.998,10000,10000,宽基，中小盘，科创板,0.60%,博时基金,2021-08-30,科创创业50指数,1121.61,9980,10020,15569,14612,10000,2.57
826,芯片ETF天弘,159310,2.231,10022,9994,行业，半导体，芯片,0.55%,天弘基金,2024-04-30,芯片产业指数,1062.29,10018,10814,13996,10000,10000,12.02
827,沪深300成长ETF华夏,159523,1.287,10031,9987,策略，成长,0.60%,华夏基金,2023-09-19,300成长创新指数,1129.85,10031,10371,12655,10000,10000,0.676
828,科创医药ETF工银,588860,0.67,10292,10006,行业，医药，科创板,0.52%,工银瑞信基金,2024-08-23,科创生物指数,1116.19,9504,9654,10833,10000,10000,2.06
829,港股汽车ETF工银,159237,1.019,10200,10000,跨境，香港，汽车,0.52%,工银瑞信基金,2025-07-07,港股通汽车指数,1092.89,9971,9659,10000,10000,10000,0.59
830,科创人工智能ETF国泰,589110,1.011,10130,9999,主题，新兴产业，人工智能,0.60%,国泰基金,2025-10-15,科创AI指数,1145.8,10181,11122,10000,10000,10000,2.81
831,通用航空ETF华宝,159231,0.712,10157,10017,行业，航空,0.60%,华宝基金,2025-04-29,通用航空指数,1050.18,10128,10659,10000,10000,10000,0.865
832,航空ETF汇添富,159257,1.233,10148,9986,行业，航空,0.60%,汇添富基金,2025-07-28,通用航空指数,1123.31,10107,10675,10000,10000,10000,0.702
833,数字经济ETF富国,159385,1.517,9980,9988,主题，数字经济,0.60%,富国基金,2025-05-30,国企数字经济指数,1114.98,10174,10631,10000,10000,10000,1.78
834,科创创业人工智能ETF鹏华,588410,1.077,9991,9984,主题，科创板，人工智能,0.60%,鹏华基金,2026-01-05,科创创业AI指数,1108.46,9991,10000,10000,10000,10000,6.94
835,医药ETF华安,512120,0.444,10230,9992,行业，医药,0.60%,华安基金,2014-01-06,细分医药指数,1038.34,9694,9801,10963,8268,5734,3.56
836,新能源车ETF汇添富,516390,0.986,10000,10007,主题，新兴产业，新能源车,0.20%,汇添富基金,2021-06-18,新能源车指数,1031.63,10051,9743,13638,10752,10000,2.74
837,智能汽车ETF华夏,159888,1.263,10056,10003,主题，智能汽车,0.60%,华夏基金,2021-05-21,CS智汽车指数,1008.42,9783,9875,10507,13021,10000,0.874
838,创新药ETF南方,159858,0.635,10292,10003,行业，医药,0.20%,南方基金,2021-03-25,CS创新药指数,1031.61,9592,9607,11319,8467,10000,3.24
839,科创50ETF景顺,588950,1.465,10062,10000,宽基，中小盘，科创板,0.20%,景顺长城基金,2025-01-24,科创50指数,1014.27,9879,10494,13163,10000,10000,2.96
840,光伏ETF基金,516180,0.929,10043,10026,主题，光伏，新兴产业,0.60%,平安基金,2021-03-03,光伏产业指数,1006.45,10277,11715,15230,7807,10865,0.911
841,电池龙头ETF,159767,0.866,9943,10008,主题，新兴产业，新能源车，电池,0.60%,兴银基金,2021-08-23,新能电池指数,1015.44,10212,9954,14703,11978,10000,3.16
842,电力ETF南方,560580,1.19,10110,9984,行业，电力,0.60%,南方基金,2023-05-12,电力指数,1019.21,11049,11301,12205,10000,10000,1.43
843,恒指港股通ETF广发,159312,1.217,10150,10000,跨境，香港,0.60%,广发基金,2024-11-08,恒指港股通指数,1039.56,9575,9975,10437,10000,10000,2.53
844,恒生港股通ETF汇添富,520820,0.958,10138,10000,跨境，香港,0.60%,汇添富基金,2025-12-15,恒指港股通指数,1039.82,9523,9836,10000,10000,10000,3.43
845,创业板新能源ETF工银,159149,0.96,10073,10018,主题，新兴产业，新能源,0.60%,工银瑞信基金,2026-01-20,创新能源指数,1045.14,9948,10000,10000,10000,10000,2.44
846,港股通消费ETF华安,159285,0.931,10220,10000,跨境，香港，消费,0.60%,华安基金,2025-10-20,港股通消费指数,1026.65,9433,10220,10000,10000,10000,4.67
