2026-08-28 10:00:02,474 [INFO] __main__: pe.py: update_db only (report generation moved to anetf.services.report_service)
2026-08-28 10:00:02,481 [INFO] __main__: update_db: total ETF 832 rows -> dedup to 273 unique indices
2026-08-28 10:00:03,050 [INFO] anetf.datasources.calendar: latest_trade_day resolved: 2026-08-27
2026-08-28 10:00:03,093 [INFO] __main__: 13: Skip unsupported index SGXTECH/新交所泛东南亚科技指数
2026-08-28 10:00:03,112 [INFO] __main__: 16: Skip unsupported index HSHKNE/恒生港股通新经济指数
2026-08-28 10:00:03,189 [INFO] __main__: 40: Skip unsupported index HSHKAT/恒生港股通汽车主题指数
2026-08-28 10:00:03,229 [INFO] __main__: 50: Skip unsupported index FARAB/富时阿拉伯指数
2026-08-28 10:00:03,326 [INFO] __main__: 75: Skip unsupported index HSC/恒生消费指数
2026-08-28 10:00:03,494 [INFO] __main__: 103: Skip unsupported index TPX/东证指数
2026-08-28 10:00:03,644 [INFO] __main__: 128: Skip unsupported index HSCPG/恒生A股电网设备指数
2026-08-28 10:00:03,688 [INFO] __main__: 134: Skip unsupported index HSHGDV/恒生港股通高股息低波动指数
2026-08-28 10:00:03,756 [INFO] __main__: 144: Skip unsupported index 716567/MSCI中国A股国际通指数
2026-08-28 10:00:03,817 [INFO] __main__: 155: Skip unsupported index HSHDY/恒生港股通高股息率指数
2026-08-28 10:00:03,994 [INFO] __main__: 181: Skip unsupported index HSHKCT/恒生港股通中国科技指数
2026-08-28 10:00:04,280 [INFO] __main__: 215: Skip unsupported index ICEA/易盛能化A
2026-08-28 10:00:04,697 [INFO] __main__: update_db: 12 skip (cached/unsupported), 261 need fresh fetch
2026-08-28 10:00:04,697 [INFO] __main__: 0: Update PE index for H30182/计算机
2026-08-28 10:00:04,697 [INFO] anetf.datasources.juquaner: JQ: Update PE index id(H30182), local_name(计算机), trying funddb_name(计算机)
2026-08-28 10:00:04,698 [INFO] __main__: 1: Update PE index for 931403/品牌工程
2026-08-28 10:00:04,699 [INFO] anetf.datasources.juquaner: JQ: Update PE index id(931403), local_name(品牌工程), trying funddb_name(品牌工程)
2026-08-28 10:00:04,700 [INFO] __main__: 2: Update PE index for 000682/科创信息
2026-08-28 10:00:04,700 [INFO] __main__: 3: Update PE index for 931186/中证科技
2026-08-28 10:00:04,701 [INFO] anetf.datasources.juquaner: JQ: Update PE index id(931186), local_name(中证科技), trying funddb_name(中证科技)
2026-08-28 10:00:04,701 [INFO] __main__: 4: Update PE index for 000037/上证医药
2026-08-28 10:00:04,702 [INFO] anetf.datasources.juquaner: JQ: Update PE index id(000037), local_name(上证医药), trying funddb_name(上证医药)
2026-08-28 10:00:04,700 [INFO] anetf.datasources.juquaner: JQ: Update PE index id(000682), local_name(科创信息), trying funddb_name(科创信息)
2026-08-28 10:00:04,703 [INFO] __main__: 5: Update PE index for 980103/红利价值
2026-08-28 10:00:04,703 [INFO] anetf.datasources.juquaner: JQ: Update PE index id(980103), local_name(红利价值), trying funddb_name(红利价值)
2026-08-28 10:00:04,704 [INFO] __main__: 6: Update PE index for H30365/文娱传媒
2026-08-28 10:00:04,704 [INFO] anetf.datasources.juquaner: JQ: Update PE index id(H30365), local_name(文娱传媒), trying funddb_name(文娱传媒)
2026-08-28 10:00:04,705 [INFO] __main__: 7: Update PE index for 930931/港股通50(HKD)
2026-08-28 10:00:04,709 [INFO] anetf.datasources.juquaner: JQ: Update PE index id(930931), local_name(港股通50(HKD)), trying funddb_name(港股通50(HKD))
2026-08-28 10:00:04,706 [INFO] __main__: 8: Update PE index for 000903/中证100
2026-08-28 10:00:04,710 [INFO] anetf.datasources.juquaner: JQ: Update PE index id(000903), local_name(中证100), trying funddb_name(中证100)
2026-08-28 10:00:04,706 [INFO] __main__: 10: Update PE index for CN6055/汽车指数
2026-08-28 10:00:04,706 [INFO] __main__: 9: Update PE index for 931247/中证信创
2026-08-28 10:00:04,711 [INFO] anetf.datasources.juquaner: JQ: Update PE index id(931247), local_name(中证信创), trying funddb_name(中证信创)
2026-08-28 10:00:04,706 [INFO] __main__: 11: Update PE index for 931778/农牧主题
2026-08-28 10:00:04,712 [INFO] anetf.datasources.juquaner: JQ: Update PE index id(931778), local_name(农牧主题), trying funddb_name(农牧主题)
2026-08-28 10:00:04,710 [INFO] anetf.datasources.juquaner: JQ: Update PE index id(CN6055), local_name(汽车指数), trying funddb_name(汽车指数)
2026-08-28 10:00:05,631 [ERROR] anetf.datasources.juquaner: JQ: query failed for all candidates: ['科创信息']
2026-08-28 10:00:05,632 [ERROR] anetf.datasources.juquaner: JQ: query failed for all candidates: ['中证100']
2026-08-28 10:00:05,633 [INFO] anetf.datasources.csindex: ZZ: Update PE index id(000903)
2026-08-28 10:00:05,633 [INFO] anetf.datasources.csindex: ZZ: Update PE index id(000682)
2026-08-28 10:00:05,697 [ERROR] anetf.datasources.juquaner: JQ: query failed for all candidates: ['计算机']
2026-08-28 10:00:05,700 [INFO] anetf.datasources.csindex: ZZ: Update PE index id(H30182)
2026-08-28 10:00:05,700 [ERROR] anetf.datasources.juquaner: JQ: query failed for all candidates: ['农牧主题']
2026-08-28 10:00:05,700 [INFO] anetf.datasources.csindex: ZZ: Update PE index id(931778)
2026-08-28 10:00:05,795 [INFO] __main__: 12: Update PE index for 000860/结构调整
2026-08-28 10:00:05,795 [INFO] anetf.datasources.juquaner: JQ: Update PE index id(000860), local_name(结构调整), trying funddb_name(结构调整)
2026-08-28 10:00:05,800 [INFO] __main__: 14: Update PE index for 930712/CS物联网
2026-08-28 10:00:05,800 [INFO] anetf.datasources.juquaner: JQ: Update PE index id(930712), local_name(CS物联网), trying funddb_name(CS物联网)
2026-08-28 10:00:05,805 [INFO] __main__: 15: Update PE index for 931140/医药50
2026-08-28 10:00:05,805 [INFO] anetf.datasources.juquaner: JQ: Update PE index id(931140), local_name(医药50), trying funddb_name(医药50)
2026-08-28 10:00:05,833 [INFO] __main__: 17: Update PE index for 399267/专精特新
2026-08-28 10:00:05,833 [INFO] anetf.datasources.juquaner: JQ: Update PE index id(399267), local_name(专精特新), trying funddb_name(专精特新)
2026-08-28 10:00:06,184 [ERROR] anetf.datasources.juquaner: JQ: query failed for all candidates: ['港股通50(HKD)']
2026-08-28 10:00:06,184 [INFO] anetf.datasources.csindex: ZZ: Update PE index id(930931)
2026-08-28 10:00:06,255 [ERROR] anetf.datasources.juquaner: JQ: query failed for all candidates: ['汽车指数']
2026-08-28 10:00:06,255 [INFO] anetf.datasources.csindex: ZZ: Update PE index id(CN6055)
2026-08-28 10:00:06,283 [ERROR] __main__: 中证指数: fetch failed for CN6055: HTTP Error 404: Not Found
2026-08-28 10:00:06,283 [INFO] anetf.datasources.cni: GZ: Update PE index id(CN6055), name(汽车指数)
2026-08-28 10:00:06,379 [ERROR] anetf.datasources.juquaner: JQ: query failed for all candidates: ['上证医药']
2026-08-28 10:00:06,379 [INFO] anetf.datasources.csindex: ZZ: Update PE index id(000037)
2026-08-28 10:00:06,429 [ERROR] anetf.datasources.juquaner: JQ: query failed for all candidates: ['中证科技']
2026-08-28 10:00:06,433 [INFO] anetf.datasources.csindex: ZZ: Update PE index id(931186)
2026-08-28 10:00:06,447 [ERROR] anetf.datasources.juquaner: JQ: query failed for all candidates: ['红利价值']
2026-08-28 10:00:06,447 [INFO] anetf.datasources.cni: GZ: Update PE index id(980103), name(红利价值)
2026-08-28 10:00:06,448 [INFO] __main__: 18: Update PE index for 930716/CS物流
2026-08-28 10:00:06,448 [INFO] anetf.datasources.juquaner: JQ: Update PE index id(930716), local_name(CS物流), trying funddb_name(CS物流)
2026-08-28 10:00:06,472 [ERROR] anetf.datasources.juquaner: JQ: query failed for all candidates: ['结构调整']
2026-08-28 10:00:06,472 [INFO] anetf.datasources.csindex: ZZ: Update PE index id(000860)
2026-08-28 10:00:06,498 [INFO] __main__: 19: Update PE index for H30015/800汽车
2026-08-28 10:00:06,498 [INFO] anetf.datasources.juquaner: JQ: Update PE index id(H30015), local_name(800汽车), trying funddb_name(800汽车)
2026-08-28 10:00:06,508 [ERROR] anetf.datasources.juquaner: JQ: query failed for all candidates: ['品牌工程']
2026-08-28 10:00:06,509 [INFO] anetf.datasources.csindex: ZZ: Update PE index id(931403)
2026-08-28 10:00:06,552 [ERROR] anetf.datasources.juquaner: JQ: query failed for all candidates: ['CS物联网']
2026-08-28 10:00:06,552 [INFO] anetf.datasources.csindex: ZZ: Update PE index id(930712)
2026-08-28 10:00:06,554 [ERROR] anetf.datasources.juquaner: JQ: query failed for all candidates: ['中证信创']
2026-08-28 10:00:06,572 [INFO] anetf.datasources.csindex: ZZ: Update PE index id(931247)
2026-08-28 10:00:06,588 [ERROR] anetf.datasources.juquaner: JQ: query failed for all candidates: ['文娱传媒']
2026-08-28 10:00:06,591 [INFO] anetf.datasources.csindex: ZZ: Update PE index id(H30365)
2026-08-28 10:00:06,622 [INFO] __main__: 20: Update PE index for 931946/畜牧养殖
2026-08-28 10:00:06,622 [INFO] anetf.datasources.juquaner: JQ: Update PE index id(931946), local_name(畜牧养殖), trying funddb_name(畜牧养殖)
2026-08-28 10:00:06,632 [INFO] anetf.datasources.calendar: cni_index_list loaded: 1463 indices
2026-08-28 10:00:06,643 [INFO] __main__: 21: Update PE index for 930662/CS现代农
2026-08-28 10:00:06,643 [INFO] anetf.datasources.juquaner: JQ: Update PE index id(930662), local_name(CS现代农), trying funddb_name(CS现代农)
2026-08-28 10:00:06,652 [INFO] __main__: 22: Update PE index for 932094/软件开发
2026-08-28 10:00:06,655 [INFO] anetf.datasources.juquaner: JQ: Update PE index id(932094), local_name(软件开发), trying funddb_name(软件开发)
2026-08-28 10:00:06,663 [INFO] __main__: 23: Update PE index for 930653/CS食品饮
2026-08-28 10:00:06,663 [INFO] anetf.datasources.juquaner: JQ: Update PE index id(930653), local_name(CS食品饮), trying funddb_name(CS食品饮)
2026-08-28 10:00:06,678 [INFO] __main__: 24: Update PE index for 931798/光伏龙头30
2026-08-28 10:00:06,679 [INFO] anetf.datasources.juquaner: JQ: Update PE index id(931798), local_name(光伏龙头30), trying funddb_name(光伏龙头30)
2026-08-28 10:00:06,736 [INFO] __main__: 25: Update PE index for 399019/创业200
2026-08-28 10:00:06,736 [INFO] anetf.datasources.juquaner: JQ: Update PE index id(399019), local_name(创业200), trying funddb_name(创业200)
2026-08-28 10:00:07,193 [ERROR] anetf.datasources.juquaner: JQ: query failed for all candidates: ['医药50']
2026-08-28 10:00:07,193 [INFO] anetf.datasources.csindex: ZZ: Update PE index id(931140)
2026-08-28 10:00:07,362 [INFO] __main__: 26: Update PE index for 931068/消费龙头
2026-08-28 10:00:07,362 [INFO] anetf.datasources.juquaner: JQ: Update PE index id(931068), local_name(消费龙头), trying funddb_name(消费龙头)
2026-08-28 10:00:07,364 [ERROR] anetf.datasources.juquaner: JQ: query failed for all candidates: ['专精特新']
2026-08-28 10:00:07,365 [INFO] anetf.datasources.csindex: ZZ: Update PE index id(399267)
2026-08-28 10:00:07,435 [ERROR] anetf.datasources.juquaner: JQ: query failed for all candidates: ['800汽车']
2026-08-28 10:00:07,435 [INFO] anetf.datasources.csindex: ZZ: Update PE index id(H30015)
2026-08-28 10:00:07,519 [ERROR] anetf.datasources.juquaner: JQ: query failed for all candidates: ['畜牧养殖']
2026-08-28 10:00:07,519 [INFO] anetf.datasources.csindex: ZZ: Update PE index id(931946)
2026-08-28 10:00:07,911 [ERROR] anetf.datasources.juquaner: JQ: query failed for all candidates: ['CS现代农']
2026-08-28 10:00:07,911 [INFO] anetf.datasources.csindex: ZZ: Update PE index id(930662)
2026-08-28 10:00:07,932 [INFO] __main__: 27: Update PE index for 000918/300成长
2026-08-28 10:00:07,933 [INFO] anetf.datasources.juquaner: JQ: Update PE index id(000918), local_name(300成长), trying funddb_name(300成长)
2026-08-28 10:00:07,942 [INFO] __main__: 28: Update PE index for 000066/上证商品
2026-08-28 10:00:07,942 [INFO] anetf.datasources.juquaner: JQ: Update PE index id(000066), local_name(上证商品), trying funddb_name(上证商品)
2026-08-28 10:00:07,949 [ERROR] anetf.datasources.juquaner: JQ: query failed for all candidates: ['CS物流']
2026-08-28 10:00:07,949 [INFO] anetf.datasources.csindex: ZZ: Update PE index id(930716)
2026-08-28 10:00:07,974 [INFO] __main__: 29: Update PE index for 399276/创科技
2026-08-28 10:00:07,975 [INFO] anetf.datasources.juquaner: JQ: Update PE index id(399276), local_name(创科技), trying funddb_name(创科技)
2026-08-28 10:00:08,057 [ERROR] anetf.datasources.juquaner: JQ: query failed for all candidates: ['软件开发']
2026-08-28 10:00:08,057 [INFO] anetf.datasources.csindex: ZZ: Update PE index id(932094)
2026-08-28 10:00:08,156 [ERROR] anetf.datasources.juquaner: JQ: query failed for all candidates: ['光伏龙头30']
2026-08-28 10:00:08,156 [INFO] anetf.datasources.csindex: ZZ: Update PE index id(931798)
2026-08-28 10:00:08,164 [ERROR] anetf.datasources.juquaner: JQ: query failed for all candidates: ['CS食品饮']
2026-08-28 10:00:08,165 [INFO] anetf.datasources.csindex: ZZ: Update PE index id(930653)
2026-08-28 10:00:08,321 [ERROR] anetf.datasources.juquaner: JQ: query failed for all candidates: ['创业200']
2026-08-28 10:00:08,321 [INFO] anetf.datasources.csindex: ZZ: Update PE index id(399019)
2026-08-28 10:00:08,358 [ERROR] __main__: 中证指数: fetch failed for 399019: HTTP Error 404: Not Found
2026-08-28 10:00:08,359 [INFO] anetf.datasources.cni: GZ: Update PE index id(399019), name(创业200)
2026-08-28 10:00:08,370 [INFO] __main__: 30: Update PE index for 987022/港股通互联网
2026-08-28 10:00:08,370 [INFO] anetf.datasources.juquaner: JQ: Update PE index id(987022), local_name(港股通互联网), trying funddb_name(港股通互联网)
2026-08-28 10:00:08,452 [INFO] __main__: 31: Update PE index for 399237/运输指数
2026-08-28 10:00:08,452 [INFO] anetf.datasources.juquaner: JQ: Update PE index id(399237), local_name(运输指数), trying funddb_name(运输指数)
2026-08-28 10:00:08,648 [ERROR] anetf.datasources.juquaner: JQ: query failed for all candidates: ['上证商品']
2026-08-28 10:00:08,648 [INFO] anetf.datasources.csindex: ZZ: Update PE index id(000066)
2026-08-28 10:00:08,657 [ERROR] anetf.datasources.juquaner: JQ: query failed for all candidates: ['消费龙头']
2026-08-28 10:00:08,657 [INFO] anetf.datasources.csindex: ZZ: Update PE index id(931068)
2026-08-28 10:00:08,883 [INFO] __main__: 32: Update PE index for 000814/细分医药
2026-08-28 10:00:08,883 [INFO] anetf.datasources.juquaner: JQ: Update PE index id(000814), local_name(细分医药), trying funddb_name(细分医药)
2026-08-28 10:00:09,156 [ERROR] anetf.datasources.juquaner: JQ: query failed for all candidates: ['运输指数']
2026-08-28 10:00:09,157 [INFO] anetf.datasources.csindex: ZZ: Update PE index id(399237)
2026-08-28 10:00:09,180 [ERROR] __main__: 中证指数: fetch failed for 399237: HTTP Error 404: Not Found
2026-08-28 10:00:09,180 [INFO] anetf.datasources.cni: GZ: Update PE index id(399237), name(运输指数)
2026-08-28 10:00:09,202 [ERROR] anetf.datasources.juquaner: JQ: query failed for all candidates: ['创科技']
2026-08-28 10:00:09,203 [INFO] anetf.datasources.csindex: ZZ: Update PE index id(399276)
2026-08-28 10:00:09,204 [INFO] __main__: 33: Update PE index for 930781/中证影视
2026-08-28 10:00:09,204 [INFO] anetf.datasources.juquaner: JQ: Update PE index id(930781), local_name(中证影视), trying funddb_name(中证影视)
2026-08-28 10:00:09,239 [ERROR] __main__: 中证指数: fetch failed for 399276: HTTP Error 404: Not Found
2026-08-28 10:00:09,239 [INFO] anetf.datasources.cni: GZ: Update PE index id(399276), name(创科技)
2026-08-28 10:00:09,249 [INFO] __main__: 34: Update PE index for 932422/A500红利低波
2026-08-28 10:00:09,249 [INFO] anetf.datasources.juquaner: JQ: Update PE index id(932422), local_name(A500红利低波), trying funddb_name(A500红利低波)
2026-08-28 10:00:09,364 [ERROR] anetf.datasources.juquaner: JQ: query failed for all candidates: ['300成长']
2026-08-28 10:00:09,364 [INFO] anetf.datasources.csindex: ZZ: Update PE index id(000918)
2026-08-28 10:00:09,534 [ERROR] anetf.datasources.juquaner: JQ: query failed for all candidates: ['港股通互联网']
2026-08-28 10:00:09,534 [INFO] anetf.datasources.cni: GZ: Update PE index id(987022), name(港股通互联网)
2026-08-28 10:00:09,534 [WARNING] anetf.datasources.cni: GZ: Update 987022 skipped, PE is NaN in gz_df.
2026-08-28 10:00:09,534 [INFO] anetf.datasources.price: PRICE: Update index id(987022), name(港股通互联网), source=cni
2026-08-28 10:00:09,656 [INFO] __main__: 35: Update PE index for 000977/内地低碳
2026-08-28 10:00:09,656 [INFO] anetf.datasources.juquaner: JQ: Update PE index id(000977), local_name(内地低碳), trying funddb_name(内地低碳)
2026-08-28 10:00:09,662 [INFO] anetf.datasources.price: PRICE: CNI index 987022 loaded 243 rows from index_hist_cni
2026-08-28 10:00:09,666 [INFO] __main__: 36: Update PE index for 000068/上证资源
2026-08-28 10:00:09,666 [INFO] anetf.datasources.juquaner: JQ: Update PE index id(000068), local_name(上证资源), trying funddb_name(上证资源)
2026-08-28 10:00:09,700 [ERROR] anetf.datasources.juquaner: JQ: query failed for all candidates: ['细分医药']
2026-08-28 10:00:09,700 [INFO] anetf.datasources.csindex: ZZ: Update PE index id(000814)
2026-08-28 10:00:10,310 [ERROR] anetf.datasources.juquaner: JQ: query failed for all candidates: ['上证资源']
2026-08-28 10:00:10,310 [INFO] anetf.datasources.csindex: ZZ: Update PE index id(000068)
2026-08-28 10:00:10,493 [ERROR] anetf.datasources.juquaner: JQ: query failed for all candidates: ['A500红利低波']
2026-08-28 10:00:10,494 [INFO] anetf.datasources.csindex: ZZ: Update PE index id(932422)
2026-08-28 10:00:10,543 [ERROR] anetf.datasources.juquaner: JQ: query failed for all candidates: ['中证影视']
2026-08-28 10:00:10,543 [INFO] anetf.datasources.csindex: ZZ: Update PE index id(930781)
2026-08-28 10:00:10,645 [INFO] __main__: 37: Update PE index for 000681/科创价格
2026-08-28 10:00:10,646 [INFO] anetf.datasources.juquaner: JQ: Update PE index id(000681), local_name(科创价格), trying funddb_name(科创价格)
2026-08-28 10:00:10,887 [ERROR] anetf.datasources.juquaner: JQ: query failed for all candidates: ['内地低碳']
2026-08-28 10:00:10,887 [INFO] anetf.datasources.csindex: ZZ: Update PE index id(000977)
2026-08-28 10:00:11,924 [INFO] __main__: 38: Update PE index for 987024/港股通消费
2026-08-28 10:00:11,924 [INFO] anetf.datasources.juquaner: JQ: Update PE index id(987024), local_name(港股通消费), trying funddb_name(港股通消费)
2026-08-28 10:00:12,042 [ERROR] anetf.datasources.juquaner: JQ: query failed for all candidates: ['科创价格']
2026-08-28 10:00:12,042 [INFO] anetf.datasources.csindex: ZZ: Update PE index id(000681)
2026-08-28 10:00:12,140 [INFO] __main__: 39: Update PE index for 932367/500现金流
2026-08-28 10:00:12,140 [INFO] anetf.datasources.juquaner: JQ: Update PE index id(932367), local_name(500现金流), trying funddb_name(500现金流)
2026-08-28 10:00:12,680 [INFO] __main__: 41: Update PE index for 000936/800通信
2026-08-28 10:00:12,680 [INFO] anetf.datasources.juquaner: JQ: Update PE index id(000936), local_name(800通信), trying funddb_name(800通信)
2026-08-28 10:00:12,723 [ERROR] anetf.datasources.juquaner: JQ: query failed for all candidates: ['港股通消费']
2026-08-28 10:00:12,723 [INFO] anetf.datasources.cni: GZ: Update PE index id(987024), name(港股通消费)
2026-08-28 10:00:12,724 [WARNING] anetf.datasources.cni: GZ: Update 987024 skipped, PE is NaN in gz_df.
2026-08-28 10:00:12,724 [INFO] anetf.datasources.price: PRICE: Update index id(987024), name(港股通消费), source=cni
2026-08-28 10:00:13,048 [INFO] __main__: 42: Update PE index for 930997/中证内地国有主题指数
2026-08-28 10:00:13,048 [INFO] anetf.datasources.juquaner: JQ: Update PE index id(930997), local_name(中证内地国有主题指数), trying funddb_name(中证内地国有主题指数)
2026-08-28 10:00:13,130 [INFO] __main__: 43: Update PE index for 000995/全指公用
2026-08-28 10:00:13,131 [INFO] anetf.datasources.juquaner: JQ: Update PE index id(000995), local_name(全指公用), trying funddb_name(全指公用)
2026-08-28 10:00:13,190 [INFO] anetf.datasources.price: PRICE: CNI index 987024 loaded 243 rows from index_hist_cni
2026-08-28 10:00:13,193 [INFO] __main__: 44: Update PE index for 930939/500质量
2026-08-28 10:00:13,194 [INFO] anetf.datasources.juquaner: JQ: Update PE index id(930939), local_name(500质量), trying funddb_name(500质量)
2026-08-28 10:00:13,330 [ERROR] anetf.datasources.juquaner: JQ: query failed for all candidates: ['500现金流']
2026-08-28 10:00:13,331 [INFO] anetf.datasources.csindex: ZZ: Update PE index id(932367)
2026-08-28 10:00:13,636 [ERROR] anetf.datasources.juquaner: JQ: query failed for all candidates: ['800通信']
2026-08-28 10:00:13,636 [INFO] anetf.datasources.csindex: ZZ: Update PE index id(000936)
2026-08-28 10:00:14,040 [ERROR] anetf.datasources.juquaner: JQ: query failed for all candidates: ['中证内地国有主题指数']
2026-08-28 10:00:14,040 [INFO] anetf.datasources.csindex: ZZ: Update PE index id(930997)
2026-08-28 10:00:14,166 [INFO] __main__: 45: Update PE index for 000693/科创机械
2026-08-28 10:00:14,167 [ERROR] anetf.datasources.juquaner: JQ: query failed for all candidates: ['全指公用']
2026-08-28 10:00:14,168 [INFO] anetf.datasources.juquaner: JQ: Update PE index id(000693), local_name(科创机械), trying funddb_name(科创机械)
2026-08-28 10:00:14,168 [INFO] anetf.datasources.csindex: ZZ: Update PE index id(000995)
2026-08-28 10:00:14,280 [ERROR] anetf.datasources.juquaner: JQ: query failed for all candidates: ['500质量']
2026-08-28 10:00:14,280 [INFO] anetf.datasources.csindex: ZZ: Update PE index id(930939)
2026-08-28 10:00:14,924 [ERROR] anetf.datasources.juquaner: JQ: query failed for all candidates: ['科创机械']
2026-08-28 10:00:14,924 [INFO] anetf.datasources.csindex: ZZ: Update PE index id(000693)
2026-08-28 10:00:15,276 [INFO] __main__: 46: Update PE index for 930796/全球中国互联网
2026-08-28 10:00:15,276 [INFO] anetf.datasources.juquaner: JQ: Update PE index id(930796), local_name(全球中国互联网), trying funddb_name(全球中国互联网)
2026-08-28 10:00:15,578 [INFO] __main__: 47: Update PE index for 930608/中证基建
2026-08-28 10:00:15,579 [INFO] anetf.datasources.juquaner: JQ: Update PE index id(930608), local_name(中证基建), trying funddb_name(中证基建)
2026-08-28 10:00:15,610 [INFO] __main__: 48: Update PE index for 980076/通用航空
2026-08-28 10:00:15,610 [INFO] anetf.datasources.juquaner: JQ: Update PE index id(980076), local_name(通用航空), trying funddb_name(通用航空)
2026-08-28 10:00:15,997 [INFO] __main__: 49: Update PE index for 931230/汽车零部件
2026-08-28 10:00:15,997 [INFO] anetf.datasources.juquaner: JQ: Update PE index id(931230), local_name(汽车零部件), trying funddb_name(汽车零部件)
2026-08-28 10:00:16,461 [ERROR] anetf.datasources.juquaner: JQ: query failed for all candidates: ['全球中国互联网']
2026-08-28 10:00:16,461 [INFO] anetf.datasources.csindex: ZZ: Update PE index id(930796)
2026-08-28 10:00:16,745 [ERROR] anetf.datasources.juquaner: JQ: query failed for all candidates: ['中证基建']
2026-08-28 10:00:16,745 [INFO] anetf.datasources.csindex: ZZ: Update PE index id(930608)
2026-08-28 10:00:16,796 [ERROR] __main__: 中证指数: fetch failed for 930608: HTTP Error 403: Forbidden
2026-08-28 10:00:16,796 [INFO] anetf.datasources.cni: GZ: Update PE index id(930608), name(中证基建)
2026-08-28 10:00:16,796 [WARNING] anetf.datasources.cni: GZ: Update 930608 failed, index not found in gz_df.
2026-08-28 10:00:16,796 [INFO] anetf.datasources.csindex: CSI: Update PE index id(930608), name(中证基建)
2026-08-28 10:00:16,890 [ERROR] anetf.datasources.juquaner: JQ: query failed for all candidates: ['通用航空']
2026-08-28 10:00:16,890 [INFO] anetf.datasources.cni: GZ: Update PE index id(980076), name(通用航空)
2026-08-28 10:00:16,896 [INFO] __main__: 51: Update PE index for 000998/中证TMT
2026-08-28 10:00:16,896 [INFO] anetf.datasources.juquaner: JQ: Update PE index id(000998), local_name(中证TMT), trying funddb_name(中证TMT)
2026-08-28 10:00:16,996 [ERROR] __main__: 中证指数: fetch failed for 930796: HTTP Error 403: Forbidden
2026-08-28 10:00:16,996 [INFO] anetf.datasources.cni: GZ: Update PE index id(930796), name(全球中国互联网)
2026-08-28 10:00:16,996 [WARNING] anetf.datasources.cni: GZ: Update 930796 failed, index not found in gz_df.
2026-08-28 10:00:16,996 [INFO] anetf.datasources.csindex: CSI: Update PE index id(930796), name(全球中国互联网)
2026-08-28 10:00:17,102 [ERROR] __main__: 中证指数: fetch failed for 000693: HTTP Error 403: Forbidden
2026-08-28 10:00:17,103 [INFO] anetf.datasources.cni: GZ: Update PE index id(000693), name(科创机械)
2026-08-28 10:00:17,103 [WARNING] anetf.datasources.cni: GZ: Update 000693 failed, index not found in gz_df.
2026-08-28 10:00:17,103 [INFO] anetf.datasources.csindex: CSI: Update PE index id(000693), name(科创机械)
2026-08-28 10:00:17,280 [ERROR] anetf.datasources.juquaner: JQ: query failed for all candidates: ['汽车零部件']
2026-08-28 10:00:17,280 [INFO] anetf.datasources.csindex: ZZ: Update PE index id(931230)
2026-08-28 10:00:17,302 [ERROR] __main__: 中证指数: fetch failed for 931230: HTTP Error 403: Forbidden
2026-08-28 10:00:17,302 [INFO] anetf.datasources.cni: GZ: Update PE index id(931230), name(汽车零部件)
2026-08-28 10:00:17,303 [WARNING] anetf.datasources.cni: GZ: Update 931230 failed, index not found in gz_df.
2026-08-28 10:00:17,303 [INFO] anetf.datasources.csindex: CSI: Update PE index id(931230), name(汽车零部件)
2026-08-28 10:00:17,882 [INFO] __main__: 52: Update PE index for 931470/SHS云计算
2026-08-28 10:00:17,882 [INFO] anetf.datasources.juquaner: JQ: Update PE index id(931470), local_name(SHS云计算), trying funddb_name(SHS云计算)
2026-08-28 10:00:18,285 [INFO] __main__: 53: Update PE index for CN5075/国证信创
2026-08-28 10:00:18,285 [INFO] anetf.datasources.juquaner: JQ: Update PE index id(CN5075), local_name(国证信创), trying funddb_name(国证信创)
2026-08-28 10:00:18,302 [ERROR] __main__: 中证指数: fetch failed for 000936: HTTP Error 403: Forbidden
2026-08-28 10:00:18,303 [INFO] anetf.datasources.cni: GZ: Update PE index id(000936), name(800通信)
2026-08-28 10:00:18,303 [WARNING] anetf.datasources.cni: GZ: Update 000936 failed, index not found in gz_df.
2026-08-28 10:00:18,303 [INFO] anetf.datasources.csindex: CSI: Update PE index id(000936), name(800通信)
2026-08-28 10:00:18,442 [ERROR] anetf.datasources.juquaner: JQ: query failed for all candidates: ['中证TMT']
2026-08-28 10:00:18,443 [INFO] anetf.datasources.csindex: ZZ: Update PE index id(000998)
2026-08-28 10:00:18,466 [ERROR] __main__: 中证指数: fetch failed for 000998: HTTP Error 403: Forbidden
2026-08-28 10:00:18,466 [INFO] anetf.datasources.cni: GZ: Update PE index id(000998), name(中证TMT)
2026-08-28 10:00:18,466 [WARNING] anetf.datasources.cni: GZ: Update 000998 failed, index not found in gz_df.
2026-08-28 10:00:18,466 [INFO] anetf.datasources.csindex: CSI: Update PE index id(000998), name(中证TMT)
2026-08-28 10:00:19,153 [INFO] __main__: 54: Update PE index for 932038/央企科技引领
2026-08-28 10:00:19,153 [INFO] anetf.datasources.juquaner: JQ: Update PE index id(932038), local_name(央企科技引领), trying funddb_name(央企科技引领)
2026-08-28 10:00:19,250 [ERROR] anetf.datasources.juquaner: JQ: query failed for all candidates: ['国证信创']
2026-08-28 10:00:19,250 [INFO] anetf.datasources.csindex: ZZ: Update PE index id(CN5075)
2026-08-28 10:00:19,273 [ERROR] __main__: 中证指数: fetch failed for CN5075: HTTP Error 403: Forbidden
2026-08-28 10:00:19,273 [INFO] anetf.datasources.cni: GZ: Update PE index id(CN5075), name(国证信创)
2026-08-28 10:00:19,281 [INFO] __main__: 55: Update PE index for 932366/300现金流
2026-08-28 10:00:19,282 [INFO] anetf.datasources.juquaner: JQ: Update PE index id(932366), local_name(300现金流), trying funddb_name(300现金流)
2026-08-28 10:00:19,569 [INFO] __main__: 56: Update PE index for 000914/300金融
2026-08-28 10:00:19,570 [INFO] anetf.datasources.juquaner: JQ: Update PE index id(000914), local_name(300金融), trying funddb_name(300金融)
2026-08-28 10:00:19,662 [INFO] __main__: 57: Update PE index for 000948/内地地产
2026-08-28 10:00:19,663 [INFO] anetf.datasources.juquaner: JQ: Update PE index id(000948), local_name(内地地产), trying funddb_name(内地地产)
2026-08-28 10:00:19,773 [ERROR] anetf.datasources.juquaner: JQ: query failed for all candidates: ['SHS云计算']
2026-08-28 10:00:19,773 [INFO] anetf.datasources.csindex: ZZ: Update PE index id(931470)
2026-08-28 10:00:19,802 [ERROR] __main__: 中证指数: fetch failed for 931470: HTTP Error 403: Forbidden
2026-08-28 10:00:19,803 [INFO] anetf.datasources.cni: GZ: Update PE index id(931470), name(SHS云计算)
2026-08-28 10:00:19,803 [WARNING] anetf.datasources.cni: GZ: Update 931470 failed, index not found in gz_df.
2026-08-28 10:00:19,803 [INFO] anetf.datasources.csindex: CSI: Update PE index id(931470), name(SHS云计算)
2026-08-28 10:00:20,295 [ERROR] anetf.datasources.juquaner: JQ: query failed for all candidates: ['300金融']
2026-08-28 10:00:20,295 [INFO] anetf.datasources.csindex: ZZ: Update PE index id(000914)
2026-08-28 10:00:20,323 [INFO] __main__: 58: Update PE index for 399324/深证红利
2026-08-28 10:00:20,324 [INFO] anetf.datasources.juquaner: JQ: Update PE index id(399324), local_name(深证红利), trying funddb_name(深证红利)
2026-08-28 10:00:20,327 [ERROR] anetf.datasources.juquaner: JQ: query failed for all candidates: ['央企科技引领']
2026-08-28 10:00:20,328 [INFO] anetf.datasources.csindex: ZZ: Update PE index id(932038)
2026-08-28 10:00:20,337 [ERROR] __main__: 中证指数: fetch failed for 000914: HTTP Error 403: Forbidden
2026-08-28 10:00:20,337 [INFO] anetf.datasources.cni: GZ: Update PE index id(000914), name(300金融)
2026-08-28 10:00:20,337 [WARNING] anetf.datasources.cni: GZ: Update 000914 failed, index not found in gz_df.
2026-08-28 10:00:20,337 [INFO] anetf.datasources.csindex: CSI: Update PE index id(000914), name(300金融)
2026-08-28 10:00:20,350 [ERROR] __main__: 中证指数: fetch failed for 932038: HTTP Error 403: Forbidden
2026-08-28 10:00:20,350 [INFO] anetf.datasources.cni: GZ: Update PE index id(932038), name(央企科技引领)
2026-08-28 10:00:20,350 [WARNING] anetf.datasources.cni: GZ: Update 932038 failed, index not found in gz_df.
2026-08-28 10:00:20,350 [INFO] anetf.datasources.csindex: CSI: Update PE index id(932038), name(央企科技引领)
2026-08-28 10:00:20,393 [ERROR] anetf.datasources.juquaner: JQ: query failed for all candidates: ['内地地产']
2026-08-28 10:00:20,393 [INFO] anetf.datasources.csindex: ZZ: Update PE index id(000948)
2026-08-28 10:00:20,421 [ERROR] __main__: 中证指数: fetch failed for 000948: HTTP Error 403: Forbidden
2026-08-28 10:00:20,421 [INFO] anetf.datasources.cni: GZ: Update PE index id(000948), name(内地地产)
2026-08-28 10:00:20,421 [WARNING] anetf.datasources.cni: GZ: Update 000948 failed, index not found in gz_df.
2026-08-28 10:00:20,421 [INFO] anetf.datasources.csindex: CSI: Update PE index id(000948), name(内地地产)
2026-08-28 10:00:20,615 [INFO] __main__: 59: Update PE index for 931406/5G50
2026-08-28 10:00:20,615 [INFO] anetf.datasources.juquaner: JQ: Update PE index id(931406), local_name(5G50), trying funddb_name(5G50)
2026-08-28 10:00:20,974 [INFO] __main__: 60: Update PE index for 000036/上证消费
2026-08-28 10:00:20,974 [INFO] anetf.datasources.juquaner: JQ: Update PE index id(000036), local_name(上证消费), trying funddb_name(上证消费)
2026-08-28 10:00:20,991 [ERROR] anetf.datasources.juquaner: JQ: query failed for all candidates: ['深证红利']
2026-08-28 10:00:20,991 [INFO] anetf.datasources.csindex: ZZ: Update PE index id(399324)
2026-08-28 10:00:21,014 [ERROR] __main__: 中证指数: fetch failed for 399324: HTTP Error 403: Forbidden
2026-08-28 10:00:21,015 [INFO] anetf.datasources.cni: GZ: Update PE index id(399324), name(深证红利)
2026-08-28 10:00:21,024 [INFO] __main__: 61: Update PE index for 931521/高装细分50
2026-08-28 10:00:21,024 [INFO] anetf.datasources.juquaner: JQ: Update PE index id(931521), local_name(高装细分50), trying funddb_name(高装细分50)
2026-08-28 10:00:21,162 [ERROR] anetf.datasources.juquaner: JQ: query failed for all candidates: ['5G50']
2026-08-28 10:00:21,162 [INFO] anetf.datasources.csindex: ZZ: Update PE index id(931406)
2026-08-28 10:00:21,187 [ERROR] __main__: 中证指数: fetch failed for 931406: HTTP Error 403: Forbidden
2026-08-28 10:00:21,188 [INFO] anetf.datasources.cni: GZ: Update PE index id(931406), name(5G50)
2026-08-28 10:00:21,188 [WARNING] anetf.datasources.cni: GZ: Update 931406 failed, index not found in gz_df.
2026-08-28 10:00:21,188 [INFO] anetf.datasources.csindex: CSI: Update PE index id(931406), name(5G50)
2026-08-28 10:00:21,280 [ERROR] anetf.datasources.juquaner: JQ: query failed for all candidates: ['300现金流']
2026-08-28 10:00:21,280 [INFO] anetf.datasources.csindex: ZZ: Update PE index id(932366)
2026-08-28 10:00:21,305 [ERROR] __main__: 中证指数: fetch failed for 932366: HTTP Error 403: Forbidden
2026-08-28 10:00:21,305 [INFO] anetf.datasources.cni: GZ: Update PE index id(932366), name(300现金流)
2026-08-28 10:00:21,305 [WARNING] anetf.datasources.cni: GZ: Update 932366 failed, index not found in gz_df.
2026-08-28 10:00:21,305 [INFO] anetf.datasources.csindex: CSI: Update PE index id(932366), name(300现金流)
2026-08-28 10:00:21,726 [ERROR] anetf.datasources.juquaner: JQ: query failed for all candidates: ['高装细分50']
2026-08-28 10:00:21,726 [INFO] anetf.datasources.csindex: ZZ: Update PE index id(931521)
2026-08-28 10:00:21,749 [ERROR] __main__: 中证指数: fetch failed for 931521: HTTP Error 403: Forbidden
2026-08-28 10:00:21,749 [INFO] anetf.datasources.cni: GZ: Update PE index id(931521), name(高装细分50)
2026-08-28 10:00:21,749 [WARNING] anetf.datasources.cni: GZ: Update 931521 failed, index not found in gz_df.
2026-08-28 10:00:21,749 [INFO] anetf.datasources.csindex: CSI: Update PE index id(931521), name(高装细分50)
2026-08-28 10:00:22,086 [INFO] __main__: 62: Update PE index for 399326/成长40
2026-08-28 10:00:22,086 [INFO] anetf.datasources.juquaner: JQ: Update PE index id(399326), local_name(成长40), trying funddb_name(成长40)
2026-08-28 10:00:22,326 [INFO] __main__: 63: Update PE index for 399995/基建工程
2026-08-28 10:00:22,326 [INFO] anetf.datasources.juquaner: JQ: Update PE index id(399995), local_name(基建工程), trying funddb_name(基建工程)
2026-08-28 10:00:22,388 [ERROR] __main__: 中证指数: fetch failed for 399267: The read operation timed out
2026-08-28 10:00:22,389 [INFO] anetf.datasources.cni: GZ: Update PE index id(399267), name(专精特新)
2026-08-28 10:00:22,394 [INFO] __main__: 64: Update PE index for 000993/全指信息
2026-08-28 10:00:22,395 [INFO] anetf.datasources.juquaner: JQ: Update PE index id(000993), local_name(全指信息), trying funddb_name(全指信息)
2026-08-28 10:00:22,725 [ERROR] anetf.datasources.juquaner: JQ: query failed for all candidates: ['上证消费']
2026-08-28 10:00:22,725 [INFO] anetf.datasources.csindex: ZZ: Update PE index id(000036)
2026-08-28 10:00:22,747 [ERROR] __main__: 中证指数: fetch failed for 000036: HTTP Error 403: Forbidden
2026-08-28 10:00:22,747 [INFO] anetf.datasources.cni: GZ: Update PE index id(000036), name(上证消费)
2026-08-28 10:00:22,747 [WARNING] anetf.datasources.cni: GZ: Update 000036 failed, index not found in gz_df.
2026-08-28 10:00:22,748 [INFO] anetf.datasources.csindex: CSI: Update PE index id(000036), name(上证消费)
2026-08-28 10:00:23,070 [ERROR] anetf.datasources.juquaner: JQ: query failed for all candidates: ['成长40']
2026-08-28 10:00:23,070 [INFO] anetf.datasources.csindex: ZZ: Update PE index id(399326)
2026-08-28 10:00:23,079 [ERROR] anetf.datasources.juquaner: JQ: query failed for all candidates: ['基建工程']
2026-08-28 10:00:23,079 [INFO] anetf.datasources.csindex: ZZ: Update PE index id(399995)
2026-08-28 10:00:23,100 [ERROR] __main__: 中证指数: fetch failed for 399995: HTTP Error 403: Forbidden
2026-08-28 10:00:23,100 [INFO] anetf.datasources.cni: GZ: Update PE index id(399995), name(基建工程)
2026-08-28 10:00:23,101 [WARNING] anetf.datasources.cni: GZ: Update 399995 failed, index not found in gz_df.
2026-08-28 10:00:23,101 [INFO] anetf.datasources.csindex: CSI: Update PE index id(399995), name(基建工程)
2026-08-28 10:00:23,102 [ERROR] __main__: 中证指数: fetch failed for 399326: HTTP Error 403: Forbidden
2026-08-28 10:00:23,102 [INFO] anetf.datasources.cni: GZ: Update PE index id(399326), name(成长40)
2026-08-28 10:00:23,109 [INFO] __main__: 65: Update PE index for 931039/中证银行AH股指数
2026-08-28 10:00:23,109 [INFO] anetf.datasources.juquaner: JQ: Update PE index id(931039), local_name(中证银行AH股指数), trying funddb_name(中证银行AH股指数)
2026-08-28 10:00:23,541 [INFO] __main__: 66: Update PE index for CN6033/食品指数
2026-08-28 10:00:23,541 [INFO] anetf.datasources.juquaner: JQ: Update PE index id(CN6033), local_name(食品指数), trying funddb_name(食品指数)
2026-08-28 10:00:23,746 [ERROR] anetf.datasources.juquaner: JQ: query failed for all candidates: ['全指信息']
2026-08-28 10:00:23,747 [INFO] anetf.datasources.csindex: ZZ: Update PE index id(000993)
2026-08-28 10:00:23,769 [ERROR] __main__: 中证指数: fetch failed for 000993: HTTP Error 403: Forbidden
2026-08-28 10:00:23,769 [INFO] anetf.datasources.cni: GZ: Update PE index id(000993), name(全指信息)
2026-08-28 10:00:23,769 [WARNING] anetf.datasources.cni: GZ: Update 000993 failed, index not found in gz_df.
2026-08-28 10:00:23,769 [INFO] anetf.datasources.csindex: CSI: Update PE index id(000993), name(全指信息)
2026-08-28 10:00:23,836 [ERROR] anetf.datasources.juquaner: JQ: query failed for all candidates: ['中证银行AH股指数']
2026-08-28 10:00:23,836 [INFO] anetf.datasources.csindex: ZZ: Update PE index id(931039)
2026-08-28 10:00:23,862 [ERROR] __main__: 中证指数: fetch failed for 931039: HTTP Error 403: Forbidden
2026-08-28 10:00:23,862 [INFO] anetf.datasources.cni: GZ: Update PE index id(931039), name(中证银行AH股指数)
2026-08-28 10:00:23,862 [WARNING] anetf.datasources.cni: GZ: Update 931039 failed, index not found in gz_df.
2026-08-28 10:00:23,862 [INFO] anetf.datasources.csindex: CSI: Update PE index id(931039), name(中证银行AH股指数)
2026-08-28 10:00:24,082 [INFO] __main__: 67: Update PE index for 932420/智选船舶产业
2026-08-28 10:00:24,084 [INFO] anetf.datasources.juquaner: JQ: Update PE index id(932420), local_name(智选船舶产业), trying funddb_name(智选船舶产业)
2026-08-28 10:00:24,105 [INFO] __main__: 68: Update PE index for 399966/800证保
2026-08-28 10:00:24,108 [INFO] anetf.datasources.juquaner: JQ: Update PE index id(399966), local_name(800证保), trying funddb_name(800证保)
2026-08-28 10:00:24,120 [ERROR] anetf.datasources.juquaner: JQ: query failed for all candidates: ['食品指数']
2026-08-28 10:00:24,121 [INFO] anetf.datasources.csindex: ZZ: Update PE index id(CN6033)
2026-08-28 10:00:24,151 [INFO] __main__: 69: Update PE index for 931992/疫苗生物
2026-08-28 10:00:24,151 [INFO] anetf.datasources.juquaner: JQ: Update PE index id(931992), local_name(疫苗生物), trying funddb_name(疫苗生物)
2026-08-28 10:00:24,155 [ERROR] __main__: 中证指数: fetch failed for CN6033: HTTP Error 403: Forbidden
2026-08-28 10:00:24,155 [INFO] anetf.datasources.cni: GZ: Update PE index id(CN6033), name(食品指数)
2026-08-28 10:00:24,167 [INFO] __main__: 70: Update PE index for 930721/CS智汽车
2026-08-28 10:00:24,168 [INFO] anetf.datasources.juquaner: JQ: Update PE index id(930721), local_name(CS智汽车), trying funddb_name(CS智汽车)
2026-08-28 10:00:24,676 [ERROR] anetf.datasources.juquaner: JQ: query failed for all candidates: ['智选船舶产业']
2026-08-28 10:00:24,676 [INFO] anetf.datasources.csindex: ZZ: Update PE index id(932420)
2026-08-28 10:00:24,698 [ERROR] __main__: 中证指数: fetch failed for 932420: HTTP Error 403: Forbidden
2026-08-28 10:00:24,698 [INFO] anetf.datasources.cni: GZ: Update PE index id(932420), name(智选船舶产业)
2026-08-28 10:00:24,698 [WARNING] anetf.datasources.cni: GZ: Update 932420 failed, index not found in gz_df.
2026-08-28 10:00:24,698 [INFO] anetf.datasources.csindex: CSI: Update PE index id(932420), name(智选船舶产业)
2026-08-28 10:00:24,825 [ERROR] anetf.datasources.juquaner: JQ: query failed for all candidates: ['800证保']
2026-08-28 10:00:24,826 [INFO] anetf.datasources.csindex: ZZ: Update PE index id(399966)
2026-08-28 10:00:24,848 [ERROR] __main__: 中证指数: fetch failed for 399966: HTTP Error 403: Forbidden
2026-08-28 10:00:24,848 [INFO] anetf.datasources.cni: GZ: Update PE index id(399966), name(800证保)
2026-08-28 10:00:24,848 [WARNING] anetf.datasources.cni: GZ: Update 399966 failed, index not found in gz_df.
2026-08-28 10:00:24,848 [INFO] anetf.datasources.csindex: CSI: Update PE index id(399966), name(800证保)
2026-08-28 10:00:24,866 [ERROR] anetf.datasources.juquaner: JQ: query failed for all candidates: ['CS智汽车']
2026-08-28 10:00:24,867 [INFO] anetf.datasources.csindex: ZZ: Update PE index id(930721)
2026-08-28 10:00:24,890 [ERROR] __main__: 中证指数: fetch failed for 930721: HTTP Error 403: Forbidden
2026-08-28 10:00:24,890 [INFO] anetf.datasources.cni: GZ: Update PE index id(930721), name(CS智汽车)
2026-08-28 10:00:24,890 [WARNING] anetf.datasources.cni: GZ: Update 930721 failed, index not found in gz_df.
2026-08-28 10:00:24,890 [INFO] anetf.datasources.csindex: CSI: Update PE index id(930721), name(CS智汽车)
2026-08-28 10:00:24,993 [ERROR] anetf.datasources.juquaner: JQ: query failed for all candidates: ['疫苗生物']
2026-08-28 10:00:24,993 [INFO] anetf.datasources.csindex: ZZ: Update PE index id(931992)
2026-08-28 10:00:25,015 [ERROR] __main__: 中证指数: fetch failed for 931992: HTTP Error 403: Forbidden
2026-08-28 10:00:25,015 [INFO] anetf.datasources.cni: GZ: Update PE index id(931992), name(疫苗生物)
2026-08-28 10:00:25,016 [WARNING] anetf.datasources.cni: GZ: Update 931992 failed, index not found in gz_df.
2026-08-28 10:00:25,016 [INFO] anetf.datasources.csindex: CSI: Update PE index id(931992), name(疫苗生物)
2026-08-28 10:00:25,102 [INFO] __main__: 71: Update PE index for 399667/创业成长
2026-08-28 10:00:25,102 [INFO] anetf.datasources.juquaner: JQ: Update PE index id(399667), local_name(创业成长), trying funddb_name(创业成长)
2026-08-28 10:00:25,175 [INFO] __main__: 72: Update PE index for 000069/消费80
2026-08-28 10:00:25,175 [INFO] anetf.datasources.juquaner: JQ: Update PE index id(000069), local_name(消费80), trying funddb_name(消费80)
2026-08-28 10:00:25,504 [INFO] __main__: 73: Update PE index for 932088/全指航空
2026-08-28 10:00:25,504 [INFO] anetf.datasources.juquaner: JQ: Update PE index id(932088), local_name(全指航空), trying funddb_name(全指航空)
2026-08-28 10:00:25,523 [ERROR] __main__: 中证指数: fetch failed for 932422: The read operation timed out
2026-08-28 10:00:25,523 [INFO] anetf.datasources.cni: GZ: Update PE index id(932422), name(A500红利低波)
2026-08-28 10:00:25,523 [WARNING] anetf.datasources.cni: GZ: Update 932422 failed, index not found in gz_df.
2026-08-28 10:00:25,523 [INFO] anetf.datasources.csindex: CSI: Update PE index id(932422), name(A500红利低波)
2026-08-28 10:00:25,650 [INFO] __main__: 74: Update PE index for 931009/建筑材料
2026-08-28 10:00:25,650 [INFO] anetf.datasources.juquaner: JQ: Update PE index id(931009), local_name(建筑材料), trying funddb_name(建筑材料)
2026-08-28 10:00:25,713 [ERROR] anetf.datasources.juquaner: JQ: query failed for all candidates: ['创业成长']
2026-08-28 10:00:25,713 [INFO] anetf.datasources.csindex: ZZ: Update PE index id(399667)
2026-08-28 10:00:25,736 [ERROR] __main__: 中证指数: fetch failed for 399667: HTTP Error 403: Forbidden
2026-08-28 10:00:25,737 [INFO] anetf.datasources.cni: GZ: Update PE index id(399667), name(创业成长)
2026-08-28 10:00:25,746 [INFO] __main__: 76: Update PE index for 931468/红利质量
2026-08-28 10:00:25,746 [INFO] anetf.datasources.juquaner: JQ: Update PE index id(931468), local_name(红利质量), trying funddb_name(红利质量)
2026-08-28 10:00:25,896 [INFO] __main__: 77: Update PE index for FCHI/法国CAC40
2026-08-28 10:00:25,897 [INFO] anetf.datasources.juquaner: JQ: Update PE index id(FCHI), local_name(法国CAC40), trying funddb_name(法国CAC40)
2026-08-28 10:00:26,223 [INFO] __main__: 78: Update PE index for 931248/油气资源
2026-08-28 10:00:26,223 [INFO] anetf.datasources.juquaner: JQ: Update PE index id(931248), local_name(油气资源), trying funddb_name(油气资源)
2026-08-28 10:00:26,483 [ERROR] anetf.datasources.juquaner: JQ: query failed for all candidates: ['法国CAC40']
2026-08-28 10:00:26,484 [INFO] anetf.datasources.csindex: ZZ: Update PE index id(FCHI)
2026-08-28 10:00:26,507 [ERROR] __main__: 中证指数: fetch failed for FCHI: HTTP Error 403: Forbidden
2026-08-28 10:00:26,507 [INFO] anetf.datasources.cni: GZ: Update PE index id(FCHI), name(法国CAC40)
2026-08-28 10:00:26,507 [WARNING] anetf.datasources.cni: GZ: Update FCHI failed, index not found in gz_df.
2026-08-28 10:00:26,508 [INFO] anetf.datasources.csindex: CSI: Update PE index id(FCHI), name(法国CAC40)
2026-08-28 10:00:26,570 [INFO] __main__: 79: Update PE index for 930903/中证A股
2026-08-28 10:00:26,570 [INFO] anetf.datasources.juquaner: JQ: Update PE index id(930903), local_name(中证A股), trying funddb_name(中证A股)
2026-08-28 10:00:26,587 [ERROR] __main__: 中证指数行情: fetch failed for FCHI: Length mismatch: Expected axis has 0 elements, new values have 16 elements
2026-08-28 10:00:26,588 [WARNING] anetf.datasources.price: PRICE: No price source for FCHI
2026-08-28 10:00:26,588 [INFO] __main__: 80: Update PE index for 987006/港股科技
2026-08-28 10:00:26,588 [INFO] anetf.datasources.juquaner: JQ: Update PE index id(987006), local_name(港股科技), trying funddb_name(港股科技)
2026-08-28 10:00:26,690 [ERROR] anetf.datasources.juquaner: JQ: query failed for all candidates: ['消费80']
2026-08-28 10:00:26,690 [INFO] anetf.datasources.csindex: ZZ: Update PE index id(000069)
2026-08-28 10:00:26,713 [ERROR] __main__: 中证指数: fetch failed for 000069: HTTP Error 403: Forbidden
2026-08-28 10:00:26,714 [INFO] anetf.datasources.cni: GZ: Update PE index id(000069), name(消费80)
2026-08-28 10:00:26,714 [WARNING] anetf.datasources.cni: GZ: Update 000069 failed, index not found in gz_df.
2026-08-28 10:00:26,714 [INFO] anetf.datasources.csindex: CSI: Update PE index id(000069), name(消费80)
2026-08-28 10:00:26,752 [ERROR] __main__: 中证指数: fetch failed for 931068: The read operation timed out
2026-08-28 10:00:26,752 [INFO] anetf.datasources.cni: GZ: Update PE index id(931068), name(消费龙头)
2026-08-28 10:00:26,752 [WARNING] anetf.datasources.cni: GZ: Update 931068 failed, index not found in gz_df.
2026-08-28 10:00:26,752 [INFO] anetf.datasources.csindex: CSI: Update PE index id(931068), name(消费龙头)
2026-08-28 10:00:26,793 [ERROR] anetf.datasources.juquaner: JQ: query failed for all candidates: ['全指航空']
2026-08-28 10:00:26,793 [INFO] anetf.datasources.csindex: ZZ: Update PE index id(932088)
2026-08-28 10:00:26,816 [ERROR] __main__: 中证指数: fetch failed for 932088: HTTP Error 403: Forbidden
2026-08-28 10:00:26,816 [INFO] anetf.datasources.cni: GZ: Update PE index id(932088), name(全指航空)
2026-08-28 10:00:26,816 [WARNING] anetf.datasources.cni: GZ: Update 932088 failed, index not found in gz_df.
2026-08-28 10:00:26,816 [INFO] anetf.datasources.csindex: CSI: Update PE index id(932088), name(全指航空)
2026-08-28 10:00:26,905 [INFO] __main__: 81: Update PE index for 970080/科技50
2026-08-28 10:00:26,905 [INFO] anetf.datasources.juquaner: JQ: Update PE index id(970080), local_name(科技50), trying funddb_name(科技50)
2026-08-28 10:00:27,027 [ERROR] anetf.datasources.juquaner: JQ: query failed for all candidates: ['建筑材料']
2026-08-28 10:00:27,027 [INFO] anetf.datasources.csindex: ZZ: Update PE index id(931009)
2026-08-28 10:00:27,050 [ERROR] __main__: 中证指数: fetch failed for 931009: HTTP Error 403: Forbidden
2026-08-28 10:00:27,051 [INFO] anetf.datasources.cni: GZ: Update PE index id(931009), name(建筑材料)
2026-08-28 10:00:27,051 [WARNING] anetf.datasources.cni: GZ: Update 931009 failed, index not found in gz_df.
2026-08-28 10:00:27,051 [INFO] anetf.datasources.csindex: CSI: Update PE index id(931009), name(建筑材料)
2026-08-28 10:00:27,142 [ERROR] anetf.datasources.juquaner: JQ: query failed for all candidates: ['红利质量']
2026-08-28 10:00:27,143 [INFO] anetf.datasources.csindex: ZZ: Update PE index id(931468)
2026-08-28 10:00:27,166 [ERROR] __main__: 中证指数: fetch failed for 931468: HTTP Error 403: Forbidden
2026-08-28 10:00:27,166 [INFO] anetf.datasources.cni: GZ: Update PE index id(931468), name(红利质量)
2026-08-28 10:00:27,167 [WARNING] anetf.datasources.cni: GZ: Update 931468 failed, index not found in gz_df.
2026-08-28 10:00:27,167 [INFO] anetf.datasources.csindex: CSI: Update PE index id(931468), name(红利质量)
2026-08-28 10:00:27,195 [ERROR] anetf.datasources.juquaner: JQ: query failed for all candidates: ['中证A股']
2026-08-28 10:00:27,196 [INFO] anetf.datasources.csindex: ZZ: Update PE index id(930903)
2026-08-28 10:00:27,222 [ERROR] anetf.datasources.juquaner: JQ: query failed for all candidates: ['港股科技']
2026-08-28 10:00:27,223 [INFO] anetf.datasources.cni: GZ: Update PE index id(987006), name(港股科技)
2026-08-28 10:00:27,223 [WARNING] anetf.datasources.cni: GZ: Update 987006 skipped, PE is NaN in gz_df.
2026-08-28 10:00:27,223 [INFO] anetf.datasources.price: PRICE: Update index id(987006), name(港股科技), source=cni
2026-08-28 10:00:27,226 [ERROR] __main__: 中证指数: fetch failed for 930903: HTTP Error 403: Forbidden
2026-08-28 10:00:27,226 [INFO] anetf.datasources.cni: GZ: Update PE index id(930903), name(中证A股)
2026-08-28 10:00:27,226 [WARNING] anetf.datasources.cni: GZ: Update 930903 failed, index not found in gz_df.
2026-08-28 10:00:27,226 [INFO] anetf.datasources.csindex: CSI: Update PE index id(930903), name(中证A股)
2026-08-28 10:00:27,326 [INFO] anetf.datasources.price: PRICE: CNI index 987006 loaded 243 rows from index_hist_cni
2026-08-28 10:00:27,329 [INFO] __main__: 82: Update PE index for 399395/国证有色
2026-08-28 10:00:27,329 [INFO] anetf.datasources.juquaner: JQ: Update PE index id(399395), local_name(国证有色), trying funddb_name(国证有色)
2026-08-28 10:00:27,513 [INFO] __main__: 83: Update PE index for 399293/创业大盘
2026-08-28 10:00:27,513 [INFO] anetf.datasources.juquaner: JQ: Update PE index id(399293), local_name(创业大盘), trying funddb_name(创业大盘)
2026-08-28 10:00:27,555 [ERROR] anetf.datasources.juquaner: JQ: query failed for all candidates: ['油气资源']
2026-08-28 10:00:27,555 [INFO] anetf.datasources.csindex: ZZ: Update PE index id(931248)
2026-08-28 10:00:27,555 [INFO] __main__: 84: Update PE index for 931456/中国教育
2026-08-28 10:00:27,556 [INFO] anetf.datasources.juquaner: JQ: Update PE index id(931456), local_name(中国教育), trying funddb_name(中国教育)
2026-08-28 10:00:27,580 [ERROR] __main__: 中证指数: fetch failed for 931248: HTTP Error 403: Forbidden
2026-08-28 10:00:27,580 [INFO] anetf.datasources.cni: GZ: Update PE index id(931248), name(油气资源)
2026-08-28 10:00:27,580 [WARNING] anetf.datasources.cni: GZ: Update 931248 failed, index not found in gz_df.
2026-08-28 10:00:27,580 [INFO] anetf.datasources.csindex: CSI: Update PE index id(931248), name(油气资源)
2026-08-28 10:00:28,104 [ERROR] anetf.datasources.juquaner: JQ: query failed for all candidates: ['创业大盘']
2026-08-28 10:00:28,104 [INFO] anetf.datasources.csindex: ZZ: Update PE index id(399293)
2026-08-28 10:00:28,142 [ERROR] __main__: 中证指数: fetch failed for 399293: HTTP Error 403: Forbidden
2026-08-28 10:00:28,142 [INFO] anetf.datasources.cni: GZ: Update PE index id(399293), name(创业大盘)
2026-08-28 10:00:28,160 [INFO] __main__: 85: Update PE index for 932087/集成电路
2026-08-28 10:00:28,169 [INFO] anetf.datasources.juquaner: JQ: Update PE index id(932087), local_name(集成电路), trying funddb_name(集成电路)
2026-08-28 10:00:28,189 [INFO] __main__: 86: Update PE index for H11057/石化产业
2026-08-28 10:00:28,190 [INFO] anetf.datasources.juquaner: JQ: Update PE index id(H11057), local_name(石化产业), trying funddb_name(石化产业)
2026-08-28 10:00:28,192 [ERROR] anetf.datasources.juquaner: JQ: query failed for all candidates: ['科技50']
2026-08-28 10:00:28,193 [INFO] anetf.datasources.csindex: ZZ: Update PE index id(970080)
2026-08-28 10:00:28,217 [ERROR] __main__: 中证指数: fetch failed for 970080: HTTP Error 403: Forbidden
2026-08-28 10:00:28,217 [INFO] anetf.datasources.cni: GZ: Update PE index id(970080), name(科技50)
2026-08-28 10:00:28,227 [INFO] __main__: 87: Update PE index for 399417/新能源车
2026-08-28 10:00:28,228 [INFO] anetf.datasources.juquaner: JQ: Update PE index id(399417), local_name(新能源车), trying funddb_name(新能源车)
2026-08-28 10:00:28,481 [ERROR] anetf.datasources.juquaner: JQ: query failed for all candidates: ['国证有色']
2026-08-28 10:00:28,481 [INFO] anetf.datasources.csindex: ZZ: Update PE index id(399395)
2026-08-28 10:00:28,505 [ERROR] __main__: 中证指数: fetch failed for 399395: HTTP Error 403: Forbidden
2026-08-28 10:00:28,505 [INFO] anetf.datasources.cni: GZ: Update PE index id(399395), name(国证有色)
2026-08-28 10:00:28,513 [INFO] __main__: 88: Update PE index for 399439/国证油气
2026-08-28 10:00:28,514 [INFO] anetf.datasources.juquaner: JQ: Update PE index id(399439), local_name(国证油气), trying funddb_name(国证油气)
2026-08-28 10:00:28,981 [ERROR] anetf.datasources.juquaner: JQ: query failed for all candidates: ['中国教育']
2026-08-28 10:00:28,981 [INFO] anetf.datasources.csindex: ZZ: Update PE index id(931456)
2026-08-28 10:00:28,982 [INFO] __main__: 89: Update PE index for 399275/创医药
2026-08-28 10:00:28,982 [INFO] anetf.datasources.juquaner: JQ: Update PE index id(399275), local_name(创医药), trying funddb_name(创医药)
2026-08-28 10:00:29,003 [ERROR] __main__: 中证指数: fetch failed for 931456: HTTP Error 403: Forbidden
2026-08-28 10:00:29,003 [INFO] anetf.datasources.cni: GZ: Update PE index id(931456), name(中国教育)
2026-08-28 10:00:29,003 [WARNING] anetf.datasources.cni: GZ: Update 931456 failed, index not found in gz_df.
2026-08-28 10:00:29,003 [INFO] anetf.datasources.csindex: CSI: Update PE index id(931456), name(中国教育)
2026-08-28 10:00:29,072 [ERROR] anetf.datasources.juquaner: JQ: query failed for all candidates: ['新能源车']
2026-08-28 10:00:29,078 [INFO] anetf.datasources.csindex: ZZ: Update PE index id(399417)
2026-08-28 10:00:29,092 [INFO] __main__: 90: Update PE index for 000010/上证180
2026-08-28 10:00:29,092 [INFO] anetf.datasources.juquaner: JQ: Update PE index id(000010), local_name(上证180), trying funddb_name(上证180)
2026-08-28 10:00:29,106 [ERROR] __main__: 中证指数: fetch failed for 399417: HTTP Error 403: Forbidden
2026-08-28 10:00:29,106 [INFO] anetf.datasources.cni: GZ: Update PE index id(399417), name(新能源车)
2026-08-28 10:00:29,124 [INFO] __main__: 91: Update PE index for 000815/细分食品
2026-08-28 10:00:29,124 [INFO] anetf.datasources.juquaner: JQ: Update PE index id(000815), local_name(细分食品), trying funddb_name(细分食品)
2026-08-28 10:00:29,344 [INFO] __main__: 92: Update PE index for 980015/疫苗生科
2026-08-28 10:00:29,344 [INFO] anetf.datasources.juquaner: JQ: Update PE index id(980015), local_name(疫苗生科), trying funddb_name(疫苗生科)
2026-08-28 10:00:29,392 [ERROR] anetf.datasources.juquaner: JQ: query failed for all candidates: ['集成电路']
2026-08-28 10:00:29,392 [INFO] anetf.datasources.csindex: ZZ: Update PE index id(932087)
2026-08-28 10:00:29,415 [ERROR] __main__: 中证指数: fetch failed for 932087: HTTP Error 403: Forbidden
2026-08-28 10:00:29,415 [INFO] anetf.datasources.cni: GZ: Update PE index id(932087), name(集成电路)
2026-08-28 10:00:29,415 [WARNING] anetf.datasources.cni: GZ: Update 932087 failed, index not found in gz_df.
2026-08-28 10:00:29,415 [INFO] anetf.datasources.csindex: CSI: Update PE index id(932087), name(集成电路)
2026-08-28 10:00:29,480 [ERROR] anetf.datasources.juquaner: JQ: query failed for all candidates: ['石化产业']
2026-08-28 10:00:29,480 [INFO] anetf.datasources.csindex: ZZ: Update PE index id(H11057)
2026-08-28 10:00:29,504 [ERROR] __main__: 中证指数: fetch failed for H11057: HTTP Error 403: Forbidden
2026-08-28 10:00:29,504 [INFO] anetf.datasources.cni: GZ: Update PE index id(H11057), name(石化产业)
2026-08-28 10:00:29,504 [WARNING] anetf.datasources.cni: GZ: Update H11057 failed, index not found in gz_df.
2026-08-28 10:00:29,504 [INFO] anetf.datasources.csindex: CSI: Update PE index id(H11057), name(石化产业)
2026-08-28 10:00:29,736 [INFO] __main__: 93: Update PE index for 000991/全指医药
2026-08-28 10:00:29,736 [INFO] anetf.datasources.juquaner: JQ: Update PE index id(000991), local_name(全指医药), trying funddb_name(全指医药)
2026-08-28 10:00:29,793 [ERROR] anetf.datasources.juquaner: JQ: query failed for all candidates: ['国证油气']
2026-08-28 10:00:29,793 [INFO] anetf.datasources.csindex: ZZ: Update PE index id(399439)
2026-08-28 10:00:29,814 [ERROR] __main__: 中证指数: fetch failed for 399439: HTTP Error 403: Forbidden
2026-08-28 10:00:29,814 [INFO] anetf.datasources.cni: GZ: Update PE index id(399439), name(国证油气)
2026-08-28 10:00:29,823 [INFO] __main__: 94: Update PE index for 931461/电子50
2026-08-28 10:00:29,824 [INFO] anetf.datasources.juquaner: JQ: Update PE index id(931461), local_name(电子50), trying funddb_name(电子50)
2026-08-28 10:00:30,068 [INFO] __main__: 95: Update PE index for 399437/证券龙头
2026-08-28 10:00:30,068 [INFO] anetf.datasources.juquaner: JQ: Update PE index id(399437), local_name(证券龙头), trying funddb_name(证券龙头)
2026-08-28 10:00:30,263 [ERROR] anetf.datasources.juquaner: JQ: query failed for all candidates: ['创医药']
2026-08-28 10:00:30,263 [INFO] anetf.datasources.csindex: ZZ: Update PE index id(399275)
2026-08-28 10:00:30,285 [ERROR] __main__: 中证指数: fetch failed for 399275: HTTP Error 403: Forbidden
2026-08-28 10:00:30,286 [INFO] anetf.datasources.cni: GZ: Update PE index id(399275), name(创医药)
2026-08-28 10:00:30,292 [INFO] __main__: 96: Update PE index for 399389/国证通信
2026-08-28 10:00:30,292 [INFO] anetf.datasources.juquaner: JQ: Update PE index id(399389), local_name(国证通信), trying funddb_name(国证通信)
2026-08-28 10:00:30,353 [ERROR] anetf.datasources.juquaner: JQ: query failed for all candidates: ['全指医药']
2026-08-28 10:00:30,353 [INFO] anetf.datasources.csindex: ZZ: Update PE index id(000991)
2026-08-28 10:00:30,382 [ERROR] anetf.datasources.juquaner: JQ: query failed for all candidates: ['上证180']
2026-08-28 10:00:30,383 [INFO] anetf.datasources.csindex: ZZ: Update PE index id(000010)
2026-08-28 10:00:30,389 [ERROR] anetf.datasources.juquaner: JQ: query failed for all candidates: ['疫苗生科']
2026-08-28 10:00:30,390 [INFO] anetf.datasources.cni: GZ: Update PE index id(980015), name(疫苗生科)
2026-08-28 10:00:30,409 [ERROR] anetf.datasources.juquaner: JQ: query failed for all candidates: ['细分食品']
2026-08-28 10:00:30,410 [INFO] anetf.datasources.csindex: ZZ: Update PE index id(000815)
2026-08-28 10:00:30,410 [INFO] __main__: 97: Update PE index for 930606/中证钢铁
2026-08-28 10:00:30,410 [INFO] anetf.datasources.juquaner: JQ: Update PE index id(930606), local_name(中证钢铁), trying funddb_name(中证钢铁)
2026-08-28 10:00:30,418 [ERROR] __main__: 中证指数: fetch failed for 000010: HTTP Error 403: Forbidden
2026-08-28 10:00:30,419 [INFO] anetf.datasources.cni: GZ: Update PE index id(000010), name(上证180)
2026-08-28 10:00:30,419 [WARNING] anetf.datasources.cni: GZ: Update 000010 failed, index not found in gz_df.
2026-08-28 10:00:30,419 [INFO] anetf.datasources.csindex: CSI: Update PE index id(000010), name(上证180)
2026-08-28 10:00:30,433 [ERROR] __main__: 中证指数: fetch failed for 000815: HTTP Error 403: Forbidden
2026-08-28 10:00:30,433 [INFO] anetf.datasources.cni: GZ: Update PE index id(000815), name(细分食品)
2026-08-28 10:00:30,433 [WARNING] anetf.datasources.cni: GZ: Update 000815 failed, index not found in gz_df.
2026-08-28 10:00:30,433 [INFO] anetf.datasources.csindex: CSI: Update PE index id(000815), name(细分食品)
2026-08-28 10:00:30,458 [ERROR] __main__: 中证指数: fetch failed for 000991: HTTP Error 403: Forbidden
2026-08-28 10:00:30,458 [INFO] anetf.datasources.cni: GZ: Update PE index id(000991), name(全指医药)
2026-08-28 10:00:30,458 [WARNING] anetf.datasources.cni: GZ: Update 000991 failed, index not found in gz_df.
2026-08-28 10:00:30,458 [INFO] anetf.datasources.csindex: CSI: Update PE index id(000991), name(全指医药)
2026-08-28 10:00:30,612 [INFO] __main__: 98: Update PE index for 931412/证券公司30
2026-08-28 10:00:30,612 [INFO] anetf.datasources.juquaner: JQ: Update PE index id(931412), local_name(证券公司30), trying funddb_name(证券公司30)
2026-08-28 10:00:30,689 [ERROR] anetf.datasources.juquaner: JQ: query failed for all candidates: ['证券龙头']
2026-08-28 10:00:30,689 [INFO] anetf.datasources.csindex: ZZ: Update PE index id(399437)
2026-08-28 10:00:30,713 [ERROR] __main__: 中证指数: fetch failed for 399437: HTTP Error 403: Forbidden
2026-08-28 10:00:30,713 [INFO] anetf.datasources.cni: GZ: Update PE index id(399437), name(证券龙头)
2026-08-28 10:00:30,721 [INFO] __main__: 99: Update PE index for 930743/中证生科
2026-08-28 10:00:30,721 [INFO] anetf.datasources.juquaner: JQ: Update PE index id(930743), local_name(中证生科), trying funddb_name(中证生科)
2026-08-28 10:00:30,924 [INFO] __main__: 100: Update PE index for 931484/CS医药创新
2026-08-28 10:00:30,924 [INFO] anetf.datasources.juquaner: JQ: Update PE index id(931484), local_name(CS医药创新), trying funddb_name(CS医药创新)
2026-08-28 10:00:31,089 [ERROR] anetf.datasources.juquaner: JQ: query failed for all candidates: ['电子50']
2026-08-28 10:00:31,089 [INFO] anetf.datasources.csindex: ZZ: Update PE index id(931461)
2026-08-28 10:00:31,111 [ERROR] __main__: 中证指数: fetch failed for 931461: HTTP Error 403: Forbidden
2026-08-28 10:00:31,111 [INFO] anetf.datasources.cni: GZ: Update PE index id(931461), name(电子50)
2026-08-28 10:00:31,111 [WARNING] anetf.datasources.cni: GZ: Update 931461 failed, index not found in gz_df.
2026-08-28 10:00:31,112 [INFO] anetf.datasources.csindex: CSI: Update PE index id(931461), name(电子50)
2026-08-28 10:00:31,220 [INFO] __main__: 101: Update PE index for 931139/CS消费50
2026-08-28 10:00:31,220 [INFO] anetf.datasources.juquaner: JQ: Update PE index id(931139), local_name(CS消费50), trying funddb_name(CS消费50)
2026-08-28 10:00:31,294 [ERROR] anetf.datasources.juquaner: JQ: query failed for all candidates: ['中证钢铁']
2026-08-28 10:00:31,295 [INFO] anetf.datasources.csindex: ZZ: Update PE index id(930606)
2026-08-28 10:00:31,320 [ERROR] __main__: 中证指数: fetch failed for 930606: HTTP Error 403: Forbidden
2026-08-28 10:00:31,320 [INFO] anetf.datasources.cni: GZ: Update PE index id(930606), name(中证钢铁)
2026-08-28 10:00:31,320 [WARNING] anetf.datasources.cni: GZ: Update 930606 failed, index not found in gz_df.
2026-08-28 10:00:31,321 [INFO] anetf.datasources.csindex: CSI: Update PE index id(930606), name(中证钢铁)
2026-08-28 10:00:31,403 [INFO] __main__: 102: Update PE index for 987003/港股通50
2026-08-28 10:00:31,404 [INFO] anetf.datasources.juquaner: JQ: Update PE index id(987003), local_name(港股通50), trying funddb_name(港股通50)
2026-08-28 10:00:31,841 [ERROR] anetf.datasources.juquaner: JQ: query failed for all candidates: ['国证通信']
2026-08-28 10:00:31,841 [INFO] anetf.datasources.csindex: ZZ: Update PE index id(399389)
2026-08-28 10:00:31,865 [ERROR] __main__: 中证指数: fetch failed for 399389: HTTP Error 403: Forbidden
2026-08-28 10:00:31,865 [INFO] anetf.datasources.cni: GZ: Update PE index id(399389), name(国证通信)
2026-08-28 10:00:31,884 [INFO] __main__: 104: Update PE index for 930641/中证中药
2026-08-28 10:00:31,887 [ERROR] anetf.datasources.juquaner: JQ: query failed for all candidates: ['证券公司30']
2026-08-28 10:00:31,888 [INFO] anetf.datasources.csindex: ZZ: Update PE index id(931412)
2026-08-28 10:00:31,887 [INFO] anetf.datasources.juquaner: JQ: Update PE index id(930641), local_name(中证中药), trying funddb_name(中证中药)
2026-08-28 10:00:31,898 [ERROR] anetf.datasources.juquaner: JQ: query failed for all candidates: ['中证生科']
2026-08-28 10:00:31,901 [INFO] anetf.datasources.csindex: ZZ: Update PE index id(930743)
2026-08-28 10:00:31,947 [ERROR] __main__: 中证指数: fetch failed for 931412: HTTP Error 403: Forbidden
2026-08-28 10:00:31,948 [INFO] anetf.datasources.cni: GZ: Update PE index id(931412), name(证券公司30)
2026-08-28 10:00:31,948 [WARNING] anetf.datasources.cni: GZ: Update 931412 failed, index not found in gz_df.
2026-08-28 10:00:31,948 [INFO] anetf.datasources.csindex: CSI: Update PE index id(931412), name(证券公司30)
2026-08-28 10:00:31,949 [INFO] __main__: 105: Update PE index for 399850/深证50
2026-08-28 10:00:31,949 [INFO] anetf.datasources.juquaner: JQ: Update PE index id(399850), local_name(深证50), trying funddb_name(深证50)
2026-08-28 10:00:31,950 [ERROR] __main__: 中证指数: fetch failed for 930743: HTTP Error 403: Forbidden
2026-08-28 10:00:31,951 [INFO] anetf.datasources.cni: GZ: Update PE index id(930743), name(中证生科)
2026-08-28 10:00:31,951 [WARNING] anetf.datasources.cni: GZ: Update 930743 failed, index not found in gz_df.
2026-08-28 10:00:31,951 [INFO] anetf.datasources.csindex: CSI: Update PE index id(930743), name(中证生科)
2026-08-28 10:00:32,057 [ERROR] anetf.datasources.juquaner: JQ: query failed for all candidates: ['CS医药创新']
2026-08-28 10:00:32,057 [INFO] anetf.datasources.csindex: ZZ: Update PE index id(931484)
2026-08-28 10:00:32,081 [ERROR] __main__: 中证指数: fetch failed for 931484: HTTP Error 403: Forbidden
2026-08-28 10:00:32,082 [INFO] anetf.datasources.cni: GZ: Update PE index id(931484), name(CS医药创新)
2026-08-28 10:00:32,082 [WARNING] anetf.datasources.cni: GZ: Update 931484 failed, index not found in gz_df.
2026-08-28 10:00:32,082 [INFO] anetf.datasources.csindex: CSI: Update PE index id(931484), name(CS医药创新)
2026-08-28 10:00:32,344 [INFO] __main__: 106: Update PE index for 399965/800地产
2026-08-28 10:00:32,344 [INFO] anetf.datasources.juquaner: JQ: Update PE index id(399965), local_name(800地产), trying funddb_name(800地产)
2026-08-28 10:00:32,516 [ERROR] anetf.datasources.juquaner: JQ: query failed for all candidates: ['CS消费50']
2026-08-28 10:00:32,517 [INFO] anetf.datasources.csindex: ZZ: Update PE index id(931139)
2026-08-28 10:00:32,555 [ERROR] __main__: 中证指数: fetch failed for 931139: HTTP Error 403: Forbidden
2026-08-28 10:00:32,555 [INFO] anetf.datasources.cni: GZ: Update PE index id(931139), name(CS消费50)
2026-08-28 10:00:32,555 [WARNING] anetf.datasources.cni: GZ: Update 931139 failed, index not found in gz_df.
2026-08-28 10:00:32,555 [INFO] anetf.datasources.csindex: CSI: Update PE index id(931139), name(CS消费50)
2026-08-28 10:00:32,569 [INFO] __main__: 107: Update PE index for H30198/油气产业
2026-08-28 10:00:32,570 [INFO] anetf.datasources.juquaner: JQ: Update PE index id(H30198), local_name(油气产业), trying funddb_name(油气产业)
2026-08-28 10:00:32,635 [ERROR] anetf.datasources.juquaner: JQ: query failed for all candidates: ['中证中药']
2026-08-28 10:00:32,635 [INFO] anetf.datasources.csindex: ZZ: Update PE index id(930641)
2026-08-28 10:00:32,658 [ERROR] __main__: 中证指数: fetch failed for 930641: HTTP Error 403: Forbidden
2026-08-28 10:00:32,658 [INFO] anetf.datasources.cni: GZ: Update PE index id(930641), name(中证中药)
2026-08-28 10:00:32,658 [WARNING] anetf.datasources.cni: GZ: Update 930641 failed, index not found in gz_df.
2026-08-28 10:00:32,658 [INFO] anetf.datasources.csindex: CSI: Update PE index id(930641), name(中证中药)
2026-08-28 10:00:32,763 [ERROR] anetf.datasources.juquaner: JQ: query failed for all candidates: ['港股通50']
2026-08-28 10:00:32,764 [INFO] anetf.datasources.cni: GZ: Update PE index id(987003), name(港股通50)
2026-08-28 10:00:32,764 [WARNING] anetf.datasources.cni: GZ: Update 987003 skipped, PE is NaN in gz_df.
2026-08-28 10:00:32,764 [INFO] anetf.datasources.price: PRICE: Update index id(987003), name(港股通50), source=cni
2026-08-28 10:00:32,909 [INFO] anetf.datasources.price: PRICE: CNI index 987003 loaded 243 rows from index_hist_cni
2026-08-28 10:00:32,913 [INFO] __main__: 108: Update PE index for 930651/CS计算机
2026-08-28 10:00:32,913 [INFO] anetf.datasources.juquaner: JQ: Update PE index id(930651), local_name(CS计算机), trying funddb_name(CS计算机)
2026-08-28 10:00:33,102 [INFO] __main__: 109: Update PE index for 399438/绿色电力
2026-08-28 10:00:33,104 [ERROR] anetf.datasources.juquaner: JQ: query failed for all candidates: ['800地产']
2026-08-28 10:00:33,104 [INFO] anetf.datasources.csindex: ZZ: Update PE index id(399965)
2026-08-28 10:00:33,104 [INFO] anetf.datasources.juquaner: JQ: Update PE index id(399438), local_name(绿色电力), trying funddb_name(绿色电力)
2026-08-28 10:00:33,153 [ERROR] __main__: 中证指数: fetch failed for 399965: HTTP Error 403: Forbidden
2026-08-28 10:00:33,153 [INFO] anetf.datasources.cni: GZ: Update PE index id(399965), name(800地产)
2026-08-28 10:00:33,153 [WARNING] anetf.datasources.cni: GZ: Update 399965 failed, index not found in gz_df.
2026-08-28 10:00:33,153 [INFO] anetf.datasources.csindex: CSI: Update PE index id(399965), name(800地产)
2026-08-28 10:00:33,158 [INFO] __main__: 110: Update PE index for 399264/创业软件
2026-08-28 10:00:33,158 [INFO] anetf.datasources.juquaner: JQ: Update PE index id(399264), local_name(创业软件), trying funddb_name(创业软件)
2026-08-28 10:00:33,197 [ERROR] anetf.datasources.juquaner: JQ: query failed for all candidates: ['深证50']
2026-08-28 10:00:33,198 [INFO] anetf.datasources.csindex: ZZ: Update PE index id(399850)
2026-08-28 10:00:33,220 [ERROR] __main__: 中证指数: fetch failed for 399850: HTTP Error 403: Forbidden
2026-08-28 10:00:33,220 [INFO] anetf.datasources.cni: GZ: Update PE index id(399850), name(深证50)
2026-08-28 10:00:33,230 [INFO] __main__: 111: Update PE index for 931892/有色矿业
2026-08-28 10:00:33,230 [INFO] anetf.datasources.juquaner: JQ: Update PE index id(931892), local_name(有色矿业), trying funddb_name(有色矿业)
2026-08-28 10:00:33,780 [ERROR] anetf.datasources.juquaner: JQ: query failed for all candidates: ['有色矿业']
2026-08-28 10:00:33,780 [INFO] anetf.datasources.csindex: ZZ: Update PE index id(931892)
2026-08-28 10:00:33,804 [ERROR] __main__: 中证指数: fetch failed for 931892: HTTP Error 403: Forbidden
2026-08-28 10:00:33,804 [INFO] anetf.datasources.cni: GZ: Update PE index id(931892), name(有色矿业)
2026-08-28 10:00:33,804 [WARNING] anetf.datasources.cni: GZ: Update 931892 failed, index not found in gz_df.
2026-08-28 10:00:33,804 [INFO] anetf.datasources.csindex: CSI: Update PE index id(931892), name(有色矿业)
2026-08-28 10:00:33,886 [ERROR] anetf.datasources.juquaner: JQ: query failed for all candidates: ['油气产业']
2026-08-28 10:00:33,887 [INFO] anetf.datasources.csindex: ZZ: Update PE index id(H30198)
2026-08-28 10:00:33,897 [INFO] __main__: 112: Update PE index for 399973/中证国防指数
2026-08-28 10:00:33,897 [INFO] anetf.datasources.juquaner: JQ: Update PE index id(399973), local_name(中证国防指数), trying funddb_name(中证国防指数)
2026-08-28 10:00:33,910 [ERROR] __main__: 中证指数: fetch failed for H30198: HTTP Error 403: Forbidden
2026-08-28 10:00:33,910 [INFO] anetf.datasources.cni: GZ: Update PE index id(H30198), name(油气产业)
2026-08-28 10:00:33,910 [WARNING] anetf.datasources.cni: GZ: Update H30198 failed, index not found in gz_df.
2026-08-28 10:00:33,910 [INFO] anetf.datasources.csindex: CSI: Update PE index id(H30198), name(油气产业)
2026-08-28 10:00:34,181 [ERROR] anetf.datasources.juquaner: JQ: query failed for all candidates: ['CS计算机']
2026-08-28 10:00:34,181 [INFO] anetf.datasources.csindex: ZZ: Update PE index id(930651)
2026-08-28 10:00:34,202 [ERROR] __main__: 中证指数: fetch failed for 930651: HTTP Error 403: Forbidden
2026-08-28 10:00:34,202 [INFO] anetf.datasources.cni: GZ: Update PE index id(930651), name(CS计算机)
2026-08-28 10:00:34,202 [WARNING] anetf.datasources.cni: GZ: Update 930651 failed, index not found in gz_df.
2026-08-28 10:00:34,202 [INFO] anetf.datasources.csindex: CSI: Update PE index id(930651), name(CS计算机)
2026-08-28 10:00:34,261 [INFO] __main__: 113: Update PE index for 930902/中证数据
2026-08-28 10:00:34,261 [INFO] anetf.datasources.juquaner: JQ: Update PE index id(930902), local_name(中证数据), trying funddb_name(中证数据)
2026-08-28 10:00:34,294 [ERROR] anetf.datasources.juquaner: JQ: query failed for all candidates: ['绿色电力']
2026-08-28 10:00:34,294 [INFO] anetf.datasources.csindex: ZZ: Update PE index id(399438)
2026-08-28 10:00:34,317 [ERROR] __main__: 中证指数: fetch failed for 399438: HTTP Error 403: Forbidden
2026-08-28 10:00:34,317 [INFO] anetf.datasources.cni: GZ: Update PE index id(399438), name(绿色电力)
2026-08-28 10:00:34,329 [INFO] __main__: 114: Update PE index for 746059/MSCI中国A50互联互通
2026-08-28 10:00:34,329 [INFO] anetf.datasources.juquaner: JQ: Update PE index id(746059), local_name(MSCI中国A50互联互通), trying funddb_name(MSCI中国A50互联互通)
2026-08-28 10:00:34,450 [ERROR] anetf.datasources.juquaner: JQ: query failed for all candidates: ['创业软件']
2026-08-28 10:00:34,450 [INFO] anetf.datasources.csindex: ZZ: Update PE index id(399264)
2026-08-28 10:00:34,473 [ERROR] __main__: 中证指数: fetch failed for 399264: HTTP Error 403: Forbidden
2026-08-28 10:00:34,474 [INFO] anetf.datasources.cni: GZ: Update PE index id(399264), name(创业软件)
2026-08-28 10:00:34,484 [INFO] __main__: 115: Update PE index for 000825/央企红利
2026-08-28 10:00:34,485 [INFO] anetf.datasources.juquaner: JQ: Update PE index id(000825), local_name(央企红利), trying funddb_name(央企红利)
2026-08-28 10:00:34,655 [INFO] __main__: 116: Update PE index for 987016/港股通红利低波
2026-08-28 10:00:34,655 [INFO] anetf.datasources.juquaner: JQ: Update PE index id(987016), local_name(港股通红利低波), trying funddb_name(港股通红利低波)
2026-08-28 10:00:34,907 [ERROR] anetf.datasources.juquaner: JQ: query failed for all candidates: ['MSCI中国A50互联互通']
2026-08-28 10:00:34,907 [INFO] anetf.datasources.csindex: ZZ: Update PE index id(746059)
2026-08-28 10:00:34,929 [ERROR] __main__: 中证指数: fetch failed for 746059: HTTP Error 403: Forbidden
2026-08-28 10:00:34,929 [INFO] anetf.datasources.cni: GZ: Update PE index id(746059), name(MSCI中国A50互联互通)
2026-08-28 10:00:34,929 [WARNING] anetf.datasources.cni: GZ: Update 746059 failed, index not found in gz_df.
2026-08-28 10:00:34,929 [INFO] anetf.datasources.csindex: CSI: Update PE index id(746059), name(MSCI中国A50互联互通)
2026-08-28 10:00:35,005 [ERROR] __main__: 中证指数行情: fetch failed for 746059: Length mismatch: Expected axis has 0 elements, new values have 16 elements
2026-08-28 10:00:35,007 [INFO] anetf.datasources.price: PRICE: Update index id(746059), name(MSCI中国A50互联互通), source=cn
2026-08-28 10:00:35,156 [INFO] anetf.datasources.price: PRICE: primary API failed for sh746059, falling back to csindex
2026-08-28 10:00:35,183 [ERROR] anetf.datasources.juquaner: JQ: query failed for all candidates: ['中证国防指数']
2026-08-28 10:00:35,184 [INFO] anetf.datasources.csindex: ZZ: Update PE index id(399973)
2026-08-28 10:00:35,207 [ERROR] __main__: 中证指数: fetch failed for 399973: HTTP Error 403: Forbidden
2026-08-28 10:00:35,207 [INFO] anetf.datasources.cni: GZ: Update PE index id(399973), name(中证国防指数)
2026-08-28 10:00:35,207 [WARNING] anetf.datasources.cni: GZ: Update 399973 failed, index not found in gz_df.
2026-08-28 10:00:35,207 [INFO] anetf.datasources.csindex: CSI: Update PE index id(399973), name(中证国防指数)
2026-08-28 10:00:35,215 [WARNING] anetf.datasources.price: PRICE: fallback also failed for 746059: Length mismatch: Expected axis has 0 elements, new values have 16 elements
2026-08-28 10:00:35,219 [INFO] __main__: 117: Update PE index for 930050/中证A50
2026-08-28 10:00:35,220 [INFO] anetf.datasources.juquaner: JQ: Update PE index id(930050), local_name(中证A50), trying funddb_name(中证A50)
2026-08-28 10:00:35,275 [ERROR] anetf.datasources.juquaner: JQ: query failed for all candidates: ['港股通红利低波']
2026-08-28 10:00:35,275 [INFO] anetf.datasources.cni: GZ: Update PE index id(987016), name(港股通红利低波)
2026-08-28 10:00:35,276 [WARNING] anetf.datasources.cni: GZ: Update 987016 skipped, PE is NaN in gz_df.
2026-08-28 10:00:35,276 [INFO] anetf.datasources.price: PRICE: Update index id(987016), name(港股通红利低波), source=cni
2026-08-28 10:00:35,283 [INFO] __main__: 118: Update PE index for 000018/180金融
2026-08-28 10:00:35,283 [INFO] anetf.datasources.juquaner: JQ: Update PE index id(000018), local_name(180金融), trying funddb_name(180金融)
2026-08-28 10:00:35,385 [ERROR] anetf.datasources.juquaner: JQ: query failed for all candidates: ['中证数据']
2026-08-28 10:00:35,385 [INFO] anetf.datasources.csindex: ZZ: Update PE index id(930902)
2026-08-28 10:00:35,408 [ERROR] __main__: 中证指数: fetch failed for 930902: HTTP Error 403: Forbidden
2026-08-28 10:00:35,408 [INFO] anetf.datasources.cni: GZ: Update PE index id(930902), name(中证数据)
2026-08-28 10:00:35,408 [WARNING] anetf.datasources.cni: GZ: Update 930902 failed, index not found in gz_df.
2026-08-28 10:00:35,408 [INFO] anetf.datasources.csindex: CSI: Update PE index id(930902), name(中证数据)
2026-08-28 10:00:35,529 [INFO] __main__: 119: Update PE index for 000928/中证能源
2026-08-28 10:00:35,529 [INFO] anetf.datasources.juquaner: JQ: Update PE index id(000928), local_name(中证能源), trying funddb_name(中证能源)
2026-08-28 10:00:35,552 [INFO] __main__: 120: Update PE index for 399001/深证成指
2026-08-28 10:00:35,552 [INFO] anetf.datasources.juquaner: JQ: Update PE index id(399001), local_name(深证成指), trying funddb_name(深证成指)
2026-08-28 10:00:35,755 [INFO] anetf.datasources.price: PRICE: CNI index 987016 loaded 243 rows from index_hist_cni
2026-08-28 10:00:35,758 [INFO] __main__: 121: Update PE index for 000906/中证800
2026-08-28 10:00:35,758 [INFO] anetf.datasources.juquaner: JQ: Update PE index id(000906), local_name(中证800), trying funddb_name(中证800)
2026-08-28 10:00:35,782 [ERROR] anetf.datasources.juquaner: JQ: query failed for all candidates: ['央企红利']
2026-08-28 10:00:35,782 [INFO] anetf.datasources.csindex: ZZ: Update PE index id(000825)
2026-08-28 10:00:35,789 [INFO] __main__: 122: Update PE index for 000692/科创新能
2026-08-28 10:00:35,789 [INFO] anetf.datasources.juquaner: JQ: Update PE index id(000692), local_name(科创新能), trying funddb_name(科创新能)
2026-08-28 10:00:35,803 [ERROR] anetf.datasources.juquaner: JQ: query failed for all candidates: ['中证A50']
2026-08-28 10:00:35,803 [INFO] anetf.datasources.csindex: ZZ: Update PE index id(930050)
2026-08-28 10:00:35,861 [ERROR] __main__: 中证指数: fetch failed for 000825: HTTP Error 403: Forbidden
2026-08-28 10:00:35,861 [INFO] anetf.datasources.cni: GZ: Update PE index id(000825), name(央企红利)
2026-08-28 10:00:35,861 [WARNING] anetf.datasources.cni: GZ: Update 000825 failed, index not found in gz_df.
2026-08-28 10:00:35,861 [INFO] anetf.datasources.csindex: CSI: Update PE index id(000825), name(央企红利)
2026-08-28 10:00:35,907 [ERROR] __main__: 中证指数: fetch failed for 930050: HTTP Error 403: Forbidden
2026-08-28 10:00:35,907 [INFO] anetf.datasources.cni: GZ: Update PE index id(930050), name(中证A50)
2026-08-28 10:00:35,907 [WARNING] anetf.datasources.cni: GZ: Update 930050 failed, index not found in gz_df.
2026-08-28 10:00:35,908 [INFO] anetf.datasources.csindex: CSI: Update PE index id(930050), name(中证A50)
2026-08-28 10:00:36,512 [INFO] __main__: 123: Update PE index for 000933/中证医药
2026-08-28 10:00:36,514 [ERROR] anetf.datasources.juquaner: JQ: query failed for all candidates: ['180金融']
2026-08-28 10:00:36,514 [INFO] anetf.datasources.juquaner: JQ: Update PE index id(000933), local_name(中证医药), trying funddb_name(中证医药)
2026-08-28 10:00:36,514 [INFO] anetf.datasources.csindex: ZZ: Update PE index id(000018)
2026-08-28 10:00:36,562 [ERROR] __main__: 中证指数: fetch failed for 000018: HTTP Error 403: Forbidden
2026-08-28 10:00:36,562 [INFO] anetf.datasources.cni: GZ: Update PE index id(000018), name(180金融)
2026-08-28 10:00:36,562 [WARNING] anetf.datasources.cni: GZ: Update 000018 failed, index not found in gz_df.
2026-08-28 10:00:36,562 [INFO] anetf.datasources.csindex: CSI: Update PE index id(000018), name(180金融)
2026-08-28 10:00:36,601 [ERROR] anetf.datasources.juquaner: JQ: query failed for all candidates: ['深证成指']
2026-08-28 10:00:36,601 [INFO] anetf.datasources.csindex: ZZ: Update PE index id(399001)
2026-08-28 10:00:36,639 [ERROR] __main__: 中证指数: fetch failed for 399001: HTTP Error 403: Forbidden
2026-08-28 10:00:36,640 [INFO] anetf.datasources.cni: GZ: Update PE index id(399001), name(深证成指)
2026-08-28 10:00:36,648 [INFO] __main__: 124: Update PE index for 932315/中证红利质量
2026-08-28 10:00:36,648 [INFO] anetf.datasources.juquaner: JQ: Update PE index id(932315), local_name(中证红利质量), trying funddb_name(中证红利质量)
2026-08-28 10:00:36,773 [INFO] __main__: 125: Update PE index for 931752/工程机械主题
2026-08-28 10:00:36,773 [INFO] anetf.datasources.juquaner: JQ: Update PE index id(931752), local_name(工程机械主题), trying funddb_name(工程机械主题)
2026-08-28 10:00:36,792 [ERROR] anetf.datasources.juquaner: JQ: query failed for all candidates: ['中证能源']
2026-08-28 10:00:36,793 [INFO] anetf.datasources.csindex: ZZ: Update PE index id(000928)
2026-08-28 10:00:36,817 [ERROR] __main__: 中证指数: fetch failed for 000928: HTTP Error 403: Forbidden
2026-08-28 10:00:36,817 [INFO] anetf.datasources.cni: GZ: Update PE index id(000928), name(中证能源)
2026-08-28 10:00:36,817 [WARNING] anetf.datasources.cni: GZ: Update 000928 failed, index not found in gz_df.
2026-08-28 10:00:36,817 [INFO] anetf.datasources.csindex: CSI: Update PE index id(000928), name(中证能源)
2026-08-28 10:00:36,959 [ERROR] anetf.datasources.juquaner: JQ: query failed for all candidates: ['科创新能']
2026-08-28 10:00:36,959 [INFO] anetf.datasources.csindex: ZZ: Update PE index id(000692)
2026-08-28 10:00:36,987 [ERROR] __main__: 中证指数: fetch failed for 000692: HTTP Error 403: Forbidden
2026-08-28 10:00:36,987 [INFO] anetf.datasources.cni: GZ: Update PE index id(000692), name(科创新能)
2026-08-28 10:00:36,987 [WARNING] anetf.datasources.cni: GZ: Update 000692 failed, index not found in gz_df.
2026-08-28 10:00:36,987 [INFO] anetf.datasources.csindex: CSI: Update PE index id(000692), name(科创新能)
2026-08-28 10:00:37,026 [ERROR] anetf.datasources.juquaner: JQ: query failed for all candidates: ['中证800']
2026-08-28 10:00:37,026 [INFO] anetf.datasources.csindex: ZZ: Update PE index id(000906)
2026-08-28 10:00:37,049 [ERROR] __main__: 中证指数: fetch failed for 000906: HTTP Error 403: Forbidden
2026-08-28 10:00:37,050 [INFO] anetf.datasources.cni: GZ: Update PE index id(000906), name(中证800)
2026-08-28 10:00:37,050 [WARNING] anetf.datasources.cni: GZ: Update 000906 failed, index not found in gz_df.
2026-08-28 10:00:37,050 [INFO] anetf.datasources.csindex: CSI: Update PE index id(000906), name(中证800)
2026-08-28 10:00:37,090 [INFO] __main__: 126: Update PE index for 931582/HKC消费
2026-08-28 10:00:37,090 [INFO] anetf.datasources.juquaner: JQ: Update PE index id(931582), local_name(HKC消费), trying funddb_name(HKC消费)
2026-08-28 10:00:37,242 [INFO] __main__: 127: Update PE index for 930697/家用电器
2026-08-28 10:00:37,242 [INFO] anetf.datasources.juquaner: JQ: Update PE index id(930697), local_name(家用电器), trying funddb_name(家用电器)
2026-08-28 10:00:37,273 [ERROR] anetf.datasources.juquaner: JQ: query failed for all candidates: ['中证红利质量']
2026-08-28 10:00:37,273 [INFO] anetf.datasources.csindex: ZZ: Update PE index id(932315)
2026-08-28 10:00:37,297 [ERROR] __main__: 中证指数: fetch failed for 932315: HTTP Error 403: Forbidden
2026-08-28 10:00:37,297 [INFO] anetf.datasources.cni: GZ: Update PE index id(932315), name(中证红利质量)
2026-08-28 10:00:37,297 [WARNING] anetf.datasources.cni: GZ: Update 932315 failed, index not found in gz_df.
2026-08-28 10:00:37,297 [INFO] anetf.datasources.csindex: CSI: Update PE index id(932315), name(中证红利质量)
2026-08-28 10:00:37,378 [INFO] __main__: 129: Update PE index for 000696/科创创业AI指数
2026-08-28 10:00:37,378 [INFO] anetf.datasources.juquaner: JQ: Update PE index id(000696), local_name(科创创业AI指数), trying funddb_name(科创创业AI指数)
2026-08-28 10:00:37,715 [INFO] __main__: 130: Update PE index for 930708/中证有色
2026-08-28 10:00:37,717 [ERROR] anetf.datasources.juquaner: JQ: query failed for all candidates: ['工程机械主题']
2026-08-28 10:00:37,718 [INFO] anetf.datasources.juquaner: JQ: Update PE index id(930708), local_name(中证有色), trying funddb_name(中证有色)
2026-08-28 10:00:37,718 [INFO] anetf.datasources.csindex: ZZ: Update PE index id(931752)
2026-08-28 10:00:37,730 [INFO] __main__: 131: Update PE index for HSCEI/恒生中国企业指数
2026-08-28 10:00:37,730 [INFO] anetf.datasources.juquaner: JQ: Update PE index id(HSCEI), local_name(恒生中国企业指数), trying funddb_name(恒生中国企业指数)
2026-08-28 10:00:37,754 [ERROR] __main__: 中证指数: fetch failed for 931752: HTTP Error 403: Forbidden
2026-08-28 10:00:37,754 [INFO] anetf.datasources.cni: GZ: Update PE index id(931752), name(工程机械主题)
2026-08-28 10:00:37,754 [WARNING] anetf.datasources.cni: GZ: Update 931752 failed, index not found in gz_df.
2026-08-28 10:00:37,754 [INFO] anetf.datasources.csindex: CSI: Update PE index id(931752), name(工程机械主题)
2026-08-28 10:00:37,876 [INFO] __main__: 132: Update PE index for 000683/科创生物
2026-08-28 10:00:37,876 [INFO] anetf.datasources.juquaner: JQ: Update PE index id(000683), local_name(科创生物), trying funddb_name(科创生物)
2026-08-28 10:00:37,927 [ERROR] anetf.datasources.juquaner: JQ: query failed for all candidates: ['中证医药']
2026-08-28 10:00:37,927 [INFO] anetf.datasources.csindex: ZZ: Update PE index id(000933)
2026-08-28 10:00:37,940 [ERROR] anetf.datasources.juquaner: JQ: query failed for all candidates: ['HKC消费']
2026-08-28 10:00:37,940 [INFO] anetf.datasources.csindex: ZZ: Update PE index id(931582)
2026-08-28 10:00:37,954 [ERROR] __main__: 中证指数: fetch failed for 000933: HTTP Error 403: Forbidden
2026-08-28 10:00:37,955 [INFO] anetf.datasources.cni: GZ: Update PE index id(000933), name(中证医药)
2026-08-28 10:00:37,955 [WARNING] anetf.datasources.cni: GZ: Update 000933 failed, index not found in gz_df.
2026-08-28 10:00:37,955 [INFO] anetf.datasources.csindex: CSI: Update PE index id(000933), name(中证医药)
2026-08-28 10:00:37,965 [ERROR] __main__: 中证指数: fetch failed for 931582: HTTP Error 403: Forbidden
2026-08-28 10:00:37,965 [INFO] anetf.datasources.cni: GZ: Update PE index id(931582), name(HKC消费)
2026-08-28 10:00:37,966 [WARNING] anetf.datasources.cni: GZ: Update 931582 failed, index not found in gz_df.
2026-08-28 10:00:37,966 [INFO] anetf.datasources.csindex: CSI: Update PE index id(931582), name(HKC消费)
2026-08-28 10:00:38,180 [ERROR] anetf.datasources.juquaner: JQ: query failed for all candidates: ['家用电器']
2026-08-28 10:00:38,181 [INFO] anetf.datasources.csindex: ZZ: Update PE index id(930697)
2026-08-28 10:00:38,182 [INFO] __main__: 133: Update PE index for 930740/300红利LV
2026-08-28 10:00:38,182 [INFO] anetf.datasources.juquaner: JQ: Update PE index id(930740), local_name(300红利LV), trying funddb_name(300红利LV)
2026-08-28 10:00:38,222 [INFO] __main__: 135: Update PE index for 930652/CS电子
2026-08-28 10:00:38,222 [INFO] anetf.datasources.juquaner: JQ: Update PE index id(930652), local_name(CS电子), trying funddb_name(CS电子)
2026-08-28 10:00:38,226 [ERROR] __main__: 中证指数: fetch failed for 930697: HTTP Error 403: Forbidden
2026-08-28 10:00:38,226 [INFO] anetf.datasources.cni: GZ: Update PE index id(930697), name(家用电器)
2026-08-28 10:00:38,226 [WARNING] anetf.datasources.cni: GZ: Update 930697 failed, index not found in gz_df.
2026-08-28 10:00:38,226 [INFO] anetf.datasources.csindex: CSI: Update PE index id(930697), name(家用电器)
2026-08-28 10:00:38,407 [ERROR] anetf.datasources.juquaner: JQ: query failed for all candidates: ['恒生中国企业指数']
2026-08-28 10:00:38,407 [INFO] anetf.datasources.price: PRICE: Update index id(HSCEI), name(恒生中国企业指数), source=hk
2026-08-28 10:00:38,606 [INFO] __main__: 136: Update PE index for 000949/中证农业
2026-08-28 10:00:38,607 [INFO] anetf.datasources.juquaner: JQ: Update PE index id(000949), local_name(中证农业), trying funddb_name(中证农业)
2026-08-28 10:00:38,671 [INFO] __main__: 137: Update PE index for H30217/医疗器械
2026-08-28 10:00:38,671 [INFO] anetf.datasources.juquaner: JQ: Update PE index id(H30217), local_name(医疗器械), trying funddb_name(医疗器械)
2026-08-28 10:00:38,750 [ERROR] anetf.datasources.juquaner: JQ: query failed for all candidates: ['科创创业AI指数']
2026-08-28 10:00:38,750 [INFO] anetf.datasources.csindex: ZZ: Update PE index id(000696)
2026-08-28 10:00:38,774 [ERROR] __main__: 中证指数: fetch failed for 000696: HTTP Error 403: Forbidden
2026-08-28 10:00:38,775 [INFO] anetf.datasources.cni: GZ: Update PE index id(000696), name(科创创业AI指数)
2026-08-28 10:00:38,775 [WARNING] anetf.datasources.cni: GZ: Update 000696 failed, index not found in gz_df.
2026-08-28 10:00:38,775 [INFO] anetf.datasources.csindex: CSI: Update PE index id(000696), name(科创创业AI指数)
2026-08-28 10:00:38,816 [INFO] __main__: 138: Update PE index for 931233/港股通央企红利
2026-08-28 10:00:38,817 [INFO] anetf.datasources.juquaner: JQ: Update PE index id(931233), local_name(港股通央企红利), trying funddb_name(港股通央企红利)
2026-08-28 10:00:38,841 [ERROR] __main__: 中证指数行情: fetch failed for 000696: Length mismatch: Expected axis has 0 elements, new values have 16 elements
2026-08-28 10:00:38,842 [INFO] anetf.datasources.price: PRICE: Update index id(000696), name(科创创业AI指数), source=cn
2026-08-28 10:00:38,962 [ERROR] anetf.datasources.juquaner: JQ: query failed for all candidates: ['CS电子']
2026-08-28 10:00:38,962 [INFO] anetf.datasources.csindex: ZZ: Update PE index id(930652)
2026-08-28 10:00:38,985 [ERROR] __main__: 中证指数: fetch failed for 930652: HTTP Error 403: Forbidden
2026-08-28 10:00:38,985 [INFO] anetf.datasources.cni: GZ: Update PE index id(930652), name(CS电子)
2026-08-28 10:00:38,985 [WARNING] anetf.datasources.cni: GZ: Update 930652 failed, index not found in gz_df.
2026-08-28 10:00:38,985 [INFO] anetf.datasources.csindex: CSI: Update PE index id(930652), name(CS电子)
2026-08-28 10:00:39,100 [INFO] __main__: 139: Update PE index for 930633/中证旅游
2026-08-28 10:00:39,100 [INFO] anetf.datasources.juquaner: JQ: Update PE index id(930633), local_name(中证旅游), trying funddb_name(中证旅游)
2026-08-28 10:00:39,117 [ERROR] anetf.datasources.juquaner: JQ: query failed for all candidates: ['中证农业']
2026-08-28 10:00:39,117 [INFO] anetf.datasources.csindex: ZZ: Update PE index id(000949)
2026-08-28 10:00:39,142 [ERROR] __main__: 中证指数: fetch failed for 000949: HTTP Error 403: Forbidden
2026-08-28 10:00:39,142 [INFO] anetf.datasources.cni: GZ: Update PE index id(000949), name(中证农业)
2026-08-28 10:00:39,143 [WARNING] anetf.datasources.cni: GZ: Update 000949 failed, index not found in gz_df.
2026-08-28 10:00:39,143 [INFO] anetf.datasources.csindex: CSI: Update PE index id(000949), name(中证农业)
2026-08-28 10:00:39,259 [ERROR] anetf.datasources.juquaner: JQ: query failed for all candidates: ['科创生物']
2026-08-28 10:00:39,259 [INFO] anetf.datasources.csindex: ZZ: Update PE index id(000683)
2026-08-28 10:00:39,293 [ERROR] __main__: 中证指数: fetch failed for 000683: HTTP Error 403: Forbidden
2026-08-28 10:00:39,294 [INFO] anetf.datasources.cni: GZ: Update PE index id(000683), name(科创生物)
2026-08-28 10:00:39,294 [WARNING] anetf.datasources.cni: GZ: Update 000683 failed, index not found in gz_df.
2026-08-28 10:00:39,294 [INFO] anetf.datasources.csindex: CSI: Update PE index id(000683), name(科创生物)
2026-08-28 10:00:39,352 [ERROR] anetf.datasources.juquaner: JQ: query failed for all candidates: ['中证有色']
2026-08-28 10:00:39,352 [INFO] anetf.datasources.csindex: ZZ: Update PE index id(930708)
2026-08-28 10:00:39,381 [INFO] __main__: 140: Update PE index for 932305/智选高股息
2026-08-28 10:00:39,381 [INFO] anetf.datasources.juquaner: JQ: Update PE index id(932305), local_name(智选高股息), trying funddb_name(智选高股息)
2026-08-28 10:00:39,382 [ERROR] __main__: 中证指数: fetch failed for 930708: HTTP Error 403: Forbidden
2026-08-28 10:00:39,383 [INFO] anetf.datasources.cni: GZ: Update PE index id(930708), name(中证有色)
2026-08-28 10:00:39,383 [WARNING] anetf.datasources.cni: GZ: Update 930708 failed, index not found in gz_df.
2026-08-28 10:00:39,383 [INFO] anetf.datasources.csindex: CSI: Update PE index id(930708), name(中证有色)
2026-08-28 10:00:39,500 [INFO] __main__: 141: Update PE index for 931775/房地产
2026-08-28 10:00:39,500 [INFO] anetf.datasources.juquaner: JQ: Update PE index id(931775), local_name(房地产), trying funddb_name(房地产)
2026-08-28 10:00:39,580 [ERROR] anetf.datasources.juquaner: JQ: query failed for all candidates: ['300红利LV']
2026-08-28 10:00:39,580 [INFO] anetf.datasources.csindex: ZZ: Update PE index id(930740)
2026-08-28 10:00:39,604 [ERROR] __main__: 中证指数: fetch failed for 930740: HTTP Error 403: Forbidden
2026-08-28 10:00:39,604 [INFO] anetf.datasources.cni: GZ: Update PE index id(930740), name(300红利LV)
2026-08-28 10:00:39,604 [WARNING] anetf.datasources.cni: GZ: Update 930740 failed, index not found in gz_df.
2026-08-28 10:00:39,604 [INFO] anetf.datasources.csindex: CSI: Update PE index id(930740), name(300红利LV)
2026-08-28 10:00:39,686 [ERROR] anetf.datasources.juquaner: JQ: query failed for all candidates: ['中证旅游']
2026-08-28 10:00:39,686 [INFO] anetf.datasources.csindex: ZZ: Update PE index id(930633)
2026-08-28 10:00:39,740 [INFO] __main__: 142: Update PE index for 931722/国新港股通央企红利
2026-08-28 10:00:39,740 [INFO] anetf.datasources.juquaner: JQ: Update PE index id(931722), local_name(国新港股通央企红利), trying funddb_name(国新港股通央企红利)
2026-08-28 10:00:39,777 [ERROR] __main__: 中证指数: fetch failed for 930633: HTTP Error 403: Forbidden
2026-08-28 10:00:39,780 [INFO] anetf.datasources.cni: GZ: Update PE index id(930633), name(中证旅游)
2026-08-28 10:00:39,782 [WARNING] anetf.datasources.cni: GZ: Update 930633 failed, index not found in gz_df.
2026-08-28 10:00:39,783 [INFO] anetf.datasources.csindex: CSI: Update PE index id(930633), name(中证旅游)
2026-08-28 10:00:39,790 [ERROR] __main__: 中证指数行情: fetch failed for 930740: Expecting value: line 1 column 1 (char 0)
2026-08-28 10:00:39,791 [INFO] anetf.datasources.price: PRICE: Update index id(930740), name(300红利LV), source=cn
2026-08-28 10:00:39,809 [INFO] __main__: 143: Update PE index for 399303/国证2000
2026-08-28 10:00:39,810 [INFO] anetf.datasources.juquaner: JQ: Update PE index id(399303), local_name(国证2000), trying funddb_name(国证2000)
2026-08-28 10:00:39,839 [ERROR] anetf.datasources.juquaner: JQ: query failed for all candidates: ['医疗器械']
2026-08-28 10:00:39,841 [INFO] anetf.datasources.csindex: ZZ: Update PE index id(H30217)
2026-08-28 10:00:39,904 [ERROR] __main__: 中证指数: fetch failed for H30217: HTTP Error 403: Forbidden
2026-08-28 10:00:39,908 [INFO] anetf.datasources.cni: GZ: Update PE index id(H30217), name(医疗器械)
2026-08-28 10:00:39,908 [WARNING] anetf.datasources.cni: GZ: Update H30217 failed, index not found in gz_df.
2026-08-28 10:00:39,908 [INFO] anetf.datasources.csindex: CSI: Update PE index id(H30217), name(医疗器械)
2026-08-28 10:00:39,968 [ERROR] anetf.datasources.juquaner: JQ: query failed for all candidates: ['智选高股息']
2026-08-28 10:00:39,970 [INFO] anetf.datasources.csindex: ZZ: Update PE index id(932305)
2026-08-28 10:00:39,969 [ERROR] __main__: 中证指数行情: fetch failed for 930633: Expecting value: line 1 column 1 (char 0)
2026-08-28 10:00:39,974 [INFO] anetf.datasources.price: PRICE: Update index id(930633), name(中证旅游), source=cn
2026-08-28 10:00:39,993 [ERROR] anetf.datasources.juquaner: JQ: query failed for all candidates: ['港股通央企红利']
2026-08-28 10:00:39,993 [INFO] anetf.datasources.csindex: ZZ: Update PE index id(931233)
2026-08-28 10:00:40,013 [INFO] __main__: 145: Update PE index for 399808/中证新能
2026-08-28 10:00:40,014 [INFO] anetf.datasources.juquaner: JQ: Update PE index id(399808), local_name(中证新能), trying funddb_name(中证新能)
2026-08-28 10:00:40,022 [INFO] __main__: 146: Update PE index for 000699/科创200
2026-08-28 10:00:40,023 [INFO] anetf.datasources.juquaner: JQ: Update PE index id(000699), local_name(科创200), trying funddb_name(科创200)
2026-08-28 10:00:40,024 [ERROR] __main__: 中证指数: fetch failed for 932305: HTTP Error 403: Forbidden
2026-08-28 10:00:40,025 [INFO] anetf.datasources.cni: GZ: Update PE index id(932305), name(智选高股息)
2026-08-28 10:00:40,026 [WARNING] anetf.datasources.cni: GZ: Update 932305 failed, index not found in gz_df.
2026-08-28 10:00:40,026 [INFO] anetf.datasources.csindex: CSI: Update PE index id(932305), name(智选高股息)
2026-08-28 10:00:40,036 [ERROR] __main__: 中证指数: fetch failed for 931233: HTTP Error 403: Forbidden
2026-08-28 10:00:40,036 [INFO] anetf.datasources.cni: GZ: Update PE index id(931233), name(港股通央企红利)
2026-08-28 10:00:40,036 [WARNING] anetf.datasources.cni: GZ: Update 931233 failed, index not found in gz_df.
2026-08-28 10:00:40,036 [INFO] anetf.datasources.csindex: CSI: Update PE index id(931233), name(港股通央企红利)
2026-08-28 10:00:40,042 [INFO] __main__: 147: Update PE index for 399976/CS新能车
2026-08-28 10:00:40,043 [INFO] anetf.datasources.juquaner: JQ: Update PE index id(399976), local_name(CS新能车), trying funddb_name(CS新能车)
2026-08-28 10:00:40,047 [ERROR] __main__: 中证指数行情: fetch failed for H30217: Expecting value: line 1 column 1 (char 0)
2026-08-28 10:00:40,048 [INFO] anetf.datasources.price: PRICE: Update index id(H30217), name(医疗器械), source=cn
2026-08-28 10:00:40,095 [INFO] anetf.datasources.price: PRICE: primary API failed for sh930740, falling back to csindex
2026-08-28 10:00:40,204 [ERROR] anetf.datasources.juquaner: JQ: query failed for all candidates: ['房地产']
2026-08-28 10:00:40,205 [INFO] anetf.datasources.csindex: ZZ: Update PE index id(931775)
2026-08-28 10:00:40,206 [ERROR] __main__: 中证指数行情: fetch failed for 932305: Expecting value: line 1 column 1 (char 0)
2026-08-28 10:00:40,209 [INFO] anetf.datasources.price: PRICE: Update index id(932305), name(智选高股息), source=cn
2026-08-28 10:00:40,219 [INFO] anetf.datasources.price: PRICE: primary API failed for sh930633, falling back to csindex
2026-08-28 10:00:40,234 [ERROR] __main__: 中证指数行情: fetch failed for 931233: Expecting value: line 1 column 1 (char 0)
2026-08-28 10:00:40,235 [INFO] anetf.datasources.price: PRICE: Update index id(931233), name(港股通央企红利), source=cn
2026-08-28 10:00:40,240 [ERROR] __main__: 中证指数: fetch failed for 931775: HTTP Error 403: Forbidden
2026-08-28 10:00:40,241 [INFO] anetf.datasources.cni: GZ: Update PE index id(931775), name(房地产)
2026-08-28 10:00:40,241 [WARNING] anetf.datasources.cni: GZ: Update 931775 failed, index not found in gz_df.
2026-08-28 10:00:40,241 [INFO] anetf.datasources.csindex: CSI: Update PE index id(931775), name(房地产)
2026-08-28 10:00:40,284 [WARNING] anetf.datasources.price: PRICE: fallback also failed for 930740: Expecting value: line 1 column 1 (char 0)
2026-08-28 10:00:40,292 [INFO] __main__: 148: Update PE index for 000151/上国红利
2026-08-28 10:00:40,298 [INFO] anetf.datasources.juquaner: JQ: Update PE index id(000151), local_name(上国红利), trying funddb_name(上国红利)
2026-08-28 10:00:40,352 [WARNING] anetf.datasources.price: PRICE: fallback also failed for 930633: Expecting value: line 1 column 1 (char 0)
2026-08-28 10:00:40,354 [INFO] __main__: 149: Update PE index for 930955/红利低波100
2026-08-28 10:00:40,355 [INFO] anetf.datasources.juquaner: JQ: Update PE index id(930955), local_name(红利低波100), trying funddb_name(红利低波100)
2026-08-28 10:00:40,382 [ERROR] anetf.datasources.juquaner: JQ: query failed for all candidates: ['国新港股通央企红利']
2026-08-28 10:00:40,382 [INFO] anetf.datasources.csindex: ZZ: Update PE index id(931722)
2026-08-28 10:00:40,385 [ERROR] __main__: 中证指数行情: fetch failed for 931775: Expecting value: line 1 column 1 (char 0)
2026-08-28 10:00:40,386 [INFO] anetf.datasources.price: PRICE: Update index id(931775), name(房地产), source=cn
2026-08-28 10:00:40,405 [ERROR] __main__: 中证指数: fetch failed for 931722: HTTP Error 403: Forbidden
2026-08-28 10:00:40,405 [INFO] anetf.datasources.cni: GZ: Update PE index id(931722), name(国新港股通央企红利)
2026-08-28 10:00:40,405 [WARNING] anetf.datasources.cni: GZ: Update 931722 failed, index not found in gz_df.
2026-08-28 10:00:40,405 [INFO] anetf.datasources.csindex: CSI: Update PE index id(931722), name(国新港股通央企红利)
2026-08-28 10:00:40,489 [INFO] anetf.datasources.price: PRICE: primary API failed for csi931233, falling back to csindex
2026-08-28 10:00:40,498 [ERROR] __main__: 中证指数行情: fetch failed for 931722: Expecting value: line 1 column 1 (char 0)
2026-08-28 10:00:40,499 [INFO] anetf.datasources.price: PRICE: Update index id(931722), name(国新港股通央企红利), source=cn
2026-08-28 10:00:40,504 [INFO] anetf.datasources.price: PRICE: primary API failed for csiH30217, falling back to csindex
2026-08-28 10:00:40,512 [INFO] anetf.datasources.price: PRICE: primary API failed for sh932305, falling back to csindex
2026-08-28 10:00:40,581 [WARNING] anetf.datasources.price: PRICE: fallback also failed for 931233: Expecting value: line 1 column 1 (char 0)
2026-08-28 10:00:40,585 [INFO] __main__: 150: Update PE index for 930598/稀土产业
2026-08-28 10:00:40,585 [INFO] anetf.datasources.juquaner: JQ: Update PE index id(930598), local_name(稀土产业), trying funddb_name(稀土产业)
2026-08-28 10:00:40,594 [INFO] anetf.datasources.price: PRICE: primary API failed for csi931775, falling back to csindex
2026-08-28 10:00:40,637 [WARNING] anetf.datasources.price: PRICE: fallback also failed for 932305: Expecting value: line 1 column 1 (char 0)
2026-08-28 10:00:40,642 [WARNING] anetf.datasources.price: PRICE: fallback also failed for H30217: Expecting value: line 1 column 1 (char 0)
2026-08-28 10:00:40,646 [INFO] __main__: 151: Update PE index for 932066/半导体行业精选
2026-08-28 10:00:40,646 [INFO] anetf.datasources.juquaner: JQ: Update PE index id(932066), local_name(半导体行业精选), trying funddb_name(半导体行业精选)
2026-08-28 10:00:40,647 [INFO] __main__: 152: Update PE index for 930851/云计算
2026-08-28 10:00:40,647 [INFO] anetf.datasources.juquaner: JQ: Update PE index id(930851), local_name(云计算), trying funddb_name(云计算)
2026-08-28 10:00:40,681 [WARNING] anetf.datasources.price: PRICE: fallback also failed for 931775: Expecting value: line 1 column 1 (char 0)
2026-08-28 10:00:40,683 [INFO] __main__: 153: Update PE index for H30022/800银行
2026-08-28 10:00:40,685 [INFO] anetf.datasources.juquaner: JQ: Update PE index id(H30022), local_name(800银行), trying funddb_name(800银行)
2026-08-28 10:00:40,718 [ERROR] anetf.datasources.juquaner: JQ: query failed for all candidates: ['科创200']
2026-08-28 10:00:40,718 [INFO] anetf.datasources.csindex: ZZ: Update PE index id(000699)
2026-08-28 10:00:40,720 [INFO] anetf.datasources.price: PRICE: primary API failed for csi931722, falling back to csindex
2026-08-28 10:00:40,748 [ERROR] __main__: 中证指数: fetch failed for 000699: HTTP Error 403: Forbidden
2026-08-28 10:00:40,748 [INFO] anetf.datasources.cni: GZ: Update PE index id(000699), name(科创200)
2026-08-28 10:00:40,748 [WARNING] anetf.datasources.cni: GZ: Update 000699 failed, index not found in gz_df.
2026-08-28 10:00:40,748 [INFO] anetf.datasources.csindex: CSI: Update PE index id(000699), name(科创200)
2026-08-28 10:00:40,844 [WARNING] anetf.datasources.price: PRICE: fallback also failed for 931722: Expecting value: line 1 column 1 (char 0)
2026-08-28 10:00:40,847 [INFO] __main__: 154: Update PE index for 931151/光伏产业
2026-08-28 10:00:40,847 [INFO] anetf.datasources.juquaner: JQ: Update PE index id(931151), local_name(光伏产业), trying funddb_name(光伏产业)
2026-08-28 10:00:40,875 [ERROR] __main__: 中证指数行情: fetch failed for 000699: Expecting value: line 1 column 1 (char 0)
2026-08-28 10:00:40,876 [INFO] anetf.datasources.price: PRICE: Update index id(000699), name(科创200), source=cn
2026-08-28 10:00:40,934 [ERROR] anetf.datasources.juquaner: JQ: query failed for all candidates: ['上国红利']
2026-08-28 10:00:40,934 [INFO] anetf.datasources.csindex: ZZ: Update PE index id(000151)
2026-08-28 10:00:40,958 [ERROR] __main__: 中证指数: fetch failed for 000151: HTTP Error 403: Forbidden
2026-08-28 10:00:40,958 [INFO] anetf.datasources.cni: GZ: Update PE index id(000151), name(上国红利)
2026-08-28 10:00:40,958 [WARNING] anetf.datasources.cni: GZ: Update 000151 failed, index not found in gz_df.
2026-08-28 10:00:40,958 [INFO] anetf.datasources.csindex: CSI: Update PE index id(000151), name(上国红利)
2026-08-28 10:00:41,036 [ERROR] __main__: 中证指数行情: fetch failed for 000151: Expecting value: line 1 column 1 (char 0)
2026-08-28 10:00:41,037 [INFO] anetf.datasources.price: PRICE: Update index id(000151), name(上国红利), source=cn
2026-08-28 10:00:41,063 [INFO] __main__: 156: Update PE index for 930986/金融科技
2026-08-28 10:00:41,063 [INFO] anetf.datasources.juquaner: JQ: Update PE index id(930986), local_name(金融科技), trying funddb_name(金融科技)
2026-08-28 10:00:41,103 [ERROR] anetf.datasources.juquaner: JQ: query failed for all candidates: ['国证2000']
2026-08-28 10:00:41,103 [INFO] anetf.datasources.csindex: ZZ: Update PE index id(399303)
2026-08-28 10:00:41,127 [ERROR] __main__: 中证指数: fetch failed for 399303: HTTP Error 403: Forbidden
2026-08-28 10:00:41,128 [INFO] anetf.datasources.cni: GZ: Update PE index id(399303), name(国证2000)
2026-08-28 10:00:41,135 [INFO] __main__: 157: Update PE index for 931409/SHS创新药
2026-08-28 10:00:41,135 [INFO] anetf.datasources.juquaner: JQ: Update PE index id(931409), local_name(SHS创新药), trying funddb_name(SHS创新药)
2026-08-28 10:00:41,247 [ERROR] anetf.datasources.juquaner: JQ: query failed for all candidates: ['稀土产业']
2026-08-28 10:00:41,247 [INFO] anetf.datasources.csindex: ZZ: Update PE index id(930598)
2026-08-28 10:00:41,257 [ERROR] anetf.datasources.juquaner: JQ: query failed for all candidates: ['半导体行业精选']
2026-08-28 10:00:41,257 [INFO] anetf.datasources.csindex: ZZ: Update PE index id(932066)
2026-08-28 10:00:41,277 [ERROR] __main__: 中证指数: fetch failed for 930598: HTTP Error 403: Forbidden
2026-08-28 10:00:41,277 [INFO] anetf.datasources.cni: GZ: Update PE index id(930598), name(稀土产业)
2026-08-28 10:00:41,277 [WARNING] anetf.datasources.cni: GZ: Update 930598 failed, index not found in gz_df.
2026-08-28 10:00:41,277 [INFO] anetf.datasources.csindex: CSI: Update PE index id(930598), name(稀土产业)
2026-08-28 10:00:41,282 [ERROR] __main__: 中证指数: fetch failed for 932066: HTTP Error 403: Forbidden
2026-08-28 10:00:41,283 [INFO] anetf.datasources.cni: GZ: Update PE index id(932066), name(半导体行业精选)
2026-08-28 10:00:41,283 [WARNING] anetf.datasources.cni: GZ: Update 932066 failed, index not found in gz_df.
2026-08-28 10:00:41,283 [INFO] anetf.datasources.csindex: CSI: Update PE index id(932066), name(半导体行业精选)
2026-08-28 10:00:41,379 [ERROR] __main__: 中证指数行情: fetch failed for 932066: Expecting value: line 1 column 1 (char 0)
2026-08-28 10:00:41,380 [INFO] anetf.datasources.price: PRICE: Update index id(932066), name(半导体行业精选), source=cn
2026-08-28 10:00:41,381 [INFO] __main__: 158: Update PE index for 930726/CS生医
2026-08-28 10:00:41,382 [INFO] anetf.datasources.juquaner: JQ: Update PE index id(930726), local_name(CS生医), trying funddb_name(CS生医)
2026-08-28 10:00:41,389 [ERROR] __main__: 中证指数行情: fetch failed for 930598: Expecting value: line 1 column 1 (char 0)
2026-08-28 10:00:41,391 [INFO] anetf.datasources.price: PRICE: Update index id(930598), name(稀土产业), source=cn
2026-08-28 10:00:41,531 [ERROR] anetf.datasources.juquaner: JQ: query failed for all candidates: ['中证新能']
2026-08-28 10:00:41,531 [INFO] anetf.datasources.csindex: ZZ: Update PE index id(399808)
2026-08-28 10:00:41,550 [ERROR] anetf.datasources.juquaner: JQ: query failed for all candidates: ['CS新能车']
2026-08-28 10:00:41,552 [INFO] anetf.datasources.price: PRICE: primary API failed for sh932066, falling back to csindex
2026-08-28 10:00:41,552 [INFO] anetf.datasources.csindex: ZZ: Update PE index id(399976)
2026-08-28 10:00:41,576 [ERROR] __main__: 中证指数: fetch failed for 399976: HTTP Error 403: Forbidden
2026-08-28 10:00:41,577 [INFO] anetf.datasources.cni: GZ: Update PE index id(399976), name(CS新能车)
2026-08-28 10:00:41,577 [WARNING] anetf.datasources.cni: GZ: Update 399976 failed, index not found in gz_df.
2026-08-28 10:00:41,577 [INFO] anetf.datasources.csindex: CSI: Update PE index id(399976), name(CS新能车)
2026-08-28 10:00:41,579 [ERROR] __main__: 中证指数: fetch failed for 399808: HTTP Error 403: Forbidden
2026-08-28 10:00:41,579 [INFO] anetf.datasources.cni: GZ: Update PE index id(399808), name(中证新能)
2026-08-28 10:00:41,579 [WARNING] anetf.datasources.cni: GZ: Update 399808 failed, index not found in gz_df.
2026-08-28 10:00:41,579 [INFO] anetf.datasources.csindex: CSI: Update PE index id(399808), name(中证新能)
2026-08-28 10:00:41,609 [WARNING] anetf.datasources.price: PRICE: fallback also failed for 932066: Expecting value: line 1 column 1 (char 0)
2026-08-28 10:00:41,613 [INFO] __main__: 159: Update PE index for SHAU/上海金
2026-08-28 10:00:41,613 [INFO] anetf.datasources.juquaner: JQ: Update PE index id(SHAU), local_name(上海金), trying funddb_name(上海金)
2026-08-28 10:00:41,648 [ERROR] __main__: 中证指数行情: fetch failed for 399808: Expecting value: line 1 column 1 (char 0)
2026-08-28 10:00:41,649 [INFO] anetf.datasources.price: PRICE: Update index id(399808), name(中证新能), source=cn
2026-08-28 10:00:41,663 [ERROR] __main__: 中证指数行情: fetch failed for 399976: Expecting value: line 1 column 1 (char 0)
2026-08-28 10:00:41,664 [INFO] anetf.datasources.price: PRICE: Update index id(399976), name(CS新能车), source=cn
2026-08-28 10:00:41,679 [INFO] anetf.datasources.price: PRICE: primary API failed for sh930598, falling back to csindex
2026-08-28 10:00:41,758 [ERROR] anetf.datasources.juquaner: JQ: query failed for all candidates: ['红利低波100']
2026-08-28 10:00:41,758 [INFO] anetf.datasources.csindex: ZZ: Update PE index id(930955)
2026-08-28 10:00:41,781 [ERROR] __main__: 中证指数: fetch failed for 930955: HTTP Error 403: Forbidden
2026-08-28 10:00:41,782 [INFO] anetf.datasources.cni: GZ: Update PE index id(930955), name(红利低波100)
2026-08-28 10:00:41,782 [WARNING] anetf.datasources.cni: GZ: Update 930955 failed, index not found in gz_df.
2026-08-28 10:00:41,782 [INFO] anetf.datasources.csindex: CSI: Update PE index id(930955), name(红利低波100)
2026-08-28 10:00:41,785 [WARNING] anetf.datasources.price: PRICE: fallback also failed for 930598: Expecting value: line 1 column 1 (char 0)
2026-08-28 10:00:41,788 [INFO] __main__: 160: Update PE index for 931866/中证机床
2026-08-28 10:00:41,788 [INFO] anetf.datasources.juquaner: JQ: Update PE index id(931866), local_name(中证机床), trying funddb_name(中证机床)
2026-08-28 10:00:41,890 [ERROR] anetf.datasources.juquaner: JQ: query failed for all candidates: ['云计算']
2026-08-28 10:00:41,890 [INFO] anetf.datasources.csindex: ZZ: Update PE index id(930851)
2026-08-28 10:00:41,911 [ERROR] __main__: 中证指数行情: fetch failed for 930955: Expecting value: line 1 column 1 (char 0)
2026-08-28 10:00:41,918 [INFO] anetf.datasources.price: PRICE: Update index id(930955), name(红利低波100), source=cn
2026-08-28 10:00:41,930 [INFO] __main__: 161: Update PE index for 000680/科创综指
2026-08-28 10:00:41,930 [INFO] anetf.datasources.juquaner: JQ: Update PE index id(000680), local_name(科创综指), trying funddb_name(科创综指)
2026-08-28 10:00:41,932 [ERROR] __main__: 中证指数: fetch failed for 930851: HTTP Error 403: Forbidden
2026-08-28 10:00:41,932 [INFO] anetf.datasources.cni: GZ: Update PE index id(930851), name(云计算)
2026-08-28 10:00:41,932 [WARNING] anetf.datasources.cni: GZ: Update 930851 failed, index not found in gz_df.
2026-08-28 10:00:41,932 [INFO] anetf.datasources.csindex: CSI: Update PE index id(930851), name(云计算)
2026-08-28 10:00:41,968 [ERROR] anetf.datasources.juquaner: JQ: query failed for all candidates: ['800银行']
2026-08-28 10:00:41,968 [INFO] anetf.datasources.csindex: ZZ: Update PE index id(H30022)
2026-08-28 10:00:41,994 [ERROR] __main__: 中证指数: fetch failed for H30022: HTTP Error 403: Forbidden
2026-08-28 10:00:41,994 [INFO] anetf.datasources.cni: GZ: Update PE index id(H30022), name(800银行)
2026-08-28 10:00:41,995 [WARNING] anetf.datasources.cni: GZ: Update H30022 failed, index not found in gz_df.
2026-08-28 10:00:41,995 [INFO] anetf.datasources.csindex: CSI: Update PE index id(H30022), name(800银行)
2026-08-28 10:00:42,027 [ERROR] __main__: 中证指数行情: fetch failed for 930851: Expecting value: line 1 column 1 (char 0)
2026-08-28 10:00:42,028 [INFO] anetf.datasources.price: PRICE: Update index id(930851), name(云计算), source=cn
2026-08-28 10:00:42,107 [ERROR] __main__: 中证指数行情: fetch failed for H30022: Expecting value: line 1 column 1 (char 0)
2026-08-28 10:00:42,108 [INFO] anetf.datasources.price: PRICE: Update index id(H30022), name(800银行), source=cn
2026-08-28 10:00:42,127 [INFO] __main__: 162: Update PE index for H30202/软件指数
2026-08-28 10:00:42,127 [INFO] anetf.datasources.juquaner: JQ: Update PE index id(H30202), local_name(软件指数), trying funddb_name(软件指数)
2026-08-28 10:00:42,184 [INFO] anetf.datasources.price: PRICE: primary API failed for sh930955, falling back to csindex
2026-08-28 10:00:42,186 [INFO] anetf.datasources.price: PRICE: primary API failed for sh930851, falling back to csindex
2026-08-28 10:00:42,262 [INFO] anetf.datasources.price: PRICE: primary API failed for csiH30022, falling back to csindex
2026-08-28 10:00:42,277 [WARNING] anetf.datasources.price: PRICE: fallback also failed for 930851: Expecting value: line 1 column 1 (char 0)
2026-08-28 10:00:42,280 [INFO] __main__: 163: Update PE index for H30007/芯片产业
2026-08-28 10:00:42,280 [WARNING] anetf.datasources.price: PRICE: fallback also failed for 930955: Expecting value: line 1 column 1 (char 0)
2026-08-28 10:00:42,282 [ERROR] anetf.datasources.juquaner: JQ: query failed for all candidates: ['光伏产业']
2026-08-28 10:00:42,282 [INFO] anetf.datasources.juquaner: JQ: Update PE index id(H30007), local_name(芯片产业), trying funddb_name(芯片产业)
2026-08-28 10:00:42,286 [INFO] anetf.datasources.csindex: ZZ: Update PE index id(931151)
2026-08-28 10:00:42,289 [INFO] __main__: 164: Update PE index for 931087/科技龙头
2026-08-28 10:00:42,292 [INFO] anetf.datasources.juquaner: JQ: Update PE index id(931087), local_name(科技龙头), trying funddb_name(科技龙头)
2026-08-28 10:00:42,303 [ERROR] anetf.datasources.juquaner: JQ: query failed for all candidates: ['上海金']
2026-08-28 10:00:42,303 [INFO] anetf.datasources.price: PRICE: Update index id(SHAU), name(上海金), source=gold
2026-08-28 10:00:42,318 [ERROR] __main__: 中证指数: fetch failed for 931151: HTTP Error 403: Forbidden
2026-08-28 10:00:42,318 [INFO] anetf.datasources.cni: GZ: Update PE index id(931151), name(光伏产业)
2026-08-28 10:00:42,318 [WARNING] anetf.datasources.cni: GZ: Update 931151 failed, index not found in gz_df.
2026-08-28 10:00:42,319 [INFO] anetf.datasources.csindex: CSI: Update PE index id(931151), name(光伏产业)
2026-08-28 10:00:42,341 [ERROR] anetf.datasources.juquaner: JQ: query failed for all candidates: ['金融科技']
2026-08-28 10:00:42,341 [INFO] anetf.datasources.csindex: ZZ: Update PE index id(930986)
2026-08-28 10:00:42,352 [WARNING] anetf.datasources.price: PRICE: fallback also failed for H30022: Expecting value: line 1 column 1 (char 0)
2026-08-28 10:00:42,355 [INFO] __main__: 165: Update PE index for 399971/中证传媒
2026-08-28 10:00:42,356 [INFO] anetf.datasources.juquaner: JQ: Update PE index id(399971), local_name(中证传媒), trying funddb_name(中证传媒)
2026-08-28 10:00:42,374 [ERROR] __main__: 中证指数: fetch failed for 930986: HTTP Error 403: Forbidden
2026-08-28 10:00:42,377 [INFO] anetf.datasources.cni: GZ: Update PE index id(930986), name(金融科技)
2026-08-28 10:00:42,377 [WARNING] anetf.datasources.cni: GZ: Update 930986 failed, index not found in gz_df.
2026-08-28 10:00:42,377 [INFO] anetf.datasources.csindex: CSI: Update PE index id(930986), name(金融科技)
2026-08-28 10:00:42,510 [INFO] __main__: 166: Update PE index for 932365/中证现金流
2026-08-28 10:00:42,510 [INFO] anetf.datasources.juquaner: JQ: Update PE index id(932365), local_name(中证现金流), trying funddb_name(中证现金流)
2026-08-28 10:00:42,529 [ERROR] __main__: 中证指数行情: fetch failed for 931151: Expecting value: line 1 column 1 (char 0)
2026-08-28 10:00:42,532 [INFO] anetf.datasources.price: PRICE: Update index id(931151), name(光伏产业), source=cn
2026-08-28 10:00:42,545 [ERROR] anetf.datasources.juquaner: JQ: query failed for all candidates: ['SHS创新药']
2026-08-28 10:00:42,545 [INFO] anetf.datasources.csindex: ZZ: Update PE index id(931409)
2026-08-28 10:00:42,571 [ERROR] __main__: 中证指数行情: fetch failed for 930986: Expecting value: line 1 column 1 (char 0)
2026-08-28 10:00:42,576 [INFO] anetf.datasources.price: PRICE: Update index id(930986), name(金融科技), source=cn
2026-08-28 10:00:42,579 [ERROR] __main__: 中证指数: fetch failed for 931409: HTTP Error 403: Forbidden
2026-08-28 10:00:42,579 [INFO] anetf.datasources.cni: GZ: Update PE index id(931409), name(SHS创新药)
2026-08-28 10:00:42,579 [WARNING] anetf.datasources.cni: GZ: Update 931409 failed, index not found in gz_df.
2026-08-28 10:00:42,579 [INFO] anetf.datasources.csindex: CSI: Update PE index id(931409), name(SHS创新药)
2026-08-28 10:00:42,680 [ERROR] __main__: 中证指数行情: fetch failed for 931409: Expecting value: line 1 column 1 (char 0)
2026-08-28 10:00:42,681 [INFO] anetf.datasources.price: PRICE: Update index id(931409), name(SHS创新药), source=cn
2026-08-28 10:00:42,708 [INFO] anetf.datasources.price: PRICE: primary API failed for csi931151, falling back to csindex
2026-08-28 10:00:42,724 [INFO] __main__: 167: Update PE index for 930604/中国互联网30
2026-08-28 10:00:42,724 [INFO] anetf.datasources.juquaner: JQ: Update PE index id(930604), local_name(中国互联网30), trying funddb_name(中国互联网30)
2026-08-28 10:00:42,776 [WARNING] anetf.datasources.price: PRICE: fallback also failed for 931151: Expecting value: line 1 column 1 (char 0)
2026-08-28 10:00:42,781 [INFO] __main__: 168: Update PE index for 399365/国证粮食
2026-08-28 10:00:42,781 [INFO] anetf.datasources.juquaner: JQ: Update PE index id(399365), local_name(国证粮食), trying funddb_name(国证粮食)
2026-08-28 10:00:42,814 [INFO] anetf.datasources.price: PRICE: primary API failed for sh930986, falling back to csindex
2026-08-28 10:00:42,818 [ERROR] anetf.datasources.juquaner: JQ: query failed for all candidates: ['CS生医']
2026-08-28 10:00:42,818 [INFO] anetf.datasources.csindex: ZZ: Update PE index id(930726)
2026-08-28 10:00:42,845 [ERROR] __main__: 中证指数: fetch failed for 930726: HTTP Error 403: Forbidden
2026-08-28 10:00:42,845 [INFO] anetf.datasources.cni: GZ: Update PE index id(930726), name(CS生医)
2026-08-28 10:00:42,845 [WARNING] anetf.datasources.cni: GZ: Update 930726 failed, index not found in gz_df.
2026-08-28 10:00:42,845 [INFO] anetf.datasources.csindex: CSI: Update PE index id(930726), name(CS生医)
2026-08-28 10:00:42,872 [INFO] anetf.datasources.price: PRICE: primary API failed for csi931409, falling back to csindex
2026-08-28 10:00:42,975 [ERROR] __main__: 中证指数行情: fetch failed for 930726: Expecting value: line 1 column 1 (char 0)
2026-08-28 10:00:42,976 [INFO] anetf.datasources.price: PRICE: Update index id(930726), name(CS生医), source=cn
2026-08-28 10:00:42,978 [WARNING] anetf.datasources.price: PRICE: fallback also failed for 931409: Expecting value: line 1 column 1 (char 0)
2026-08-28 10:00:42,981 [INFO] __main__: 169: Update PE index for 930707/中证畜牧
2026-08-28 10:00:42,981 [INFO] anetf.datasources.juquaner: JQ: Update PE index id(930707), local_name(中证畜牧), trying funddb_name(中证畜牧)
2026-08-28 10:00:43,009 [ERROR] anetf.datasources.juquaner: JQ: query failed for all candidates: ['中证机床']
2026-08-28 10:00:43,009 [INFO] anetf.datasources.csindex: ZZ: Update PE index id(931866)
2026-08-28 10:00:43,035 [ERROR] __main__: 中证指数: fetch failed for 931866: HTTP Error 403: Forbidden
2026-08-28 10:00:43,035 [INFO] anetf.datasources.cni: GZ: Update PE index id(931866), name(中证机床)
2026-08-28 10:00:43,035 [WARNING] anetf.datasources.cni: GZ: Update 931866 failed, index not found in gz_df.
2026-08-28 10:00:43,035 [INFO] anetf.datasources.csindex: CSI: Update PE index id(931866), name(中证机床)
2026-08-28 10:00:43,079 [ERROR] anetf.datasources.juquaner: JQ: query failed for all candidates: ['科技龙头']
2026-08-28 10:00:43,079 [INFO] anetf.datasources.csindex: ZZ: Update PE index id(931087)
2026-08-28 10:00:43,103 [ERROR] __main__: 中证指数: fetch failed for 931087: HTTP Error 403: Forbidden
2026-08-28 10:00:43,103 [INFO] anetf.datasources.cni: GZ: Update PE index id(931087), name(科技龙头)
2026-08-28 10:00:43,103 [WARNING] anetf.datasources.cni: GZ: Update 931087 failed, index not found in gz_df.
2026-08-28 10:00:43,103 [INFO] anetf.datasources.csindex: CSI: Update PE index id(931087), name(科技龙头)
2026-08-28 10:00:43,112 [ERROR] __main__: 中证指数行情: fetch failed for 931866: Expecting value: line 1 column 1 (char 0)
2026-08-28 10:00:43,114 [INFO] anetf.datasources.price: PRICE: Update index id(931866), name(中证机床), source=cn
2026-08-28 10:00:43,161 [WARNING] anetf.datasources.price: PRICE: fallback also failed for 930986: Expecting value: line 1 column 1 (char 0)
2026-08-28 10:00:43,168 [ERROR] anetf.datasources.juquaner: JQ: query failed for all candidates: ['科创综指']
2026-08-28 10:00:43,172 [INFO] anetf.datasources.csindex: ZZ: Update PE index id(000680)
2026-08-28 10:00:43,171 [INFO] __main__: 170: Update PE index for 931239/港股通汽车
2026-08-28 10:00:43,172 [INFO] anetf.datasources.juquaner: JQ: Update PE index id(931239), local_name(港股通汽车), trying funddb_name(港股通汽车)
2026-08-28 10:00:43,174 [INFO] anetf.datasources.price: PRICE: primary API failed for sh930726, falling back to csindex
2026-08-28 10:00:43,185 [ERROR] anetf.datasources.juquaner: JQ: query failed for all candidates: ['芯片产业']
2026-08-28 10:00:43,185 [INFO] anetf.datasources.csindex: ZZ: Update PE index id(H30007)
2026-08-28 10:00:43,198 [ERROR] __main__: 中证指数: fetch failed for 000680: HTTP Error 403: Forbidden
2026-08-28 10:00:43,198 [INFO] anetf.datasources.cni: GZ: Update PE index id(000680), name(科创综指)
2026-08-28 10:00:43,198 [WARNING] anetf.datasources.cni: GZ: Update 000680 failed, index not found in gz_df.
2026-08-28 10:00:43,198 [INFO] anetf.datasources.csindex: CSI: Update PE index id(000680), name(科创综指)
2026-08-28 10:00:43,210 [ERROR] __main__: 中证指数行情: fetch failed for 931087: Expecting value: line 1 column 1 (char 0)
2026-08-28 10:00:43,211 [INFO] anetf.datasources.price: PRICE: Update index id(931087), name(科技龙头), source=cn
2026-08-28 10:00:43,214 [ERROR] __main__: 中证指数: fetch failed for H30007: HTTP Error 403: Forbidden
2026-08-28 10:00:43,214 [INFO] anetf.datasources.cni: GZ: Update PE index id(H30007), name(芯片产业)
2026-08-28 10:00:43,214 [WARNING] anetf.datasources.cni: GZ: Update H30007 failed, index not found in gz_df.
2026-08-28 10:00:43,214 [INFO] anetf.datasources.csindex: CSI: Update PE index id(H30007), name(芯片产业)
2026-08-28 10:00:43,286 [WARNING] anetf.datasources.price: PRICE: fallback also failed for 930726: Expecting value: line 1 column 1 (char 0)
2026-08-28 10:00:43,290 [INFO] __main__: 171: Update PE index for 931643/HKC医药
2026-08-28 10:00:43,291 [INFO] anetf.datasources.juquaner: JQ: Update PE index id(931643), local_name(HKC医药), trying funddb_name(HKC医药)
2026-08-28 10:00:43,343 [ERROR] anetf.datasources.juquaner: JQ: query failed for all candidates: ['国证粮食']
2026-08-28 10:00:43,347 [INFO] anetf.datasources.csindex: ZZ: Update PE index id(399365)
2026-08-28 10:00:43,362 [ERROR] __main__: 中证指数行情: fetch failed for 000680: Expecting value: line 1 column 1 (char 0)
2026-08-28 10:00:43,363 [INFO] anetf.datasources.price: PRICE: Update index id(000680), name(科创综指), source=cn
2026-08-28 10:00:43,368 [ERROR] __main__: 中证指数: fetch failed for 399365: HTTP Error 403: Forbidden
2026-08-28 10:00:43,368 [INFO] anetf.datasources.cni: GZ: Update PE index id(399365), name(国证粮食)
2026-08-28 10:00:43,376 [INFO] __main__: 172: Update PE index for CN5082/国证航天
2026-08-28 10:00:43,377 [INFO] anetf.datasources.juquaner: JQ: Update PE index id(CN5082), local_name(国证航天), trying funddb_name(国证航天)
2026-08-28 10:00:43,387 [ERROR] __main__: 中证指数行情: fetch failed for H30007: Expecting value: line 1 column 1 (char 0)
2026-08-28 10:00:43,388 [INFO] anetf.datasources.price: PRICE: Update index id(H30007), name(芯片产业), source=cn
2026-08-28 10:00:43,453 [INFO] anetf.datasources.price: PRICE: primary API failed for csi931866, falling back to csindex
2026-08-28 10:00:43,483 [ERROR] anetf.datasources.juquaner: JQ: query failed for all candidates: ['软件指数']
2026-08-28 10:00:43,484 [INFO] anetf.datasources.csindex: ZZ: Update PE index id(H30202)
2026-08-28 10:00:43,484 [INFO] anetf.datasources.price: PRICE: primary API failed for csi931087, falling back to csindex
2026-08-28 10:00:43,519 [ERROR] __main__: 中证指数: fetch failed for H30202: HTTP Error 403: Forbidden
2026-08-28 10:00:43,519 [INFO] anetf.datasources.cni: GZ: Update PE index id(H30202), name(软件指数)
2026-08-28 10:00:43,519 [WARNING] anetf.datasources.cni: GZ: Update H30202 failed, index not found in gz_df.
2026-08-28 10:00:43,519 [INFO] anetf.datasources.csindex: CSI: Update PE index id(H30202), name(软件指数)
2026-08-28 10:00:43,580 [WARNING] anetf.datasources.price: PRICE: fallback also failed for 931866: Expecting value: line 1 column 1 (char 0)
2026-08-28 10:00:43,587 [INFO] __main__: 173: Update PE index for 000811/细分有色
2026-08-28 10:00:43,587 [INFO] anetf.datasources.juquaner: JQ: Update PE index id(000811), local_name(细分有色), trying funddb_name(细分有色)
2026-08-28 10:00:43,589 [WARNING] anetf.datasources.price: PRICE: fallback also failed for 931087: Expecting value: line 1 column 1 (char 0)
2026-08-28 10:00:43,593 [INFO] __main__: 174: Update PE index for 980092/自由现金流
2026-08-28 10:00:43,594 [INFO] anetf.datasources.juquaner: JQ: Update PE index id(980092), local_name(自由现金流), trying funddb_name(自由现金流)
2026-08-28 10:00:43,634 [ERROR] __main__: 中证指数行情: fetch failed for H30202: Expecting value: line 1 column 1 (char 0)
2026-08-28 10:00:43,644 [INFO] anetf.datasources.price: PRICE: Update index id(H30202), name(软件指数), source=cn
2026-08-28 10:00:43,664 [INFO] __main__: 175: Update PE index for HSI/恒生指数
2026-08-28 10:00:43,664 [INFO] anetf.datasources.juquaner: JQ: Update PE index id(HSI), local_name(恒生指数), trying funddb_name(恒生指数)
2026-08-28 10:00:43,689 [ERROR] anetf.datasources.juquaner: JQ: query failed for all candidates: ['中证现金流']
2026-08-28 10:00:43,689 [INFO] anetf.datasources.csindex: ZZ: Update PE index id(932365)
2026-08-28 10:00:43,720 [ERROR] anetf.datasources.juquaner: JQ: query failed for all candidates: ['中证传媒']
2026-08-28 10:00:43,720 [INFO] anetf.datasources.csindex: ZZ: Update PE index id(399971)
2026-08-28 10:00:43,720 [INFO] anetf.datasources.price: PRICE: primary API failed for csiH30007, falling back to csindex
2026-08-28 10:00:43,722 [ERROR] __main__: 中证指数: fetch failed for 932365: HTTP Error 403: Forbidden
2026-08-28 10:00:43,722 [INFO] anetf.datasources.cni: GZ: Update PE index id(932365), name(中证现金流)
2026-08-28 10:00:43,722 [WARNING] anetf.datasources.cni: GZ: Update 932365 failed, index not found in gz_df.
2026-08-28 10:00:43,722 [INFO] anetf.datasources.csindex: CSI: Update PE index id(932365), name(中证现金流)
2026-08-28 10:00:43,751 [ERROR] __main__: 中证指数: fetch failed for 399971: HTTP Error 403: Forbidden
2026-08-28 10:00:43,751 [INFO] anetf.datasources.cni: GZ: Update PE index id(399971), name(中证传媒)
2026-08-28 10:00:43,751 [WARNING] anetf.datasources.cni: GZ: Update 399971 failed, index not found in gz_df.
2026-08-28 10:00:43,751 [INFO] anetf.datasources.csindex: CSI: Update PE index id(399971), name(中证传媒)
2026-08-28 10:00:43,853 [ERROR] __main__: 中证指数行情: fetch failed for 932365: Expecting value: line 1 column 1 (char 0)
2026-08-28 10:00:43,855 [INFO] anetf.datasources.price: PRICE: Update index id(932365), name(中证现金流), source=cn
2026-08-28 10:00:43,856 [WARNING] anetf.datasources.price: PRICE: fallback also failed for H30007: Expecting value: line 1 column 1 (char 0)
2026-08-28 10:00:43,859 [INFO] __main__: 176: Update PE index for 931719/CS电池
2026-08-28 10:00:43,860 [INFO] anetf.datasources.juquaner: JQ: Update PE index id(931719), local_name(CS电池), trying funddb_name(CS电池)
2026-08-28 10:00:43,862 [ERROR] __main__: 中证指数行情: fetch failed for 399971: Expecting value: line 1 column 1 (char 0)
2026-08-28 10:00:43,863 [INFO] anetf.datasources.price: PRICE: Update index id(399971), name(中证传媒), source=cn
2026-08-28 10:00:43,902 [INFO] anetf.datasources.price: PRICE: primary API failed for csiH30202, falling back to csindex
2026-08-28 10:00:44,004 [WARNING] anetf.datasources.price: PRICE: fallback also failed for H30202: Expecting value: line 1 column 1 (char 0)
2026-08-28 10:00:44,007 [INFO] __main__: 177: Update PE index for 931052/国信价值
2026-08-28 10:00:44,008 [INFO] anetf.datasources.juquaner: JQ: Update PE index id(931052), local_name(国信价值), trying funddb_name(国信价值)
2026-08-28 10:00:44,010 [INFO] anetf.datasources.price: PRICE: primary API failed for sh932365, falling back to csindex
2026-08-28 10:00:44,078 [WARNING] anetf.datasources.price: PRICE: fallback also failed for 932365: Expecting value: line 1 column 1 (char 0)
2026-08-28 10:00:44,082 [INFO] __main__: 178: Update PE index for 930632/CS稀金属
2026-08-28 10:00:44,082 [INFO] anetf.datasources.juquaner: JQ: Update PE index id(930632), local_name(CS稀金属), trying funddb_name(CS稀金属)
2026-08-28 10:00:44,104 [ERROR] anetf.datasources.juquaner: JQ: query failed for all candidates: ['中国互联网30']
2026-08-28 10:00:44,104 [INFO] anetf.datasources.csindex: ZZ: Update PE index id(930604)
2026-08-28 10:00:44,129 [ERROR] __main__: 中证指数: fetch failed for 930604: HTTP Error 403: Forbidden
2026-08-28 10:00:44,129 [INFO] anetf.datasources.cni: GZ: Update PE index id(930604), name(中国互联网30)
2026-08-28 10:00:44,129 [WARNING] anetf.datasources.cni: GZ: Update 930604 failed, index not found in gz_df.
2026-08-28 10:00:44,129 [INFO] anetf.datasources.csindex: CSI: Update PE index id(930604), name(中国互联网30)
2026-08-28 10:00:44,226 [ERROR] anetf.datasources.juquaner: JQ: query failed for all candidates: ['中证畜牧']
2026-08-28 10:00:44,227 [INFO] anetf.datasources.csindex: ZZ: Update PE index id(930707)
2026-08-28 10:00:44,228 [INFO] __main__: 179: Update PE index for 931071/人工智能
2026-08-28 10:00:44,228 [INFO] anetf.datasources.juquaner: JQ: Update PE index id(931071), local_name(人工智能), trying funddb_name(人工智能)
2026-08-28 10:00:44,235 [ERROR] __main__: 中证指数行情: fetch failed for 930604: Expecting value: line 1 column 1 (char 0)
2026-08-28 10:00:44,237 [INFO] anetf.datasources.price: PRICE: Update index id(930604), name(中国互联网30), source=cn
2026-08-28 10:00:44,249 [ERROR] __main__: 中证指数: fetch failed for 930707: HTTP Error 403: Forbidden
2026-08-28 10:00:44,250 [INFO] anetf.datasources.cni: GZ: Update PE index id(930707), name(中证畜牧)
2026-08-28 10:00:44,250 [WARNING] anetf.datasources.cni: GZ: Update 930707 failed, index not found in gz_df.
2026-08-28 10:00:44,250 [INFO] anetf.datasources.csindex: CSI: Update PE index id(930707), name(中证畜牧)
2026-08-28 10:00:44,292 [ERROR] anetf.datasources.juquaner: JQ: query failed for all candidates: ['细分有色']
2026-08-28 10:00:44,292 [INFO] anetf.datasources.csindex: ZZ: Update PE index id(000811)
2026-08-28 10:00:44,307 [ERROR] anetf.datasources.juquaner: JQ: query failed for all candidates: ['自由现金流']
2026-08-28 10:00:44,307 [INFO] anetf.datasources.cni: GZ: Update PE index id(980092), name(自由现金流)
2026-08-28 10:00:44,315 [INFO] __main__: 180: Update PE index for 931573/HKC科技(CNY)
2026-08-28 10:00:44,316 [INFO] anetf.datasources.juquaner: JQ: Update PE index id(931573), local_name(HKC科技(CNY)), trying funddb_name(HKC科技(CNY))
2026-08-28 10:00:44,327 [ERROR] __main__: 中证指数: fetch failed for 000811: HTTP Error 403: Forbidden
2026-08-28 10:00:44,328 [INFO] anetf.datasources.cni: GZ: Update PE index id(000811), name(细分有色)
2026-08-28 10:00:44,328 [WARNING] anetf.datasources.cni: GZ: Update 000811 failed, index not found in gz_df.
2026-08-28 10:00:44,328 [INFO] anetf.datasources.csindex: CSI: Update PE index id(000811), name(细分有色)
2026-08-28 10:00:44,331 [ERROR] __main__: 中证指数行情: fetch failed for 930707: Expecting value: line 1 column 1 (char 0)
2026-08-28 10:00:44,332 [INFO] anetf.datasources.price: PRICE: Update index id(930707), name(中证畜牧), source=cn
2026-08-28 10:00:44,405 [INFO] anetf.datasources.price: PRICE: primary API failed for sh930604, falling back to csindex
2026-08-28 10:00:44,471 [ERROR] __main__: 中证指数行情: fetch failed for 000811: Expecting value: line 1 column 1 (char 0)
2026-08-28 10:00:44,472 [INFO] anetf.datasources.price: PRICE: Update index id(000811), name(细分有色), source=cn
2026-08-28 10:00:44,526 [WARNING] anetf.datasources.price: PRICE: fallback also failed for 930604: Expecting value: line 1 column 1 (char 0)
2026-08-28 10:00:44,529 [INFO] __main__: 182: Update PE index for N225/日经225
2026-08-28 10:00:44,529 [INFO] anetf.datasources.juquaner: JQ: Update PE index id(N225), local_name(日经225), trying funddb_name(日经225)
2026-08-28 10:00:44,546 [ERROR] anetf.datasources.juquaner: JQ: query failed for all candidates: ['HKC医药']
2026-08-28 10:00:44,546 [INFO] anetf.datasources.csindex: ZZ: Update PE index id(931643)
2026-08-28 10:00:44,570 [ERROR] __main__: 中证指数: fetch failed for 931643: HTTP Error 403: Forbidden
2026-08-28 10:00:44,570 [INFO] anetf.datasources.cni: GZ: Update PE index id(931643), name(HKC医药)
2026-08-28 10:00:44,570 [WARNING] anetf.datasources.cni: GZ: Update 931643 failed, index not found in gz_df.
2026-08-28 10:00:44,570 [INFO] anetf.datasources.csindex: CSI: Update PE index id(931643), name(HKC医药)
2026-08-28 10:00:44,584 [INFO] anetf.datasources.price: PRICE: primary API failed for sh930707, falling back to csindex
2026-08-28 10:00:44,665 [ERROR] anetf.datasources.juquaner: JQ: query failed for all candidates: ['港股通汽车']
2026-08-28 10:00:44,665 [INFO] anetf.datasources.csindex: ZZ: Update PE index id(931239)
2026-08-28 10:00:44,684 [INFO] __main__: 183: Update PE index for 931066/军工龙头
2026-08-28 10:00:44,684 [INFO] anetf.datasources.juquaner: JQ: Update PE index id(931066), local_name(军工龙头), trying funddb_name(军工龙头)
2026-08-28 10:00:44,690 [ERROR] __main__: 中证指数行情: fetch failed for 931643: Expecting value: line 1 column 1 (char 0)
2026-08-28 10:00:44,691 [INFO] anetf.datasources.price: PRICE: Update index id(931643), name(HKC医药), source=cn
2026-08-28 10:00:44,702 [ERROR] __main__: 中证指数: fetch failed for 931239: HTTP Error 403: Forbidden
2026-08-28 10:00:44,702 [INFO] anetf.datasources.cni: GZ: Update PE index id(931239), name(港股通汽车)
2026-08-28 10:00:44,702 [WARNING] anetf.datasources.cni: GZ: Update 931239 failed, index not found in gz_df.
2026-08-28 10:00:44,702 [INFO] anetf.datasources.csindex: CSI: Update PE index id(931239), name(港股通汽车)
2026-08-28 10:00:44,716 [WARNING] anetf.datasources.price: PRICE: fallback also failed for 930707: Expecting value: line 1 column 1 (char 0)
2026-08-28 10:00:44,720 [INFO] __main__: 184: Update PE index for 000695/科创AI指数
2026-08-28 10:00:44,722 [INFO] anetf.datasources.juquaner: JQ: Update PE index id(000695), local_name(科创AI指数), trying funddb_name(科创AI指数)
2026-08-28 10:00:44,816 [ERROR] __main__: 中证指数行情: fetch failed for 931239: Expecting value: line 1 column 1 (char 0)
2026-08-28 10:00:44,817 [INFO] anetf.datasources.price: PRICE: Update index id(931239), name(港股通汽车), source=cn
2026-08-28 10:00:44,919 [INFO] anetf.datasources.price: PRICE: primary API failed for csi931643, falling back to csindex
2026-08-28 10:00:44,932 [ERROR] anetf.datasources.juquaner: JQ: query failed for all candidates: ['国证航天']
2026-08-28 10:00:44,932 [INFO] anetf.datasources.csindex: ZZ: Update PE index id(CN5082)
2026-08-28 10:00:44,954 [ERROR] __main__: 中证指数: fetch failed for CN5082: HTTP Error 403: Forbidden
2026-08-28 10:00:44,954 [INFO] anetf.datasources.cni: GZ: Update PE index id(CN5082), name(国证航天)
2026-08-28 10:00:44,976 [INFO] __main__: 185: Update PE index for DJI/道琼斯工业平均指数
2026-08-28 10:00:44,976 [INFO] anetf.datasources.juquaner: JQ: Update PE index id(DJI), local_name(道琼斯工业平均指数), trying funddb_name(道琼斯工业指数)
2026-08-28 10:00:44,980 [ERROR] anetf.datasources.juquaner: JQ: query failed for all candidates: ['恒生指数']
2026-08-28 10:00:44,980 [INFO] anetf.datasources.price: PRICE: Update index id(HSI), name(恒生指数), source=hk
2026-08-28 10:00:44,992 [ERROR] anetf.datasources.juquaner: JQ: query failed for all candidates: ['国信价值']
2026-08-28 10:00:44,992 [INFO] anetf.datasources.csindex: ZZ: Update PE index id(931052)
2026-08-28 10:00:45,001 [INFO] anetf.datasources.price: PRICE: primary API failed for csi931239, falling back to csindex
2026-08-28 10:00:45,020 [WARNING] anetf.datasources.price: PRICE: fallback also failed for 931643: Expecting value: line 1 column 1 (char 0)
2026-08-28 10:00:45,029 [INFO] __main__: 186: Update PE index for GDAXI/德国DAX
2026-08-28 10:00:45,030 [INFO] anetf.datasources.juquaner: JQ: Update PE index id(GDAXI), local_name(德国DAX), trying funddb_name(德国DAX)
2026-08-28 10:00:45,031 [ERROR] __main__: 中证指数: fetch failed for 931052: HTTP Error 403: Forbidden
2026-08-28 10:00:45,031 [INFO] anetf.datasources.cni: GZ: Update PE index id(931052), name(国信价值)
2026-08-28 10:00:45,031 [WARNING] anetf.datasources.cni: GZ: Update 931052 failed, index not found in gz_df.
2026-08-28 10:00:45,031 [INFO] anetf.datasources.csindex: CSI: Update PE index id(931052), name(国信价值)
2026-08-28 10:00:45,089 [ERROR] anetf.datasources.juquaner: JQ: query failed for all candidates: ['CS稀金属']
2026-08-28 10:00:45,090 [INFO] anetf.datasources.csindex: ZZ: Update PE index id(930632)
2026-08-28 10:00:45,124 [WARNING] anetf.datasources.price: PRICE: fallback also failed for 931239: Expecting value: line 1 column 1 (char 0)
2026-08-28 10:00:45,130 [ERROR] __main__: 中证指数: fetch failed for 930632: HTTP Error 403: Forbidden
2026-08-28 10:00:45,131 [INFO] anetf.datasources.cni: GZ: Update PE index id(930632), name(CS稀金属)
2026-08-28 10:00:45,131 [WARNING] anetf.datasources.cni: GZ: Update 930632 failed, index not found in gz_df.
2026-08-28 10:00:45,131 [INFO] anetf.datasources.csindex: CSI: Update PE index id(930632), name(CS稀金属)
2026-08-28 10:00:45,134 [INFO] __main__: 187: Update PE index for 000932/中证消费
2026-08-28 10:00:45,135 [INFO] anetf.datasources.juquaner: JQ: Update PE index id(000932), local_name(中证消费), trying funddb_name(中证消费)
2026-08-28 10:00:45,149 [ERROR] __main__: 中证指数行情: fetch failed for 931052: Expecting value: line 1 column 1 (char 0)
2026-08-28 10:00:45,150 [INFO] anetf.datasources.price: PRICE: Update index id(931052), name(国信价值), source=cn
2026-08-28 10:00:45,259 [ERROR] __main__: 中证指数行情: fetch failed for 930632: Expecting value: line 1 column 1 (char 0)
2026-08-28 10:00:45,260 [INFO] anetf.datasources.price: PRICE: Update index id(930632), name(CS稀金属), source=cn
2026-08-28 10:00:45,296 [ERROR] anetf.datasources.juquaner: JQ: query failed for all candidates: ['CS电池']
2026-08-28 10:00:45,296 [INFO] anetf.datasources.csindex: ZZ: Update PE index id(931719)
2026-08-28 10:00:45,339 [ERROR] __main__: 中证指数: fetch failed for 931719: HTTP Error 403: Forbidden
2026-08-28 10:00:45,348 [INFO] anetf.datasources.cni: GZ: Update PE index id(931719), name(CS电池)
2026-08-28 10:00:45,348 [INFO] __main__: 188: Update PE index for 000689/科创材料
2026-08-28 10:00:45,351 [WARNING] anetf.datasources.cni: GZ: Update 931719 failed, index not found in gz_df.
2026-08-28 10:00:45,351 [INFO] anetf.datasources.csindex: CSI: Update PE index id(931719), name(CS电池)
2026-08-28 10:00:45,351 [INFO] anetf.datasources.juquaner: JQ: Update PE index id(000689), local_name(科创材料), trying funddb_name(科创材料)
2026-08-28 10:00:45,351 [ERROR] anetf.datasources.juquaner: JQ: query failed for all candidates: ['HKC科技(CNY)']
2026-08-28 10:00:45,353 [INFO] anetf.datasources.csindex: ZZ: Update PE index id(931573)
2026-08-28 10:00:45,365 [INFO] anetf.datasources.price: PRICE: primary API failed for csi931052, falling back to csindex
2026-08-28 10:00:45,376 [ERROR] __main__: 中证指数: fetch failed for 931573: HTTP Error 403: Forbidden
2026-08-28 10:00:45,377 [INFO] anetf.datasources.cni: GZ: Update PE index id(931573), name(HKC科技(CNY))
2026-08-28 10:00:45,377 [WARNING] anetf.datasources.cni: GZ: Update 931573 failed, index not found in gz_df.
2026-08-28 10:00:45,377 [INFO] anetf.datasources.csindex: CSI: Update PE index id(931573), name(HKC科技(CNY))
2026-08-28 10:00:45,430 [ERROR] anetf.datasources.juquaner: JQ: query failed for all candidates: ['科创AI指数']
2026-08-28 10:00:45,430 [INFO] anetf.datasources.csindex: ZZ: Update PE index id(000695)
2026-08-28 10:00:45,455 [ERROR] __main__: 中证指数行情: fetch failed for 931719: Expecting value: line 1 column 1 (char 0)
2026-08-28 10:00:45,456 [INFO] anetf.datasources.price: PRICE: Update index id(931719), name(CS电池), source=cn
2026-08-28 10:00:45,472 [ERROR] __main__: 中证指数: fetch failed for 000695: HTTP Error 403: Forbidden
2026-08-28 10:00:45,474 [INFO] anetf.datasources.cni: GZ: Update PE index id(000695), name(科创AI指数)
2026-08-28 10:00:45,474 [WARNING] anetf.datasources.cni: GZ: Update 000695 failed, index not found in gz_df.
2026-08-28 10:00:45,474 [INFO] anetf.datasources.csindex: CSI: Update PE index id(000695), name(科创AI指数)
2026-08-28 10:00:45,495 [WARNING] anetf.datasources.price: PRICE: fallback also failed for 931052: Expecting value: line 1 column 1 (char 0)
2026-08-28 10:00:45,498 [INFO] anetf.datasources.price: PRICE: primary API failed for sh930632, falling back to csindex
2026-08-28 10:00:45,500 [INFO] __main__: 189: Update PE index for 399967/中证军工
2026-08-28 10:00:45,504 [INFO] anetf.datasources.juquaner: JQ: Update PE index id(399967), local_name(中证军工), trying funddb_name(中证军工)
2026-08-28 10:00:45,528 [ERROR] __main__: 中证指数行情: fetch failed for 931573: Expecting value: line 1 column 1 (char 0)
2026-08-28 10:00:45,529 [INFO] anetf.datasources.price: PRICE: Update index id(931573), name(HKC科技(CNY)), source=cn
2026-08-28 10:00:45,564 [ERROR] __main__: 中证指数行情: fetch failed for 000695: Expecting value: line 1 column 1 (char 0)
2026-08-28 10:00:45,567 [INFO] anetf.datasources.price: PRICE: Update index id(000695), name(科创AI指数), source=cn
2026-08-28 10:00:45,657 [WARNING] anetf.datasources.price: PRICE: fallback also failed for 930632: Expecting value: line 1 column 1 (char 0)
2026-08-28 10:00:45,660 [INFO] __main__: 190: Update PE index for 399606/创业板R
2026-08-28 10:00:45,660 [INFO] anetf.datasources.juquaner: JQ: Update PE index id(399606), local_name(创业板R), trying funddb_name(创业板R)
2026-08-28 10:00:45,724 [ERROR] anetf.datasources.juquaner: JQ: query failed for all candidates: ['人工智能']
2026-08-28 10:00:45,724 [INFO] anetf.datasources.csindex: ZZ: Update PE index id(931071)
2026-08-28 10:00:45,733 [INFO] anetf.datasources.juquaner: JQ: Update PE index id(DJI), local_name(道琼斯工业平均指数), trying funddb_name(道琼斯工业平均指数)
2026-08-28 10:00:45,751 [ERROR] __main__: 中证指数: fetch failed for 931071: HTTP Error 403: Forbidden
2026-08-28 10:00:45,751 [INFO] anetf.datasources.cni: GZ: Update PE index id(931071), name(人工智能)
2026-08-28 10:00:45,751 [WARNING] anetf.datasources.cni: GZ: Update 931071 failed, index not found in gz_df.
2026-08-28 10:00:45,751 [INFO] anetf.datasources.csindex: CSI: Update PE index id(931071), name(人工智能)
2026-08-28 10:00:45,760 [INFO] anetf.datasources.price: PRICE: primary API failed for csi931719, falling back to csindex
2026-08-28 10:00:45,793 [INFO] anetf.datasources.price: PRICE: primary API failed for csi931573, falling back to csindex
2026-08-28 10:00:45,860 [ERROR] __main__: 中证指数行情: fetch failed for 931071: Expecting value: line 1 column 1 (char 0)
2026-08-28 10:00:45,865 [INFO] anetf.datasources.price: PRICE: Update index id(931071), name(人工智能), source=cn
2026-08-28 10:00:45,911 [WARNING] anetf.datasources.price: PRICE: fallback also failed for 931573: Expecting value: line 1 column 1 (char 0)
2026-08-28 10:00:45,914 [INFO] __main__: 191: Update PE index for H11059/工业有色
2026-08-28 10:00:45,914 [INFO] anetf.datasources.juquaner: JQ: Update PE index id(H11059), local_name(工业有色), trying funddb_name(工业有色)
2026-08-28 10:00:45,919 [WARNING] anetf.datasources.price: PRICE: fallback also failed for 931719: Expecting value: line 1 column 1 (char 0)
2026-08-28 10:00:45,928 [INFO] __main__: 192: Update PE index for 980081/价值100
2026-08-28 10:00:45,929 [INFO] anetf.datasources.juquaner: JQ: Update PE index id(980081), local_name(价值100), trying funddb_name(价值100)
2026-08-28 10:00:45,959 [INFO] __main__: 193: Update PE index for 987008/港股通科技
2026-08-28 10:00:45,959 [INFO] anetf.datasources.juquaner: JQ: Update PE index id(987008), local_name(港股通科技), trying funddb_name(港股通科技)
2026-08-28 10:00:45,965 [ERROR] anetf.datasources.juquaner: JQ: query failed for all candidates: ['军工龙头']
2026-08-28 10:00:45,965 [INFO] anetf.datasources.csindex: ZZ: Update PE index id(931066)
2026-08-28 10:00:45,982 [ERROR] anetf.datasources.juquaner: JQ: query failed for all candidates: ['日经225']
2026-08-28 10:00:45,984 [INFO] anetf.datasources.csindex: ZZ: Update PE index id(N225)
2026-08-28 10:00:45,995 [ERROR] __main__: 中证指数: fetch failed for 931066: HTTP Error 403: Forbidden
2026-08-28 10:00:45,995 [INFO] anetf.datasources.cni: GZ: Update PE index id(931066), name(军工龙头)
2026-08-28 10:00:45,995 [WARNING] anetf.datasources.cni: GZ: Update 931066 failed, index not found in gz_df.
2026-08-28 10:00:45,996 [INFO] anetf.datasources.csindex: CSI: Update PE index id(931066), name(军工龙头)
2026-08-28 10:00:46,013 [ERROR] __main__: 中证指数: fetch failed for N225: HTTP Error 403: Forbidden
2026-08-28 10:00:46,013 [INFO] anetf.datasources.cni: GZ: Update PE index id(N225), name(日经225)
2026-08-28 10:00:46,013 [WARNING] anetf.datasources.cni: GZ: Update N225 failed, index not found in gz_df.
2026-08-28 10:00:46,013 [INFO] anetf.datasources.csindex: CSI: Update PE index id(N225), name(日经225)
2026-08-28 10:00:46,075 [INFO] anetf.datasources.price: PRICE: primary API failed for csi931071, falling back to csindex
2026-08-28 10:00:46,155 [ERROR] anetf.datasources.juquaner: JQ: query failed for all candidates: ['科创材料']
2026-08-28 10:00:46,155 [INFO] anetf.datasources.csindex: ZZ: Update PE index id(000689)
2026-08-28 10:00:46,156 [ERROR] __main__: 中证指数行情: fetch failed for N225: Expecting value: line 1 column 1 (char 0)
2026-08-28 10:00:46,158 [WARNING] anetf.datasources.price: PRICE: No price source for N225
2026-08-28 10:00:46,158 [INFO] __main__: 194: Update PE index for 950162/科创芯片设计
2026-08-28 10:00:46,158 [INFO] anetf.datasources.juquaner: JQ: Update PE index id(950162), local_name(科创芯片设计), trying funddb_name(科创芯片设计)
2026-08-28 10:00:46,162 [ERROR] __main__: 中证指数行情: fetch failed for 931066: Expecting value: line 1 column 1 (char 0)
2026-08-28 10:00:46,163 [INFO] anetf.datasources.price: PRICE: Update index id(931066), name(军工龙头), source=cn
2026-08-28 10:00:46,173 [WARNING] anetf.datasources.price: PRICE: fallback also failed for 931071: Expecting value: line 1 column 1 (char 0)
2026-08-28 10:00:46,177 [INFO] __main__: 195: Update PE index for 930914/中证港股通高股息投资指数
2026-08-28 10:00:46,178 [INFO] anetf.datasources.juquaner: JQ: Update PE index id(930914), local_name(中证港股通高股息投资指数), trying funddb_name(中证港股通高股息投资指数)
2026-08-28 10:00:46,185 [ERROR] __main__: 中证指数: fetch failed for 000689: HTTP Error 403: Forbidden
2026-08-28 10:00:46,186 [INFO] anetf.datasources.cni: GZ: Update PE index id(000689), name(科创材料)
2026-08-28 10:00:46,186 [WARNING] anetf.datasources.cni: GZ: Update 000689 failed, index not found in gz_df.
2026-08-28 10:00:46,186 [INFO] anetf.datasources.csindex: CSI: Update PE index id(000689), name(科创材料)
2026-08-28 10:00:46,302 [ERROR] __main__: 中证指数行情: fetch failed for 000689: Expecting value: line 1 column 1 (char 0)
2026-08-28 10:00:46,303 [INFO] anetf.datasources.price: PRICE: Update index id(000689), name(科创材料), source=cn
2026-08-28 10:00:46,387 [ERROR] anetf.datasources.juquaner: JQ: query failed for all candidates: ['中证消费']
2026-08-28 10:00:46,387 [INFO] anetf.datasources.price: PRICE: primary API failed for csi931066, falling back to csindex
2026-08-28 10:00:46,388 [INFO] anetf.datasources.csindex: ZZ: Update PE index id(000932)
2026-08-28 10:00:46,413 [ERROR] __main__: 中证指数: fetch failed for 000932: HTTP Error 403: Forbidden
2026-08-28 10:00:46,413 [INFO] anetf.datasources.cni: GZ: Update PE index id(000932), name(中证消费)
2026-08-28 10:00:46,413 [WARNING] anetf.datasources.cni: GZ: Update 000932 failed, index not found in gz_df.
2026-08-28 10:00:46,413 [INFO] anetf.datasources.csindex: CSI: Update PE index id(000932), name(中证消费)
2026-08-28 10:00:46,451 [ERROR] anetf.datasources.juquaner: JQ: query failed for all candidates: ['道琼斯工业指数', '道琼斯工业平均指数']
2026-08-28 10:00:46,452 [INFO] anetf.datasources.price: PRICE: Update index id(DJI), name(道琼斯工业平均指数), source=us
2026-08-28 10:00:46,475 [WARNING] anetf.datasources.price: PRICE: fallback also failed for 931066: Expecting value: line 1 column 1 (char 0)
2026-08-28 10:00:46,477 [INFO] __main__: 196: Update PE index for 931594/卫星产业
2026-08-28 10:00:46,478 [INFO] anetf.datasources.juquaner: JQ: Update PE index id(931594), local_name(卫星产业), trying funddb_name(卫星产业)
2026-08-28 10:00:46,506 [ERROR] __main__: 中证指数行情: fetch failed for 000932: Expecting value: line 1 column 1 (char 0)
2026-08-28 10:00:46,508 [INFO] anetf.datasources.price: PRICE: Update index id(000932), name(中证消费), source=cn
2026-08-28 10:00:46,621 [INFO] __main__: 197: Update PE index for 399266/创新能源
2026-08-28 10:00:46,621 [INFO] anetf.datasources.juquaner: JQ: Update PE index id(399266), local_name(创新能源), trying funddb_name(创新能源)
2026-08-28 10:00:46,663 [ERROR] anetf.datasources.juquaner: JQ: query failed for all candidates: ['德国DAX']
2026-08-28 10:00:46,663 [INFO] anetf.datasources.csindex: ZZ: Update PE index id(GDAXI)
2026-08-28 10:00:46,691 [ERROR] __main__: 中证指数: fetch failed for GDAXI: HTTP Error 403: Forbidden
2026-08-28 10:00:46,691 [INFO] anetf.datasources.cni: GZ: Update PE index id(GDAXI), name(德国DAX)
2026-08-28 10:00:46,691 [WARNING] anetf.datasources.cni: GZ: Update GDAXI failed, index not found in gz_df.
2026-08-28 10:00:46,692 [INFO] anetf.datasources.csindex: CSI: Update PE index id(GDAXI), name(德国DAX)
2026-08-28 10:00:46,773 [INFO] __main__: 198: Update PE index for H30199/电力指数
2026-08-28 10:00:46,773 [INFO] anetf.datasources.juquaner: JQ: Update PE index id(H30199), local_name(电力指数), trying funddb_name(电力指数)
2026-08-28 10:00:46,820 [ERROR] __main__: 中证指数行情: fetch failed for GDAXI: Expecting value: line 1 column 1 (char 0)
2026-08-28 10:00:46,821 [WARNING] anetf.datasources.price: PRICE: No price source for GDAXI
2026-08-28 10:00:46,822 [INFO] __main__: 199: Update PE index for 000813/细分化工
2026-08-28 10:00:46,822 [INFO] anetf.datasources.juquaner: JQ: Update PE index id(000813), local_name(细分化工), trying funddb_name(细分化工)
2026-08-28 10:00:46,824 [INFO] __main__: 200: Update PE index for 980027/新能源电池
2026-08-28 10:00:46,824 [INFO] anetf.datasources.juquaner: JQ: Update PE index id(980027), local_name(新能源电池), trying funddb_name(新能源电池)
2026-08-28 10:00:47,204 [ERROR] anetf.datasources.juquaner: JQ: query failed for all candidates: ['创业板R']
2026-08-28 10:00:47,204 [INFO] anetf.datasources.csindex: ZZ: Update PE index id(399606)
2026-08-28 10:00:47,226 [ERROR] __main__: 中证指数: fetch failed for 399606: HTTP Error 403: Forbidden
2026-08-28 10:00:47,226 [INFO] anetf.datasources.cni: GZ: Update PE index id(399606), name(创业板R)
2026-08-28 10:00:47,248 [INFO] __main__: 201: Update PE index for 000690/科创成长
2026-08-28 10:00:47,252 [INFO] anetf.datasources.juquaner: JQ: Update PE index id(000690), local_name(科创成长), trying funddb_name(科创成长)
2026-08-28 10:00:47,252 [ERROR] anetf.datasources.juquaner: JQ: query failed for all candidates: ['中证港股通高股息投资指数']
2026-08-28 10:00:47,261 [INFO] anetf.datasources.csindex: ZZ: Update PE index id(930914)
2026-08-28 10:00:47,263 [ERROR] anetf.datasources.juquaner: JQ: query failed for all candidates: ['工业有色']
2026-08-28 10:00:47,263 [INFO] anetf.datasources.csindex: ZZ: Update PE index id(H11059)
2026-08-28 10:00:47,286 [ERROR] __main__: 中证指数: fetch failed for H11059: HTTP Error 403: Forbidden
2026-08-28 10:00:47,286 [INFO] anetf.datasources.cni: GZ: Update PE index id(H11059), name(工业有色)
2026-08-28 10:00:47,286 [WARNING] anetf.datasources.cni: GZ: Update H11059 failed, index not found in gz_df.
2026-08-28 10:00:47,286 [INFO] anetf.datasources.csindex: CSI: Update PE index id(H11059), name(工业有色)
2026-08-28 10:00:47,288 [ERROR] __main__: 中证指数: fetch failed for 930914: HTTP Error 403: Forbidden
2026-08-28 10:00:47,288 [INFO] anetf.datasources.cni: GZ: Update PE index id(930914), name(中证港股通高股息投资指数)
2026-08-28 10:00:47,288 [WARNING] anetf.datasources.cni: GZ: Update 930914 failed, index not found in gz_df.
2026-08-28 10:00:47,288 [INFO] anetf.datasources.csindex: CSI: Update PE index id(930914), name(中证港股通高股息投资指数)
2026-08-28 10:00:47,321 [ERROR] anetf.datasources.juquaner: JQ: query failed for all candidates: ['卫星产业']
2026-08-28 10:00:47,322 [INFO] anetf.datasources.csindex: ZZ: Update PE index id(931594)
2026-08-28 10:00:47,344 [ERROR] anetf.datasources.juquaner: JQ: query failed for all candidates: ['港股通科技']
2026-08-28 10:00:47,345 [INFO] anetf.datasources.cni: GZ: Update PE index id(987008), name(港股通科技)
2026-08-28 10:00:47,345 [WARNING] anetf.datasources.cni: GZ: Update 987008 skipped, PE is NaN in gz_df.
2026-08-28 10:00:47,345 [INFO] anetf.datasources.price: PRICE: Update index id(987008), name(港股通科技), source=cni
2026-08-28 10:00:47,363 [ERROR] __main__: 中证指数: fetch failed for 931594: HTTP Error 403: Forbidden
2026-08-28 10:00:47,363 [INFO] anetf.datasources.cni: GZ: Update PE index id(931594), name(卫星产业)
2026-08-28 10:00:47,363 [WARNING] anetf.datasources.cni: GZ: Update 931594 failed, index not found in gz_df.
2026-08-28 10:00:47,363 [INFO] anetf.datasources.csindex: CSI: Update PE index id(931594), name(卫星产业)
2026-08-28 10:00:47,400 [ERROR] __main__: 中证指数行情: fetch failed for H11059: Expecting value: line 1 column 1 (char 0)
2026-08-28 10:00:47,402 [INFO] anetf.datasources.price: PRICE: Update index id(H11059), name(工业有色), source=cn
2026-08-28 10:00:47,404 [ERROR] __main__: 中证指数行情: fetch failed for 930914: Expecting value: line 1 column 1 (char 0)
2026-08-28 10:00:47,406 [INFO] anetf.datasources.price: PRICE: Update index id(930914), name(中证港股通高股息投资指数), source=cn
2026-08-28 10:00:47,431 [ERROR] __main__: 中证指数行情: fetch failed for 931594: Expecting value: line 1 column 1 (char 0)
2026-08-28 10:00:47,432 [INFO] anetf.datasources.price: PRICE: Update index id(931594), name(卫星产业), source=cn
2026-08-28 10:00:47,469 [ERROR] anetf.datasources.juquaner: JQ: query failed for all candidates: ['中证军工']
2026-08-28 10:00:47,470 [INFO] anetf.datasources.csindex: ZZ: Update PE index id(399967)
2026-08-28 10:00:47,491 [ERROR] anetf.datasources.juquaner: JQ: query failed for all candidates: ['创新能源']
2026-08-28 10:00:47,492 [INFO] anetf.datasources.csindex: ZZ: Update PE index id(399266)
2026-08-28 10:00:47,504 [ERROR] __main__: 中证指数: fetch failed for 399967: HTTP Error 403: Forbidden
2026-08-28 10:00:47,504 [INFO] anetf.datasources.cni: GZ: Update PE index id(399967), name(中证军工)
2026-08-28 10:00:47,504 [WARNING] anetf.datasources.cni: GZ: Update 399967 failed, index not found in gz_df.
2026-08-28 10:00:47,504 [INFO] anetf.datasources.csindex: CSI: Update PE index id(399967), name(中证军工)
2026-08-28 10:00:47,517 [ERROR] __main__: 中证指数: fetch failed for 399266: HTTP Error 403: Forbidden
2026-08-28 10:00:47,517 [INFO] anetf.datasources.cni: GZ: Update PE index id(399266), name(创新能源)
2026-08-28 10:00:47,545 [INFO] __main__: 202: Update PE index for 399987/中证酒指数
2026-08-28 10:00:47,545 [INFO] anetf.datasources.juquaner: JQ: Update PE index id(399987), local_name(中证酒指数), trying funddb_name(中证酒指数)
2026-08-28 10:00:47,576 [ERROR] __main__: 中证指数行情: fetch failed for 399967: Expecting value: line 1 column 1 (char 0)
2026-08-28 10:00:47,578 [INFO] anetf.datasources.price: PRICE: Update index id(399967), name(中证军工), source=cn
2026-08-28 10:00:47,612 [INFO] anetf.datasources.price: PRICE: primary API failed for csiH11059, falling back to csindex
2026-08-28 10:00:47,667 [INFO] anetf.datasources.price: PRICE: primary API failed for csi931594, falling back to csindex
2026-08-28 10:00:47,688 [WARNING] anetf.datasources.price: PRICE: fallback also failed for H11059: Expecting value: line 1 column 1 (char 0)
2026-08-28 10:00:47,691 [INFO] __main__: 203: Update PE index for CN6052/金属指数
2026-08-28 10:00:47,692 [INFO] anetf.datasources.juquaner: JQ: Update PE index id(CN6052), local_name(金属指数), trying funddb_name(金属指数)
2026-08-28 10:00:47,697 [INFO] anetf.datasources.price: PRICE: primary API failed for sh930914, falling back to csindex
2026-08-28 10:00:47,742 [WARNING] anetf.datasources.price: PRICE: fallback also failed for 931594: Expecting value: line 1 column 1 (char 0)
2026-08-28 10:00:47,748 [INFO] __main__: 204: Update PE index for M9999/大商所豆粕期货价格指数
2026-08-28 10:00:47,749 [INFO] anetf.datasources.juquaner: JQ: Update PE index id(M9999), local_name(大商所豆粕期货价格指数), trying funddb_name(大商所豆粕期货价格指数)
2026-08-28 10:00:47,777 [ERROR] anetf.datasources.juquaner: JQ: query failed for all candidates: ['细分化工']
2026-08-28 10:00:47,777 [INFO] anetf.datasources.csindex: ZZ: Update PE index id(000813)
2026-08-28 10:00:47,811 [INFO] anetf.datasources.price: PRICE: CNI index 987008 loaded 243 rows from index_hist_cni
2026-08-28 10:00:47,815 [INFO] __main__: 205: Update PE index for 399441/生物医药
2026-08-28 10:00:47,815 [INFO] anetf.datasources.juquaner: JQ: Update PE index id(399441), local_name(生物医药), trying funddb_name(生物医药)
2026-08-28 10:00:47,816 [ERROR] __main__: 中证指数: fetch failed for 000813: HTTP Error 403: Forbidden
2026-08-28 10:00:47,817 [INFO] anetf.datasources.cni: GZ: Update PE index id(000813), name(细分化工)
2026-08-28 10:00:47,817 [WARNING] anetf.datasources.cni: GZ: Update 000813 failed, index not found in gz_df.
2026-08-28 10:00:47,817 [INFO] anetf.datasources.csindex: CSI: Update PE index id(000813), name(细分化工)
2026-08-28 10:00:47,819 [WARNING] anetf.datasources.price: PRICE: fallback also failed for 930914: Expecting value: line 1 column 1 (char 0)
2026-08-28 10:00:47,823 [INFO] __main__: 206: Update PE index for 980032/新能电池
2026-08-28 10:00:47,824 [INFO] anetf.datasources.juquaner: JQ: Update PE index id(980032), local_name(新能电池), trying funddb_name(新能电池)
2026-08-28 10:00:47,824 [INFO] __main__: 207: Update PE index for 399330/深证100
2026-08-28 10:00:47,824 [INFO] anetf.datasources.juquaner: JQ: Update PE index id(399330), local_name(深证100), trying funddb_name(深证100)
2026-08-28 10:00:47,905 [ERROR] __main__: 中证指数行情: fetch failed for 000813: Expecting value: line 1 column 1 (char 0)
2026-08-28 10:00:47,906 [INFO] anetf.datasources.price: PRICE: Update index id(000813), name(细分化工), source=cn
2026-08-28 10:00:48,011 [ERROR] anetf.datasources.juquaner: JQ: query failed for all candidates: ['价值100']
2026-08-28 10:00:48,011 [INFO] anetf.datasources.cni: GZ: Update PE index id(980081), name(价值100)
2026-08-28 10:00:48,029 [INFO] __main__: 208: Update PE index for H30035/300非银
2026-08-28 10:00:48,029 [INFO] anetf.datasources.juquaner: JQ: Update PE index id(H30035), local_name(300非银), trying funddb_name(300非银)
2026-08-28 10:00:48,130 [ERROR] anetf.datasources.juquaner: JQ: query failed for all candidates: ['科创芯片设计']
2026-08-28 10:00:48,130 [INFO] anetf.datasources.csindex: ZZ: Update PE index id(950162)
2026-08-28 10:00:48,152 [ERROR] __main__: 中证指数: fetch failed for 950162: HTTP Error 403: Forbidden
2026-08-28 10:00:48,152 [INFO] anetf.datasources.cni: GZ: Update PE index id(950162), name(科创芯片设计)
2026-08-28 10:00:48,152 [WARNING] anetf.datasources.cni: GZ: Update 950162 failed, index not found in gz_df.
2026-08-28 10:00:48,152 [INFO] anetf.datasources.csindex: CSI: Update PE index id(950162), name(科创芯片设计)
2026-08-28 10:00:48,223 [ERROR] __main__: 中证指数行情: fetch failed for 950162: Expecting value: line 1 column 1 (char 0)
2026-08-28 10:00:48,224 [INFO] anetf.datasources.price: PRICE: Update index id(950162), name(科创芯片设计), source=cn
2026-08-28 10:00:48,240 [INFO] __main__: 209: Update PE index for 000922/中证红利
2026-08-28 10:00:48,240 [INFO] anetf.datasources.juquaner: JQ: Update PE index id(000922), local_name(中证红利), trying funddb_name(中证红利)
2026-08-28 10:00:48,299 [ERROR] anetf.datasources.juquaner: JQ: query failed for all candidates: ['电力指数']
2026-08-28 10:00:48,299 [INFO] anetf.datasources.csindex: ZZ: Update PE index id(H30199)
2026-08-28 10:00:48,325 [ERROR] __main__: 中证指数: fetch failed for H30199: HTTP Error 403: Forbidden
2026-08-28 10:00:48,325 [INFO] anetf.datasources.cni: GZ: Update PE index id(H30199), name(电力指数)
2026-08-28 10:00:48,325 [WARNING] anetf.datasources.cni: GZ: Update H30199 failed, index not found in gz_df.
2026-08-28 10:00:48,325 [INFO] anetf.datasources.csindex: CSI: Update PE index id(H30199), name(电力指数)
2026-08-28 10:00:48,410 [ERROR] __main__: 中证指数行情: fetch failed for H30199: Expecting value: line 1 column 1 (char 0)
2026-08-28 10:00:48,412 [INFO] anetf.datasources.price: PRICE: Update index id(H30199), name(电力指数), source=cn
2026-08-28 10:00:48,477 [INFO] anetf.datasources.price: PRICE: primary API failed for sh950162, falling back to csindex
2026-08-28 10:00:48,556 [WARNING] anetf.datasources.price: PRICE: fallback also failed for 950162: Expecting value: line 1 column 1 (char 0)
2026-08-28 10:00:48,560 [INFO] __main__: 210: Update PE index for 930965/中证港股通医药卫生综合指数
2026-08-28 10:00:48,561 [INFO] anetf.datasources.juquaner: JQ: Update PE index id(930965), local_name(中证港股通医药卫生综合指数), trying funddb_name(中证港股通医药卫生综合指数)
2026-08-28 10:00:48,598 [ERROR] anetf.datasources.juquaner: JQ: query failed for all candidates: ['300非银']
2026-08-28 10:00:48,599 [INFO] anetf.datasources.csindex: ZZ: Update PE index id(H30035)
2026-08-28 10:00:48,628 [ERROR] anetf.datasources.juquaner: JQ: query failed for all candidates: ['新能源电池']
2026-08-28 10:00:48,628 [INFO] anetf.datasources.cni: GZ: Update PE index id(980027), name(新能源电池)
2026-08-28 10:00:48,635 [INFO] anetf.datasources.price: PRICE: primary API failed for csiH30199, falling back to csindex
2026-08-28 10:00:48,639 [INFO] __main__: 211: Update PE index for 931865/中证半导
2026-08-28 10:00:48,639 [INFO] anetf.datasources.juquaner: JQ: Update PE index id(931865), local_name(中证半导), trying funddb_name(中证半导)
2026-08-28 10:00:48,718 [WARNING] anetf.datasources.price: PRICE: fallback also failed for H30199: Expecting value: line 1 column 1 (char 0)
2026-08-28 10:00:48,721 [INFO] __main__: 212: Update PE index for 930901/动漫游戏
2026-08-28 10:00:48,722 [INFO] anetf.datasources.juquaner: JQ: Update PE index id(930901), local_name(动漫游戏), trying funddb_name(动漫游戏)
2026-08-28 10:00:48,771 [ERROR] anetf.datasources.juquaner: JQ: query failed for all candidates: ['中证酒指数']
2026-08-28 10:00:48,771 [INFO] anetf.datasources.csindex: ZZ: Update PE index id(399987)
2026-08-28 10:00:48,796 [ERROR] __main__: 中证指数: fetch failed for 399987: HTTP Error 403: Forbidden
2026-08-28 10:00:48,796 [INFO] anetf.datasources.cni: GZ: Update PE index id(399987), name(中证酒指数)
2026-08-28 10:00:48,796 [WARNING] anetf.datasources.cni: GZ: Update 399987 failed, index not found in gz_df.
2026-08-28 10:00:48,796 [INFO] anetf.datasources.csindex: CSI: Update PE index id(399987), name(中证酒指数)
2026-08-28 10:00:48,815 [ERROR] anetf.datasources.juquaner: JQ: query failed for all candidates: ['中证红利']
2026-08-28 10:00:48,816 [INFO] anetf.datasources.csindex: ZZ: Update PE index id(000922)
2026-08-28 10:00:48,841 [ERROR] __main__: 中证指数: fetch failed for 000922: HTTP Error 403: Forbidden
2026-08-28 10:00:48,841 [INFO] anetf.datasources.cni: GZ: Update PE index id(000922), name(中证红利)
2026-08-28 10:00:48,841 [WARNING] anetf.datasources.cni: GZ: Update 000922 failed, index not found in gz_df.
2026-08-28 10:00:48,841 [INFO] anetf.datasources.csindex: CSI: Update PE index id(000922), name(中证红利)
2026-08-28 10:00:48,855 [ERROR] __main__: 中证指数: fetch failed for H30035: HTTP Error 403: Forbidden
2026-08-28 10:00:48,858 [INFO] anetf.datasources.cni: GZ: Update PE index id(H30035), name(300非银)
2026-08-28 10:00:48,858 [WARNING] anetf.datasources.cni: GZ: Update H30035 failed, index not found in gz_df.
2026-08-28 10:00:48,858 [INFO] anetf.datasources.csindex: CSI: Update PE index id(H30035), name(300非银)
2026-08-28 10:00:48,895 [ERROR] anetf.datasources.juquaner: JQ: query failed for all candidates: ['科创成长']
2026-08-28 10:00:48,895 [INFO] anetf.datasources.csindex: ZZ: Update PE index id(000690)
2026-08-28 10:00:48,896 [ERROR] __main__: 中证指数行情: fetch failed for 399987: Expecting value: line 1 column 1 (char 0)
2026-08-28 10:00:48,897 [INFO] anetf.datasources.price: PRICE: Update index id(399987), name(中证酒指数), source=cn
2026-08-28 10:00:48,917 [ERROR] __main__: 中证指数行情: fetch failed for 000922: Expecting value: line 1 column 1 (char 0)
2026-08-28 10:00:48,918 [INFO] anetf.datasources.price: PRICE: Update index id(000922), name(中证红利), source=cn
2026-08-28 10:00:48,924 [ERROR] __main__: 中证指数: fetch failed for 000690: HTTP Error 403: Forbidden
2026-08-28 10:00:48,924 [INFO] anetf.datasources.cni: GZ: Update PE index id(000690), name(科创成长)
2026-08-28 10:00:48,924 [WARNING] anetf.datasources.cni: GZ: Update 000690 failed, index not found in gz_df.
2026-08-28 10:00:48,924 [INFO] anetf.datasources.csindex: CSI: Update PE index id(000690), name(科创成长)
2026-08-28 10:00:48,969 [ERROR] __main__: 中证指数行情: fetch failed for H30035: Expecting value: line 1 column 1 (char 0)
2026-08-28 10:00:48,972 [INFO] anetf.datasources.price: PRICE: Update index id(H30035), name(300非银), source=cn
2026-08-28 10:00:48,974 [ERROR] anetf.datasources.juquaner: JQ: query failed for all candidates: ['深证100']
2026-08-28 10:00:48,977 [INFO] anetf.datasources.csindex: ZZ: Update PE index id(399330)
2026-08-28 10:00:48,995 [ERROR] anetf.datasources.juquaner: JQ: query failed for all candidates: ['生物医药']
2026-08-28 10:00:48,995 [INFO] anetf.datasources.csindex: ZZ: Update PE index id(399441)
2026-08-28 10:00:49,011 [ERROR] __main__: 中证指数: fetch failed for 399330: HTTP Error 403: Forbidden
2026-08-28 10:00:49,011 [INFO] anetf.datasources.cni: GZ: Update PE index id(399330), name(深证100)
2026-08-28 10:00:49,026 [INFO] __main__: 213: Update PE index for SP500/标准普尔500指数
2026-08-28 10:00:49,026 [INFO] anetf.datasources.juquaner: JQ: Update PE index id(SP500), local_name(标准普尔500指数), trying funddb_name(标准普尔500指数)
2026-08-28 10:00:49,041 [ERROR] __main__: 中证指数行情: fetch failed for 000690: Expecting value: line 1 column 1 (char 0)
2026-08-28 10:00:49,042 [INFO] anetf.datasources.price: PRICE: Update index id(000690), name(科创成长), source=cn
2026-08-28 10:00:49,092 [ERROR] anetf.datasources.juquaner: JQ: query failed for all candidates: ['金属指数']
2026-08-28 10:00:49,093 [INFO] anetf.datasources.price: PRICE: Update index id(CN6052), name(金属指数), source=cn
2026-08-28 10:00:49,134 [ERROR] anetf.datasources.juquaner: JQ: query failed for all candidates: ['大商所豆粕期货价格指数']
2026-08-28 10:00:49,137 [INFO] anetf.datasources.price: PRICE: Update index id(M9999), name(大商所豆粕期货价格指数), source=futures
2026-08-28 10:00:49,187 [INFO] __main__: 214: Update PE index for 931494/消费电子
2026-08-28 10:00:49,193 [INFO] anetf.datasources.juquaner: JQ: Update PE index id(931494), local_name(消费电子), trying funddb_name(消费电子)
2026-08-28 10:00:49,199 [ERROR] anetf.datasources.juquaner: JQ: query failed for all candidates: ['新能电池']
2026-08-28 10:00:49,199 [INFO] anetf.datasources.cni: GZ: Update PE index id(980032), name(新能电池)
2026-08-28 10:00:49,214 [ERROR] anetf.datasources.juquaner: JQ: query failed for all candidates: ['中证半导']
2026-08-28 10:00:49,214 [INFO] anetf.datasources.csindex: ZZ: Update PE index id(931865)
2026-08-28 10:00:49,216 [INFO] anetf.datasources.price: PRICE: primary API failed for csiH30035, falling back to csindex
2026-08-28 10:00:49,244 [INFO] __main__: 216: Update PE index for 930601/中证软件
2026-08-28 10:00:49,249 [ERROR] __main__: 中证指数: fetch failed for 399441: HTTP Error 403: Forbidden
2026-08-28 10:00:49,257 [INFO] anetf.datasources.juquaner: JQ: Update PE index id(930601), local_name(中证软件), trying funddb_name(中证软件)
2026-08-28 10:00:49,259 [INFO] anetf.datasources.cni: GZ: Update PE index id(399441), name(生物医药)
2026-08-28 10:00:49,263 [INFO] __main__: 217: Update PE index for 930792/中证香港银行投资指数
2026-08-28 10:00:49,263 [INFO] anetf.datasources.juquaner: JQ: Update PE index id(930792), local_name(中证香港银行投资指数), trying funddb_name(中证香港银行投资指数)
2026-08-28 10:00:49,266 [INFO] __main__: 218: Update PE index for NBI/纳斯达克生物科技指数
2026-08-28 10:00:49,267 [INFO] anetf.datasources.juquaner: JQ: Update PE index id(NBI), local_name(纳斯达克生物科技指数), trying funddb_name(纳斯达克生物科技指数)
2026-08-28 10:00:49,280 [ERROR] __main__: 中证指数: fetch failed for 931865: HTTP Error 403: Forbidden
2026-08-28 10:00:49,280 [INFO] anetf.datasources.cni: GZ: Update PE index id(931865), name(中证半导)
2026-08-28 10:00:49,280 [WARNING] anetf.datasources.cni: GZ: Update 931865 failed, index not found in gz_df.
2026-08-28 10:00:49,280 [INFO] anetf.datasources.csindex: CSI: Update PE index id(931865), name(中证半导)
2026-08-28 10:00:49,371 [INFO] anetf.datasources.price: PRICE: primary API failed for csiCN6052, falling back to csindex
2026-08-28 10:00:49,376 [WARNING] anetf.datasources.price: PRICE: fallback also failed for H30035: Expecting value: line 1 column 1 (char 0)
2026-08-28 10:00:49,383 [INFO] __main__: 219: Update PE index for 980080/成长100
2026-08-28 10:00:49,392 [INFO] anetf.datasources.juquaner: JQ: Update PE index id(980080), local_name(成长100), trying funddb_name(成长100)
2026-08-28 10:00:49,448 [ERROR] __main__: 中证指数行情: fetch failed for 931865: Expecting value: line 1 column 1 (char 0)
2026-08-28 10:00:49,449 [INFO] anetf.datasources.price: PRICE: Update index id(931865), name(中证半导), source=cn
2026-08-28 10:00:49,458 [INFO] __main__: 220: Update PE index for 931643/科创创业50
2026-08-28 10:00:49,461 [INFO] anetf.datasources.juquaner: JQ: Update PE index id(931643), local_name(科创创业50), trying funddb_name(科创创业50)
2026-08-28 10:00:49,535 [WARNING] anetf.datasources.price: PRICE: fallback also failed for CN6052: Expecting value: line 1 column 1 (char 0)
2026-08-28 10:00:49,549 [INFO] __main__: 221: Update PE index for 931271/通信设备主题
2026-08-28 10:00:49,554 [INFO] anetf.datasources.juquaner: JQ: Update PE index id(931271), local_name(通信设备主题), trying funddb_name(通信设备主题)
2026-08-28 10:00:49,567 [ERROR] anetf.datasources.juquaner: JQ: query failed for all candidates: ['标准普尔500指数']
2026-08-28 10:00:49,580 [INFO] anetf.datasources.price: PRICE: Update index id(SP500), name(标准普尔500指数), source=us
2026-08-28 10:00:49,583 [INFO] __main__: 222: Update PE index for 930713/CS人工智
2026-08-28 10:00:49,583 [INFO] anetf.datasources.juquaner: JQ: Update PE index id(930713), local_name(CS人工智), trying funddb_name(CS人工智)
2026-08-28 10:00:49,625 [ERROR] anetf.datasources.juquaner: JQ: query failed for all candidates: ['中证港股通医药卫生综合指数']
2026-08-28 10:00:49,625 [INFO] anetf.datasources.csindex: ZZ: Update PE index id(930965)
2026-08-28 10:00:49,650 [ERROR] __main__: 中证指数: fetch failed for 930965: HTTP Error 403: Forbidden
2026-08-28 10:00:49,652 [INFO] anetf.datasources.cni: GZ: Update PE index id(930965), name(中证港股通医药卫生综合指数)
2026-08-28 10:00:49,653 [WARNING] anetf.datasources.cni: GZ: Update 930965 failed, index not found in gz_df.
2026-08-28 10:00:49,653 [INFO] anetf.datasources.csindex: CSI: Update PE index id(930965), name(中证港股通医药卫生综合指数)
2026-08-28 10:00:49,724 [ERROR] __main__: 中证指数行情: fetch failed for 930965: Expecting value: line 1 column 1 (char 0)
2026-08-28 10:00:49,725 [INFO] anetf.datasources.price: PRICE: Update index id(930965), name(中证港股通医药卫生综合指数), source=cn
2026-08-28 10:00:49,774 [INFO] anetf.datasources.price: PRICE: primary API failed for csi931865, falling back to csindex
2026-08-28 10:00:49,806 [ERROR] anetf.datasources.juquaner: JQ: query failed for all candidates: ['动漫游戏']
2026-08-28 10:00:49,809 [INFO] anetf.datasources.csindex: ZZ: Update PE index id(930901)
2026-08-28 10:00:49,867 [ERROR] __main__: 中证指数: fetch failed for 930901: HTTP Error 403: Forbidden
2026-08-28 10:00:49,867 [INFO] anetf.datasources.cni: GZ: Update PE index id(930901), name(动漫游戏)
2026-08-28 10:00:49,872 [WARNING] anetf.datasources.cni: GZ: Update 930901 failed, index not found in gz_df.
2026-08-28 10:00:49,872 [ERROR] anetf.datasources.juquaner: JQ: query failed for all candidates: ['纳斯达克生物科技指数']
2026-08-28 10:00:49,874 [INFO] anetf.datasources.price: PRICE: Update index id(NBI), name(纳斯达克生物科技指数), source=us
2026-08-28 10:00:49,872 [INFO] anetf.datasources.csindex: CSI: Update PE index id(930901), name(动漫游戏)
2026-08-28 10:00:49,874 [WARNING] anetf.datasources.price: PRICE: fallback also failed for 931865: Expecting value: line 1 column 1 (char 0)
2026-08-28 10:00:49,868 [INFO] __main__: 223: Update PE index for 000913/300医药
2026-08-28 10:00:49,883 [INFO] anetf.datasources.juquaner: JQ: Update PE index id(000913), local_name(300医药), trying funddb_name(300医药)
2026-08-28 10:00:49,884 [INFO] __main__: 224: Update PE index for 000015/红利指数
2026-08-28 10:00:49,885 [INFO] anetf.datasources.juquaner: JQ: Update PE index id(000015), local_name(红利指数), trying funddb_name(红利指数)
2026-08-28 10:00:49,954 [ERROR] anetf.datasources.juquaner: JQ: query failed for all candidates: ['成长100']
2026-08-28 10:00:49,955 [INFO] anetf.datasources.cni: GZ: Update PE index id(980080), name(成长100)
2026-08-28 10:00:49,962 [ERROR] anetf.datasources.juquaner: JQ: query failed for all candidates: ['中证软件']
2026-08-28 10:00:49,964 [INFO] anetf.datasources.csindex: ZZ: Update PE index id(930601)
2026-08-28 10:00:49,980 [INFO] anetf.datasources.price: PRICE: primary API failed for sh930965, falling back to csindex
2026-08-28 10:00:49,987 [INFO] __main__: 225: Update PE index for 931994/电网设备主题
2026-08-28 10:00:49,988 [INFO] anetf.datasources.juquaner: JQ: Update PE index id(931994), local_name(电网设备主题), trying funddb_name(电网设备主题)
2026-08-28 10:00:49,995 [ERROR] __main__: 中证指数: fetch failed for 930601: HTTP Error 403: Forbidden
2026-08-28 10:00:49,995 [INFO] anetf.datasources.cni: GZ: Update PE index id(930601), name(中证软件)
2026-08-28 10:00:49,995 [WARNING] anetf.datasources.cni: GZ: Update 930601 failed, index not found in gz_df.
2026-08-28 10:00:49,995 [INFO] anetf.datasources.csindex: CSI: Update PE index id(930601), name(中证软件)
2026-08-28 10:00:50,007 [ERROR] __main__: 中证指数行情: fetch failed for 930901: Expecting value: line 1 column 1 (char 0)
2026-08-28 10:00:50,011 [INFO] anetf.datasources.price: PRICE: Update index id(930901), name(动漫游戏), source=cn
2026-08-28 10:00:50,079 [ERROR] anetf.datasources.juquaner: JQ: query failed for all candidates: ['科创创业50']
2026-08-28 10:00:50,079 [INFO] anetf.datasources.csindex: ZZ: Update PE index id(931643)
2026-08-28 10:00:50,125 [ERROR] __main__: 中证指数: fetch failed for 931643: HTTP Error 403: Forbidden
2026-08-28 10:00:50,125 [INFO] anetf.datasources.cni: GZ: Update PE index id(931643), name(科创创业50)
2026-08-28 10:00:50,125 [WARNING] anetf.datasources.cni: GZ: Update 931643 failed, index not found in gz_df.
2026-08-28 10:00:50,125 [INFO] anetf.datasources.csindex: CSI: Update PE index id(931643), name(科创创业50)
2026-08-28 10:00:50,173 [ERROR] __main__: 中证指数行情: fetch failed for 930601: Expecting value: line 1 column 1 (char 0)
2026-08-28 10:00:50,176 [INFO] anetf.datasources.price: PRICE: Update index id(930601), name(中证软件), source=cn
2026-08-28 10:00:50,183 [WARNING] anetf.datasources.price: PRICE: fallback also failed for 930965: Expecting value: line 1 column 1 (char 0)
2026-08-28 10:00:50,190 [INFO] __main__: 226: Update PE index for HSHCI/恒生医疗保健
2026-08-28 10:00:50,194 [INFO] anetf.datasources.juquaner: JQ: Update PE index id(HSHCI), local_name(恒生医疗保健), trying funddb_name(恒生医疗保健)
2026-08-28 10:00:50,243 [INFO] __main__: 227: Update PE index for 931024/中证港股通非银行金融指数
2026-08-28 10:00:50,243 [INFO] anetf.datasources.juquaner: JQ: Update PE index id(931024), local_name(中证港股通非银行金融指数), trying funddb_name(中证港股通非银行金融指数)
2026-08-28 10:00:50,255 [ERROR] __main__: 中证指数行情: fetch failed for 931643: Expecting value: line 1 column 1 (char 0)
2026-08-28 10:00:50,256 [INFO] anetf.datasources.price: PRICE: Update index id(931643), name(科创创业50), source=cn
2026-08-28 10:00:50,314 [ERROR] anetf.datasources.juquaner: JQ: query failed for all candidates: ['消费电子']
2026-08-28 10:00:50,315 [INFO] anetf.datasources.csindex: ZZ: Update PE index id(931494)
2026-08-28 10:00:50,321 [INFO] anetf.datasources.price: PRICE: primary API failed for sh930901, falling back to csindex
2026-08-28 10:00:50,343 [ERROR] __main__: 中证指数: fetch failed for 931494: HTTP Error 403: Forbidden
2026-08-28 10:00:50,343 [INFO] anetf.datasources.cni: GZ: Update PE index id(931494), name(消费电子)
2026-08-28 10:00:50,343 [WARNING] anetf.datasources.cni: GZ: Update 931494 failed, index not found in gz_df.
2026-08-28 10:00:50,343 [INFO] anetf.datasources.csindex: CSI: Update PE index id(931494), name(消费电子)
2026-08-28 10:00:50,421 [INFO] anetf.datasources.price: PRICE: primary API failed for csi931643, falling back to csindex
2026-08-28 10:00:50,422 [INFO] anetf.datasources.price: PRICE: primary API failed for sh930601, falling back to csindex
2026-08-28 10:00:50,429 [ERROR] __main__: 中证指数行情: fetch failed for 931494: Expecting value: line 1 column 1 (char 0)
2026-08-28 10:00:50,430 [INFO] anetf.datasources.price: PRICE: Update index id(931494), name(消费电子), source=cn
2026-08-28 10:00:50,450 [WARNING] anetf.datasources.price: PRICE: fallback also failed for 930901: Expecting value: line 1 column 1 (char 0)
2026-08-28 10:00:50,458 [INFO] __main__: 228: Update PE index for H30178/医疗保健
2026-08-28 10:00:50,474 [INFO] anetf.datasources.juquaner: JQ: Update PE index id(H30178), local_name(医疗保健), trying funddb_name(医疗保健)
2026-08-28 10:00:50,488 [ERROR] anetf.datasources.juquaner: JQ: query failed for all candidates: ['中证香港银行投资指数']
2026-08-28 10:00:50,490 [INFO] anetf.datasources.csindex: ZZ: Update PE index id(930792)
2026-08-28 10:00:50,520 [ERROR] __main__: 中证指数: fetch failed for 930792: HTTP Error 403: Forbidden
2026-08-28 10:00:50,520 [INFO] anetf.datasources.cni: GZ: Update PE index id(930792), name(中证香港银行投资指数)
2026-08-28 10:00:50,520 [WARNING] anetf.datasources.cni: GZ: Update 930792 failed, index not found in gz_df.
2026-08-28 10:00:50,520 [INFO] anetf.datasources.csindex: CSI: Update PE index id(930792), name(中证香港银行投资指数)
2026-08-28 10:00:50,539 [WARNING] anetf.datasources.price: PRICE: fallback also failed for 931643: Expecting value: line 1 column 1 (char 0)
2026-08-28 10:00:50,546 [INFO] __main__: 229: Update PE index for 399998/中证煤炭
2026-08-28 10:00:50,548 [INFO] anetf.datasources.juquaner: JQ: Update PE index id(399998), local_name(中证煤炭), trying funddb_name(中证煤炭)
2026-08-28 10:00:50,567 [WARNING] anetf.datasources.price: PRICE: fallback also failed for 930601: Expecting value: line 1 column 1 (char 0)
2026-08-28 10:00:50,575 [INFO] __main__: 230: Update PE index for 399989/中证医疗
2026-08-28 10:00:50,578 [INFO] anetf.datasources.juquaner: JQ: Update PE index id(399989), local_name(中证医疗), trying funddb_name(中证医疗)
2026-08-28 10:00:50,604 [ERROR] anetf.datasources.juquaner: JQ: query failed for all candidates: ['红利指数']
2026-08-28 10:00:50,604 [INFO] anetf.datasources.csindex: ZZ: Update PE index id(000015)
2026-08-28 10:00:50,625 [ERROR] __main__: 中证指数行情: fetch failed for 930792: Expecting value: line 1 column 1 (char 0)
2026-08-28 10:00:50,629 [INFO] anetf.datasources.price: PRICE: Update index id(930792), name(中证香港银行投资指数), source=cn
2026-08-28 10:00:50,635 [ERROR] __main__: 中证指数: fetch failed for 000015: HTTP Error 403: Forbidden
2026-08-28 10:00:50,635 [INFO] anetf.datasources.cni: GZ: Update PE index id(000015), name(红利指数)
2026-08-28 10:00:50,636 [WARNING] anetf.datasources.cni: GZ: Update 000015 failed, index not found in gz_df.
2026-08-28 10:00:50,636 [INFO] anetf.datasources.csindex: CSI: Update PE index id(000015), name(红利指数)
2026-08-28 10:00:50,700 [ERROR] anetf.datasources.juquaner: JQ: query failed for all candidates: ['恒生医疗保健']
2026-08-28 10:00:50,700 [INFO] anetf.datasources.price: PRICE: Update index id(HSHCI), name(恒生医疗保健), source=hk
2026-08-28 10:00:50,718 [INFO] anetf.datasources.price: PRICE: primary API failed for csi931494, falling back to csindex
2026-08-28 10:00:50,752 [ERROR] __main__: 中证指数行情: fetch failed for 000015: Expecting value: line 1 column 1 (char 0)
2026-08-28 10:00:50,756 [INFO] anetf.datasources.price: PRICE: Update index id(000015), name(红利指数), source=cn
2026-08-28 10:00:50,801 [ERROR] anetf.datasources.juquaner: JQ: query failed for all candidates: ['通信设备主题']
2026-08-28 10:00:50,802 [INFO] anetf.datasources.csindex: ZZ: Update PE index id(931271)
2026-08-28 10:00:50,828 [WARNING] anetf.datasources.price: PRICE: fallback also failed for 931494: Expecting value: line 1 column 1 (char 0)
2026-08-28 10:00:50,832 [INFO] __main__: 231: Update PE index for 932000/中证2000
2026-08-28 10:00:50,832 [INFO] anetf.datasources.juquaner: JQ: Update PE index id(932000), local_name(中证2000), trying funddb_name(中证2000)
2026-08-28 10:00:50,834 [ERROR] __main__: 中证指数: fetch failed for 931271: HTTP Error 403: Forbidden
2026-08-28 10:00:50,834 [INFO] anetf.datasources.cni: GZ: Update PE index id(931271), name(通信设备主题)
2026-08-28 10:00:50,834 [WARNING] anetf.datasources.cni: GZ: Update 931271 failed, index not found in gz_df.
2026-08-28 10:00:50,835 [INFO] anetf.datasources.csindex: CSI: Update PE index id(931271), name(通信设备主题)
2026-08-28 10:00:50,872 [ERROR] anetf.datasources.juquaner: JQ: query failed for all candidates: ['CS人工智']
2026-08-28 10:00:50,873 [INFO] anetf.datasources.csindex: ZZ: Update PE index id(930713)
2026-08-28 10:00:50,907 [INFO] anetf.datasources.price: PRICE: primary API failed for sh930792, falling back to csindex
2026-08-28 10:00:50,911 [ERROR] __main__: 中证指数: fetch failed for 930713: HTTP Error 403: Forbidden
2026-08-28 10:00:50,911 [INFO] anetf.datasources.cni: GZ: Update PE index id(930713), name(CS人工智)
2026-08-28 10:00:50,911 [WARNING] anetf.datasources.cni: GZ: Update 930713 failed, index not found in gz_df.
2026-08-28 10:00:50,911 [INFO] anetf.datasources.csindex: CSI: Update PE index id(930713), name(CS人工智)
2026-08-28 10:00:50,913 [INFO] __main__: 232: Update PE index for H30269/红利低波
2026-08-28 10:00:50,913 [INFO] anetf.datasources.juquaner: JQ: Update PE index id(H30269), local_name(红利低波), trying funddb_name(红利低波)
2026-08-28 10:00:50,929 [ERROR] __main__: 中证指数行情: fetch failed for 931271: Expecting value: line 1 column 1 (char 0)
2026-08-28 10:00:50,931 [INFO] anetf.datasources.price: PRICE: Update index id(931271), name(通信设备主题), source=cn
2026-08-28 10:00:51,016 [ERROR] __main__: 中证指数行情: fetch failed for 930713: Expecting value: line 1 column 1 (char 0)
2026-08-28 10:00:51,021 [INFO] anetf.datasources.price: PRICE: Update index id(930713), name(CS人工智), source=cn
2026-08-28 10:00:51,108 [WARNING] anetf.datasources.price: PRICE: fallback also failed for 930792: Expecting value: line 1 column 1 (char 0)
2026-08-28 10:00:51,117 [INFO] __main__: 233: Update PE index for 980018/卫星通信
2026-08-28 10:00:51,118 [INFO] anetf.datasources.juquaner: JQ: Update PE index id(980018), local_name(卫星通信), trying funddb_name(卫星通信)
2026-08-28 10:00:51,121 [ERROR] anetf.datasources.juquaner: JQ: query failed for all candidates: ['医疗保健']
2026-08-28 10:00:51,121 [INFO] anetf.datasources.csindex: ZZ: Update PE index id(H30178)
2026-08-28 10:00:51,127 [INFO] anetf.datasources.price: PRICE: primary API failed for csi931271, falling back to csindex
2026-08-28 10:00:51,133 [INFO] __main__: 234: Update PE index for 399296/创成长
2026-08-28 10:00:51,133 [INFO] anetf.datasources.juquaner: JQ: Update PE index id(399296), local_name(创成长), trying funddb_name(创成长)
2026-08-28 10:00:51,148 [ERROR] __main__: 中证指数: fetch failed for H30178: HTTP Error 403: Forbidden
2026-08-28 10:00:51,148 [INFO] anetf.datasources.cni: GZ: Update PE index id(H30178), name(医疗保健)
2026-08-28 10:00:51,148 [WARNING] anetf.datasources.cni: GZ: Update H30178 failed, index not found in gz_df.
2026-08-28 10:00:51,148 [INFO] anetf.datasources.csindex: CSI: Update PE index id(H30178), name(医疗保健)
2026-08-28 10:00:51,170 [ERROR] anetf.datasources.juquaner: JQ: query failed for all candidates: ['中证医疗']
2026-08-28 10:00:51,175 [INFO] anetf.datasources.csindex: ZZ: Update PE index id(399989)
2026-08-28 10:00:51,173 [ERROR] anetf.datasources.juquaner: JQ: query failed for all candidates: ['300医药']
2026-08-28 10:00:51,176 [INFO] anetf.datasources.csindex: ZZ: Update PE index id(000913)
2026-08-28 10:00:51,204 [ERROR] __main__: 中证指数: fetch failed for 000913: HTTP Error 403: Forbidden
2026-08-28 10:00:51,204 [INFO] anetf.datasources.cni: GZ: Update PE index id(000913), name(300医药)
2026-08-28 10:00:51,205 [WARNING] anetf.datasources.cni: GZ: Update 000913 failed, index not found in gz_df.
2026-08-28 10:00:51,205 [INFO] anetf.datasources.csindex: CSI: Update PE index id(000913), name(300医药)
2026-08-28 10:00:51,207 [ERROR] __main__: 中证指数: fetch failed for 399989: HTTP Error 403: Forbidden
2026-08-28 10:00:51,207 [INFO] anetf.datasources.cni: GZ: Update PE index id(399989), name(中证医疗)
2026-08-28 10:00:51,207 [WARNING] anetf.datasources.cni: GZ: Update 399989 failed, index not found in gz_df.
2026-08-28 10:00:51,207 [INFO] anetf.datasources.csindex: CSI: Update PE index id(399989), name(中证医疗)
2026-08-28 10:00:51,242 [WARNING] anetf.datasources.price: PRICE: fallback also failed for 931271: Expecting value: line 1 column 1 (char 0)
2026-08-28 10:00:51,261 [ERROR] anetf.datasources.juquaner: JQ: query failed for all candidates: ['电网设备主题']
2026-08-28 10:00:51,262 [INFO] __main__: 235: Update PE index for H30590/机器人
2026-08-28 10:00:51,263 [INFO] anetf.datasources.juquaner: JQ: Update PE index id(H30590), local_name(机器人), trying funddb_name(机器人)
2026-08-28 10:00:51,262 [INFO] anetf.datasources.csindex: ZZ: Update PE index id(931994)
2026-08-28 10:00:51,269 [INFO] anetf.datasources.price: PRICE: primary API failed for sh930713, falling back to csindex
2026-08-28 10:00:51,302 [ERROR] __main__: 中证指数行情: fetch failed for H30178: Expecting value: line 1 column 1 (char 0)
2026-08-28 10:00:51,306 [INFO] anetf.datasources.price: PRICE: Update index id(H30178), name(医疗保健), source=cn
2026-08-28 10:00:51,377 [WARNING] anetf.datasources.price: PRICE: fallback also failed for 930713: Expecting value: line 1 column 1 (char 0)
2026-08-28 10:00:51,383 [INFO] __main__: 236: Update PE index for 980017/国证芯片
2026-08-28 10:00:51,386 [INFO] anetf.datasources.juquaner: JQ: Update PE index id(980017), local_name(国证芯片), trying funddb_name(国证芯片)
2026-08-28 10:00:51,387 [ERROR] __main__: 中证指数行情: fetch failed for 399989: Expecting value: line 1 column 1 (char 0)
2026-08-28 10:00:51,389 [INFO] anetf.datasources.price: PRICE: Update index id(399989), name(中证医疗), source=cn
2026-08-28 10:00:51,395 [ERROR] __main__: 中证指数行情: fetch failed for 000913: Expecting value: line 1 column 1 (char 0)
2026-08-28 10:00:51,397 [INFO] anetf.datasources.price: PRICE: Update index id(000913), name(300医药), source=cn
2026-08-28 10:00:51,497 [ERROR] anetf.datasources.juquaner: JQ: query failed for all candidates: ['中证港股通非银行金融指数']
2026-08-28 10:00:51,500 [INFO] anetf.datasources.csindex: ZZ: Update PE index id(931024)
2026-08-28 10:00:51,512 [INFO] anetf.datasources.price: PRICE: primary API failed for csiH30178, falling back to csindex
2026-08-28 10:00:51,528 [ERROR] __main__: 中证指数: fetch failed for 931024: HTTP Error 403: Forbidden
2026-08-28 10:00:51,529 [INFO] anetf.datasources.cni: GZ: Update PE index id(931024), name(中证港股通非银行金融指数)
2026-08-28 10:00:51,529 [WARNING] anetf.datasources.cni: GZ: Update 931024 failed, index not found in gz_df.
2026-08-28 10:00:51,529 [INFO] anetf.datasources.csindex: CSI: Update PE index id(931024), name(中证港股通非银行金融指数)
2026-08-28 10:00:51,545 [ERROR] anetf.datasources.juquaner: JQ: query failed for all candidates: ['红利低波']
2026-08-28 10:00:51,546 [INFO] anetf.datasources.csindex: ZZ: Update PE index id(H30269)
2026-08-28 10:00:51,559 [ERROR] __main__: 中证指数: fetch failed for 931994: HTTP Error 403: Forbidden
2026-08-28 10:00:51,559 [INFO] anetf.datasources.cni: GZ: Update PE index id(931994), name(电网设备主题)
2026-08-28 10:00:51,559 [WARNING] anetf.datasources.cni: GZ: Update 931994 failed, index not found in gz_df.
2026-08-28 10:00:51,559 [INFO] anetf.datasources.csindex: CSI: Update PE index id(931994), name(电网设备主题)
2026-08-28 10:00:51,582 [ERROR] __main__: 中证指数: fetch failed for H30269: HTTP Error 403: Forbidden
2026-08-28 10:00:51,584 [INFO] anetf.datasources.cni: GZ: Update PE index id(H30269), name(红利低波)
2026-08-28 10:00:51,585 [WARNING] anetf.datasources.cni: GZ: Update H30269 failed, index not found in gz_df.
2026-08-28 10:00:51,585 [INFO] anetf.datasources.csindex: CSI: Update PE index id(H30269), name(红利低波)
2026-08-28 10:00:51,632 [INFO] __main__: 237: Update PE index for HSHKBIO/恒生生物科技指数
2026-08-28 10:00:51,633 [INFO] anetf.datasources.juquaner: JQ: Update PE index id(HSHKBIO), local_name(恒生生物科技指数), trying funddb_name(恒生生物科技指数)
2026-08-28 10:00:51,681 [WARNING] anetf.datasources.price: PRICE: fallback also failed for H30178: Expecting value: line 1 column 1 (char 0)
2026-08-28 10:00:51,688 [INFO] __main__: 238: Update PE index for 000698/科创100
2026-08-28 10:00:51,691 [INFO] anetf.datasources.juquaner: JQ: Update PE index id(000698), local_name(科创100), trying funddb_name(科创100)
2026-08-28 10:00:51,695 [ERROR] __main__: 中证指数行情: fetch failed for H30269: Expecting value: line 1 column 1 (char 0)
2026-08-28 10:00:51,699 [INFO] anetf.datasources.price: PRICE: Update index id(H30269), name(红利低波), source=cn
2026-08-28 10:00:51,745 [ERROR] __main__: 中证指数行情: fetch failed for 931994: Expecting value: line 1 column 1 (char 0)
2026-08-28 10:00:51,747 [INFO] anetf.datasources.price: PRICE: Update index id(931994), name(电网设备主题), source=cn
2026-08-28 10:00:51,771 [ERROR] anetf.datasources.juquaner: JQ: query failed for all candidates: ['中证煤炭']
2026-08-28 10:00:51,772 [INFO] anetf.datasources.csindex: ZZ: Update PE index id(399998)
2026-08-28 10:00:51,778 [ERROR] anetf.datasources.juquaner: JQ: query failed for all candidates: ['创成长']
2026-08-28 10:00:51,778 [INFO] anetf.datasources.csindex: ZZ: Update PE index id(399296)
2026-08-28 10:00:51,800 [ERROR] __main__: 中证指数: fetch failed for 399998: HTTP Error 403: Forbidden
2026-08-28 10:00:51,800 [INFO] anetf.datasources.cni: GZ: Update PE index id(399998), name(中证煤炭)
2026-08-28 10:00:51,800 [WARNING] anetf.datasources.cni: GZ: Update 399998 failed, index not found in gz_df.
2026-08-28 10:00:51,800 [INFO] anetf.datasources.csindex: CSI: Update PE index id(399998), name(中证煤炭)
2026-08-28 10:00:51,806 [ERROR] __main__: 中证指数: fetch failed for 399296: HTTP Error 403: Forbidden
2026-08-28 10:00:51,807 [INFO] anetf.datasources.cni: GZ: Update PE index id(399296), name(创成长)
2026-08-28 10:00:51,828 [INFO] __main__: 239: Update PE index for 399986/中证银行
2026-08-28 10:00:51,833 [INFO] anetf.datasources.juquaner: JQ: Update PE index id(399986), local_name(中证银行), trying funddb_name(中证银行)
2026-08-28 10:00:51,862 [ERROR] anetf.datasources.juquaner: JQ: query failed for all candidates: ['机器人']
2026-08-28 10:00:51,862 [INFO] anetf.datasources.csindex: ZZ: Update PE index id(H30590)
2026-08-28 10:00:51,891 [INFO] __main__: 240: Update PE index for 931079/5G通信
2026-08-28 10:00:51,892 [INFO] anetf.datasources.juquaner: JQ: Update PE index id(931079), local_name(5G通信), trying funddb_name(5G通信)
2026-08-28 10:00:51,893 [ERROR] __main__: 中证指数: fetch failed for H30590: HTTP Error 403: Forbidden
2026-08-28 10:00:51,893 [INFO] anetf.datasources.cni: GZ: Update PE index id(H30590), name(机器人)
2026-08-28 10:00:51,893 [WARNING] anetf.datasources.cni: GZ: Update H30590 failed, index not found in gz_df.
2026-08-28 10:00:51,894 [INFO] anetf.datasources.csindex: CSI: Update PE index id(H30590), name(机器人)
2026-08-28 10:00:51,930 [ERROR] __main__: 中证指数行情: fetch failed for 931024: Expecting value: line 1 column 1 (char 0)
2026-08-28 10:00:51,931 [INFO] anetf.datasources.price: PRICE: Update index id(931024), name(中证港股通非银行金融指数), source=cn
2026-08-28 10:00:51,962 [ERROR] __main__: 中证指数行情: fetch failed for H30590: Expecting value: line 1 column 1 (char 0)
2026-08-28 10:00:51,964 [INFO] anetf.datasources.price: PRICE: Update index id(H30590), name(机器人), source=cn
2026-08-28 10:00:51,968 [INFO] anetf.datasources.price: PRICE: primary API failed for csiH30269, falling back to csindex
2026-08-28 10:00:52,021 [INFO] anetf.datasources.price: PRICE: primary API failed for csi931994, falling back to csindex
2026-08-28 10:00:52,040 [ERROR] anetf.datasources.juquaner: JQ: query failed for all candidates: ['中证2000']
2026-08-28 10:00:52,040 [INFO] anetf.datasources.csindex: ZZ: Update PE index id(932000)
2026-08-28 10:00:52,067 [ERROR] __main__: 中证指数: fetch failed for 932000: HTTP Error 403: Forbidden
2026-08-28 10:00:52,067 [INFO] anetf.datasources.cni: GZ: Update PE index id(932000), name(中证2000)
2026-08-28 10:00:52,067 [WARNING] anetf.datasources.cni: GZ: Update 932000 failed, index not found in gz_df.
2026-08-28 10:00:52,068 [INFO] anetf.datasources.csindex: CSI: Update PE index id(932000), name(中证2000)
2026-08-28 10:00:52,104 [WARNING] anetf.datasources.price: PRICE: fallback also failed for 931994: Expecting value: line 1 column 1 (char 0)
2026-08-28 10:00:52,107 [INFO] __main__: 241: Update PE index for 000001/上证指数
2026-08-28 10:00:52,107 [INFO] anetf.datasources.juquaner: JQ: Update PE index id(000001), local_name(上证指数), trying funddb_name(上证指数)
2026-08-28 10:00:52,117 [ERROR] __main__: 中证指数行情: fetch failed for 399998: Expecting value: line 1 column 1 (char 0)
2026-08-28 10:00:52,118 [INFO] anetf.datasources.price: PRICE: Update index id(399998), name(中证煤炭), source=cn
2026-08-28 10:00:52,142 [ERROR] __main__: 中证指数行情: fetch failed for 932000: Expecting value: line 1 column 1 (char 0)
2026-08-28 10:00:52,143 [INFO] anetf.datasources.price: PRICE: Update index id(932000), name(中证2000), source=cn
2026-08-28 10:00:52,190 [INFO] anetf.datasources.price: PRICE: primary API failed for csi931024, falling back to csindex
2026-08-28 10:00:52,230 [INFO] anetf.datasources.price: PRICE: primary API failed for csiH30590, falling back to csindex
2026-08-28 10:00:52,282 [WARNING] anetf.datasources.price: PRICE: fallback also failed for 931024: Expecting value: line 1 column 1 (char 0)
2026-08-28 10:00:52,287 [INFO] __main__: 242: Update PE index for NDX/纳斯达克100
2026-08-28 10:00:52,287 [INFO] anetf.datasources.juquaner: JQ: Update PE index id(NDX), local_name(纳斯达克100), trying funddb_name(纳斯达克100)
2026-08-28 10:00:52,295 [WARNING] anetf.datasources.price: PRICE: fallback also failed for H30590: Expecting value: line 1 column 1 (char 0)
2026-08-28 10:00:52,298 [INFO] __main__: 243: Update PE index for 000819/有色金属
2026-08-28 10:00:52,298 [INFO] anetf.datasources.juquaner: JQ: Update PE index id(000819), local_name(有色金属), trying funddb_name(有色金属)
2026-08-28 10:00:52,354 [INFO] __main__: 244: Update PE index for HSIII/恒生互联网科技业
2026-08-28 10:00:52,354 [INFO] anetf.datasources.juquaner: JQ: Update PE index id(HSIII), local_name(恒生互联网科技业), trying funddb_name(恒生互联网科技业)
2026-08-28 10:00:52,358 [WARNING] anetf.datasources.price: PRICE: fallback also failed for H30269: Expecting value: line 1 column 1 (char 0)
2026-08-28 10:00:52,361 [INFO] __main__: 245: Update PE index for 931238/SSH黄金股票
2026-08-28 10:00:52,362 [INFO] anetf.datasources.juquaner: JQ: Update PE index id(931238), local_name(SSH黄金股票), trying funddb_name(SSH黄金股票)
2026-08-28 10:00:52,430 [ERROR] anetf.datasources.juquaner: JQ: query failed for all candidates: ['科创100']
2026-08-28 10:00:52,438 [INFO] anetf.datasources.csindex: ZZ: Update PE index id(000698)
2026-08-28 10:00:52,442 [INFO] anetf.datasources.price: PRICE: primary API failed for sh932000, falling back to csindex
2026-08-28 10:00:52,462 [ERROR] __main__: 中证指数: fetch failed for 000698: HTTP Error 403: Forbidden
2026-08-28 10:00:52,462 [INFO] anetf.datasources.cni: GZ: Update PE index id(000698), name(科创100)
2026-08-28 10:00:52,462 [WARNING] anetf.datasources.cni: GZ: Update 000698 failed, index not found in gz_df.
2026-08-28 10:00:52,462 [INFO] anetf.datasources.csindex: CSI: Update PE index id(000698), name(科创100)
2026-08-28 10:00:52,506 [ERROR] anetf.datasources.juquaner: JQ: query failed for all candidates: ['中证银行']
2026-08-28 10:00:52,506 [INFO] anetf.datasources.csindex: ZZ: Update PE index id(399986)
2026-08-28 10:00:52,519 [ERROR] anetf.datasources.juquaner: JQ: query failed for all candidates: ['卫星通信']
2026-08-28 10:00:52,526 [INFO] anetf.datasources.cni: GZ: Update PE index id(980018), name(卫星通信)
2026-08-28 10:00:52,526 [ERROR] anetf.datasources.juquaner: JQ: query failed for all candidates: ['5G通信']
2026-08-28 10:00:52,527 [INFO] anetf.datasources.csindex: ZZ: Update PE index id(931079)
2026-08-28 10:00:52,535 [INFO] __main__: 246: Update PE index for 930909/中证港股通信息指数
2026-08-28 10:00:52,536 [INFO] anetf.datasources.juquaner: JQ: Update PE index id(930909), local_name(中证港股通信息指数), trying funddb_name(中证港股通信息指数)
2026-08-28 10:00:52,548 [ERROR] __main__: 中证指数: fetch failed for 399986: HTTP Error 403: Forbidden
2026-08-28 10:00:52,549 [INFO] anetf.datasources.cni: GZ: Update PE index id(399986), name(中证银行)
2026-08-28 10:00:52,549 [WARNING] anetf.datasources.cni: GZ: Update 399986 failed, index not found in gz_df.
2026-08-28 10:00:52,549 [INFO] anetf.datasources.csindex: CSI: Update PE index id(399986), name(中证银行)
2026-08-28 10:00:52,551 [WARNING] anetf.datasources.price: PRICE: fallback also failed for 932000: Expecting value: line 1 column 1 (char 0)
2026-08-28 10:00:52,553 [ERROR] __main__: 中证指数: fetch failed for 931079: HTTP Error 403: Forbidden
2026-08-28 10:00:52,553 [INFO] anetf.datasources.cni: GZ: Update PE index id(931079), name(5G通信)
2026-08-28 10:00:52,553 [WARNING] anetf.datasources.cni: GZ: Update 931079 failed, index not found in gz_df.
2026-08-28 10:00:52,553 [INFO] anetf.datasources.csindex: CSI: Update PE index id(931079), name(5G通信)
2026-08-28 10:00:52,554 [INFO] __main__: 247: Update PE index for 970070/创业板人工智能
2026-08-28 10:00:52,554 [INFO] anetf.datasources.juquaner: JQ: Update PE index id(970070), local_name(创业板人工智能), trying funddb_name(创业板人工智能)
2026-08-28 10:00:52,556 [ERROR] __main__: 中证指数行情: fetch failed for 000698: Expecting value: line 1 column 1 (char 0)
2026-08-28 10:00:52,557 [INFO] anetf.datasources.price: PRICE: Update index id(000698), name(科创100), source=cn
2026-08-28 10:00:52,705 [ERROR] anetf.datasources.juquaner: JQ: query failed for all candidates: ['国证芯片']
2026-08-28 10:00:52,705 [INFO] anetf.datasources.cni: GZ: Update PE index id(980017), name(国证芯片)
2026-08-28 10:00:52,716 [INFO] __main__: 248: Update PE index for 399975/证券公司
2026-08-28 10:00:52,716 [INFO] anetf.datasources.juquaner: JQ: Update PE index id(399975), local_name(证券公司), trying funddb_name(证券公司)
2026-08-28 10:00:52,743 [ERROR] __main__: 中证指数行情: fetch failed for 931079: Expecting value: line 1 column 1 (char 0)
2026-08-28 10:00:52,744 [INFO] anetf.datasources.price: PRICE: Update index id(931079), name(5G通信), source=cn
2026-08-28 10:00:52,772 [INFO] __main__: 249: Update PE index for 931152/CS创新药
2026-08-28 10:00:52,772 [INFO] anetf.datasources.juquaner: JQ: Update PE index id(931152), local_name(CS创新药), trying funddb_name(CS创新药)
2026-08-28 10:00:52,888 [ERROR] anetf.datasources.juquaner: JQ: query failed for all candidates: ['恒生生物科技指数']
2026-08-28 10:00:52,888 [INFO] anetf.datasources.price: PRICE: Update index id(HSHKBIO), name(恒生生物科技指数), source=hk
2026-08-28 10:00:52,945 [ERROR] anetf.datasources.juquaner: JQ: query failed for all candidates: ['SSH黄金股票']
2026-08-28 10:00:52,945 [INFO] anetf.datasources.csindex: ZZ: Update PE index id(931238)
2026-08-28 10:00:52,966 [ERROR] __main__: 中证指数: fetch failed for 931238: HTTP Error 403: Forbidden
2026-08-28 10:00:52,966 [INFO] anetf.datasources.cni: GZ: Update PE index id(931238), name(SSH黄金股票)
2026-08-28 10:00:52,967 [WARNING] anetf.datasources.cni: GZ: Update 931238 failed, index not found in gz_df.
2026-08-28 10:00:52,967 [INFO] anetf.datasources.csindex: CSI: Update PE index id(931238), name(SSH黄金股票)
2026-08-28 10:00:53,014 [INFO] anetf.datasources.price: PRICE: primary API failed for csi931079, falling back to csindex
2026-08-28 10:00:53,031 [ERROR] anetf.datasources.juquaner: JQ: query failed for all candidates: ['恒生互联网科技业']
2026-08-28 10:00:53,031 [INFO] anetf.datasources.price: PRICE: Update index id(HSIII), name(恒生互联网科技业), source=hk
2026-08-28 10:00:53,033 [ERROR] __main__: 中证指数行情: fetch failed for 931238: Expecting value: line 1 column 1 (char 0)
2026-08-28 10:00:53,034 [INFO] anetf.datasources.price: PRICE: Update index id(931238), name(SSH黄金股票), source=cn
2026-08-28 10:00:53,080 [WARNING] anetf.datasources.price: PRICE: fallback also failed for 931079: Expecting value: line 1 column 1 (char 0)
2026-08-28 10:00:53,084 [INFO] __main__: 250: Update PE index for 931637/HKC互联网
2026-08-28 10:00:53,087 [INFO] anetf.datasources.juquaner: JQ: Update PE index id(931637), local_name(HKC互联网), trying funddb_name(HKC互联网)
2026-08-28 10:00:53,154 [INFO] __main__: 251: Update PE index for H30184/半导体
2026-08-28 10:00:53,154 [INFO] anetf.datasources.juquaner: JQ: Update PE index id(H30184), local_name(半导体), trying funddb_name(半导体)
2026-08-28 10:00:53,181 [ERROR] anetf.datasources.juquaner: JQ: query failed for all candidates: ['中证港股通信息指数']
2026-08-28 10:00:53,181 [INFO] anetf.datasources.csindex: ZZ: Update PE index id(930909)
2026-08-28 10:00:53,205 [ERROR] __main__: 中证指数: fetch failed for 930909: HTTP Error 403: Forbidden
2026-08-28 10:00:53,205 [INFO] anetf.datasources.cni: GZ: Update PE index id(930909), name(中证港股通信息指数)
2026-08-28 10:00:53,205 [WARNING] anetf.datasources.cni: GZ: Update 930909 failed, index not found in gz_df.
2026-08-28 10:00:53,205 [INFO] anetf.datasources.csindex: CSI: Update PE index id(930909), name(中证港股通信息指数)
2026-08-28 10:00:53,245 [INFO] __main__: 252: Update PE index for 000016/上证50
2026-08-28 10:00:53,245 [INFO] anetf.datasources.juquaner: JQ: Update PE index id(000016), local_name(上证50), trying funddb_name(上证50)
2026-08-28 10:00:53,269 [INFO] anetf.datasources.price: PRICE: primary API failed for csi931238, falling back to csindex
2026-08-28 10:00:53,274 [ERROR] __main__: 中证指数行情: fetch failed for 930909: Expecting value: line 1 column 1 (char 0)
2026-08-28 10:00:53,276 [INFO] anetf.datasources.price: PRICE: Update index id(930909), name(中证港股通信息指数), source=cn
2026-08-28 10:00:53,381 [ERROR] anetf.datasources.juquaner: JQ: query failed for all candidates: ['创业板人工智能']
2026-08-28 10:00:53,382 [INFO] anetf.datasources.csindex: ZZ: Update PE index id(970070)
2026-08-28 10:00:53,382 [ERROR] __main__: 中证指数行情: fetch failed for 399986: Expecting value: line 1 column 1 (char 0)
2026-08-28 10:00:53,384 [INFO] anetf.datasources.price: PRICE: Update index id(399986), name(中证银行), source=cn
2026-08-28 10:00:53,385 [WARNING] anetf.datasources.price: PRICE: fallback also failed for 931238: Expecting value: line 1 column 1 (char 0)
2026-08-28 10:00:53,388 [INFO] __main__: 253: Update PE index for 980086/创新药
2026-08-28 10:00:53,389 [INFO] anetf.datasources.juquaner: JQ: Update PE index id(980086), local_name(创新药), trying funddb_name(创新药)
2026-08-28 10:00:53,409 [ERROR] __main__: 中证指数: fetch failed for 970070: HTTP Error 403: Forbidden
2026-08-28 10:00:53,409 [INFO] anetf.datasources.cni: GZ: Update PE index id(970070), name(创业板人工智能)
2026-08-28 10:00:53,426 [INFO] __main__: 254: Update PE index for 399673/创业板50
2026-08-28 10:00:53,426 [INFO] anetf.datasources.juquaner: JQ: Update PE index id(399673), local_name(创业板50), trying funddb_name(创业板50)
2026-08-28 10:00:53,461 [ERROR] anetf.datasources.juquaner: JQ: query failed for all candidates: ['证券公司']
2026-08-28 10:00:53,461 [INFO] anetf.datasources.csindex: ZZ: Update PE index id(399975)
2026-08-28 10:00:53,483 [ERROR] anetf.datasources.juquaner: JQ: query failed for all candidates: ['纳斯达克100']
2026-08-28 10:00:53,486 [INFO] anetf.datasources.price: PRICE: Update index id(NDX), name(纳斯达克100), source=us
2026-08-28 10:00:53,502 [ERROR] anetf.datasources.juquaner: JQ: query failed for all candidates: ['上证指数']
2026-08-28 10:00:53,503 [INFO] anetf.datasources.csindex: ZZ: Update PE index id(000001)
2026-08-28 10:00:53,510 [ERROR] __main__: 中证指数: fetch failed for 399975: HTTP Error 403: Forbidden
2026-08-28 10:00:53,510 [INFO] anetf.datasources.cni: GZ: Update PE index id(399975), name(证券公司)
2026-08-28 10:00:53,510 [WARNING] anetf.datasources.cni: GZ: Update 399975 failed, index not found in gz_df.
2026-08-28 10:00:53,510 [INFO] anetf.datasources.csindex: CSI: Update PE index id(399975), name(证券公司)
2026-08-28 10:00:53,532 [INFO] anetf.datasources.price: PRICE: primary API failed for sh930909, falling back to csindex
2026-08-28 10:00:53,548 [ERROR] __main__: 中证指数: fetch failed for 000001: HTTP Error 403: Forbidden
2026-08-28 10:00:53,548 [INFO] anetf.datasources.cni: GZ: Update PE index id(000001), name(上证指数)
2026-08-28 10:00:53,548 [WARNING] anetf.datasources.cni: GZ: Update 000001 failed, index not found in gz_df.
2026-08-28 10:00:53,548 [INFO] anetf.datasources.csindex: CSI: Update PE index id(000001), name(上证指数)
2026-08-28 10:00:53,589 [INFO] __main__: 255: Update PE index for H30533/中国互联网50
2026-08-28 10:00:53,590 [INFO] anetf.datasources.juquaner: JQ: Update PE index id(H30533), local_name(中国互联网50), trying funddb_name(中国互联网50)
2026-08-28 10:00:53,645 [ERROR] anetf.datasources.juquaner: JQ: query failed for all candidates: ['有色金属']
2026-08-28 10:00:53,645 [INFO] anetf.datasources.csindex: ZZ: Update PE index id(000819)
2026-08-28 10:00:53,657 [ERROR] __main__: 中证指数行情: fetch failed for 399975: Expecting value: line 1 column 1 (char 0)
2026-08-28 10:00:53,658 [INFO] anetf.datasources.price: PRICE: Update index id(399975), name(证券公司), source=cn
2026-08-28 10:00:53,663 [WARNING] anetf.datasources.price: PRICE: fallback also failed for 930909: Expecting value: line 1 column 1 (char 0)
2026-08-28 10:00:53,671 [INFO] __main__: 256: Update PE index for HSTECH/恒生科技指数
2026-08-28 10:00:53,672 [INFO] anetf.datasources.juquaner: JQ: Update PE index id(HSTECH), local_name(恒生科技指数), trying funddb_name(恒生科技指数)
2026-08-28 10:00:53,678 [ERROR] __main__: 中证指数: fetch failed for 000819: HTTP Error 403: Forbidden
2026-08-28 10:00:53,678 [INFO] anetf.datasources.cni: GZ: Update PE index id(000819), name(有色金属)
2026-08-28 10:00:53,681 [WARNING] anetf.datasources.cni: GZ: Update 000819 failed, index not found in gz_df.
2026-08-28 10:00:53,681 [INFO] anetf.datasources.csindex: CSI: Update PE index id(000819), name(有色金属)
2026-08-28 10:00:53,694 [ERROR] __main__: 中证指数行情: fetch failed for 000001: Expecting value: line 1 column 1 (char 0)
2026-08-28 10:00:53,695 [INFO] anetf.datasources.price: PRICE: Update index id(000001), name(上证指数), source=cn
2026-08-28 10:00:53,800 [INFO] __main__: 257: Update PE index for 930793/中证香港证券投资指数
2026-08-28 10:00:53,800 [INFO] anetf.datasources.juquaner: JQ: Update PE index id(930793), local_name(中证香港证券投资指数), trying funddb_name(中证香港证券投资指数)
2026-08-28 10:00:53,819 [ERROR] anetf.datasources.juquaner: JQ: query failed for all candidates: ['HKC互联网']
2026-08-28 10:00:53,819 [INFO] anetf.datasources.csindex: ZZ: Update PE index id(931637)
2026-08-28 10:00:53,831 [ERROR] __main__: 中证指数行情: fetch failed for 000819: Expecting value: line 1 column 1 (char 0)
2026-08-28 10:00:53,832 [INFO] anetf.datasources.price: PRICE: Update index id(000819), name(有色金属), source=cn
2026-08-28 10:00:53,843 [ERROR] __main__: 中证指数: fetch failed for 931637: HTTP Error 403: Forbidden
2026-08-28 10:00:53,843 [INFO] anetf.datasources.cni: GZ: Update PE index id(931637), name(HKC互联网)
2026-08-28 10:00:53,843 [WARNING] anetf.datasources.cni: GZ: Update 931637 failed, index not found in gz_df.
2026-08-28 10:00:53,843 [INFO] anetf.datasources.csindex: CSI: Update PE index id(931637), name(HKC互联网)
2026-08-28 10:00:53,888 [INFO] __main__: 258: Update PE index for 987018/港股通创新药
2026-08-28 10:00:53,888 [INFO] anetf.datasources.juquaner: JQ: Update PE index id(987018), local_name(港股通创新药), trying funddb_name(港股通创新药)
2026-08-28 10:00:53,965 [ERROR] anetf.datasources.juquaner: JQ: query failed for all candidates: ['上证50']
2026-08-28 10:00:53,975 [INFO] anetf.datasources.csindex: ZZ: Update PE index id(000016)
2026-08-28 10:00:53,982 [ERROR] anetf.datasources.juquaner: JQ: query failed for all candidates: ['CS创新药']
2026-08-28 10:00:53,984 [INFO] anetf.datasources.csindex: ZZ: Update PE index id(931152)
2026-08-28 10:00:53,987 [ERROR] __main__: 中证指数行情: fetch failed for 931637: Expecting value: line 1 column 1 (char 0)
2026-08-28 10:00:53,988 [INFO] anetf.datasources.price: PRICE: Update index id(931637), name(HKC互联网), source=cn
2026-08-28 10:00:53,999 [ERROR] __main__: 中证指数: fetch failed for 000016: HTTP Error 403: Forbidden
2026-08-28 10:00:53,999 [INFO] anetf.datasources.cni: GZ: Update PE index id(000016), name(上证50)
2026-08-28 10:00:53,999 [WARNING] anetf.datasources.cni: GZ: Update 000016 failed, index not found in gz_df.
2026-08-28 10:00:54,000 [INFO] anetf.datasources.csindex: CSI: Update PE index id(000016), name(上证50)
2026-08-28 10:00:54,007 [ERROR] __main__: 中证指数: fetch failed for 931152: HTTP Error 403: Forbidden
2026-08-28 10:00:54,007 [INFO] anetf.datasources.cni: GZ: Update PE index id(931152), name(CS创新药)
2026-08-28 10:00:54,007 [WARNING] anetf.datasources.cni: GZ: Update 931152 failed, index not found in gz_df.
2026-08-28 10:00:54,007 [INFO] anetf.datasources.csindex: CSI: Update PE index id(931152), name(CS创新药)
2026-08-28 10:00:54,125 [INFO] __main__: 259: Update PE index for 000905/中证500
2026-08-28 10:00:54,125 [INFO] anetf.datasources.juquaner: JQ: Update PE index id(000905), local_name(中证500), trying funddb_name(中证500)
2026-08-28 10:00:54,145 [ERROR] __main__: 中证指数行情: fetch failed for 931152: Expecting value: line 1 column 1 (char 0)
2026-08-28 10:00:54,147 [INFO] anetf.datasources.price: PRICE: Update index id(931152), name(CS创新药), source=cn
2026-08-28 10:00:54,148 [ERROR] __main__: 中证指数行情: fetch failed for 000016: Expecting value: line 1 column 1 (char 0)
2026-08-28 10:00:54,149 [INFO] anetf.datasources.price: PRICE: Update index id(000016), name(上证50), source=cn
2026-08-28 10:00:54,167 [INFO] __main__: 260: Update PE index for 000685/科创芯片
2026-08-28 10:00:54,168 [INFO] anetf.datasources.juquaner: JQ: Update PE index id(000685), local_name(科创芯片), trying funddb_name(科创芯片)
2026-08-28 10:00:54,197 [INFO] anetf.datasources.price: PRICE: primary API failed for csi931637, falling back to csindex
2026-08-28 10:00:54,256 [ERROR] anetf.datasources.juquaner: JQ: query failed for all candidates: ['创业板50']
2026-08-28 10:00:54,259 [INFO] anetf.datasources.csindex: ZZ: Update PE index id(399673)
2026-08-28 10:00:54,270 [ERROR] anetf.datasources.juquaner: JQ: query failed for all candidates: ['创新药']
2026-08-28 10:00:54,275 [INFO] anetf.datasources.cni: GZ: Update PE index id(980086), name(创新药)
2026-08-28 10:00:54,275 [WARNING] anetf.datasources.cni: GZ: Update 980086 skipped, PE is NaN in gz_df.
2026-08-28 10:00:54,275 [INFO] anetf.datasources.price: PRICE: Update index id(980086), name(创新药), source=cni
2026-08-28 10:00:54,301 [ERROR] __main__: 中证指数: fetch failed for 399673: HTTP Error 403: Forbidden
2026-08-28 10:00:54,302 [INFO] anetf.datasources.cni: GZ: Update PE index id(399673), name(创业板50)
2026-08-28 10:00:54,314 [ERROR] anetf.datasources.juquaner: JQ: query failed for all candidates: ['中国互联网50']
2026-08-28 10:00:54,314 [INFO] anetf.datasources.csindex: ZZ: Update PE index id(H30533)
2026-08-28 10:00:54,314 [INFO] __main__: 261: Update PE index for 931160/通信设备
2026-08-28 10:00:54,314 [INFO] anetf.datasources.juquaner: JQ: Update PE index id(931160), local_name(通信设备), trying funddb_name(通信设备)
2026-08-28 10:00:54,340 [WARNING] anetf.datasources.price: PRICE: fallback also failed for 931637: Expecting value: line 1 column 1 (char 0)
2026-08-28 10:00:54,341 [ERROR] __main__: 中证指数: fetch failed for H30533: HTTP Error 403: Forbidden
2026-08-28 10:00:54,342 [INFO] anetf.datasources.cni: GZ: Update PE index id(H30533), name(中国互联网50)
2026-08-28 10:00:54,342 [WARNING] anetf.datasources.cni: GZ: Update H30533 failed, index not found in gz_df.
2026-08-28 10:00:54,342 [INFO] anetf.datasources.csindex: CSI: Update PE index id(H30533), name(中国互联网50)
2026-08-28 10:00:54,344 [INFO] __main__: 262: Update PE index for 000852/中证1000
2026-08-28 10:00:54,345 [INFO] anetf.datasources.juquaner: JQ: Update PE index id(000852), local_name(中证1000), trying funddb_name(中证1000)
2026-08-28 10:00:54,411 [INFO] anetf.datasources.price: PRICE: primary API failed for csi931152, falling back to csindex
2026-08-28 10:00:54,416 [ERROR] anetf.datasources.juquaner: JQ: query failed for all candidates: ['中证香港证券投资指数']
2026-08-28 10:00:54,419 [INFO] anetf.datasources.csindex: ZZ: Update PE index id(930793)
2026-08-28 10:00:54,475 [ERROR] __main__: 中证指数: fetch failed for 930793: HTTP Error 403: Forbidden
2026-08-28 10:00:54,476 [INFO] anetf.datasources.cni: GZ: Update PE index id(930793), name(中证香港证券投资指数)
2026-08-28 10:00:54,476 [WARNING] anetf.datasources.cni: GZ: Update 930793 failed, index not found in gz_df.
2026-08-28 10:00:54,476 [INFO] anetf.datasources.csindex: CSI: Update PE index id(930793), name(中证香港证券投资指数)
2026-08-28 10:00:54,500 [ERROR] anetf.datasources.juquaner: JQ: query failed for all candidates: ['半导体']
2026-08-28 10:00:54,500 [INFO] anetf.datasources.csindex: ZZ: Update PE index id(H30184)
2026-08-28 10:00:54,526 [ERROR] __main__: 中证指数: fetch failed for H30184: HTTP Error 403: Forbidden
2026-08-28 10:00:54,527 [INFO] anetf.datasources.cni: GZ: Update PE index id(H30184), name(半导体)
2026-08-28 10:00:54,527 [WARNING] anetf.datasources.cni: GZ: Update H30184 failed, index not found in gz_df.
2026-08-28 10:00:54,527 [INFO] anetf.datasources.csindex: CSI: Update PE index id(H30184), name(半导体)
2026-08-28 10:00:54,544 [ERROR] __main__: 中证指数行情: fetch failed for H30533: Expecting value: line 1 column 1 (char 0)
2026-08-28 10:00:54,548 [INFO] anetf.datasources.price: PRICE: Update index id(H30533), name(中国互联网50), source=cn
2026-08-28 10:00:54,650 [WARNING] anetf.datasources.price: PRICE: fallback also failed for 931152: Expecting value: line 1 column 1 (char 0)
2026-08-28 10:00:54,656 [INFO] __main__: 263: Update PE index for 931743/半导体材料设备
2026-08-28 10:00:54,657 [INFO] anetf.datasources.juquaner: JQ: Update PE index id(931743), local_name(半导体材料设备), trying funddb_name(半导体材料设备)
2026-08-28 10:00:54,675 [ERROR] __main__: 中证指数行情: fetch failed for 930793: Expecting value: line 1 column 1 (char 0)
2026-08-28 10:00:54,676 [INFO] anetf.datasources.price: PRICE: Update index id(930793), name(中证香港证券投资指数), source=cn
2026-08-28 10:00:54,677 [INFO] __main__: 264: Update PE index for 000300/沪深300
2026-08-28 10:00:54,678 [INFO] anetf.datasources.juquaner: JQ: Update PE index id(000300), local_name(沪深300), trying funddb_name(沪深300)
2026-08-28 10:00:54,687 [ERROR] __main__: 中证指数行情: fetch failed for H30184: Expecting value: line 1 column 1 (char 0)
2026-08-28 10:00:54,688 [INFO] anetf.datasources.price: PRICE: Update index id(H30184), name(半导体), source=cn
2026-08-28 10:00:54,756 [INFO] anetf.datasources.price: PRICE: primary API failed for csiH30533, falling back to csindex
2026-08-28 10:00:54,850 [INFO] anetf.datasources.price: PRICE: primary API failed for sh930793, falling back to csindex
2026-08-28 10:00:54,853 [WARNING] anetf.datasources.price: PRICE: fallback also failed for H30533: Expecting value: line 1 column 1 (char 0)
2026-08-28 10:00:54,855 [INFO] __main__: 265: Update PE index for 000510/中证A500
2026-08-28 10:00:54,856 [INFO] anetf.datasources.juquaner: JQ: Update PE index id(000510), local_name(中证A500), trying funddb_name(中证A500)
2026-08-28 10:00:54,883 [INFO] anetf.datasources.price: PRICE: primary API failed for csiH30184, falling back to csindex
2026-08-28 10:00:54,936 [WARNING] anetf.datasources.price: PRICE: fallback also failed for 930793: Expecting value: line 1 column 1 (char 0)
2026-08-28 10:00:54,939 [INFO] __main__: 266: Update PE index for AU9999/黄金9999指数
2026-08-28 10:00:54,940 [INFO] anetf.datasources.juquaner: JQ: Update PE index id(AU9999), local_name(黄金9999指数), trying funddb_name(黄金9999指数)
2026-08-28 10:00:54,965 [WARNING] anetf.datasources.price: PRICE: fallback also failed for H30184: Expecting value: line 1 column 1 (char 0)
2026-08-28 10:00:54,968 [INFO] __main__: 267: Update PE index for 000688/科创50
2026-08-28 10:00:54,968 [INFO] anetf.datasources.juquaner: JQ: Update PE index id(000688), local_name(科创50), trying funddb_name(科创50)
2026-08-28 10:00:55,087 [ERROR] anetf.datasources.juquaner: JQ: query failed for all candidates: ['中证500']
2026-08-28 10:00:55,087 [INFO] anetf.datasources.csindex: ZZ: Update PE index id(000905)
2026-08-28 10:00:55,112 [ERROR] __main__: 中证指数: fetch failed for 000905: HTTP Error 403: Forbidden
2026-08-28 10:00:55,112 [INFO] anetf.datasources.cni: GZ: Update PE index id(000905), name(中证500)
2026-08-28 10:00:55,112 [WARNING] anetf.datasources.cni: GZ: Update 000905 failed, index not found in gz_df.
2026-08-28 10:00:55,112 [INFO] anetf.datasources.csindex: CSI: Update PE index id(000905), name(中证500)
2026-08-28 10:00:55,187 [ERROR] anetf.datasources.juquaner: JQ: query failed for all candidates: ['恒生科技指数']
2026-08-28 10:00:55,187 [INFO] anetf.datasources.price: PRICE: Update index id(HSTECH), name(恒生科技指数), source=hk
2026-08-28 10:00:55,192 [ERROR] __main__: 中证指数行情: fetch failed for 000905: Expecting value: line 1 column 1 (char 0)
2026-08-28 10:00:55,193 [INFO] anetf.datasources.price: PRICE: Update index id(000905), name(中证500), source=cn
2026-08-28 10:00:55,257 [ERROR] anetf.datasources.juquaner: JQ: query failed for all candidates: ['港股通创新药']
2026-08-28 10:00:55,257 [INFO] anetf.datasources.cni: GZ: Update PE index id(987018), name(港股通创新药)
2026-08-28 10:00:55,257 [WARNING] anetf.datasources.cni: GZ: Update 987018 skipped, PE is NaN in gz_df.
2026-08-28 10:00:55,257 [INFO] anetf.datasources.price: PRICE: Update index id(987018), name(港股通创新药), source=cni
2026-08-28 10:00:55,304 [ERROR] anetf.datasources.juquaner: JQ: query failed for all candidates: ['中证1000']
2026-08-28 10:00:55,304 [INFO] anetf.datasources.csindex: ZZ: Update PE index id(000852)
2026-08-28 10:00:55,330 [ERROR] __main__: 中证指数: fetch failed for 000852: HTTP Error 403: Forbidden
2026-08-28 10:00:55,330 [INFO] anetf.datasources.cni: GZ: Update PE index id(000852), name(中证1000)
2026-08-28 10:00:55,330 [WARNING] anetf.datasources.cni: GZ: Update 000852 failed, index not found in gz_df.
2026-08-28 10:00:55,331 [INFO] anetf.datasources.csindex: CSI: Update PE index id(000852), name(中证1000)
2026-08-28 10:00:55,374 [ERROR] anetf.datasources.juquaner: JQ: query failed for all candidates: ['沪深300']
2026-08-28 10:00:55,374 [INFO] anetf.datasources.csindex: ZZ: Update PE index id(000300)
2026-08-28 10:00:55,404 [ERROR] __main__: 中证指数: fetch failed for 000300: HTTP Error 403: Forbidden
2026-08-28 10:00:55,404 [INFO] anetf.datasources.cni: GZ: Update PE index id(000300), name(沪深300)
2026-08-28 10:00:55,404 [WARNING] anetf.datasources.cni: GZ: Update 000300 failed, index not found in gz_df.
2026-08-28 10:00:55,404 [INFO] anetf.datasources.csindex: CSI: Update PE index id(000300), name(沪深300)
2026-08-28 10:00:55,440 [ERROR] __main__: 中证指数行情: fetch failed for 000852: Expecting value: line 1 column 1 (char 0)
2026-08-28 10:00:55,443 [INFO] anetf.datasources.price: PRICE: Update index id(000852), name(中证1000), source=cn
2026-08-28 10:00:55,482 [INFO] __main__: 268: Update PE index for 000697/科创半导体材料设备指数
2026-08-28 10:00:55,482 [INFO] anetf.datasources.juquaner: JQ: Update PE index id(000697), local_name(科创半导体材料设备指数), trying funddb_name(科创半导体材料设备指数)
2026-08-28 10:00:55,502 [ERROR] anetf.datasources.juquaner: JQ: query failed for all candidates: ['中证A500']
2026-08-28 10:00:55,502 [INFO] anetf.datasources.csindex: ZZ: Update PE index id(000510)
2026-08-28 10:00:55,538 [ERROR] __main__: 中证指数行情: fetch failed for 000300: Expecting value: line 1 column 1 (char 0)
2026-08-28 10:00:55,540 [INFO] anetf.datasources.price: PRICE: Update index id(000300), name(沪深300), source=cn
2026-08-28 10:00:55,543 [ERROR] __main__: 中证指数: fetch failed for 000510: HTTP Error 403: Forbidden
2026-08-28 10:00:55,543 [INFO] anetf.datasources.cni: GZ: Update PE index id(000510), name(中证A500)
2026-08-28 10:00:55,543 [WARNING] anetf.datasources.cni: GZ: Update 000510 failed, index not found in gz_df.
2026-08-28 10:00:55,543 [INFO] anetf.datasources.csindex: CSI: Update PE index id(000510), name(中证A500)
2026-08-28 10:00:55,546 [INFO] __main__: 269: Update PE index for 399006/创业板指
2026-08-28 10:00:55,546 [INFO] anetf.datasources.juquaner: JQ: Update PE index id(399006), local_name(创业板指), trying funddb_name(创业板指)
2026-08-28 10:00:55,585 [ERROR] anetf.datasources.juquaner: JQ: query failed for all candidates: ['科创芯片']
2026-08-28 10:00:55,587 [INFO] anetf.datasources.csindex: ZZ: Update PE index id(000685)
2026-08-28 10:00:55,648 [ERROR] anetf.datasources.juquaner: JQ: query failed for all candidates: ['科创50']
2026-08-28 10:00:55,649 [INFO] anetf.datasources.csindex: ZZ: Update PE index id(000688)
2026-08-28 10:00:55,664 [INFO] anetf.datasources.price: PRICE: CNI index 980086 loaded 252 rows from index_hist_cni
2026-08-28 10:00:55,667 [INFO] __main__: 270: Update PE index for 931787/港股创新药
2026-08-28 10:00:55,668 [INFO] anetf.datasources.juquaner: JQ: Update PE index id(931787), local_name(港股创新药), trying funddb_name(港股创新药)
2026-08-28 10:00:55,680 [ERROR] __main__: 中证指数: fetch failed for 000685: HTTP Error 403: Forbidden
2026-08-28 10:00:55,680 [INFO] anetf.datasources.cni: GZ: Update PE index id(000685), name(科创芯片)
2026-08-28 10:00:55,680 [WARNING] anetf.datasources.cni: GZ: Update 000685 failed, index not found in gz_df.
2026-08-28 10:00:55,680 [INFO] anetf.datasources.csindex: CSI: Update PE index id(000685), name(科创芯片)
2026-08-28 10:00:55,687 [ERROR] __main__: 中证指数: fetch failed for 000688: HTTP Error 403: Forbidden
2026-08-28 10:00:55,688 [INFO] anetf.datasources.cni: GZ: Update PE index id(000688), name(科创50)
2026-08-28 10:00:55,688 [WARNING] anetf.datasources.cni: GZ: Update 000688 failed, index not found in gz_df.
2026-08-28 10:00:55,688 [INFO] anetf.datasources.csindex: CSI: Update PE index id(000688), name(科创50)
2026-08-28 10:00:55,761 [ERROR] __main__: 中证指数行情: fetch failed for 000510: Expecting value: line 1 column 1 (char 0)
2026-08-28 10:00:55,762 [INFO] anetf.datasources.price: PRICE: Update index id(000510), name(中证A500), source=cn
2026-08-28 10:00:55,768 [INFO] anetf.datasources.price: PRICE: CNI index 987018 loaded 243 rows from index_hist_cni
2026-08-28 10:00:55,768 [INFO] __main__: 271: Update PE index for 931790/中韩半导体
2026-08-28 10:00:55,773 [INFO] anetf.datasources.juquaner: JQ: Update PE index id(931790), local_name(中韩半导体), trying funddb_name(中韩半导体)
2026-08-28 10:00:55,776 [INFO] __main__: 272: Update PE index for H11014/中证短融
2026-08-28 10:00:55,776 [INFO] anetf.datasources.juquaner: JQ: Update PE index id(H11014), local_name(中证短融), trying funddb_name(中证短融)
2026-08-28 10:00:55,865 [ERROR] __main__: 中证指数行情: fetch failed for 000685: Expecting value: line 1 column 1 (char 0)
2026-08-28 10:00:55,870 [INFO] anetf.datasources.price: PRICE: Update index id(000685), name(科创芯片), source=cn
2026-08-28 10:00:55,872 [ERROR] __main__: 中证指数行情: fetch failed for 000688: Expecting value: line 1 column 1 (char 0)
2026-08-28 10:00:55,878 [INFO] anetf.datasources.price: PRICE: Update index id(000688), name(科创50), source=cn
2026-08-28 10:00:55,924 [ERROR] anetf.datasources.juquaner: JQ: query failed for all candidates: ['通信设备']
2026-08-28 10:00:55,924 [INFO] anetf.datasources.csindex: ZZ: Update PE index id(931160)
2026-08-28 10:00:55,934 [ERROR] anetf.datasources.juquaner: JQ: query failed for all candidates: ['半导体材料设备']
2026-08-28 10:00:55,939 [INFO] anetf.datasources.csindex: ZZ: Update PE index id(931743)
2026-08-28 10:00:55,972 [ERROR] __main__: 中证指数: fetch failed for 931160: HTTP Error 403: Forbidden
2026-08-28 10:00:55,972 [INFO] anetf.datasources.cni: GZ: Update PE index id(931160), name(通信设备)
2026-08-28 10:00:55,973 [WARNING] anetf.datasources.cni: GZ: Update 931160 failed, index not found in gz_df.
2026-08-28 10:00:55,976 [INFO] anetf.datasources.csindex: CSI: Update PE index id(931160), name(通信设备)
2026-08-28 10:00:55,980 [ERROR] __main__: 中证指数: fetch failed for 931743: HTTP Error 403: Forbidden
2026-08-28 10:00:55,980 [INFO] anetf.datasources.cni: GZ: Update PE index id(931743), name(半导体材料设备)
2026-08-28 10:00:55,980 [WARNING] anetf.datasources.cni: GZ: Update 931743 failed, index not found in gz_df.
2026-08-28 10:00:55,980 [INFO] anetf.datasources.csindex: CSI: Update PE index id(931743), name(半导体材料设备)
2026-08-28 10:00:56,051 [ERROR] __main__: 中证指数行情: fetch failed for 931160: Expecting value: line 1 column 1 (char 0)
2026-08-28 10:00:56,052 [INFO] anetf.datasources.price: PRICE: Update index id(931160), name(通信设备), source=cn
2026-08-28 10:00:56,105 [ERROR] __main__: 中证指数行情: fetch failed for 931743: Expecting value: line 1 column 1 (char 0)
2026-08-28 10:00:56,109 [INFO] anetf.datasources.price: PRICE: Update index id(931743), name(半导体材料设备), source=cn
2026-08-28 10:00:56,148 [ERROR] anetf.datasources.juquaner: JQ: query failed for all candidates: ['黄金9999指数']
2026-08-28 10:00:56,148 [INFO] anetf.datasources.price: PRICE: Update index id(AU9999), name(黄金9999指数), source=gold
2026-08-28 10:00:56,311 [INFO] anetf.datasources.price: PRICE: primary API failed for csi931743, falling back to csindex
2026-08-28 10:00:56,342 [INFO] anetf.datasources.price: PRICE: primary API failed for csi931160, falling back to csindex
2026-08-28 10:00:56,374 [WARNING] anetf.datasources.price: PRICE: fallback also failed for 931743: Expecting value: line 1 column 1 (char 0)
2026-08-28 10:00:56,428 [WARNING] anetf.datasources.price: PRICE: fallback also failed for 931160: Expecting value: line 1 column 1 (char 0)
2026-08-28 10:00:56,464 [ERROR] anetf.datasources.juquaner: JQ: query failed for all candidates: ['创业板指']
2026-08-28 10:00:56,464 [INFO] anetf.datasources.csindex: ZZ: Update PE index id(399006)
2026-08-28 10:00:56,486 [ERROR] __main__: 中证指数: fetch failed for 399006: HTTP Error 403: Forbidden
2026-08-28 10:00:56,487 [INFO] anetf.datasources.cni: GZ: Update PE index id(399006), name(创业板指)
2026-08-28 10:00:56,866 [ERROR] anetf.datasources.juquaner: JQ: query failed for all candidates: ['科创半导体材料设备指数']
2026-08-28 10:00:56,866 [INFO] anetf.datasources.csindex: ZZ: Update PE index id(000697)
2026-08-28 10:00:56,890 [ERROR] __main__: 中证指数: fetch failed for 000697: HTTP Error 403: Forbidden
2026-08-28 10:00:56,890 [INFO] anetf.datasources.cni: GZ: Update PE index id(000697), name(科创半导体材料设备指数)
2026-08-28 10:00:56,891 [WARNING] anetf.datasources.cni: GZ: Update 000697 failed, index not found in gz_df.
2026-08-28 10:00:56,891 [INFO] anetf.datasources.csindex: CSI: Update PE index id(000697), name(科创半导体材料设备指数)
2026-08-28 10:00:56,970 [ERROR] anetf.datasources.juquaner: JQ: query failed for all candidates: ['中韩半导体']
2026-08-28 10:00:56,970 [INFO] anetf.datasources.csindex: ZZ: Update PE index id(931790)
2026-08-28 10:00:56,971 [ERROR] __main__: 中证指数行情: fetch failed for 000697: Expecting value: line 1 column 1 (char 0)
2026-08-28 10:00:56,972 [INFO] anetf.datasources.price: PRICE: Update index id(000697), name(科创半导体材料设备指数), source=cn
2026-08-28 10:00:56,996 [ERROR] __main__: 中证指数: fetch failed for 931790: HTTP Error 403: Forbidden
2026-08-28 10:00:56,996 [INFO] anetf.datasources.cni: GZ: Update PE index id(931790), name(中韩半导体)
2026-08-28 10:00:56,996 [WARNING] anetf.datasources.cni: GZ: Update 931790 failed, index not found in gz_df.
2026-08-28 10:00:56,996 [INFO] anetf.datasources.csindex: CSI: Update PE index id(931790), name(中韩半导体)
2026-08-28 10:00:57,057 [ERROR] __main__: 中证指数行情: fetch failed for 931790: Expecting value: line 1 column 1 (char 0)
2026-08-28 10:00:57,058 [INFO] anetf.datasources.price: PRICE: Update index id(931790), name(中韩半导体), source=cn
2026-08-28 10:00:57,245 [INFO] anetf.datasources.price: PRICE: primary API failed for csi931790, falling back to csindex
2026-08-28 10:00:57,312 [WARNING] anetf.datasources.price: PRICE: fallback also failed for 931790: Expecting value: line 1 column 1 (char 0)
2026-08-28 10:00:57,328 [ERROR] anetf.datasources.juquaner: JQ: query failed for all candidates: ['港股创新药']
2026-08-28 10:00:57,328 [INFO] anetf.datasources.csindex: ZZ: Update PE index id(931787)
2026-08-28 10:00:57,350 [ERROR] __main__: 中证指数: fetch failed for 931787: HTTP Error 403: Forbidden
2026-08-28 10:00:57,351 [INFO] anetf.datasources.cni: GZ: Update PE index id(931787), name(港股创新药)
2026-08-28 10:00:57,351 [WARNING] anetf.datasources.cni: GZ: Update 931787 failed, index not found in gz_df.
2026-08-28 10:00:57,351 [INFO] anetf.datasources.csindex: CSI: Update PE index id(931787), name(港股创新药)
2026-08-28 10:00:57,364 [ERROR] anetf.datasources.juquaner: JQ: query failed for all candidates: ['中证短融']
2026-08-28 10:00:57,364 [INFO] anetf.datasources.price: PRICE: Update index id(H11014), name(中证短融), source=cn
2026-08-28 10:00:57,440 [ERROR] __main__: 中证指数行情: fetch failed for 931787: Expecting value: line 1 column 1 (char 0)
2026-08-28 10:00:57,444 [INFO] anetf.datasources.price: PRICE: Update index id(931787), name(港股创新药), source=cn
2026-08-28 10:00:57,530 [INFO] anetf.datasources.price: PRICE: primary API failed for csiH11014, falling back to csindex
2026-08-28 10:00:57,592 [WARNING] anetf.datasources.price: PRICE: fallback also failed for H11014: Expecting value: line 1 column 1 (char 0)
2026-08-28 10:00:57,626 [INFO] anetf.datasources.price: PRICE: primary API failed for csi931787, falling back to csindex
2026-08-28 10:00:57,709 [WARNING] anetf.datasources.price: PRICE: fallback also failed for 931787: Expecting value: line 1 column 1 (char 0)
2026-08-28 10:00:57,714 [INFO] __main__: update_db finished: done=261, failed=0
