2026-08-29 10:00:02,190 [INFO] __main__: pe.py: update_db only (report generation moved to anetf.services.report_service)
2026-08-29 10:00:02,195 [INFO] __main__: update_db: total ETF 832 rows -> dedup to 273 unique indices
2026-08-29 10:00:02,838 [INFO] anetf.datasources.calendar: latest_trade_day resolved: 2026-08-28
2026-08-29 10:00:02,890 [INFO] __main__: 13: Skip unsupported index SGXTECH/新交所泛东南亚科技指数
2026-08-29 10:00:02,909 [INFO] __main__: 16: Skip unsupported index HSHKNE/恒生港股通新经济指数
2026-08-29 10:00:02,998 [INFO] __main__: 40: Skip unsupported index HSHKAT/恒生港股通汽车主题指数
2026-08-29 10:00:03,045 [INFO] __main__: 50: Skip unsupported index FARAB/富时阿拉伯指数
2026-08-29 10:00:03,152 [INFO] __main__: 75: Skip unsupported index HSC/恒生消费指数
2026-08-29 10:00:03,307 [INFO] __main__: 103: Skip unsupported index TPX/东证指数
2026-08-29 10:00:03,463 [INFO] __main__: 128: Skip unsupported index HSCPG/恒生A股电网设备指数
2026-08-29 10:00:03,509 [INFO] __main__: 134: Skip unsupported index HSHGDV/恒生港股通高股息低波动指数
2026-08-29 10:00:03,578 [INFO] __main__: 144: Skip unsupported index 716567/MSCI中国A股国际通指数
2026-08-29 10:00:03,638 [INFO] __main__: 155: Skip unsupported index HSHDY/恒生港股通高股息率指数
2026-08-29 10:00:03,811 [INFO] __main__: 181: Skip unsupported index HSHKCT/恒生港股通中国科技指数
2026-08-29 10:00:04,105 [INFO] __main__: 215: Skip unsupported index ICEA/易盛能化A
2026-08-29 10:00:04,514 [INFO] __main__: update_db: 12 skip (cached/unsupported), 261 need fresh fetch
2026-08-29 10:00:04,515 [INFO] __main__: 0: Update PE index for H30182/计算机
2026-08-29 10:00:04,515 [INFO] __main__: 1: Update PE index for 931403/品牌工程
2026-08-29 10:00:04,515 [INFO] __main__: 2: Update PE index for 000682/科创信息
2026-08-29 10:00:04,516 [INFO] __main__: 3: Update PE index for 931186/中证科技
2026-08-29 10:00:04,516 [INFO] __main__: 4: Update PE index for 000037/上证医药
2026-08-29 10:00:04,516 [INFO] __main__: 5: Update PE index for 980103/红利价值
2026-08-29 10:00:04,517 [INFO] __main__: 6: Update PE index for H30365/文娱传媒
2026-08-29 10:00:04,517 [INFO] __main__: 7: Update PE index for 930931/港股通50(HKD)
2026-08-29 10:00:04,517 [INFO] __main__: 8: Update PE index for 000903/中证100
2026-08-29 10:00:04,518 [INFO] __main__: 9: Update PE index for 931247/中证信创
2026-08-29 10:00:04,518 [INFO] __main__: 10: Update PE index for CN6055/汽车指数
2026-08-29 10:00:04,518 [INFO] __main__: 11: Update PE index for 931778/农牧主题
2026-08-29 10:00:04,521 [INFO] anetf.datasources.juquaner: JQ: Update PE index id(H30182), local_name(计算机), trying funddb_name(计算机)
2026-08-29 10:00:04,521 [INFO] anetf.datasources.juquaner: JQ: Update PE index id(931403), local_name(品牌工程), trying funddb_name(品牌工程)
2026-08-29 10:00:04,521 [INFO] anetf.datasources.juquaner: JQ: Update PE index id(000682), local_name(科创信息), trying funddb_name(科创信息)
2026-08-29 10:00:04,521 [INFO] anetf.datasources.juquaner: JQ: Update PE index id(931186), local_name(中证科技), trying funddb_name(中证科技)
2026-08-29 10:00:04,521 [INFO] anetf.datasources.juquaner: JQ: Update PE index id(000037), local_name(上证医药), trying funddb_name(上证医药)
2026-08-29 10:00:04,521 [INFO] anetf.datasources.juquaner: JQ: Update PE index id(980103), local_name(红利价值), trying funddb_name(红利价值)
2026-08-29 10:00:04,521 [INFO] anetf.datasources.juquaner: JQ: Update PE index id(H30365), local_name(文娱传媒), trying funddb_name(文娱传媒)
2026-08-29 10:00:04,521 [INFO] anetf.datasources.juquaner: JQ: Update PE index id(930931), local_name(港股通50(HKD)), trying funddb_name(港股通50(HKD))
2026-08-29 10:00:04,521 [INFO] anetf.datasources.juquaner: JQ: Update PE index id(000903), local_name(中证100), trying funddb_name(中证100)
2026-08-29 10:00:04,522 [INFO] anetf.datasources.juquaner: JQ: Update PE index id(931247), local_name(中证信创), trying funddb_name(中证信创)
2026-08-29 10:00:04,522 [INFO] anetf.datasources.juquaner: JQ: Update PE index id(CN6055), local_name(汽车指数), trying funddb_name(汽车指数)
2026-08-29 10:00:04,522 [INFO] anetf.datasources.juquaner: JQ: Update PE index id(931778), local_name(农牧主题), trying funddb_name(农牧主题)
2026-08-29 10:00:05,319 [ERROR] anetf.datasources.juquaner: JQ: query failed for all candidates: ['红利价值']
2026-08-29 10:00:05,319 [INFO] anetf.datasources.cni: GZ: Update PE index id(980103), name(红利价值)
2026-08-29 10:00:05,329 [ERROR] anetf.datasources.juquaner: JQ: query failed for all candidates: ['港股通50(HKD)']
2026-08-29 10:00:05,329 [INFO] anetf.datasources.csindex: ZZ: Update PE index id(930931)
2026-08-29 10:00:05,381 [ERROR] anetf.datasources.juquaner: JQ: query failed for all candidates: ['汽车指数']
2026-08-29 10:00:05,381 [INFO] anetf.datasources.csindex: ZZ: Update PE index id(CN6055)
2026-08-29 10:00:05,393 [ERROR] anetf.datasources.juquaner: JQ: query failed for all candidates: ['文娱传媒']
2026-08-29 10:00:05,393 [INFO] anetf.datasources.csindex: ZZ: Update PE index id(H30365)
2026-08-29 10:00:05,415 [ERROR] anetf.datasources.juquaner: JQ: query failed for all candidates: ['中证信创']
2026-08-29 10:00:05,415 [INFO] anetf.datasources.csindex: ZZ: Update PE index id(931247)
2026-08-29 10:00:05,436 [ERROR] __main__: 中证指数: fetch failed for CN6055: HTTP Error 404: Not Found
2026-08-29 10:00:05,436 [INFO] anetf.datasources.cni: GZ: Update PE index id(CN6055), name(汽车指数)
2026-08-29 10:00:05,481 [INFO] __main__: 12: Update PE index for 000860/结构调整
2026-08-29 10:00:05,483 [INFO] anetf.datasources.juquaner: JQ: Update PE index id(000860), local_name(结构调整), trying funddb_name(结构调整)
2026-08-29 10:00:05,485 [ERROR] anetf.datasources.juquaner: JQ: query failed for all candidates: ['上证医药']
2026-08-29 10:00:05,485 [INFO] anetf.datasources.csindex: ZZ: Update PE index id(000037)
2026-08-29 10:00:05,513 [INFO] __main__: 14: Update PE index for 930712/CS物联网
2026-08-29 10:00:05,513 [INFO] anetf.datasources.juquaner: JQ: Update PE index id(930712), local_name(CS物联网), trying funddb_name(CS物联网)
2026-08-29 10:00:05,521 [INFO] __main__: 15: Update PE index for 931140/医药50
2026-08-29 10:00:05,521 [INFO] anetf.datasources.juquaner: JQ: Update PE index id(931140), local_name(医药50), trying funddb_name(医药50)
2026-08-29 10:00:05,614 [INFO] __main__: 17: Update PE index for 399267/专精特新
2026-08-29 10:00:05,614 [INFO] anetf.datasources.juquaner: JQ: Update PE index id(399267), local_name(专精特新), trying funddb_name(专精特新)
2026-08-29 10:00:05,669 [INFO] anetf.datasources.calendar: cni_index_list loaded: 1463 indices
2026-08-29 10:00:05,679 [INFO] __main__: 18: Update PE index for 930716/CS物流
2026-08-29 10:00:05,679 [INFO] anetf.datasources.juquaner: JQ: Update PE index id(930716), local_name(CS物流), trying funddb_name(CS物流)
2026-08-29 10:00:05,683 [INFO] __main__: 19: Update PE index for H30015/800汽车
2026-08-29 10:00:05,683 [INFO] anetf.datasources.juquaner: JQ: Update PE index id(H30015), local_name(800汽车), trying funddb_name(800汽车)
2026-08-29 10:00:05,914 [ERROR] anetf.datasources.juquaner: JQ: query failed for all candidates: ['农牧主题']
2026-08-29 10:00:05,914 [INFO] anetf.datasources.csindex: ZZ: Update PE index id(931778)
2026-08-29 10:00:05,989 [INFO] __main__: 20: Update PE index for 931946/畜牧养殖
2026-08-29 10:00:05,993 [ERROR] anetf.datasources.juquaner: JQ: query failed for all candidates: ['中证科技']
2026-08-29 10:00:05,993 [INFO] anetf.datasources.juquaner: JQ: Update PE index id(931946), local_name(畜牧养殖), trying funddb_name(畜牧养殖)
2026-08-29 10:00:05,993 [INFO] anetf.datasources.csindex: ZZ: Update PE index id(931186)
2026-08-29 10:00:06,003 [ERROR] anetf.datasources.juquaner: JQ: query failed for all candidates: ['中证100']
2026-08-29 10:00:06,004 [INFO] anetf.datasources.csindex: ZZ: Update PE index id(000903)
2026-08-29 10:00:06,044 [ERROR] anetf.datasources.juquaner: JQ: query failed for all candidates: ['科创信息']
2026-08-29 10:00:06,044 [INFO] anetf.datasources.csindex: ZZ: Update PE index id(000682)
2026-08-29 10:00:06,048 [ERROR] anetf.datasources.juquaner: JQ: query failed for all candidates: ['结构调整']
2026-08-29 10:00:06,055 [INFO] anetf.datasources.csindex: ZZ: Update PE index id(000860)
2026-08-29 10:00:06,067 [ERROR] anetf.datasources.juquaner: JQ: query failed for all candidates: ['CS物联网']
2026-08-29 10:00:06,068 [INFO] anetf.datasources.csindex: ZZ: Update PE index id(930712)
2026-08-29 10:00:06,081 [INFO] __main__: 21: Update PE index for 930662/CS现代农
2026-08-29 10:00:06,081 [INFO] anetf.datasources.juquaner: JQ: Update PE index id(930662), local_name(CS现代农), trying funddb_name(CS现代农)
2026-08-29 10:00:06,107 [INFO] __main__: 22: Update PE index for 932094/软件开发
2026-08-29 10:00:06,107 [INFO] anetf.datasources.juquaner: JQ: Update PE index id(932094), local_name(软件开发), trying funddb_name(软件开发)
2026-08-29 10:00:06,130 [ERROR] anetf.datasources.juquaner: JQ: query failed for all candidates: ['品牌工程']
2026-08-29 10:00:06,130 [INFO] anetf.datasources.csindex: ZZ: Update PE index id(931403)
2026-08-29 10:00:06,138 [INFO] __main__: 23: Update PE index for 930653/CS食品饮
2026-08-29 10:00:06,138 [INFO] anetf.datasources.juquaner: JQ: Update PE index id(930653), local_name(CS食品饮), trying funddb_name(CS食品饮)
2026-08-29 10:00:06,153 [INFO] __main__: 24: Update PE index for 931798/光伏龙头30
2026-08-29 10:00:06,153 [INFO] anetf.datasources.juquaner: JQ: Update PE index id(931798), local_name(光伏龙头30), trying funddb_name(光伏龙头30)
2026-08-29 10:00:06,184 [INFO] __main__: 25: Update PE index for 399019/创业200
2026-08-29 10:00:06,184 [INFO] anetf.datasources.juquaner: JQ: Update PE index id(399019), local_name(创业200), trying funddb_name(创业200)
2026-08-29 10:00:06,232 [ERROR] anetf.datasources.juquaner: JQ: query failed for all candidates: ['计算机']
2026-08-29 10:00:06,235 [INFO] anetf.datasources.csindex: ZZ: Update PE index id(H30182)
2026-08-29 10:00:06,238 [ERROR] anetf.datasources.juquaner: JQ: query failed for all candidates: ['专精特新']
2026-08-29 10:00:06,254 [INFO] anetf.datasources.csindex: ZZ: Update PE index id(399267)
2026-08-29 10:00:06,303 [INFO] __main__: 26: Update PE index for 931068/消费龙头
2026-08-29 10:00:06,304 [INFO] anetf.datasources.juquaner: JQ: Update PE index id(931068), local_name(消费龙头), trying funddb_name(消费龙头)
2026-08-29 10:00:06,306 [ERROR] anetf.datasources.juquaner: JQ: query failed for all candidates: ['800汽车']
2026-08-29 10:00:06,308 [INFO] anetf.datasources.csindex: ZZ: Update PE index id(H30015)
2026-08-29 10:00:06,309 [ERROR] __main__: 中证指数: fetch failed for 399267: HTTP Error 404: Not Found
2026-08-29 10:00:06,310 [INFO] anetf.datasources.cni: GZ: Update PE index id(399267), name(专精特新)
2026-08-29 10:00:06,318 [INFO] __main__: 27: Update PE index for 000918/300成长
2026-08-29 10:00:06,318 [INFO] anetf.datasources.juquaner: JQ: Update PE index id(000918), local_name(300成长), trying funddb_name(300成长)
2026-08-29 10:00:06,382 [INFO] __main__: 28: Update PE index for 000066/上证商品
2026-08-29 10:00:06,382 [INFO] anetf.datasources.juquaner: JQ: Update PE index id(000066), local_name(上证商品), trying funddb_name(上证商品)
2026-08-29 10:00:06,611 [INFO] __main__: 29: Update PE index for 399276/创科技
2026-08-29 10:00:06,612 [INFO] anetf.datasources.juquaner: JQ: Update PE index id(399276), local_name(创科技), trying funddb_name(创科技)
2026-08-29 10:00:06,756 [ERROR] anetf.datasources.juquaner: JQ: query failed for all candidates: ['光伏龙头30']
2026-08-29 10:00:06,758 [INFO] anetf.datasources.csindex: ZZ: Update PE index id(931798)
2026-08-29 10:00:06,760 [ERROR] anetf.datasources.juquaner: JQ: query failed for all candidates: ['医药50']
2026-08-29 10:00:06,760 [INFO] anetf.datasources.csindex: ZZ: Update PE index id(931140)
2026-08-29 10:00:06,788 [ERROR] anetf.datasources.juquaner: JQ: query failed for all candidates: ['CS食品饮']
2026-08-29 10:00:06,788 [INFO] anetf.datasources.csindex: ZZ: Update PE index id(930653)
2026-08-29 10:00:06,943 [ERROR] anetf.datasources.juquaner: JQ: query failed for all candidates: ['CS物流']
2026-08-29 10:00:06,943 [INFO] anetf.datasources.csindex: ZZ: Update PE index id(930716)
2026-08-29 10:00:07,054 [INFO] __main__: 30: Update PE index for 987022/港股通互联网
2026-08-29 10:00:07,054 [INFO] anetf.datasources.juquaner: JQ: Update PE index id(987022), local_name(港股通互联网), trying funddb_name(港股通互联网)
2026-08-29 10:00:07,278 [ERROR] anetf.datasources.juquaner: JQ: query failed for all candidates: ['畜牧养殖']
2026-08-29 10:00:07,278 [INFO] anetf.datasources.csindex: ZZ: Update PE index id(931946)
2026-08-29 10:00:07,286 [ERROR] anetf.datasources.juquaner: JQ: query failed for all candidates: ['创业200']
2026-08-29 10:00:07,287 [INFO] anetf.datasources.csindex: ZZ: Update PE index id(399019)
2026-08-29 10:00:07,308 [ERROR] anetf.datasources.juquaner: JQ: query failed for all candidates: ['软件开发']
2026-08-29 10:00:07,308 [INFO] anetf.datasources.csindex: ZZ: Update PE index id(932094)
2026-08-29 10:00:07,317 [ERROR] __main__: 中证指数: fetch failed for 399019: HTTP Error 404: Not Found
2026-08-29 10:00:07,317 [INFO] anetf.datasources.cni: GZ: Update PE index id(399019), name(创业200)
2026-08-29 10:00:07,325 [INFO] __main__: 31: Update PE index for 399237/运输指数
2026-08-29 10:00:07,325 [INFO] anetf.datasources.juquaner: JQ: Update PE index id(399237), local_name(运输指数), trying funddb_name(运输指数)
2026-08-29 10:00:07,423 [ERROR] anetf.datasources.juquaner: JQ: query failed for all candidates: ['CS现代农']
2026-08-29 10:00:07,424 [INFO] anetf.datasources.csindex: ZZ: Update PE index id(930662)
2026-08-29 10:00:07,450 [ERROR] anetf.datasources.juquaner: JQ: query failed for all candidates: ['300成长']
2026-08-29 10:00:07,450 [INFO] anetf.datasources.csindex: ZZ: Update PE index id(000918)
2026-08-29 10:00:07,548 [ERROR] anetf.datasources.juquaner: JQ: query failed for all candidates: ['港股通互联网']
2026-08-29 10:00:07,548 [INFO] anetf.datasources.cni: GZ: Update PE index id(987022), name(港股通互联网)
2026-08-29 10:00:07,548 [WARNING] anetf.datasources.cni: GZ: Update 987022 skipped, PE is NaN in gz_df.
2026-08-29 10:00:07,548 [INFO] anetf.datasources.price: PRICE: Update index id(987022), name(港股通互联网), source=cni
2026-08-29 10:00:07,558 [ERROR] anetf.datasources.juquaner: JQ: query failed for all candidates: ['消费龙头']
2026-08-29 10:00:07,558 [INFO] anetf.datasources.csindex: ZZ: Update PE index id(931068)
2026-08-29 10:00:07,626 [ERROR] anetf.datasources.juquaner: JQ: query failed for all candidates: ['上证商品']
2026-08-29 10:00:07,627 [INFO] anetf.datasources.csindex: ZZ: Update PE index id(000066)
2026-08-29 10:00:07,660 [INFO] anetf.datasources.price: PRICE: CNI index 987022 loaded 243 rows from index_hist_cni
2026-08-29 10:00:07,663 [INFO] __main__: 32: Update PE index for 000814/细分医药
2026-08-29 10:00:07,663 [INFO] anetf.datasources.juquaner: JQ: Update PE index id(000814), local_name(细分医药), trying funddb_name(细分医药)
2026-08-29 10:00:07,713 [INFO] __main__: 33: Update PE index for 930781/中证影视
2026-08-29 10:00:07,713 [INFO] anetf.datasources.juquaner: JQ: Update PE index id(930781), local_name(中证影视), trying funddb_name(中证影视)
2026-08-29 10:00:07,793 [ERROR] anetf.datasources.juquaner: JQ: query failed for all candidates: ['创科技']
2026-08-29 10:00:07,793 [INFO] anetf.datasources.csindex: ZZ: Update PE index id(399276)
2026-08-29 10:00:07,819 [ERROR] __main__: 中证指数: fetch failed for 399276: HTTP Error 404: Not Found
2026-08-29 10:00:07,819 [INFO] anetf.datasources.cni: GZ: Update PE index id(399276), name(创科技)
2026-08-29 10:00:07,825 [INFO] __main__: 34: Update PE index for 932422/A500红利低波
2026-08-29 10:00:07,825 [INFO] anetf.datasources.juquaner: JQ: Update PE index id(932422), local_name(A500红利低波), trying funddb_name(A500红利低波)
2026-08-29 10:00:08,091 [INFO] __main__: 35: Update PE index for 000977/内地低碳
2026-08-29 10:00:08,091 [INFO] anetf.datasources.juquaner: JQ: Update PE index id(000977), local_name(内地低碳), trying funddb_name(内地低碳)
2026-08-29 10:00:08,348 [ERROR] anetf.datasources.juquaner: JQ: query failed for all candidates: ['A500红利低波']
2026-08-29 10:00:08,348 [INFO] anetf.datasources.csindex: ZZ: Update PE index id(932422)
2026-08-29 10:00:08,399 [ERROR] anetf.datasources.juquaner: JQ: query failed for all candidates: ['运输指数']
2026-08-29 10:00:08,399 [INFO] anetf.datasources.csindex: ZZ: Update PE index id(399237)
2026-08-29 10:00:08,421 [ERROR] __main__: 中证指数: fetch failed for 399237: HTTP Error 404: Not Found
2026-08-29 10:00:08,421 [INFO] anetf.datasources.cni: GZ: Update PE index id(399237), name(运输指数)
2026-08-29 10:00:08,430 [INFO] __main__: 36: Update PE index for 000068/上证资源
2026-08-29 10:00:08,431 [INFO] anetf.datasources.juquaner: JQ: Update PE index id(000068), local_name(上证资源), trying funddb_name(上证资源)
2026-08-29 10:00:08,619 [INFO] __main__: 37: Update PE index for 000681/科创价格
2026-08-29 10:00:08,619 [INFO] anetf.datasources.juquaner: JQ: Update PE index id(000681), local_name(科创价格), trying funddb_name(科创价格)
2026-08-29 10:00:08,668 [INFO] __main__: 38: Update PE index for 987024/港股通消费
2026-08-29 10:00:08,668 [INFO] anetf.datasources.juquaner: JQ: Update PE index id(987024), local_name(港股通消费), trying funddb_name(港股通消费)
2026-08-29 10:00:08,868 [INFO] __main__: 39: Update PE index for 932367/500现金流
2026-08-29 10:00:08,868 [INFO] anetf.datasources.juquaner: JQ: Update PE index id(932367), local_name(500现金流), trying funddb_name(500现金流)
2026-08-29 10:00:08,877 [ERROR] anetf.datasources.juquaner: JQ: query failed for all candidates: ['中证影视']
2026-08-29 10:00:08,878 [INFO] anetf.datasources.csindex: ZZ: Update PE index id(930781)
2026-08-29 10:00:08,918 [ERROR] anetf.datasources.juquaner: JQ: query failed for all candidates: ['细分医药']
2026-08-29 10:00:08,918 [INFO] anetf.datasources.csindex: ZZ: Update PE index id(000814)
2026-08-29 10:00:08,931 [ERROR] anetf.datasources.juquaner: JQ: query failed for all candidates: ['上证资源']
2026-08-29 10:00:08,931 [INFO] anetf.datasources.csindex: ZZ: Update PE index id(000068)
2026-08-29 10:00:09,079 [ERROR] anetf.datasources.juquaner: JQ: query failed for all candidates: ['内地低碳']
2026-08-29 10:00:09,079 [INFO] anetf.datasources.csindex: ZZ: Update PE index id(000977)
2026-08-29 10:00:09,138 [INFO] __main__: 41: Update PE index for 000936/800通信
2026-08-29 10:00:09,138 [INFO] anetf.datasources.juquaner: JQ: Update PE index id(000936), local_name(800通信), trying funddb_name(800通信)
2026-08-29 10:00:09,203 [ERROR] anetf.datasources.juquaner: JQ: query failed for all candidates: ['港股通消费']
2026-08-29 10:00:09,203 [INFO] anetf.datasources.cni: GZ: Update PE index id(987024), name(港股通消费)
2026-08-29 10:00:09,204 [WARNING] anetf.datasources.cni: GZ: Update 987024 skipped, PE is NaN in gz_df.
2026-08-29 10:00:09,204 [INFO] anetf.datasources.price: PRICE: Update index id(987024), name(港股通消费), source=cni
2026-08-29 10:00:09,327 [INFO] anetf.datasources.price: PRICE: CNI index 987024 loaded 243 rows from index_hist_cni
2026-08-29 10:00:09,330 [INFO] __main__: 42: Update PE index for 930997/中证内地国有主题指数
2026-08-29 10:00:09,331 [INFO] anetf.datasources.juquaner: JQ: Update PE index id(930997), local_name(中证内地国有主题指数), trying funddb_name(中证内地国有主题指数)
2026-08-29 10:00:09,430 [ERROR] anetf.datasources.juquaner: JQ: query failed for all candidates: ['500现金流']
2026-08-29 10:00:09,431 [INFO] anetf.datasources.csindex: ZZ: Update PE index id(932367)
2026-08-29 10:00:09,648 [ERROR] anetf.datasources.juquaner: JQ: query failed for all candidates: ['800通信']
2026-08-29 10:00:09,648 [INFO] anetf.datasources.csindex: ZZ: Update PE index id(000936)
2026-08-29 10:00:09,665 [ERROR] anetf.datasources.juquaner: JQ: query failed for all candidates: ['科创价格']
2026-08-29 10:00:09,666 [INFO] anetf.datasources.csindex: ZZ: Update PE index id(000681)
2026-08-29 10:00:09,835 [ERROR] anetf.datasources.juquaner: JQ: query failed for all candidates: ['中证内地国有主题指数']
2026-08-29 10:00:09,835 [INFO] anetf.datasources.csindex: ZZ: Update PE index id(930997)
2026-08-29 10:00:09,867 [INFO] __main__: 43: Update PE index for 000995/全指公用
2026-08-29 10:00:09,867 [INFO] anetf.datasources.juquaner: JQ: Update PE index id(000995), local_name(全指公用), trying funddb_name(全指公用)
2026-08-29 10:00:10,059 [INFO] __main__: 44: Update PE index for 930939/500质量
2026-08-29 10:00:10,059 [INFO] anetf.datasources.juquaner: JQ: Update PE index id(930939), local_name(500质量), trying funddb_name(500质量)
2026-08-29 10:00:10,123 [INFO] __main__: 45: Update PE index for 000693/科创机械
2026-08-29 10:00:10,123 [INFO] anetf.datasources.juquaner: JQ: Update PE index id(000693), local_name(科创机械), trying funddb_name(科创机械)
2026-08-29 10:00:10,381 [ERROR] anetf.datasources.juquaner: JQ: query failed for all candidates: ['全指公用']
2026-08-29 10:00:10,381 [INFO] anetf.datasources.csindex: ZZ: Update PE index id(000995)
2026-08-29 10:00:11,193 [ERROR] anetf.datasources.juquaner: JQ: query failed for all candidates: ['500质量']
2026-08-29 10:00:11,194 [INFO] anetf.datasources.csindex: ZZ: Update PE index id(930939)
2026-08-29 10:00:11,317 [ERROR] anetf.datasources.juquaner: JQ: query failed for all candidates: ['科创机械']
2026-08-29 10:00:11,317 [INFO] anetf.datasources.csindex: ZZ: Update PE index id(000693)
2026-08-29 10:00:12,270 [INFO] __main__: 46: Update PE index for 930796/全球中国互联网
2026-08-29 10:00:12,270 [INFO] anetf.datasources.juquaner: JQ: Update PE index id(930796), local_name(全球中国互联网), trying funddb_name(全球中国互联网)
2026-08-29 10:00:13,290 [INFO] __main__: 47: Update PE index for 930608/中证基建
2026-08-29 10:00:13,291 [INFO] anetf.datasources.juquaner: JQ: Update PE index id(930608), local_name(中证基建), trying funddb_name(中证基建)
2026-08-29 10:00:13,421 [ERROR] anetf.datasources.juquaner: JQ: query failed for all candidates: ['全球中国互联网']
2026-08-29 10:00:13,421 [INFO] anetf.datasources.csindex: ZZ: Update PE index id(930796)
2026-08-29 10:00:14,366 [ERROR] anetf.datasources.juquaner: JQ: query failed for all candidates: ['中证基建']
2026-08-29 10:00:14,366 [INFO] anetf.datasources.csindex: ZZ: Update PE index id(930608)
2026-08-29 10:00:14,757 [INFO] __main__: 48: Update PE index for 980076/通用航空
2026-08-29 10:00:14,757 [INFO] anetf.datasources.juquaner: JQ: Update PE index id(980076), local_name(通用航空), trying funddb_name(通用航空)
2026-08-29 10:00:15,264 [ERROR] anetf.datasources.juquaner: JQ: query failed for all candidates: ['通用航空']
2026-08-29 10:00:15,264 [INFO] anetf.datasources.cni: GZ: Update PE index id(980076), name(通用航空)
2026-08-29 10:00:15,271 [INFO] __main__: 49: Update PE index for 931230/汽车零部件
2026-08-29 10:00:15,271 [INFO] anetf.datasources.juquaner: JQ: Update PE index id(931230), local_name(汽车零部件), trying funddb_name(汽车零部件)
2026-08-29 10:00:15,533 [INFO] __main__: 51: Update PE index for 000998/中证TMT
2026-08-29 10:00:15,533 [INFO] anetf.datasources.juquaner: JQ: Update PE index id(000998), local_name(中证TMT), trying funddb_name(中证TMT)
2026-08-29 10:00:16,486 [ERROR] anetf.datasources.juquaner: JQ: query failed for all candidates: ['汽车零部件']
2026-08-29 10:00:16,486 [INFO] anetf.datasources.csindex: ZZ: Update PE index id(931230)
2026-08-29 10:00:16,510 [ERROR] __main__: 中证指数: fetch failed for 931230: HTTP Error 403: Forbidden
2026-08-29 10:00:16,510 [INFO] anetf.datasources.cni: GZ: Update PE index id(931230), name(汽车零部件)
2026-08-29 10:00:16,510 [WARNING] anetf.datasources.cni: GZ: Update 931230 failed, index not found in gz_df.
2026-08-29 10:00:16,510 [INFO] anetf.datasources.csindex: CSI: Update PE index id(931230), name(汽车零部件)
2026-08-29 10:00:16,722 [ERROR] anetf.datasources.juquaner: JQ: query failed for all candidates: ['中证TMT']
2026-08-29 10:00:16,722 [INFO] anetf.datasources.csindex: ZZ: Update PE index id(000998)
2026-08-29 10:00:16,744 [ERROR] __main__: 中证指数: fetch failed for 000998: HTTP Error 403: Forbidden
2026-08-29 10:00:16,744 [INFO] anetf.datasources.cni: GZ: Update PE index id(000998), name(中证TMT)
2026-08-29 10:00:16,744 [WARNING] anetf.datasources.cni: GZ: Update 000998 failed, index not found in gz_df.
2026-08-29 10:00:16,744 [INFO] anetf.datasources.csindex: CSI: Update PE index id(000998), name(中证TMT)
2026-08-29 10:00:16,875 [INFO] __main__: 52: Update PE index for 931470/SHS云计算
2026-08-29 10:00:16,875 [INFO] anetf.datasources.juquaner: JQ: Update PE index id(931470), local_name(SHS云计算), trying funddb_name(SHS云计算)
2026-08-29 10:00:17,205 [INFO] __main__: 53: Update PE index for CN5075/国证信创
2026-08-29 10:00:17,205 [INFO] anetf.datasources.juquaner: JQ: Update PE index id(CN5075), local_name(国证信创), trying funddb_name(国证信创)
2026-08-29 10:00:17,377 [ERROR] anetf.datasources.juquaner: JQ: query failed for all candidates: ['SHS云计算']
2026-08-29 10:00:17,377 [INFO] anetf.datasources.csindex: ZZ: Update PE index id(931470)
2026-08-29 10:00:17,399 [ERROR] __main__: 中证指数: fetch failed for 931470: HTTP Error 403: Forbidden
2026-08-29 10:00:17,399 [INFO] anetf.datasources.cni: GZ: Update PE index id(931470), name(SHS云计算)
2026-08-29 10:00:17,399 [WARNING] anetf.datasources.cni: GZ: Update 931470 failed, index not found in gz_df.
2026-08-29 10:00:17,399 [INFO] anetf.datasources.csindex: CSI: Update PE index id(931470), name(SHS云计算)
2026-08-29 10:00:17,457 [ERROR] __main__: 中证指数: fetch failed for 930608: HTTP Error 403: Forbidden
2026-08-29 10:00:17,457 [INFO] anetf.datasources.cni: GZ: Update PE index id(930608), name(中证基建)
2026-08-29 10:00:17,457 [WARNING] anetf.datasources.cni: GZ: Update 930608 failed, index not found in gz_df.
2026-08-29 10:00:17,457 [INFO] anetf.datasources.csindex: CSI: Update PE index id(930608), name(中证基建)
2026-08-29 10:00:17,685 [ERROR] anetf.datasources.juquaner: JQ: query failed for all candidates: ['国证信创']
2026-08-29 10:00:17,685 [INFO] anetf.datasources.csindex: ZZ: Update PE index id(CN5075)
2026-08-29 10:00:17,714 [ERROR] __main__: 中证指数: fetch failed for CN5075: HTTP Error 403: Forbidden
2026-08-29 10:00:17,714 [INFO] anetf.datasources.cni: GZ: Update PE index id(CN5075), name(国证信创)
2026-08-29 10:00:17,728 [INFO] __main__: 54: Update PE index for 932038/央企科技引领
2026-08-29 10:00:17,728 [INFO] anetf.datasources.juquaner: JQ: Update PE index id(932038), local_name(央企科技引领), trying funddb_name(央企科技引领)
2026-08-29 10:00:17,860 [INFO] __main__: 55: Update PE index for 932366/300现金流
2026-08-29 10:00:17,860 [INFO] anetf.datasources.juquaner: JQ: Update PE index id(932366), local_name(300现金流), trying funddb_name(300现金流)
2026-08-29 10:00:17,905 [INFO] __main__: 56: Update PE index for 000914/300金融
2026-08-29 10:00:17,905 [INFO] anetf.datasources.juquaner: JQ: Update PE index id(000914), local_name(300金融), trying funddb_name(300金融)
2026-08-29 10:00:17,988 [INFO] __main__: 57: Update PE index for 000948/内地地产
2026-08-29 10:00:17,988 [INFO] anetf.datasources.juquaner: JQ: Update PE index id(000948), local_name(内地地产), trying funddb_name(内地地产)
2026-08-29 10:00:18,233 [ERROR] anetf.datasources.juquaner: JQ: query failed for all candidates: ['央企科技引领']
2026-08-29 10:00:18,233 [INFO] anetf.datasources.csindex: ZZ: Update PE index id(932038)
2026-08-29 10:00:18,257 [ERROR] __main__: 中证指数: fetch failed for 932038: HTTP Error 403: Forbidden
2026-08-29 10:00:18,257 [INFO] anetf.datasources.cni: GZ: Update PE index id(932038), name(央企科技引领)
2026-08-29 10:00:18,257 [WARNING] anetf.datasources.cni: GZ: Update 932038 failed, index not found in gz_df.
2026-08-29 10:00:18,257 [INFO] anetf.datasources.csindex: CSI: Update PE index id(932038), name(央企科技引领)
2026-08-29 10:00:18,369 [ERROR] anetf.datasources.juquaner: JQ: query failed for all candidates: ['300现金流']
2026-08-29 10:00:18,369 [INFO] anetf.datasources.csindex: ZZ: Update PE index id(932366)
2026-08-29 10:00:18,393 [ERROR] __main__: 中证指数: fetch failed for 932366: HTTP Error 403: Forbidden
2026-08-29 10:00:18,394 [INFO] anetf.datasources.cni: GZ: Update PE index id(932366), name(300现金流)
2026-08-29 10:00:18,394 [WARNING] anetf.datasources.cni: GZ: Update 932366 failed, index not found in gz_df.
2026-08-29 10:00:18,394 [INFO] anetf.datasources.csindex: CSI: Update PE index id(932366), name(300现金流)
2026-08-29 10:00:18,670 [INFO] __main__: 58: Update PE index for 399324/深证红利
2026-08-29 10:00:18,670 [INFO] anetf.datasources.juquaner: JQ: Update PE index id(399324), local_name(深证红利), trying funddb_name(深证红利)
2026-08-29 10:00:18,721 [INFO] __main__: 59: Update PE index for 931406/5G50
2026-08-29 10:00:18,721 [INFO] anetf.datasources.juquaner: JQ: Update PE index id(931406), local_name(5G50), trying funddb_name(5G50)
2026-08-29 10:00:19,196 [ERROR] anetf.datasources.juquaner: JQ: query failed for all candidates: ['内地地产']
2026-08-29 10:00:19,197 [INFO] anetf.datasources.csindex: ZZ: Update PE index id(000948)
2026-08-29 10:00:19,215 [ERROR] anetf.datasources.juquaner: JQ: query failed for all candidates: ['300金融']
2026-08-29 10:00:19,216 [INFO] anetf.datasources.csindex: ZZ: Update PE index id(000914)
2026-08-29 10:00:19,228 [ERROR] __main__: 中证指数: fetch failed for 000948: HTTP Error 403: Forbidden
2026-08-29 10:00:19,229 [INFO] anetf.datasources.cni: GZ: Update PE index id(000948), name(内地地产)
2026-08-29 10:00:19,229 [WARNING] anetf.datasources.cni: GZ: Update 000948 failed, index not found in gz_df.
2026-08-29 10:00:19,229 [INFO] anetf.datasources.csindex: CSI: Update PE index id(000948), name(内地地产)
2026-08-29 10:00:19,239 [ERROR] __main__: 中证指数: fetch failed for 000914: HTTP Error 403: Forbidden
2026-08-29 10:00:19,239 [INFO] anetf.datasources.cni: GZ: Update PE index id(000914), name(300金融)
2026-08-29 10:00:19,239 [WARNING] anetf.datasources.cni: GZ: Update 000914 failed, index not found in gz_df.
2026-08-29 10:00:19,239 [INFO] anetf.datasources.csindex: CSI: Update PE index id(000914), name(300金融)
2026-08-29 10:00:19,665 [INFO] __main__: 60: Update PE index for 000036/上证消费
2026-08-29 10:00:19,665 [INFO] anetf.datasources.juquaner: JQ: Update PE index id(000036), local_name(上证消费), trying funddb_name(上证消费)
2026-08-29 10:00:19,741 [INFO] __main__: 61: Update PE index for 931521/高装细分50
2026-08-29 10:00:19,742 [INFO] anetf.datasources.juquaner: JQ: Update PE index id(931521), local_name(高装细分50), trying funddb_name(高装细分50)
2026-08-29 10:00:19,744 [ERROR] anetf.datasources.juquaner: JQ: query failed for all candidates: ['5G50']
2026-08-29 10:00:19,745 [INFO] anetf.datasources.csindex: ZZ: Update PE index id(931406)
2026-08-29 10:00:19,779 [ERROR] __main__: 中证指数: fetch failed for 931406: HTTP Error 403: Forbidden
2026-08-29 10:00:19,779 [INFO] anetf.datasources.cni: GZ: Update PE index id(931406), name(5G50)
2026-08-29 10:00:19,779 [WARNING] anetf.datasources.cni: GZ: Update 931406 failed, index not found in gz_df.
2026-08-29 10:00:19,779 [INFO] anetf.datasources.csindex: CSI: Update PE index id(931406), name(5G50)
2026-08-29 10:00:19,946 [ERROR] anetf.datasources.juquaner: JQ: query failed for all candidates: ['深证红利']
2026-08-29 10:00:19,946 [INFO] anetf.datasources.csindex: ZZ: Update PE index id(399324)
2026-08-29 10:00:19,968 [INFO] __main__: 62: Update PE index for 399326/成长40
2026-08-29 10:00:19,968 [INFO] anetf.datasources.juquaner: JQ: Update PE index id(399326), local_name(成长40), trying funddb_name(成长40)
2026-08-29 10:00:19,971 [ERROR] __main__: 中证指数: fetch failed for 399324: HTTP Error 403: Forbidden
2026-08-29 10:00:19,971 [INFO] anetf.datasources.cni: GZ: Update PE index id(399324), name(深证红利)
2026-08-29 10:00:19,981 [INFO] __main__: 63: Update PE index for 399995/基建工程
2026-08-29 10:00:19,981 [INFO] anetf.datasources.juquaner: JQ: Update PE index id(399995), local_name(基建工程), trying funddb_name(基建工程)
2026-08-29 10:00:20,221 [INFO] __main__: 64: Update PE index for 000993/全指信息
2026-08-29 10:00:20,222 [INFO] anetf.datasources.juquaner: JQ: Update PE index id(000993), local_name(全指信息), trying funddb_name(全指信息)
2026-08-29 10:00:20,525 [ERROR] anetf.datasources.juquaner: JQ: query failed for all candidates: ['基建工程']
2026-08-29 10:00:20,525 [INFO] anetf.datasources.csindex: ZZ: Update PE index id(399995)
2026-08-29 10:00:20,548 [ERROR] __main__: 中证指数: fetch failed for 399995: HTTP Error 403: Forbidden
2026-08-29 10:00:20,548 [INFO] anetf.datasources.cni: GZ: Update PE index id(399995), name(基建工程)
2026-08-29 10:00:20,548 [WARNING] anetf.datasources.cni: GZ: Update 399995 failed, index not found in gz_df.
2026-08-29 10:00:20,548 [INFO] anetf.datasources.csindex: CSI: Update PE index id(399995), name(基建工程)
2026-08-29 10:00:20,824 [ERROR] anetf.datasources.juquaner: JQ: query failed for all candidates: ['上证消费']
2026-08-29 10:00:20,824 [INFO] anetf.datasources.csindex: ZZ: Update PE index id(000036)
2026-08-29 10:00:20,849 [ERROR] __main__: 中证指数: fetch failed for 000036: HTTP Error 403: Forbidden
2026-08-29 10:00:20,849 [INFO] anetf.datasources.cni: GZ: Update PE index id(000036), name(上证消费)
2026-08-29 10:00:20,849 [WARNING] anetf.datasources.cni: GZ: Update 000036 failed, index not found in gz_df.
2026-08-29 10:00:20,849 [INFO] anetf.datasources.csindex: CSI: Update PE index id(000036), name(上证消费)
2026-08-29 10:00:20,910 [ERROR] anetf.datasources.juquaner: JQ: query failed for all candidates: ['高装细分50']
2026-08-29 10:00:20,911 [INFO] anetf.datasources.csindex: ZZ: Update PE index id(931521)
2026-08-29 10:00:20,933 [ERROR] __main__: 中证指数: fetch failed for 931521: HTTP Error 403: Forbidden
2026-08-29 10:00:20,933 [INFO] anetf.datasources.cni: GZ: Update PE index id(931521), name(高装细分50)
2026-08-29 10:00:20,933 [WARNING] anetf.datasources.cni: GZ: Update 931521 failed, index not found in gz_df.
2026-08-29 10:00:20,933 [INFO] anetf.datasources.csindex: CSI: Update PE index id(931521), name(高装细分50)
2026-08-29 10:00:20,975 [INFO] __main__: 65: Update PE index for 931039/中证银行AH股指数
2026-08-29 10:00:20,975 [INFO] anetf.datasources.juquaner: JQ: Update PE index id(931039), local_name(中证银行AH股指数), trying funddb_name(中证银行AH股指数)
2026-08-29 10:00:21,172 [ERROR] anetf.datasources.juquaner: JQ: query failed for all candidates: ['成长40']
2026-08-29 10:00:21,172 [INFO] anetf.datasources.csindex: ZZ: Update PE index id(399326)
2026-08-29 10:00:21,193 [ERROR] __main__: 中证指数: fetch failed for 399326: HTTP Error 403: Forbidden
2026-08-29 10:00:21,194 [INFO] anetf.datasources.cni: GZ: Update PE index id(399326), name(成长40)
2026-08-29 10:00:21,200 [INFO] __main__: 66: Update PE index for CN6033/食品指数
2026-08-29 10:00:21,201 [INFO] anetf.datasources.juquaner: JQ: Update PE index id(CN6033), local_name(食品指数), trying funddb_name(食品指数)
2026-08-29 10:00:21,269 [ERROR] anetf.datasources.juquaner: JQ: query failed for all candidates: ['全指信息']
2026-08-29 10:00:21,270 [INFO] anetf.datasources.csindex: ZZ: Update PE index id(000993)
2026-08-29 10:00:21,306 [ERROR] __main__: 中证指数: fetch failed for 000993: HTTP Error 403: Forbidden
2026-08-29 10:00:21,307 [INFO] anetf.datasources.cni: GZ: Update PE index id(000993), name(全指信息)
2026-08-29 10:00:21,307 [WARNING] anetf.datasources.cni: GZ: Update 000993 failed, index not found in gz_df.
2026-08-29 10:00:21,308 [INFO] anetf.datasources.csindex: CSI: Update PE index id(000993), name(全指信息)
2026-08-29 10:00:21,361 [INFO] __main__: 67: Update PE index for 932420/智选船舶产业
2026-08-29 10:00:21,361 [INFO] anetf.datasources.juquaner: JQ: Update PE index id(932420), local_name(智选船舶产业), trying funddb_name(智选船舶产业)
2026-08-29 10:00:21,378 [INFO] __main__: 68: Update PE index for 399966/800证保
2026-08-29 10:00:21,378 [INFO] anetf.datasources.juquaner: JQ: Update PE index id(399966), local_name(800证保), trying funddb_name(800证保)
2026-08-29 10:00:21,467 [ERROR] anetf.datasources.juquaner: JQ: query failed for all candidates: ['中证银行AH股指数']
2026-08-29 10:00:21,467 [INFO] anetf.datasources.csindex: ZZ: Update PE index id(931039)
2026-08-29 10:00:21,489 [ERROR] __main__: 中证指数: fetch failed for 931039: HTTP Error 403: Forbidden
2026-08-29 10:00:21,490 [INFO] anetf.datasources.cni: GZ: Update PE index id(931039), name(中证银行AH股指数)
2026-08-29 10:00:21,491 [WARNING] anetf.datasources.cni: GZ: Update 931039 failed, index not found in gz_df.
2026-08-29 10:00:21,491 [INFO] anetf.datasources.csindex: CSI: Update PE index id(931039), name(中证银行AH股指数)
2026-08-29 10:00:21,792 [INFO] __main__: 69: Update PE index for 931992/疫苗生物
2026-08-29 10:00:21,792 [INFO] anetf.datasources.juquaner: JQ: Update PE index id(931992), local_name(疫苗生物), trying funddb_name(疫苗生物)
2026-08-29 10:00:21,866 [INFO] __main__: 70: Update PE index for 930721/CS智汽车
2026-08-29 10:00:21,866 [INFO] anetf.datasources.juquaner: JQ: Update PE index id(930721), local_name(CS智汽车), trying funddb_name(CS智汽车)
2026-08-29 10:00:21,920 [ERROR] anetf.datasources.juquaner: JQ: query failed for all candidates: ['800证保']
2026-08-29 10:00:21,921 [INFO] anetf.datasources.csindex: ZZ: Update PE index id(399966)
2026-08-29 10:00:21,946 [ERROR] __main__: 中证指数: fetch failed for 399966: HTTP Error 403: Forbidden
2026-08-29 10:00:21,946 [INFO] anetf.datasources.cni: GZ: Update PE index id(399966), name(800证保)
2026-08-29 10:00:21,947 [WARNING] anetf.datasources.cni: GZ: Update 399966 failed, index not found in gz_df.
2026-08-29 10:00:21,947 [INFO] anetf.datasources.csindex: CSI: Update PE index id(399966), name(800证保)
2026-08-29 10:00:22,097 [ERROR] __main__: 中证指数: fetch failed for 931798: The read operation timed out
2026-08-29 10:00:22,097 [INFO] anetf.datasources.cni: GZ: Update PE index id(931798), name(光伏龙头30)
2026-08-29 10:00:22,097 [WARNING] anetf.datasources.cni: GZ: Update 931798 failed, index not found in gz_df.
2026-08-29 10:00:22,097 [INFO] anetf.datasources.csindex: CSI: Update PE index id(931798), name(光伏龙头30)
2026-08-29 10:00:22,338 [ERROR] __main__: 中证指数: fetch failed for 932094: The read operation timed out
2026-08-29 10:00:22,338 [INFO] anetf.datasources.cni: GZ: Update PE index id(932094), name(软件开发)
2026-08-29 10:00:22,338 [WARNING] anetf.datasources.cni: GZ: Update 932094 failed, index not found in gz_df.
2026-08-29 10:00:22,338 [INFO] anetf.datasources.csindex: CSI: Update PE index id(932094), name(软件开发)
2026-08-29 10:00:22,367 [ERROR] anetf.datasources.juquaner: JQ: query failed for all candidates: ['食品指数']
2026-08-29 10:00:22,368 [INFO] anetf.datasources.csindex: ZZ: Update PE index id(CN6033)
2026-08-29 10:00:22,410 [ERROR] anetf.datasources.juquaner: JQ: query failed for all candidates: ['CS智汽车']
2026-08-29 10:00:22,410 [INFO] anetf.datasources.csindex: ZZ: Update PE index id(930721)
2026-08-29 10:00:22,416 [ERROR] __main__: 中证指数: fetch failed for CN6033: HTTP Error 403: Forbidden
2026-08-29 10:00:22,420 [INFO] anetf.datasources.cni: GZ: Update PE index id(CN6033), name(食品指数)
2026-08-29 10:00:22,424 [INFO] __main__: 71: Update PE index for 399667/创业成长
2026-08-29 10:00:22,424 [INFO] anetf.datasources.juquaner: JQ: Update PE index id(399667), local_name(创业成长), trying funddb_name(创业成长)
2026-08-29 10:00:22,429 [INFO] __main__: 72: Update PE index for 000069/消费80
2026-08-29 10:00:22,430 [INFO] anetf.datasources.juquaner: JQ: Update PE index id(000069), local_name(消费80), trying funddb_name(消费80)
2026-08-29 10:00:22,442 [ERROR] __main__: 中证指数: fetch failed for 930721: HTTP Error 403: Forbidden
2026-08-29 10:00:22,442 [INFO] anetf.datasources.cni: GZ: Update PE index id(930721), name(CS智汽车)
2026-08-29 10:00:22,442 [WARNING] anetf.datasources.cni: GZ: Update 930721 failed, index not found in gz_df.
2026-08-29 10:00:22,442 [INFO] anetf.datasources.csindex: CSI: Update PE index id(930721), name(CS智汽车)
2026-08-29 10:00:22,564 [INFO] __main__: 73: Update PE index for 932088/全指航空
2026-08-29 10:00:22,565 [INFO] anetf.datasources.juquaner: JQ: Update PE index id(932088), local_name(全指航空), trying funddb_name(全指航空)
2026-08-29 10:00:22,569 [ERROR] anetf.datasources.juquaner: JQ: query failed for all candidates: ['智选船舶产业']
2026-08-29 10:00:22,569 [INFO] anetf.datasources.csindex: ZZ: Update PE index id(932420)
2026-08-29 10:00:22,603 [ERROR] __main__: 中证指数: fetch failed for 932420: HTTP Error 403: Forbidden
2026-08-29 10:00:22,604 [INFO] anetf.datasources.cni: GZ: Update PE index id(932420), name(智选船舶产业)
2026-08-29 10:00:22,604 [WARNING] anetf.datasources.cni: GZ: Update 932420 failed, index not found in gz_df.
2026-08-29 10:00:22,604 [INFO] anetf.datasources.csindex: CSI: Update PE index id(932420), name(智选船舶产业)
2026-08-29 10:00:22,622 [INFO] __main__: 74: Update PE index for 931009/建筑材料
2026-08-29 10:00:22,622 [INFO] anetf.datasources.juquaner: JQ: Update PE index id(931009), local_name(建筑材料), trying funddb_name(建筑材料)
2026-08-29 10:00:22,921 [INFO] __main__: 76: Update PE index for 931468/红利质量
2026-08-29 10:00:22,921 [INFO] anetf.datasources.juquaner: JQ: Update PE index id(931468), local_name(红利质量), trying funddb_name(红利质量)
2026-08-29 10:00:23,022 [ERROR] anetf.datasources.juquaner: JQ: query failed for all candidates: ['疫苗生物']
2026-08-29 10:00:23,022 [INFO] anetf.datasources.csindex: ZZ: Update PE index id(931992)
2026-08-29 10:00:23,054 [ERROR] __main__: 中证指数: fetch failed for 931992: HTTP Error 403: Forbidden
2026-08-29 10:00:23,055 [INFO] anetf.datasources.cni: GZ: Update PE index id(931992), name(疫苗生物)
2026-08-29 10:00:23,055 [WARNING] anetf.datasources.cni: GZ: Update 931992 failed, index not found in gz_df.
2026-08-29 10:00:23,055 [INFO] anetf.datasources.csindex: CSI: Update PE index id(931992), name(疫苗生物)
2026-08-29 10:00:23,159 [ERROR] anetf.datasources.juquaner: JQ: query failed for all candidates: ['全指航空']
2026-08-29 10:00:23,159 [INFO] anetf.datasources.csindex: ZZ: Update PE index id(932088)
2026-08-29 10:00:23,181 [ERROR] __main__: 中证指数: fetch failed for 932088: HTTP Error 403: Forbidden
2026-08-29 10:00:23,181 [INFO] anetf.datasources.cni: GZ: Update PE index id(932088), name(全指航空)
2026-08-29 10:00:23,182 [WARNING] anetf.datasources.cni: GZ: Update 932088 failed, index not found in gz_df.
2026-08-29 10:00:23,182 [INFO] anetf.datasources.csindex: CSI: Update PE index id(932088), name(全指航空)
2026-08-29 10:00:23,201 [ERROR] anetf.datasources.juquaner: JQ: query failed for all candidates: ['建筑材料']
2026-08-29 10:00:23,201 [INFO] anetf.datasources.csindex: ZZ: Update PE index id(931009)
2026-08-29 10:00:23,225 [ERROR] __main__: 中证指数: fetch failed for 931009: HTTP Error 403: Forbidden
2026-08-29 10:00:23,226 [INFO] anetf.datasources.cni: GZ: Update PE index id(931009), name(建筑材料)
2026-08-29 10:00:23,226 [WARNING] anetf.datasources.cni: GZ: Update 931009 failed, index not found in gz_df.
2026-08-29 10:00:23,226 [INFO] anetf.datasources.csindex: CSI: Update PE index id(931009), name(建筑材料)
2026-08-29 10:00:23,352 [INFO] __main__: 77: Update PE index for FCHI/法国CAC40
2026-08-29 10:00:23,352 [INFO] anetf.datasources.juquaner: JQ: Update PE index id(FCHI), local_name(法国CAC40), trying funddb_name(法国CAC40)
2026-08-29 10:00:23,473 [INFO] __main__: 78: Update PE index for 931248/油气资源
2026-08-29 10:00:23,473 [INFO] anetf.datasources.juquaner: JQ: Update PE index id(931248), local_name(油气资源), trying funddb_name(油气资源)
2026-08-29 10:00:23,480 [INFO] __main__: 79: Update PE index for 930903/中证A股
2026-08-29 10:00:23,480 [INFO] anetf.datasources.juquaner: JQ: Update PE index id(930903), local_name(中证A股), trying funddb_name(中证A股)
2026-08-29 10:00:23,670 [ERROR] anetf.datasources.juquaner: JQ: query failed for all candidates: ['创业成长']
2026-08-29 10:00:23,671 [INFO] anetf.datasources.csindex: ZZ: Update PE index id(399667)
2026-08-29 10:00:23,673 [INFO] __main__: 80: Update PE index for 987006/港股科技
2026-08-29 10:00:23,673 [INFO] anetf.datasources.juquaner: JQ: Update PE index id(987006), local_name(港股科技), trying funddb_name(港股科技)
2026-08-29 10:00:23,707 [ERROR] __main__: 中证指数: fetch failed for 399667: HTTP Error 403: Forbidden
2026-08-29 10:00:23,709 [ERROR] anetf.datasources.juquaner: JQ: query failed for all candidates: ['消费80']
2026-08-29 10:00:23,709 [INFO] anetf.datasources.cni: GZ: Update PE index id(399667), name(创业成长)
2026-08-29 10:00:23,709 [INFO] anetf.datasources.csindex: ZZ: Update PE index id(000069)
2026-08-29 10:00:23,718 [INFO] __main__: 81: Update PE index for 970080/科技50
2026-08-29 10:00:23,718 [INFO] anetf.datasources.juquaner: JQ: Update PE index id(970080), local_name(科技50), trying funddb_name(科技50)
2026-08-29 10:00:23,738 [ERROR] __main__: 中证指数: fetch failed for 000069: HTTP Error 403: Forbidden
2026-08-29 10:00:23,738 [INFO] anetf.datasources.cni: GZ: Update PE index id(000069), name(消费80)
2026-08-29 10:00:23,739 [WARNING] anetf.datasources.cni: GZ: Update 000069 failed, index not found in gz_df.
2026-08-29 10:00:23,739 [INFO] anetf.datasources.csindex: CSI: Update PE index id(000069), name(消费80)
2026-08-29 10:00:23,901 [ERROR] __main__: 中证指数: fetch failed for 930781: The read operation timed out
2026-08-29 10:00:23,901 [INFO] anetf.datasources.cni: GZ: Update PE index id(930781), name(中证影视)
2026-08-29 10:00:23,901 [WARNING] anetf.datasources.cni: GZ: Update 930781 failed, index not found in gz_df.
2026-08-29 10:00:23,901 [INFO] anetf.datasources.csindex: CSI: Update PE index id(930781), name(中证影视)
2026-08-29 10:00:23,945 [INFO] __main__: 82: Update PE index for 399395/国证有色
2026-08-29 10:00:23,945 [INFO] anetf.datasources.juquaner: JQ: Update PE index id(399395), local_name(国证有色), trying funddb_name(国证有色)
2026-08-29 10:00:23,961 [ERROR] __main__: 中证指数: fetch failed for 000068: The read operation timed out
2026-08-29 10:00:23,961 [INFO] anetf.datasources.cni: GZ: Update PE index id(000068), name(上证资源)
2026-08-29 10:00:23,961 [WARNING] anetf.datasources.cni: GZ: Update 000068 failed, index not found in gz_df.
2026-08-29 10:00:23,961 [INFO] anetf.datasources.csindex: CSI: Update PE index id(000068), name(上证资源)
2026-08-29 10:00:24,101 [ERROR] anetf.datasources.juquaner: JQ: query failed for all candidates: ['红利质量']
2026-08-29 10:00:24,102 [INFO] anetf.datasources.csindex: ZZ: Update PE index id(931468)
2026-08-29 10:00:24,124 [ERROR] __main__: 中证指数: fetch failed for 931468: HTTP Error 403: Forbidden
2026-08-29 10:00:24,124 [INFO] anetf.datasources.cni: GZ: Update PE index id(931468), name(红利质量)
2026-08-29 10:00:24,125 [WARNING] anetf.datasources.cni: GZ: Update 931468 failed, index not found in gz_df.
2026-08-29 10:00:24,125 [INFO] anetf.datasources.csindex: CSI: Update PE index id(931468), name(红利质量)
2026-08-29 10:00:24,194 [INFO] __main__: 83: Update PE index for 399293/创业大盘
2026-08-29 10:00:24,195 [INFO] anetf.datasources.juquaner: JQ: Update PE index id(399293), local_name(创业大盘), trying funddb_name(创业大盘)
2026-08-29 10:00:24,241 [ERROR] anetf.datasources.juquaner: JQ: query failed for all candidates: ['港股科技']
2026-08-29 10:00:24,241 [INFO] anetf.datasources.cni: GZ: Update PE index id(987006), name(港股科技)
2026-08-29 10:00:24,241 [WARNING] anetf.datasources.cni: GZ: Update 987006 skipped, PE is NaN in gz_df.
2026-08-29 10:00:24,241 [INFO] anetf.datasources.price: PRICE: Update index id(987006), name(港股科技), source=cni
2026-08-29 10:00:24,350 [INFO] anetf.datasources.price: PRICE: CNI index 987006 loaded 243 rows from index_hist_cni
2026-08-29 10:00:24,353 [INFO] __main__: 84: Update PE index for 931456/中国教育
2026-08-29 10:00:24,353 [INFO] anetf.datasources.juquaner: JQ: Update PE index id(931456), local_name(中国教育), trying funddb_name(中国教育)
2026-08-29 10:00:24,356 [INFO] __main__: 85: Update PE index for 932087/集成电路
2026-08-29 10:00:24,356 [INFO] anetf.datasources.juquaner: JQ: Update PE index id(932087), local_name(集成电路), trying funddb_name(集成电路)
2026-08-29 10:00:24,463 [ERROR] anetf.datasources.juquaner: JQ: query failed for all candidates: ['法国CAC40']
2026-08-29 10:00:24,464 [INFO] anetf.datasources.csindex: ZZ: Update PE index id(FCHI)
2026-08-29 10:00:24,476 [INFO] __main__: 86: Update PE index for H11057/石化产业
2026-08-29 10:00:24,476 [INFO] anetf.datasources.juquaner: JQ: Update PE index id(H11057), local_name(石化产业), trying funddb_name(石化产业)
2026-08-29 10:00:24,489 [ERROR] __main__: 中证指数: fetch failed for FCHI: HTTP Error 403: Forbidden
2026-08-29 10:00:24,489 [INFO] anetf.datasources.cni: GZ: Update PE index id(FCHI), name(法国CAC40)
2026-08-29 10:00:24,489 [WARNING] anetf.datasources.cni: GZ: Update FCHI failed, index not found in gz_df.
2026-08-29 10:00:24,490 [INFO] anetf.datasources.csindex: CSI: Update PE index id(FCHI), name(法国CAC40)
2026-08-29 10:00:24,550 [INFO] __main__: 87: Update PE index for 399417/新能源车
2026-08-29 10:00:24,550 [INFO] anetf.datasources.juquaner: JQ: Update PE index id(399417), local_name(新能源车), trying funddb_name(新能源车)
2026-08-29 10:00:24,569 [ERROR] __main__: 中证指数行情: fetch failed for FCHI: Length mismatch: Expected axis has 0 elements, new values have 16 elements
2026-08-29 10:00:24,570 [WARNING] anetf.datasources.price: PRICE: No price source for FCHI
2026-08-29 10:00:24,570 [INFO] __main__: 88: Update PE index for 399439/国证油气
2026-08-29 10:00:24,570 [INFO] anetf.datasources.juquaner: JQ: Update PE index id(399439), local_name(国证油气), trying funddb_name(国证油气)
2026-08-29 10:00:24,663 [ERROR] anetf.datasources.juquaner: JQ: query failed for all candidates: ['油气资源']
2026-08-29 10:00:24,663 [INFO] anetf.datasources.csindex: ZZ: Update PE index id(931248)
2026-08-29 10:00:24,683 [ERROR] anetf.datasources.juquaner: JQ: query failed for all candidates: ['中证A股']
2026-08-29 10:00:24,683 [INFO] anetf.datasources.csindex: ZZ: Update PE index id(930903)
2026-08-29 10:00:24,698 [ERROR] __main__: 中证指数: fetch failed for 931248: HTTP Error 403: Forbidden
2026-08-29 10:00:24,699 [INFO] anetf.datasources.cni: GZ: Update PE index id(931248), name(油气资源)
2026-08-29 10:00:24,699 [WARNING] anetf.datasources.cni: GZ: Update 931248 failed, index not found in gz_df.
2026-08-29 10:00:24,699 [INFO] anetf.datasources.csindex: CSI: Update PE index id(931248), name(油气资源)
2026-08-29 10:00:24,705 [ERROR] __main__: 中证指数: fetch failed for 930903: HTTP Error 403: Forbidden
2026-08-29 10:00:24,706 [INFO] anetf.datasources.cni: GZ: Update PE index id(930903), name(中证A股)
2026-08-29 10:00:24,706 [WARNING] anetf.datasources.cni: GZ: Update 930903 failed, index not found in gz_df.
2026-08-29 10:00:24,706 [INFO] anetf.datasources.csindex: CSI: Update PE index id(930903), name(中证A股)
2026-08-29 10:00:24,943 [ERROR] anetf.datasources.juquaner: JQ: query failed for all candidates: ['中国教育']
2026-08-29 10:00:24,943 [INFO] anetf.datasources.csindex: ZZ: Update PE index id(931456)
2026-08-29 10:00:24,961 [ERROR] anetf.datasources.juquaner: JQ: query failed for all candidates: ['科技50']
2026-08-29 10:00:24,961 [INFO] anetf.datasources.csindex: ZZ: Update PE index id(970080)
2026-08-29 10:00:24,969 [ERROR] __main__: 中证指数: fetch failed for 931456: HTTP Error 403: Forbidden
2026-08-29 10:00:24,969 [INFO] anetf.datasources.cni: GZ: Update PE index id(931456), name(中国教育)
2026-08-29 10:00:24,969 [WARNING] anetf.datasources.cni: GZ: Update 931456 failed, index not found in gz_df.
2026-08-29 10:00:24,969 [INFO] anetf.datasources.csindex: CSI: Update PE index id(931456), name(中国教育)
2026-08-29 10:00:24,985 [ERROR] __main__: 中证指数: fetch failed for 970080: HTTP Error 403: Forbidden
2026-08-29 10:00:24,985 [INFO] anetf.datasources.cni: GZ: Update PE index id(970080), name(科技50)
2026-08-29 10:00:24,993 [INFO] __main__: 89: Update PE index for 399275/创医药
2026-08-29 10:00:24,993 [INFO] anetf.datasources.juquaner: JQ: Update PE index id(399275), local_name(创医药), trying funddb_name(创医药)
2026-08-29 10:00:25,023 [ERROR] anetf.datasources.juquaner: JQ: query failed for all candidates: ['石化产业']
2026-08-29 10:00:25,023 [INFO] anetf.datasources.csindex: ZZ: Update PE index id(H11057)
2026-08-29 10:00:25,062 [ERROR] __main__: 中证指数: fetch failed for H11057: HTTP Error 403: Forbidden
2026-08-29 10:00:25,067 [INFO] anetf.datasources.cni: GZ: Update PE index id(H11057), name(石化产业)
2026-08-29 10:00:25,069 [WARNING] anetf.datasources.cni: GZ: Update H11057 failed, index not found in gz_df.
2026-08-29 10:00:25,071 [INFO] anetf.datasources.csindex: CSI: Update PE index id(H11057), name(石化产业)
2026-08-29 10:00:25,085 [INFO] __main__: 90: Update PE index for 000010/上证180
2026-08-29 10:00:25,085 [INFO] anetf.datasources.juquaner: JQ: Update PE index id(000010), local_name(上证180), trying funddb_name(上证180)
2026-08-29 10:00:25,091 [ERROR] anetf.datasources.juquaner: JQ: query failed for all candidates: ['新能源车']
2026-08-29 10:00:25,091 [INFO] anetf.datasources.csindex: ZZ: Update PE index id(399417)
2026-08-29 10:00:25,112 [ERROR] __main__: 中证指数: fetch failed for 399417: HTTP Error 403: Forbidden
2026-08-29 10:00:25,112 [INFO] anetf.datasources.cni: GZ: Update PE index id(399417), name(新能源车)
2026-08-29 10:00:25,133 [INFO] __main__: 91: Update PE index for 000815/细分食品
2026-08-29 10:00:25,133 [INFO] anetf.datasources.juquaner: JQ: Update PE index id(000815), local_name(细分食品), trying funddb_name(细分食品)
2026-08-29 10:00:25,187 [ERROR] anetf.datasources.juquaner: JQ: query failed for all candidates: ['国证油气']
2026-08-29 10:00:25,196 [INFO] anetf.datasources.csindex: ZZ: Update PE index id(399439)
2026-08-29 10:00:25,195 [ERROR] anetf.datasources.juquaner: JQ: query failed for all candidates: ['国证有色']
2026-08-29 10:00:25,199 [INFO] anetf.datasources.csindex: ZZ: Update PE index id(399395)
2026-08-29 10:00:25,206 [INFO] __main__: 92: Update PE index for 980015/疫苗生科
2026-08-29 10:00:25,207 [INFO] anetf.datasources.juquaner: JQ: Update PE index id(980015), local_name(疫苗生科), trying funddb_name(疫苗生科)
2026-08-29 10:00:25,225 [ERROR] __main__: 中证指数: fetch failed for 399395: HTTP Error 403: Forbidden
2026-08-29 10:00:25,226 [INFO] anetf.datasources.cni: GZ: Update PE index id(399395), name(国证有色)
2026-08-29 10:00:25,229 [ERROR] __main__: 中证指数: fetch failed for 399439: HTTP Error 403: Forbidden
2026-08-29 10:00:25,230 [INFO] anetf.datasources.cni: GZ: Update PE index id(399439), name(国证油气)
2026-08-29 10:00:25,235 [INFO] __main__: 93: Update PE index for 000991/全指医药
2026-08-29 10:00:25,235 [INFO] anetf.datasources.juquaner: JQ: Update PE index id(000991), local_name(全指医药), trying funddb_name(全指医药)
2026-08-29 10:00:25,240 [INFO] __main__: 94: Update PE index for 931461/电子50
2026-08-29 10:00:25,240 [INFO] anetf.datasources.juquaner: JQ: Update PE index id(931461), local_name(电子50), trying funddb_name(电子50)
2026-08-29 10:00:25,363 [INFO] __main__: 95: Update PE index for 399437/证券龙头
2026-08-29 10:00:25,364 [INFO] anetf.datasources.juquaner: JQ: Update PE index id(399437), local_name(证券龙头), trying funddb_name(证券龙头)
2026-08-29 10:00:25,410 [ERROR] anetf.datasources.juquaner: JQ: query failed for all candidates: ['创业大盘']
2026-08-29 10:00:25,410 [ERROR] __main__: 中证指数: fetch failed for 000995: The read operation timed out
2026-08-29 10:00:25,412 [INFO] anetf.datasources.cni: GZ: Update PE index id(000995), name(全指公用)
2026-08-29 10:00:25,412 [WARNING] anetf.datasources.cni: GZ: Update 000995 failed, index not found in gz_df.
2026-08-29 10:00:25,412 [INFO] anetf.datasources.csindex: CSI: Update PE index id(000995), name(全指公用)
2026-08-29 10:00:25,411 [INFO] anetf.datasources.csindex: ZZ: Update PE index id(399293)
2026-08-29 10:00:25,461 [ERROR] __main__: 中证指数: fetch failed for 399293: HTTP Error 403: Forbidden
2026-08-29 10:00:25,461 [INFO] anetf.datasources.cni: GZ: Update PE index id(399293), name(创业大盘)
2026-08-29 10:00:25,468 [ERROR] anetf.datasources.juquaner: JQ: query failed for all candidates: ['集成电路']
2026-08-29 10:00:25,470 [INFO] anetf.datasources.csindex: ZZ: Update PE index id(932087)
2026-08-29 10:00:25,480 [INFO] __main__: 96: Update PE index for 399389/国证通信
2026-08-29 10:00:25,480 [INFO] anetf.datasources.juquaner: JQ: Update PE index id(399389), local_name(国证通信), trying funddb_name(国证通信)
2026-08-29 10:00:25,499 [INFO] __main__: 97: Update PE index for 930606/中证钢铁
2026-08-29 10:00:25,499 [INFO] anetf.datasources.juquaner: JQ: Update PE index id(930606), local_name(中证钢铁), trying funddb_name(中证钢铁)
2026-08-29 10:00:25,512 [ERROR] __main__: 中证指数: fetch failed for 932087: HTTP Error 403: Forbidden
2026-08-29 10:00:25,512 [INFO] anetf.datasources.cni: GZ: Update PE index id(932087), name(集成电路)
2026-08-29 10:00:25,513 [WARNING] anetf.datasources.cni: GZ: Update 932087 failed, index not found in gz_df.
2026-08-29 10:00:25,513 [INFO] anetf.datasources.csindex: CSI: Update PE index id(932087), name(集成电路)
2026-08-29 10:00:25,762 [INFO] __main__: 98: Update PE index for 931412/证券公司30
2026-08-29 10:00:25,763 [INFO] anetf.datasources.juquaner: JQ: Update PE index id(931412), local_name(证券公司30), trying funddb_name(证券公司30)
2026-08-29 10:00:25,804 [ERROR] anetf.datasources.juquaner: JQ: query failed for all candidates: ['电子50']
2026-08-29 10:00:25,804 [INFO] anetf.datasources.csindex: ZZ: Update PE index id(931461)
2026-08-29 10:00:25,829 [ERROR] anetf.datasources.juquaner: JQ: query failed for all candidates: ['全指医药']
2026-08-29 10:00:25,829 [INFO] anetf.datasources.csindex: ZZ: Update PE index id(000991)
2026-08-29 10:00:25,836 [ERROR] __main__: 中证指数: fetch failed for 931461: HTTP Error 403: Forbidden
2026-08-29 10:00:25,837 [INFO] anetf.datasources.cni: GZ: Update PE index id(931461), name(电子50)
2026-08-29 10:00:25,837 [WARNING] anetf.datasources.cni: GZ: Update 931461 failed, index not found in gz_df.
2026-08-29 10:00:25,837 [INFO] anetf.datasources.csindex: CSI: Update PE index id(931461), name(电子50)
2026-08-29 10:00:25,873 [ERROR] __main__: 中证指数: fetch failed for 000991: HTTP Error 403: Forbidden
2026-08-29 10:00:25,873 [INFO] anetf.datasources.cni: GZ: Update PE index id(000991), name(全指医药)
2026-08-29 10:00:25,873 [WARNING] anetf.datasources.cni: GZ: Update 000991 failed, index not found in gz_df.
2026-08-29 10:00:25,873 [INFO] anetf.datasources.csindex: CSI: Update PE index id(000991), name(全指医药)
2026-08-29 10:00:25,912 [INFO] __main__: 99: Update PE index for 930743/中证生科
2026-08-29 10:00:25,912 [INFO] anetf.datasources.juquaner: JQ: Update PE index id(930743), local_name(中证生科), trying funddb_name(中证生科)
2026-08-29 10:00:25,924 [ERROR] anetf.datasources.juquaner: JQ: query failed for all candidates: ['证券龙头']
2026-08-29 10:00:25,926 [INFO] anetf.datasources.csindex: ZZ: Update PE index id(399437)
2026-08-29 10:00:25,949 [ERROR] __main__: 中证指数: fetch failed for 399437: HTTP Error 403: Forbidden
2026-08-29 10:00:25,949 [INFO] anetf.datasources.cni: GZ: Update PE index id(399437), name(证券龙头)
2026-08-29 10:00:25,956 [INFO] __main__: 100: Update PE index for 931484/CS医药创新
2026-08-29 10:00:25,956 [INFO] anetf.datasources.juquaner: JQ: Update PE index id(931484), local_name(CS医药创新), trying funddb_name(CS医药创新)
2026-08-29 10:00:26,035 [ERROR] anetf.datasources.juquaner: JQ: query failed for all candidates: ['创医药']
2026-08-29 10:00:26,035 [INFO] anetf.datasources.csindex: ZZ: Update PE index id(399275)
2026-08-29 10:00:26,055 [ERROR] anetf.datasources.juquaner: JQ: query failed for all candidates: ['国证通信']
2026-08-29 10:00:26,055 [INFO] anetf.datasources.csindex: ZZ: Update PE index id(399389)
2026-08-29 10:00:26,065 [ERROR] __main__: 中证指数: fetch failed for 399275: HTTP Error 403: Forbidden
2026-08-29 10:00:26,065 [INFO] anetf.datasources.cni: GZ: Update PE index id(399275), name(创医药)
2026-08-29 10:00:26,074 [INFO] __main__: 101: Update PE index for 931139/CS消费50
2026-08-29 10:00:26,074 [INFO] anetf.datasources.juquaner: JQ: Update PE index id(931139), local_name(CS消费50), trying funddb_name(CS消费50)
2026-08-29 10:00:26,079 [ERROR] __main__: 中证指数: fetch failed for 399389: HTTP Error 403: Forbidden
2026-08-29 10:00:26,079 [INFO] anetf.datasources.cni: GZ: Update PE index id(399389), name(国证通信)
2026-08-29 10:00:26,086 [INFO] __main__: 102: Update PE index for 987003/港股通50
2026-08-29 10:00:26,086 [INFO] anetf.datasources.juquaner: JQ: Update PE index id(987003), local_name(港股通50), trying funddb_name(港股通50)
2026-08-29 10:00:26,250 [INFO] __main__: 104: Update PE index for 930641/中证中药
2026-08-29 10:00:26,250 [INFO] anetf.datasources.juquaner: JQ: Update PE index id(930641), local_name(中证中药), trying funddb_name(中证中药)
2026-08-29 10:00:26,289 [ERROR] anetf.datasources.juquaner: JQ: query failed for all candidates: ['细分食品']
2026-08-29 10:00:26,289 [INFO] anetf.datasources.csindex: ZZ: Update PE index id(000815)
2026-08-29 10:00:26,302 [ERROR] anetf.datasources.juquaner: JQ: query failed for all candidates: ['上证180']
2026-08-29 10:00:26,303 [INFO] anetf.datasources.csindex: ZZ: Update PE index id(000010)
2026-08-29 10:00:26,315 [ERROR] anetf.datasources.juquaner: JQ: query failed for all candidates: ['疫苗生科']
2026-08-29 10:00:26,316 [INFO] anetf.datasources.cni: GZ: Update PE index id(980015), name(疫苗生科)
2026-08-29 10:00:26,335 [ERROR] __main__: 中证指数: fetch failed for 000815: HTTP Error 403: Forbidden
2026-08-29 10:00:26,336 [INFO] __main__: 105: Update PE index for 399850/深证50
2026-08-29 10:00:26,336 [INFO] anetf.datasources.cni: GZ: Update PE index id(000815), name(细分食品)
2026-08-29 10:00:26,338 [INFO] anetf.datasources.juquaner: JQ: Update PE index id(399850), local_name(深证50), trying funddb_name(深证50)
2026-08-29 10:00:26,338 [WARNING] anetf.datasources.cni: GZ: Update 000815 failed, index not found in gz_df.
2026-08-29 10:00:26,341 [INFO] anetf.datasources.csindex: CSI: Update PE index id(000815), name(细分食品)
2026-08-29 10:00:26,354 [ERROR] __main__: 中证指数: fetch failed for 000010: HTTP Error 403: Forbidden
2026-08-29 10:00:26,354 [INFO] anetf.datasources.cni: GZ: Update PE index id(000010), name(上证180)
2026-08-29 10:00:26,354 [WARNING] anetf.datasources.cni: GZ: Update 000010 failed, index not found in gz_df.
2026-08-29 10:00:26,354 [INFO] anetf.datasources.csindex: CSI: Update PE index id(000010), name(上证180)
2026-08-29 10:00:26,366 [INFO] __main__: 106: Update PE index for 399965/800地产
2026-08-29 10:00:26,366 [INFO] anetf.datasources.juquaner: JQ: Update PE index id(399965), local_name(800地产), trying funddb_name(800地产)
2026-08-29 10:00:26,467 [ERROR] anetf.datasources.juquaner: JQ: query failed for all candidates: ['中证生科']
2026-08-29 10:00:26,467 [INFO] anetf.datasources.csindex: ZZ: Update PE index id(930743)
2026-08-29 10:00:26,493 [ERROR] __main__: 中证指数: fetch failed for 930743: HTTP Error 403: Forbidden
2026-08-29 10:00:26,493 [INFO] anetf.datasources.cni: GZ: Update PE index id(930743), name(中证生科)
2026-08-29 10:00:26,493 [WARNING] anetf.datasources.cni: GZ: Update 930743 failed, index not found in gz_df.
2026-08-29 10:00:26,493 [INFO] anetf.datasources.csindex: CSI: Update PE index id(930743), name(中证生科)
2026-08-29 10:00:26,545 [ERROR] anetf.datasources.juquaner: JQ: query failed for all candidates: ['CS医药创新']
2026-08-29 10:00:26,545 [INFO] anetf.datasources.csindex: ZZ: Update PE index id(931484)
2026-08-29 10:00:26,568 [ERROR] __main__: 中证指数: fetch failed for 931484: HTTP Error 403: Forbidden
2026-08-29 10:00:26,568 [INFO] anetf.datasources.cni: GZ: Update PE index id(931484), name(CS医药创新)
2026-08-29 10:00:26,568 [WARNING] anetf.datasources.cni: GZ: Update 931484 failed, index not found in gz_df.
2026-08-29 10:00:26,568 [INFO] anetf.datasources.csindex: CSI: Update PE index id(931484), name(CS医药创新)
2026-08-29 10:00:26,614 [ERROR] anetf.datasources.juquaner: JQ: query failed for all candidates: ['CS消费50']
2026-08-29 10:00:26,615 [INFO] anetf.datasources.csindex: ZZ: Update PE index id(931139)
2026-08-29 10:00:26,639 [ERROR] __main__: 中证指数: fetch failed for 931139: HTTP Error 403: Forbidden
2026-08-29 10:00:26,639 [INFO] anetf.datasources.cni: GZ: Update PE index id(931139), name(CS消费50)
2026-08-29 10:00:26,639 [WARNING] anetf.datasources.cni: GZ: Update 931139 failed, index not found in gz_df.
2026-08-29 10:00:26,640 [INFO] anetf.datasources.csindex: CSI: Update PE index id(931139), name(CS消费50)
2026-08-29 10:00:26,701 [ERROR] __main__: 中证指数: fetch failed for 931068: The read operation timed out
2026-08-29 10:00:26,701 [INFO] anetf.datasources.cni: GZ: Update PE index id(931068), name(消费龙头)
2026-08-29 10:00:26,701 [WARNING] anetf.datasources.cni: GZ: Update 931068 failed, index not found in gz_df.
2026-08-29 10:00:26,701 [INFO] anetf.datasources.csindex: CSI: Update PE index id(931068), name(消费龙头)
2026-08-29 10:00:26,786 [ERROR] anetf.datasources.juquaner: JQ: query failed for all candidates: ['中证钢铁']
2026-08-29 10:00:26,786 [INFO] anetf.datasources.csindex: ZZ: Update PE index id(930606)
2026-08-29 10:00:26,812 [ERROR] __main__: 中证指数: fetch failed for 930606: HTTP Error 403: Forbidden
2026-08-29 10:00:26,812 [INFO] anetf.datasources.cni: GZ: Update PE index id(930606), name(中证钢铁)
2026-08-29 10:00:26,812 [WARNING] anetf.datasources.cni: GZ: Update 930606 failed, index not found in gz_df.
2026-08-29 10:00:26,812 [INFO] anetf.datasources.csindex: CSI: Update PE index id(930606), name(中证钢铁)
2026-08-29 10:00:26,923 [INFO] __main__: 107: Update PE index for H30198/油气产业
2026-08-29 10:00:26,924 [INFO] anetf.datasources.juquaner: JQ: Update PE index id(H30198), local_name(油气产业), trying funddb_name(油气产业)
2026-08-29 10:00:26,995 [INFO] __main__: 108: Update PE index for 930651/CS计算机
2026-08-29 10:00:26,998 [INFO] anetf.datasources.juquaner: JQ: Update PE index id(930651), local_name(CS计算机), trying funddb_name(CS计算机)
2026-08-29 10:00:27,002 [ERROR] anetf.datasources.juquaner: JQ: query failed for all candidates: ['深证50']
2026-08-29 10:00:27,003 [INFO] anetf.datasources.csindex: ZZ: Update PE index id(399850)
2026-08-29 10:00:27,002 [INFO] __main__: 109: Update PE index for 399438/绿色电力
2026-08-29 10:00:27,016 [INFO] anetf.datasources.juquaner: JQ: Update PE index id(399438), local_name(绿色电力), trying funddb_name(绿色电力)
2026-08-29 10:00:27,030 [ERROR] anetf.datasources.juquaner: JQ: query failed for all candidates: ['证券公司30']
2026-08-29 10:00:27,031 [INFO] anetf.datasources.csindex: ZZ: Update PE index id(931412)
2026-08-29 10:00:27,080 [ERROR] __main__: 中证指数: fetch failed for 399850: HTTP Error 403: Forbidden
2026-08-29 10:00:27,088 [INFO] anetf.datasources.cni: GZ: Update PE index id(399850), name(深证50)
2026-08-29 10:00:27,090 [ERROR] __main__: 中证指数: fetch failed for 931412: HTTP Error 403: Forbidden
2026-08-29 10:00:27,098 [INFO] anetf.datasources.cni: GZ: Update PE index id(931412), name(证券公司30)
2026-08-29 10:00:27,099 [WARNING] anetf.datasources.cni: GZ: Update 931412 failed, index not found in gz_df.
2026-08-29 10:00:27,099 [INFO] anetf.datasources.csindex: CSI: Update PE index id(931412), name(证券公司30)
2026-08-29 10:00:27,114 [INFO] __main__: 110: Update PE index for 399264/创业软件
2026-08-29 10:00:27,122 [INFO] anetf.datasources.juquaner: JQ: Update PE index id(399264), local_name(创业软件), trying funddb_name(创业软件)
2026-08-29 10:00:27,129 [INFO] __main__: 111: Update PE index for 931892/有色矿业
2026-08-29 10:00:27,129 [INFO] anetf.datasources.juquaner: JQ: Update PE index id(931892), local_name(有色矿业), trying funddb_name(有色矿业)
2026-08-29 10:00:27,151 [INFO] __main__: 112: Update PE index for 399973/中证国防指数
2026-08-29 10:00:27,151 [INFO] anetf.datasources.juquaner: JQ: Update PE index id(399973), local_name(中证国防指数), trying funddb_name(中证国防指数)
2026-08-29 10:00:27,196 [INFO] __main__: 113: Update PE index for 930902/中证数据
2026-08-29 10:00:27,196 [INFO] anetf.datasources.juquaner: JQ: Update PE index id(930902), local_name(中证数据), trying funddb_name(中证数据)
2026-08-29 10:00:27,219 [ERROR] anetf.datasources.juquaner: JQ: query failed for all candidates: ['港股通50']
2026-08-29 10:00:27,220 [INFO] anetf.datasources.cni: GZ: Update PE index id(987003), name(港股通50)
2026-08-29 10:00:27,220 [WARNING] anetf.datasources.cni: GZ: Update 987003 skipped, PE is NaN in gz_df.
2026-08-29 10:00:27,220 [INFO] anetf.datasources.price: PRICE: Update index id(987003), name(港股通50), source=cni
2026-08-29 10:00:27,311 [INFO] __main__: 114: Update PE index for 746059/MSCI中国A50互联互通
2026-08-29 10:00:27,311 [INFO] anetf.datasources.juquaner: JQ: Update PE index id(746059), local_name(MSCI中国A50互联互通), trying funddb_name(MSCI中国A50互联互通)
2026-08-29 10:00:27,324 [INFO] anetf.datasources.price: PRICE: CNI index 987003 loaded 243 rows from index_hist_cni
2026-08-29 10:00:27,328 [INFO] __main__: 115: Update PE index for 000825/央企红利
2026-08-29 10:00:27,329 [INFO] anetf.datasources.juquaner: JQ: Update PE index id(000825), local_name(央企红利), trying funddb_name(央企红利)
2026-08-29 10:00:27,424 [ERROR] anetf.datasources.juquaner: JQ: query failed for all candidates: ['中证中药']
2026-08-29 10:00:27,424 [INFO] anetf.datasources.csindex: ZZ: Update PE index id(930641)
2026-08-29 10:00:27,448 [ERROR] __main__: 中证指数: fetch failed for 930641: HTTP Error 403: Forbidden
2026-08-29 10:00:27,449 [INFO] anetf.datasources.cni: GZ: Update PE index id(930641), name(中证中药)
2026-08-29 10:00:27,449 [WARNING] anetf.datasources.cni: GZ: Update 930641 failed, index not found in gz_df.
2026-08-29 10:00:27,449 [INFO] anetf.datasources.csindex: CSI: Update PE index id(930641), name(中证中药)
2026-08-29 10:00:27,507 [ERROR] anetf.datasources.juquaner: JQ: query failed for all candidates: ['800地产']
2026-08-29 10:00:27,507 [INFO] anetf.datasources.csindex: ZZ: Update PE index id(399965)
2026-08-29 10:00:27,518 [ERROR] anetf.datasources.juquaner: JQ: query failed for all candidates: ['油气产业']
2026-08-29 10:00:27,518 [INFO] anetf.datasources.csindex: ZZ: Update PE index id(H30198)
2026-08-29 10:00:27,557 [ERROR] __main__: 中证指数: fetch failed for 399965: HTTP Error 403: Forbidden
2026-08-29 10:00:27,560 [INFO] anetf.datasources.cni: GZ: Update PE index id(399965), name(800地产)
2026-08-29 10:00:27,560 [WARNING] anetf.datasources.cni: GZ: Update 399965 failed, index not found in gz_df.
2026-08-29 10:00:27,560 [INFO] anetf.datasources.csindex: CSI: Update PE index id(399965), name(800地产)
2026-08-29 10:00:27,561 [ERROR] __main__: 中证指数: fetch failed for H30198: HTTP Error 403: Forbidden
2026-08-29 10:00:27,561 [INFO] anetf.datasources.cni: GZ: Update PE index id(H30198), name(油气产业)
2026-08-29 10:00:27,561 [WARNING] anetf.datasources.cni: GZ: Update H30198 failed, index not found in gz_df.
2026-08-29 10:00:27,562 [INFO] anetf.datasources.csindex: CSI: Update PE index id(H30198), name(油气产业)
2026-08-29 10:00:27,584 [INFO] __main__: 116: Update PE index for 987016/港股通红利低波
2026-08-29 10:00:27,584 [INFO] anetf.datasources.juquaner: JQ: Update PE index id(987016), local_name(港股通红利低波), trying funddb_name(港股通红利低波)
2026-08-29 10:00:27,620 [ERROR] anetf.datasources.juquaner: JQ: query failed for all candidates: ['绿色电力']
2026-08-29 10:00:27,621 [INFO] anetf.datasources.csindex: ZZ: Update PE index id(399438)
2026-08-29 10:00:27,645 [ERROR] __main__: 中证指数: fetch failed for 399438: HTTP Error 403: Forbidden
2026-08-29 10:00:27,645 [INFO] anetf.datasources.cni: GZ: Update PE index id(399438), name(绿色电力)
2026-08-29 10:00:27,654 [INFO] __main__: 117: Update PE index for 930050/中证A50
2026-08-29 10:00:27,654 [INFO] anetf.datasources.juquaner: JQ: Update PE index id(930050), local_name(中证A50), trying funddb_name(中证A50)
2026-08-29 10:00:27,719 [ERROR] anetf.datasources.juquaner: JQ: query failed for all candidates: ['创业软件']
2026-08-29 10:00:27,719 [INFO] anetf.datasources.csindex: ZZ: Update PE index id(399264)
2026-08-29 10:00:27,819 [ERROR] __main__: 中证指数: fetch failed for 399264: HTTP Error 403: Forbidden
2026-08-29 10:00:27,819 [INFO] anetf.datasources.cni: GZ: Update PE index id(399264), name(创业软件)
2026-08-29 10:00:27,837 [INFO] __main__: 118: Update PE index for 000018/180金融
2026-08-29 10:00:27,840 [INFO] anetf.datasources.juquaner: JQ: Update PE index id(000018), local_name(180金融), trying funddb_name(180金融)
2026-08-29 10:00:27,860 [ERROR] anetf.datasources.juquaner: JQ: query failed for all candidates: ['央企红利']
2026-08-29 10:00:27,860 [INFO] anetf.datasources.csindex: ZZ: Update PE index id(000825)
2026-08-29 10:00:27,872 [INFO] __main__: 119: Update PE index for 000928/中证能源
2026-08-29 10:00:27,872 [INFO] anetf.datasources.juquaner: JQ: Update PE index id(000928), local_name(中证能源), trying funddb_name(中证能源)
2026-08-29 10:00:27,884 [ERROR] __main__: 中证指数: fetch failed for 000825: HTTP Error 403: Forbidden
2026-08-29 10:00:27,885 [INFO] anetf.datasources.cni: GZ: Update PE index id(000825), name(央企红利)
2026-08-29 10:00:27,885 [WARNING] anetf.datasources.cni: GZ: Update 000825 failed, index not found in gz_df.
2026-08-29 10:00:27,885 [INFO] anetf.datasources.csindex: CSI: Update PE index id(000825), name(央企红利)
2026-08-29 10:00:28,083 [INFO] __main__: 120: Update PE index for 399001/深证成指
2026-08-29 10:00:28,083 [INFO] anetf.datasources.juquaner: JQ: Update PE index id(399001), local_name(深证成指), trying funddb_name(深证成指)
2026-08-29 10:00:28,088 [INFO] __main__: 121: Update PE index for 000906/中证800
2026-08-29 10:00:28,089 [INFO] anetf.datasources.juquaner: JQ: Update PE index id(000906), local_name(中证800), trying funddb_name(中证800)
2026-08-29 10:00:28,216 [ERROR] anetf.datasources.juquaner: JQ: query failed for all candidates: ['CS计算机']
2026-08-29 10:00:28,216 [INFO] anetf.datasources.csindex: ZZ: Update PE index id(930651)
2026-08-29 10:00:28,228 [ERROR] anetf.datasources.juquaner: JQ: query failed for all candidates: ['中证国防指数']
2026-08-29 10:00:28,228 [INFO] anetf.datasources.csindex: ZZ: Update PE index id(399973)
2026-08-29 10:00:28,246 [ERROR] __main__: 中证指数: fetch failed for 930651: HTTP Error 403: Forbidden
2026-08-29 10:00:28,247 [INFO] anetf.datasources.cni: GZ: Update PE index id(930651), name(CS计算机)
2026-08-29 10:00:28,247 [WARNING] anetf.datasources.cni: GZ: Update 930651 failed, index not found in gz_df.
2026-08-29 10:00:28,247 [INFO] anetf.datasources.csindex: CSI: Update PE index id(930651), name(CS计算机)
2026-08-29 10:00:28,250 [ERROR] __main__: 中证指数: fetch failed for 399973: HTTP Error 403: Forbidden
2026-08-29 10:00:28,250 [INFO] anetf.datasources.cni: GZ: Update PE index id(399973), name(中证国防指数)
2026-08-29 10:00:28,250 [WARNING] anetf.datasources.cni: GZ: Update 399973 failed, index not found in gz_df.
2026-08-29 10:00:28,250 [INFO] anetf.datasources.csindex: CSI: Update PE index id(399973), name(中证国防指数)
2026-08-29 10:00:28,345 [INFO] __main__: 122: Update PE index for 000692/科创新能
2026-08-29 10:00:28,345 [INFO] anetf.datasources.juquaner: JQ: Update PE index id(000692), local_name(科创新能), trying funddb_name(科创新能)
2026-08-29 10:00:28,370 [ERROR] anetf.datasources.juquaner: JQ: query failed for all candidates: ['中证数据']
2026-08-29 10:00:28,370 [INFO] anetf.datasources.csindex: ZZ: Update PE index id(930902)
2026-08-29 10:00:28,373 [ERROR] anetf.datasources.juquaner: JQ: query failed for all candidates: ['MSCI中国A50互联互通']
2026-08-29 10:00:28,373 [INFO] anetf.datasources.csindex: ZZ: Update PE index id(746059)
2026-08-29 10:00:28,422 [ERROR] anetf.datasources.juquaner: JQ: query failed for all candidates: ['中证能源']
2026-08-29 10:00:28,423 [INFO] anetf.datasources.csindex: ZZ: Update PE index id(000928)
2026-08-29 10:00:28,431 [ERROR] __main__: 中证指数: fetch failed for 746059: HTTP Error 403: Forbidden
2026-08-29 10:00:28,431 [INFO] anetf.datasources.cni: GZ: Update PE index id(746059), name(MSCI中国A50互联互通)
2026-08-29 10:00:28,431 [WARNING] anetf.datasources.cni: GZ: Update 746059 failed, index not found in gz_df.
2026-08-29 10:00:28,431 [INFO] anetf.datasources.csindex: CSI: Update PE index id(746059), name(MSCI中国A50互联互通)
2026-08-29 10:00:28,434 [ERROR] __main__: 中证指数: fetch failed for 930902: HTTP Error 403: Forbidden
2026-08-29 10:00:28,434 [INFO] anetf.datasources.cni: GZ: Update PE index id(930902), name(中证数据)
2026-08-29 10:00:28,434 [WARNING] anetf.datasources.cni: GZ: Update 930902 failed, index not found in gz_df.
2026-08-29 10:00:28,434 [INFO] anetf.datasources.csindex: CSI: Update PE index id(930902), name(中证数据)
2026-08-29 10:00:28,438 [ERROR] anetf.datasources.juquaner: JQ: query failed for all candidates: ['有色矿业']
2026-08-29 10:00:28,438 [INFO] anetf.datasources.csindex: ZZ: Update PE index id(931892)
2026-08-29 10:00:28,461 [ERROR] __main__: 中证指数: fetch failed for 000928: HTTP Error 403: Forbidden
2026-08-29 10:00:28,461 [INFO] anetf.datasources.cni: GZ: Update PE index id(000928), name(中证能源)
2026-08-29 10:00:28,461 [WARNING] anetf.datasources.cni: GZ: Update 000928 failed, index not found in gz_df.
2026-08-29 10:00:28,461 [INFO] anetf.datasources.csindex: CSI: Update PE index id(000928), name(中证能源)
2026-08-29 10:00:28,466 [ERROR] __main__: 中证指数: fetch failed for 931892: HTTP Error 403: Forbidden
2026-08-29 10:00:28,466 [INFO] anetf.datasources.cni: GZ: Update PE index id(931892), name(有色矿业)
2026-08-29 10:00:28,466 [WARNING] anetf.datasources.cni: GZ: Update 931892 failed, index not found in gz_df.
2026-08-29 10:00:28,466 [INFO] anetf.datasources.csindex: CSI: Update PE index id(931892), name(有色矿业)
2026-08-29 10:00:28,556 [ERROR] __main__: 中证指数行情: fetch failed for 746059: Length mismatch: Expected axis has 0 elements, new values have 16 elements
2026-08-29 10:00:28,557 [INFO] anetf.datasources.price: PRICE: Update index id(746059), name(MSCI中国A50互联互通), source=cn
2026-08-29 10:00:28,620 [ERROR] anetf.datasources.juquaner: JQ: query failed for all candidates: ['中证800']
2026-08-29 10:00:28,620 [INFO] anetf.datasources.csindex: ZZ: Update PE index id(000906)
2026-08-29 10:00:28,737 [ERROR] __main__: 中证指数: fetch failed for 000906: HTTP Error 403: Forbidden
2026-08-29 10:00:28,738 [INFO] anetf.datasources.cni: GZ: Update PE index id(000906), name(中证800)
2026-08-29 10:00:28,738 [WARNING] anetf.datasources.cni: GZ: Update 000906 failed, index not found in gz_df.
2026-08-29 10:00:28,738 [INFO] anetf.datasources.csindex: CSI: Update PE index id(000906), name(中证800)
2026-08-29 10:00:28,764 [INFO] __main__: 123: Update PE index for 000933/中证医药
2026-08-29 10:00:28,765 [INFO] anetf.datasources.juquaner: JQ: Update PE index id(000933), local_name(中证医药), trying funddb_name(中证医药)
2026-08-29 10:00:28,768 [INFO] anetf.datasources.price: PRICE: primary API failed for sh746059, falling back to csindex
2026-08-29 10:00:28,814 [INFO] __main__: 124: Update PE index for 932315/中证红利质量
2026-08-29 10:00:28,815 [INFO] anetf.datasources.juquaner: JQ: Update PE index id(932315), local_name(中证红利质量), trying funddb_name(中证红利质量)
2026-08-29 10:00:28,843 [ERROR] anetf.datasources.juquaner: JQ: query failed for all candidates: ['中证A50']
2026-08-29 10:00:28,845 [INFO] anetf.datasources.csindex: ZZ: Update PE index id(930050)
2026-08-29 10:00:28,849 [ERROR] anetf.datasources.juquaner: JQ: query failed for all candidates: ['港股通红利低波']
2026-08-29 10:00:28,850 [INFO] anetf.datasources.cni: GZ: Update PE index id(987016), name(港股通红利低波)
2026-08-29 10:00:28,851 [WARNING] anetf.datasources.cni: GZ: Update 987016 skipped, PE is NaN in gz_df.
2026-08-29 10:00:28,851 [INFO] anetf.datasources.price: PRICE: Update index id(987016), name(港股通红利低波), source=cni
2026-08-29 10:00:28,905 [WARNING] anetf.datasources.price: PRICE: fallback also failed for 746059: Length mismatch: Expected axis has 0 elements, new values have 16 elements
2026-08-29 10:00:28,919 [ERROR] __main__: 中证指数: fetch failed for 930050: HTTP Error 403: Forbidden
2026-08-29 10:00:28,919 [INFO] __main__: 125: Update PE index for 931752/工程机械主题
2026-08-29 10:00:28,921 [INFO] anetf.datasources.cni: GZ: Update PE index id(930050), name(中证A50)
2026-08-29 10:00:28,922 [WARNING] anetf.datasources.cni: GZ: Update 930050 failed, index not found in gz_df.
2026-08-29 10:00:28,922 [INFO] anetf.datasources.csindex: CSI: Update PE index id(930050), name(中证A50)
2026-08-29 10:00:28,922 [INFO] anetf.datasources.juquaner: JQ: Update PE index id(931752), local_name(工程机械主题), trying funddb_name(工程机械主题)
2026-08-29 10:00:28,987 [INFO] __main__: 126: Update PE index for 931582/HKC消费
2026-08-29 10:00:28,995 [INFO] anetf.datasources.juquaner: JQ: Update PE index id(931582), local_name(HKC消费), trying funddb_name(HKC消费)
2026-08-29 10:00:28,993 [INFO] anetf.datasources.price: PRICE: CNI index 987016 loaded 243 rows from index_hist_cni
2026-08-29 10:00:29,006 [INFO] __main__: 127: Update PE index for 930697/家用电器
2026-08-29 10:00:29,008 [INFO] anetf.datasources.juquaner: JQ: Update PE index id(930697), local_name(家用电器), trying funddb_name(家用电器)
2026-08-29 10:00:29,009 [INFO] __main__: 129: Update PE index for 000696/科创创业AI指数
2026-08-29 10:00:29,018 [INFO] anetf.datasources.juquaner: JQ: Update PE index id(000696), local_name(科创创业AI指数), trying funddb_name(科创创业AI指数)
2026-08-29 10:00:29,036 [INFO] __main__: 130: Update PE index for 930708/中证有色
2026-08-29 10:00:29,036 [INFO] anetf.datasources.juquaner: JQ: Update PE index id(930708), local_name(中证有色), trying funddb_name(中证有色)
2026-08-29 10:00:29,049 [ERROR] anetf.datasources.juquaner: JQ: query failed for all candidates: ['180金融']
2026-08-29 10:00:29,049 [INFO] anetf.datasources.csindex: ZZ: Update PE index id(000018)
2026-08-29 10:00:29,072 [ERROR] __main__: 中证指数: fetch failed for 000018: HTTP Error 403: Forbidden
2026-08-29 10:00:29,073 [INFO] anetf.datasources.cni: GZ: Update PE index id(000018), name(180金融)
2026-08-29 10:00:29,073 [WARNING] anetf.datasources.cni: GZ: Update 000018 failed, index not found in gz_df.
2026-08-29 10:00:29,073 [INFO] anetf.datasources.csindex: CSI: Update PE index id(000018), name(180金融)
2026-08-29 10:00:29,208 [INFO] __main__: 131: Update PE index for HSCEI/恒生中国企业指数
2026-08-29 10:00:29,208 [INFO] anetf.datasources.juquaner: JQ: Update PE index id(HSCEI), local_name(恒生中国企业指数), trying funddb_name(恒生中国企业指数)
2026-08-29 10:00:29,228 [ERROR] anetf.datasources.juquaner: JQ: query failed for all candidates: ['深证成指']
2026-08-29 10:00:29,229 [INFO] anetf.datasources.csindex: ZZ: Update PE index id(399001)
2026-08-29 10:00:29,251 [ERROR] __main__: 中证指数: fetch failed for 399001: HTTP Error 403: Forbidden
2026-08-29 10:00:29,251 [INFO] anetf.datasources.cni: GZ: Update PE index id(399001), name(深证成指)
2026-08-29 10:00:29,260 [INFO] __main__: 132: Update PE index for 000683/科创生物
2026-08-29 10:00:29,260 [INFO] anetf.datasources.juquaner: JQ: Update PE index id(000683), local_name(科创生物), trying funddb_name(科创生物)
2026-08-29 10:00:29,387 [ERROR] anetf.datasources.juquaner: JQ: query failed for all candidates: ['中证红利质量']
2026-08-29 10:00:29,387 [INFO] anetf.datasources.csindex: ZZ: Update PE index id(932315)
2026-08-29 10:00:29,398 [INFO] __main__: 133: Update PE index for 930740/300红利LV
2026-08-29 10:00:29,398 [INFO] anetf.datasources.juquaner: JQ: Update PE index id(930740), local_name(300红利LV), trying funddb_name(300红利LV)
2026-08-29 10:00:29,413 [ERROR] __main__: 中证指数: fetch failed for 932315: HTTP Error 403: Forbidden
2026-08-29 10:00:29,413 [INFO] anetf.datasources.cni: GZ: Update PE index id(932315), name(中证红利质量)
2026-08-29 10:00:29,413 [WARNING] anetf.datasources.cni: GZ: Update 932315 failed, index not found in gz_df.
2026-08-29 10:00:29,413 [INFO] anetf.datasources.csindex: CSI: Update PE index id(932315), name(中证红利质量)
2026-08-29 10:00:29,501 [ERROR] anetf.datasources.juquaner: JQ: query failed for all candidates: ['工程机械主题']
2026-08-29 10:00:29,501 [INFO] anetf.datasources.csindex: ZZ: Update PE index id(931752)
2026-08-29 10:00:29,524 [ERROR] __main__: 中证指数: fetch failed for 931752: HTTP Error 403: Forbidden
2026-08-29 10:00:29,524 [INFO] anetf.datasources.cni: GZ: Update PE index id(931752), name(工程机械主题)
2026-08-29 10:00:29,524 [WARNING] anetf.datasources.cni: GZ: Update 931752 failed, index not found in gz_df.
2026-08-29 10:00:29,525 [INFO] anetf.datasources.csindex: CSI: Update PE index id(931752), name(工程机械主题)
2026-08-29 10:00:29,561 [ERROR] anetf.datasources.juquaner: JQ: query failed for all candidates: ['HKC消费']
2026-08-29 10:00:29,562 [INFO] anetf.datasources.csindex: ZZ: Update PE index id(931582)
2026-08-29 10:00:29,573 [ERROR] anetf.datasources.juquaner: JQ: query failed for all candidates: ['科创新能']
2026-08-29 10:00:29,574 [INFO] anetf.datasources.csindex: ZZ: Update PE index id(000692)
2026-08-29 10:00:29,609 [ERROR] __main__: 中证指数: fetch failed for 931582: HTTP Error 403: Forbidden
2026-08-29 10:00:29,613 [INFO] anetf.datasources.cni: GZ: Update PE index id(931582), name(HKC消费)
2026-08-29 10:00:29,614 [WARNING] anetf.datasources.cni: GZ: Update 931582 failed, index not found in gz_df.
2026-08-29 10:00:29,614 [INFO] anetf.datasources.csindex: CSI: Update PE index id(931582), name(HKC消费)
2026-08-29 10:00:29,634 [ERROR] anetf.datasources.juquaner: JQ: query failed for all candidates: ['家用电器']
2026-08-29 10:00:29,634 [INFO] anetf.datasources.csindex: ZZ: Update PE index id(930697)
2026-08-29 10:00:29,635 [ERROR] __main__: 中证指数: fetch failed for 000692: HTTP Error 403: Forbidden
2026-08-29 10:00:29,635 [INFO] anetf.datasources.cni: GZ: Update PE index id(000692), name(科创新能)
2026-08-29 10:00:29,636 [WARNING] anetf.datasources.cni: GZ: Update 000692 failed, index not found in gz_df.
2026-08-29 10:00:29,636 [INFO] anetf.datasources.csindex: CSI: Update PE index id(000692), name(科创新能)
2026-08-29 10:00:29,644 [INFO] __main__: 135: Update PE index for 930652/CS电子
2026-08-29 10:00:29,648 [INFO] anetf.datasources.juquaner: JQ: Update PE index id(930652), local_name(CS电子), trying funddb_name(CS电子)
2026-08-29 10:00:29,652 [ERROR] anetf.datasources.juquaner: JQ: query failed for all candidates: ['科创创业AI指数']
2026-08-29 10:00:29,653 [INFO] anetf.datasources.csindex: ZZ: Update PE index id(000696)
2026-08-29 10:00:29,677 [ERROR] anetf.datasources.juquaner: JQ: query failed for all candidates: ['中证有色']
2026-08-29 10:00:29,677 [INFO] anetf.datasources.csindex: ZZ: Update PE index id(930708)
2026-08-29 10:00:29,687 [ERROR] __main__: 中证指数: fetch failed for 930697: HTTP Error 403: Forbidden
2026-08-29 10:00:29,687 [INFO] anetf.datasources.cni: GZ: Update PE index id(930697), name(家用电器)
2026-08-29 10:00:29,687 [WARNING] anetf.datasources.cni: GZ: Update 930697 failed, index not found in gz_df.
2026-08-29 10:00:29,687 [INFO] anetf.datasources.csindex: CSI: Update PE index id(930697), name(家用电器)
2026-08-29 10:00:29,695 [ERROR] __main__: 中证指数: fetch failed for 000696: HTTP Error 403: Forbidden
2026-08-29 10:00:29,695 [INFO] anetf.datasources.cni: GZ: Update PE index id(000696), name(科创创业AI指数)
2026-08-29 10:00:29,695 [WARNING] anetf.datasources.cni: GZ: Update 000696 failed, index not found in gz_df.
2026-08-29 10:00:29,695 [INFO] anetf.datasources.csindex: CSI: Update PE index id(000696), name(科创创业AI指数)
2026-08-29 10:00:29,716 [ERROR] __main__: 中证指数: fetch failed for 930708: HTTP Error 403: Forbidden
2026-08-29 10:00:29,716 [INFO] anetf.datasources.cni: GZ: Update PE index id(930708), name(中证有色)
2026-08-29 10:00:29,716 [WARNING] anetf.datasources.cni: GZ: Update 930708 failed, index not found in gz_df.
2026-08-29 10:00:29,716 [INFO] anetf.datasources.csindex: CSI: Update PE index id(930708), name(中证有色)
2026-08-29 10:00:29,809 [ERROR] anetf.datasources.juquaner: JQ: query failed for all candidates: ['恒生中国企业指数']
2026-08-29 10:00:29,809 [INFO] anetf.datasources.price: PRICE: Update index id(HSCEI), name(恒生中国企业指数), source=hk
2026-08-29 10:00:29,848 [ERROR] anetf.datasources.juquaner: JQ: query failed for all candidates: ['科创生物']
2026-08-29 10:00:29,850 [INFO] anetf.datasources.csindex: ZZ: Update PE index id(000683)
2026-08-29 10:00:29,858 [INFO] __main__: 136: Update PE index for 000949/中证农业
2026-08-29 10:00:29,858 [INFO] anetf.datasources.juquaner: JQ: Update PE index id(000949), local_name(中证农业), trying funddb_name(中证农业)
2026-08-29 10:00:29,869 [ERROR] __main__: 中证指数行情: fetch failed for 000696: Length mismatch: Expected axis has 0 elements, new values have 16 elements
2026-08-29 10:00:29,870 [INFO] anetf.datasources.price: PRICE: Update index id(000696), name(科创创业AI指数), source=cn
2026-08-29 10:00:29,892 [ERROR] __main__: 中证指数: fetch failed for 000683: HTTP Error 403: Forbidden
2026-08-29 10:00:29,892 [INFO] anetf.datasources.cni: GZ: Update PE index id(000683), name(科创生物)
2026-08-29 10:00:29,893 [WARNING] anetf.datasources.cni: GZ: Update 000683 failed, index not found in gz_df.
2026-08-29 10:00:29,893 [INFO] anetf.datasources.csindex: CSI: Update PE index id(000683), name(科创生物)
2026-08-29 10:00:29,936 [INFO] __main__: 137: Update PE index for H30217/医疗器械
2026-08-29 10:00:29,937 [INFO] anetf.datasources.juquaner: JQ: Update PE index id(H30217), local_name(医疗器械), trying funddb_name(医疗器械)
2026-08-29 10:00:29,970 [ERROR] anetf.datasources.juquaner: JQ: query failed for all candidates: ['中证医药']
2026-08-29 10:00:29,970 [INFO] anetf.datasources.csindex: ZZ: Update PE index id(000933)
2026-08-29 10:00:29,997 [ERROR] __main__: 中证指数: fetch failed for 000933: HTTP Error 403: Forbidden
2026-08-29 10:00:29,997 [INFO] anetf.datasources.cni: GZ: Update PE index id(000933), name(中证医药)
2026-08-29 10:00:29,997 [WARNING] anetf.datasources.cni: GZ: Update 000933 failed, index not found in gz_df.
2026-08-29 10:00:29,997 [INFO] anetf.datasources.csindex: CSI: Update PE index id(000933), name(中证医药)
2026-08-29 10:00:30,147 [INFO] __main__: 138: Update PE index for 931233/港股通央企红利
2026-08-29 10:00:30,148 [INFO] anetf.datasources.juquaner: JQ: Update PE index id(931233), local_name(港股通央企红利), trying funddb_name(港股通央企红利)
2026-08-29 10:00:30,168 [INFO] __main__: 139: Update PE index for 930633/中证旅游
2026-08-29 10:00:30,169 [INFO] anetf.datasources.juquaner: JQ: Update PE index id(930633), local_name(中证旅游), trying funddb_name(中证旅游)
2026-08-29 10:00:30,196 [INFO] __main__: 140: Update PE index for 932305/智选高股息
2026-08-29 10:00:30,197 [INFO] anetf.datasources.juquaner: JQ: Update PE index id(932305), local_name(智选高股息), trying funddb_name(智选高股息)
2026-08-29 10:00:30,324 [INFO] __main__: 141: Update PE index for 931775/房地产
2026-08-29 10:00:30,324 [INFO] anetf.datasources.juquaner: JQ: Update PE index id(931775), local_name(房地产), trying funddb_name(房地产)
2026-08-29 10:00:30,328 [INFO] __main__: 142: Update PE index for 931722/国新港股通央企红利
2026-08-29 10:00:30,328 [INFO] anetf.datasources.juquaner: JQ: Update PE index id(931722), local_name(国新港股通央企红利), trying funddb_name(国新港股通央企红利)
2026-08-29 10:00:30,414 [ERROR] anetf.datasources.juquaner: JQ: query failed for all candidates: ['中证农业']
2026-08-29 10:00:30,415 [INFO] anetf.datasources.csindex: ZZ: Update PE index id(000949)
2026-08-29 10:00:30,455 [ERROR] __main__: 中证指数: fetch failed for 000949: HTTP Error 403: Forbidden
2026-08-29 10:00:30,455 [INFO] anetf.datasources.cni: GZ: Update PE index id(000949), name(中证农业)
2026-08-29 10:00:30,459 [WARNING] anetf.datasources.cni: GZ: Update 000949 failed, index not found in gz_df.
2026-08-29 10:00:30,459 [INFO] anetf.datasources.csindex: CSI: Update PE index id(000949), name(中证农业)
2026-08-29 10:00:30,467 [INFO] __main__: 143: Update PE index for 399303/国证2000
2026-08-29 10:00:30,467 [INFO] anetf.datasources.juquaner: JQ: Update PE index id(399303), local_name(国证2000), trying funddb_name(国证2000)
2026-08-29 10:00:30,481 [ERROR] anetf.datasources.juquaner: JQ: query failed for all candidates: ['300红利LV']
2026-08-29 10:00:30,481 [INFO] anetf.datasources.csindex: ZZ: Update PE index id(930740)
2026-08-29 10:00:30,518 [ERROR] __main__: 中证指数: fetch failed for 930740: HTTP Error 403: Forbidden
2026-08-29 10:00:30,527 [INFO] anetf.datasources.cni: GZ: Update PE index id(930740), name(300红利LV)
2026-08-29 10:00:30,527 [WARNING] anetf.datasources.cni: GZ: Update 930740 failed, index not found in gz_df.
2026-08-29 10:00:30,527 [INFO] anetf.datasources.csindex: CSI: Update PE index id(930740), name(300红利LV)
2026-08-29 10:00:30,530 [ERROR] anetf.datasources.juquaner: JQ: query failed for all candidates: ['医疗器械']
2026-08-29 10:00:30,531 [INFO] anetf.datasources.csindex: ZZ: Update PE index id(H30217)
2026-08-29 10:00:30,555 [INFO] __main__: 145: Update PE index for 399808/中证新能
2026-08-29 10:00:30,555 [INFO] anetf.datasources.juquaner: JQ: Update PE index id(399808), local_name(中证新能), trying funddb_name(中证新能)
2026-08-29 10:00:30,561 [ERROR] __main__: 中证指数: fetch failed for H30217: HTTP Error 403: Forbidden
2026-08-29 10:00:30,561 [INFO] anetf.datasources.cni: GZ: Update PE index id(H30217), name(医疗器械)
2026-08-29 10:00:30,561 [WARNING] anetf.datasources.cni: GZ: Update H30217 failed, index not found in gz_df.
2026-08-29 10:00:30,561 [INFO] anetf.datasources.csindex: CSI: Update PE index id(H30217), name(医疗器械)
2026-08-29 10:00:30,722 [INFO] __main__: 146: Update PE index for 000699/科创200
2026-08-29 10:00:30,723 [INFO] anetf.datasources.juquaner: JQ: Update PE index id(000699), local_name(科创200), trying funddb_name(科创200)
2026-08-29 10:00:30,738 [ERROR] anetf.datasources.juquaner: JQ: query failed for all candidates: ['智选高股息']
2026-08-29 10:00:30,738 [INFO] anetf.datasources.csindex: ZZ: Update PE index id(932305)
2026-08-29 10:00:30,760 [ERROR] __main__: 中证指数: fetch failed for 932305: HTTP Error 403: Forbidden
2026-08-29 10:00:30,761 [INFO] anetf.datasources.cni: GZ: Update PE index id(932305), name(智选高股息)
2026-08-29 10:00:30,761 [WARNING] anetf.datasources.cni: GZ: Update 932305 failed, index not found in gz_df.
2026-08-29 10:00:30,761 [INFO] anetf.datasources.csindex: CSI: Update PE index id(932305), name(智选高股息)
2026-08-29 10:00:30,914 [INFO] __main__: 147: Update PE index for 399976/CS新能车
2026-08-29 10:00:30,914 [INFO] anetf.datasources.juquaner: JQ: Update PE index id(399976), local_name(CS新能车), trying funddb_name(CS新能车)
2026-08-29 10:00:30,969 [ERROR] anetf.datasources.juquaner: JQ: query failed for all candidates: ['国证2000']
2026-08-29 10:00:30,969 [INFO] anetf.datasources.csindex: ZZ: Update PE index id(399303)
2026-08-29 10:00:31,000 [INFO] __main__: 148: Update PE index for 000151/上国红利
2026-08-29 10:00:31,000 [INFO] anetf.datasources.juquaner: JQ: Update PE index id(000151), local_name(上国红利), trying funddb_name(上国红利)
2026-08-29 10:00:31,023 [INFO] __main__: 149: Update PE index for 930955/红利低波100
2026-08-29 10:00:31,024 [INFO] anetf.datasources.juquaner: JQ: Update PE index id(930955), local_name(红利低波100), trying funddb_name(红利低波100)
2026-08-29 10:00:31,027 [ERROR] anetf.datasources.juquaner: JQ: query failed for all candidates: ['CS电子']
2026-08-29 10:00:31,027 [INFO] anetf.datasources.csindex: ZZ: Update PE index id(930652)
2026-08-29 10:00:31,039 [ERROR] __main__: 中证指数: fetch failed for 399303: HTTP Error 403: Forbidden
2026-08-29 10:00:31,039 [INFO] anetf.datasources.cni: GZ: Update PE index id(399303), name(国证2000)
2026-08-29 10:00:31,053 [INFO] __main__: 150: Update PE index for 930598/稀土产业
2026-08-29 10:00:31,053 [INFO] anetf.datasources.juquaner: JQ: Update PE index id(930598), local_name(稀土产业), trying funddb_name(稀土产业)
2026-08-29 10:00:31,088 [ERROR] __main__: 中证指数: fetch failed for 930652: HTTP Error 403: Forbidden
2026-08-29 10:00:31,088 [INFO] anetf.datasources.cni: GZ: Update PE index id(930652), name(CS电子)
2026-08-29 10:00:31,088 [WARNING] anetf.datasources.cni: GZ: Update 930652 failed, index not found in gz_df.
2026-08-29 10:00:31,088 [INFO] anetf.datasources.csindex: CSI: Update PE index id(930652), name(CS电子)
2026-08-29 10:00:31,136 [INFO] __main__: 151: Update PE index for 932066/半导体行业精选
2026-08-29 10:00:31,137 [INFO] anetf.datasources.juquaner: JQ: Update PE index id(932066), local_name(半导体行业精选), trying funddb_name(半导体行业精选)
2026-08-29 10:00:31,412 [ERROR] anetf.datasources.juquaner: JQ: query failed for all candidates: ['港股通央企红利']
2026-08-29 10:00:31,412 [INFO] anetf.datasources.csindex: ZZ: Update PE index id(931233)
2026-08-29 10:00:31,453 [ERROR] __main__: 中证指数: fetch failed for 931233: HTTP Error 403: Forbidden
2026-08-29 10:00:31,453 [INFO] anetf.datasources.cni: GZ: Update PE index id(931233), name(港股通央企红利)
2026-08-29 10:00:31,453 [WARNING] anetf.datasources.cni: GZ: Update 931233 failed, index not found in gz_df.
2026-08-29 10:00:31,453 [INFO] anetf.datasources.csindex: CSI: Update PE index id(931233), name(港股通央企红利)
2026-08-29 10:00:31,526 [ERROR] anetf.datasources.juquaner: JQ: query failed for all candidates: ['房地产']
2026-08-29 10:00:31,526 [INFO] anetf.datasources.csindex: ZZ: Update PE index id(931775)
2026-08-29 10:00:31,537 [ERROR] anetf.datasources.juquaner: JQ: query failed for all candidates: ['中证旅游']
2026-08-29 10:00:31,537 [INFO] anetf.datasources.csindex: ZZ: Update PE index id(930633)
2026-08-29 10:00:31,580 [ERROR] anetf.datasources.juquaner: JQ: query failed for all candidates: ['国新港股通央企红利']
2026-08-29 10:00:31,580 [INFO] anetf.datasources.csindex: ZZ: Update PE index id(931722)
2026-08-29 10:00:31,585 [INFO] __main__: 152: Update PE index for 930851/云计算
2026-08-29 10:00:31,585 [INFO] anetf.datasources.juquaner: JQ: Update PE index id(930851), local_name(云计算), trying funddb_name(云计算)
2026-08-29 10:00:31,588 [ERROR] __main__: 中证指数: fetch failed for 930633: HTTP Error 403: Forbidden
2026-08-29 10:00:31,588 [INFO] anetf.datasources.cni: GZ: Update PE index id(930633), name(中证旅游)
2026-08-29 10:00:31,588 [WARNING] anetf.datasources.cni: GZ: Update 930633 failed, index not found in gz_df.
2026-08-29 10:00:31,588 [INFO] anetf.datasources.csindex: CSI: Update PE index id(930633), name(中证旅游)
2026-08-29 10:00:31,589 [ERROR] __main__: 中证指数: fetch failed for 931775: HTTP Error 403: Forbidden
2026-08-29 10:00:31,589 [INFO] anetf.datasources.cni: GZ: Update PE index id(931775), name(房地产)
2026-08-29 10:00:31,590 [WARNING] anetf.datasources.cni: GZ: Update 931775 failed, index not found in gz_df.
2026-08-29 10:00:31,590 [INFO] anetf.datasources.csindex: CSI: Update PE index id(931775), name(房地产)
2026-08-29 10:00:31,601 [ERROR] __main__: 中证指数: fetch failed for 931722: HTTP Error 403: Forbidden
2026-08-29 10:00:31,601 [INFO] anetf.datasources.cni: GZ: Update PE index id(931722), name(国新港股通央企红利)
2026-08-29 10:00:31,601 [WARNING] anetf.datasources.cni: GZ: Update 931722 failed, index not found in gz_df.
2026-08-29 10:00:31,601 [INFO] anetf.datasources.csindex: CSI: Update PE index id(931722), name(国新港股通央企红利)
2026-08-29 10:00:31,665 [ERROR] anetf.datasources.juquaner: JQ: query failed for all candidates: ['半导体行业精选']
2026-08-29 10:00:31,674 [INFO] anetf.datasources.csindex: ZZ: Update PE index id(932066)
2026-08-29 10:00:31,677 [ERROR] anetf.datasources.juquaner: JQ: query failed for all candidates: ['中证新能']
2026-08-29 10:00:31,677 [INFO] anetf.datasources.csindex: ZZ: Update PE index id(399808)
2026-08-29 10:00:31,702 [ERROR] __main__: 中证指数: fetch failed for 399808: HTTP Error 403: Forbidden
2026-08-29 10:00:31,702 [INFO] anetf.datasources.cni: GZ: Update PE index id(399808), name(中证新能)
2026-08-29 10:00:31,702 [WARNING] anetf.datasources.cni: GZ: Update 399808 failed, index not found in gz_df.
2026-08-29 10:00:31,702 [INFO] anetf.datasources.csindex: CSI: Update PE index id(399808), name(中证新能)
2026-08-29 10:00:31,703 [ERROR] __main__: 中证指数: fetch failed for 932066: HTTP Error 403: Forbidden
2026-08-29 10:00:31,703 [INFO] anetf.datasources.cni: GZ: Update PE index id(932066), name(半导体行业精选)
2026-08-29 10:00:31,703 [WARNING] anetf.datasources.cni: GZ: Update 932066 failed, index not found in gz_df.
2026-08-29 10:00:31,703 [INFO] anetf.datasources.csindex: CSI: Update PE index id(932066), name(半导体行业精选)
2026-08-29 10:00:31,831 [INFO] __main__: 153: Update PE index for H30022/800银行
2026-08-29 10:00:31,831 [INFO] anetf.datasources.juquaner: JQ: Update PE index id(H30022), local_name(800银行), trying funddb_name(800银行)
2026-08-29 10:00:31,853 [ERROR] anetf.datasources.juquaner: JQ: query failed for all candidates: ['科创200']
2026-08-29 10:00:31,853 [INFO] anetf.datasources.csindex: ZZ: Update PE index id(000699)
2026-08-29 10:00:31,876 [ERROR] __main__: 中证指数: fetch failed for 000699: HTTP Error 403: Forbidden
2026-08-29 10:00:31,876 [INFO] anetf.datasources.cni: GZ: Update PE index id(000699), name(科创200)
2026-08-29 10:00:31,876 [WARNING] anetf.datasources.cni: GZ: Update 000699 failed, index not found in gz_df.
2026-08-29 10:00:31,877 [INFO] anetf.datasources.csindex: CSI: Update PE index id(000699), name(科创200)
2026-08-29 10:00:32,064 [ERROR] anetf.datasources.juquaner: JQ: query failed for all candidates: ['CS新能车']
2026-08-29 10:00:32,064 [INFO] anetf.datasources.csindex: ZZ: Update PE index id(399976)
2026-08-29 10:00:32,064 [INFO] __main__: 154: Update PE index for 931151/光伏产业
2026-08-29 10:00:32,064 [INFO] anetf.datasources.juquaner: JQ: Update PE index id(931151), local_name(光伏产业), trying funddb_name(光伏产业)
2026-08-29 10:00:32,106 [ERROR] __main__: 中证指数: fetch failed for 399976: HTTP Error 403: Forbidden
2026-08-29 10:00:32,110 [INFO] anetf.datasources.cni: GZ: Update PE index id(399976), name(CS新能车)
2026-08-29 10:00:32,110 [WARNING] anetf.datasources.cni: GZ: Update 399976 failed, index not found in gz_df.
2026-08-29 10:00:32,112 [INFO] anetf.datasources.csindex: CSI: Update PE index id(399976), name(CS新能车)
2026-08-29 10:00:32,136 [INFO] __main__: 156: Update PE index for 930986/金融科技
2026-08-29 10:00:32,136 [INFO] anetf.datasources.juquaner: JQ: Update PE index id(930986), local_name(金融科技), trying funddb_name(金融科技)
2026-08-29 10:00:32,223 [ERROR] anetf.datasources.juquaner: JQ: query failed for all candidates: ['稀土产业']
2026-08-29 10:00:32,223 [INFO] anetf.datasources.csindex: ZZ: Update PE index id(930598)
2026-08-29 10:00:32,228 [ERROR] anetf.datasources.juquaner: JQ: query failed for all candidates: ['云计算']
2026-08-29 10:00:32,231 [INFO] anetf.datasources.csindex: ZZ: Update PE index id(930851)
2026-08-29 10:00:32,233 [ERROR] anetf.datasources.juquaner: JQ: query failed for all candidates: ['红利低波100']
2026-08-29 10:00:32,236 [INFO] anetf.datasources.csindex: ZZ: Update PE index id(930955)
2026-08-29 10:00:32,248 [INFO] __main__: 157: Update PE index for 931409/SHS创新药
2026-08-29 10:00:32,248 [INFO] anetf.datasources.juquaner: JQ: Update PE index id(931409), local_name(SHS创新药), trying funddb_name(SHS创新药)
2026-08-29 10:00:32,259 [ERROR] __main__: 中证指数: fetch failed for 930598: HTTP Error 403: Forbidden
2026-08-29 10:00:32,263 [INFO] __main__: 158: Update PE index for 930726/CS生医
2026-08-29 10:00:32,266 [INFO] anetf.datasources.juquaner: JQ: Update PE index id(930726), local_name(CS生医), trying funddb_name(CS生医)
2026-08-29 10:00:32,266 [INFO] anetf.datasources.cni: GZ: Update PE index id(930598), name(稀土产业)
2026-08-29 10:00:32,267 [WARNING] anetf.datasources.cni: GZ: Update 930598 failed, index not found in gz_df.
2026-08-29 10:00:32,267 [INFO] anetf.datasources.csindex: CSI: Update PE index id(930598), name(稀土产业)
2026-08-29 10:00:32,269 [ERROR] __main__: 中证指数: fetch failed for 930955: HTTP Error 403: Forbidden
2026-08-29 10:00:32,269 [INFO] anetf.datasources.cni: GZ: Update PE index id(930955), name(红利低波100)
2026-08-29 10:00:32,269 [WARNING] anetf.datasources.cni: GZ: Update 930955 failed, index not found in gz_df.
2026-08-29 10:00:32,270 [INFO] anetf.datasources.csindex: CSI: Update PE index id(930955), name(红利低波100)
2026-08-29 10:00:32,271 [ERROR] __main__: 中证指数: fetch failed for 930851: HTTP Error 403: Forbidden
2026-08-29 10:00:32,272 [INFO] anetf.datasources.cni: GZ: Update PE index id(930851), name(云计算)
2026-08-29 10:00:32,278 [INFO] __main__: 159: Update PE index for SHAU/上海金
2026-08-29 10:00:32,282 [ERROR] anetf.datasources.juquaner: JQ: query failed for all candidates: ['上国红利']
2026-08-29 10:00:32,284 [INFO] anetf.datasources.csindex: ZZ: Update PE index id(000151)
2026-08-29 10:00:32,282 [WARNING] anetf.datasources.cni: GZ: Update 930851 failed, index not found in gz_df.
2026-08-29 10:00:32,284 [INFO] anetf.datasources.csindex: CSI: Update PE index id(930851), name(云计算)
2026-08-29 10:00:32,282 [INFO] anetf.datasources.juquaner: JQ: Update PE index id(SHAU), local_name(上海金), trying funddb_name(上海金)
2026-08-29 10:00:32,315 [ERROR] __main__: 中证指数: fetch failed for 000151: HTTP Error 403: Forbidden
2026-08-29 10:00:32,315 [INFO] anetf.datasources.cni: GZ: Update PE index id(000151), name(上国红利)
2026-08-29 10:00:32,315 [WARNING] anetf.datasources.cni: GZ: Update 000151 failed, index not found in gz_df.
2026-08-29 10:00:32,315 [INFO] anetf.datasources.csindex: CSI: Update PE index id(000151), name(上国红利)
2026-08-29 10:00:32,422 [ERROR] anetf.datasources.juquaner: JQ: query failed for all candidates: ['800银行']
2026-08-29 10:00:32,422 [INFO] anetf.datasources.csindex: ZZ: Update PE index id(H30022)
2026-08-29 10:00:32,462 [INFO] __main__: 160: Update PE index for 931866/中证机床
2026-08-29 10:00:32,462 [INFO] anetf.datasources.juquaner: JQ: Update PE index id(931866), local_name(中证机床), trying funddb_name(中证机床)
2026-08-29 10:00:32,464 [ERROR] __main__: 中证指数: fetch failed for H30022: HTTP Error 403: Forbidden
2026-08-29 10:00:32,464 [INFO] anetf.datasources.cni: GZ: Update PE index id(H30022), name(800银行)
2026-08-29 10:00:32,464 [WARNING] anetf.datasources.cni: GZ: Update H30022 failed, index not found in gz_df.
2026-08-29 10:00:32,464 [INFO] anetf.datasources.csindex: CSI: Update PE index id(H30022), name(800银行)
2026-08-29 10:00:32,573 [INFO] __main__: 161: Update PE index for 000680/科创综指
2026-08-29 10:00:32,573 [INFO] anetf.datasources.juquaner: JQ: Update PE index id(000680), local_name(科创综指), trying funddb_name(科创综指)
2026-08-29 10:00:32,619 [INFO] __main__: 162: Update PE index for H30202/软件指数
2026-08-29 10:00:32,620 [INFO] anetf.datasources.juquaner: JQ: Update PE index id(H30202), local_name(软件指数), trying funddb_name(软件指数)
2026-08-29 10:00:32,655 [ERROR] anetf.datasources.juquaner: JQ: query failed for all candidates: ['金融科技']
2026-08-29 10:00:32,655 [INFO] anetf.datasources.csindex: ZZ: Update PE index id(930986)
2026-08-29 10:00:32,678 [ERROR] __main__: 中证指数: fetch failed for 930986: HTTP Error 403: Forbidden
2026-08-29 10:00:32,678 [INFO] anetf.datasources.cni: GZ: Update PE index id(930986), name(金融科技)
2026-08-29 10:00:32,678 [WARNING] anetf.datasources.cni: GZ: Update 930986 failed, index not found in gz_df.
2026-08-29 10:00:32,678 [INFO] anetf.datasources.csindex: CSI: Update PE index id(930986), name(金融科技)
2026-08-29 10:00:32,836 [INFO] __main__: 163: Update PE index for H30007/芯片产业
2026-08-29 10:00:32,836 [INFO] anetf.datasources.juquaner: JQ: Update PE index id(H30007), local_name(芯片产业), trying funddb_name(芯片产业)
2026-08-29 10:00:32,901 [INFO] __main__: 164: Update PE index for 931087/科技龙头
2026-08-29 10:00:32,901 [INFO] anetf.datasources.juquaner: JQ: Update PE index id(931087), local_name(科技龙头), trying funddb_name(科技龙头)
2026-08-29 10:00:33,095 [INFO] __main__: 165: Update PE index for 399971/中证传媒
2026-08-29 10:00:33,095 [INFO] anetf.datasources.juquaner: JQ: Update PE index id(399971), local_name(中证传媒), trying funddb_name(中证传媒)
2026-08-29 10:00:33,157 [INFO] __main__: 166: Update PE index for 932365/中证现金流
2026-08-29 10:00:33,157 [INFO] anetf.datasources.juquaner: JQ: Update PE index id(932365), local_name(中证现金流), trying funddb_name(中证现金流)
2026-08-29 10:00:33,187 [INFO] __main__: 167: Update PE index for 930604/中国互联网30
2026-08-29 10:00:33,187 [INFO] anetf.datasources.juquaner: JQ: Update PE index id(930604), local_name(中国互联网30), trying funddb_name(中国互联网30)
2026-08-29 10:00:33,224 [ERROR] anetf.datasources.juquaner: JQ: query failed for all candidates: ['科创综指']
2026-08-29 10:00:33,224 [INFO] anetf.datasources.csindex: ZZ: Update PE index id(000680)
2026-08-29 10:00:33,233 [ERROR] anetf.datasources.juquaner: JQ: query failed for all candidates: ['中证机床']
2026-08-29 10:00:33,233 [INFO] anetf.datasources.csindex: ZZ: Update PE index id(931866)
2026-08-29 10:00:33,254 [ERROR] __main__: 中证指数: fetch failed for 000680: HTTP Error 403: Forbidden
2026-08-29 10:00:33,254 [INFO] anetf.datasources.cni: GZ: Update PE index id(000680), name(科创综指)
2026-08-29 10:00:33,254 [WARNING] anetf.datasources.cni: GZ: Update 000680 failed, index not found in gz_df.
2026-08-29 10:00:33,254 [INFO] anetf.datasources.csindex: CSI: Update PE index id(000680), name(科创综指)
2026-08-29 10:00:33,258 [ERROR] __main__: 中证指数: fetch failed for 931866: HTTP Error 403: Forbidden
2026-08-29 10:00:33,258 [INFO] anetf.datasources.cni: GZ: Update PE index id(931866), name(中证机床)
2026-08-29 10:00:33,258 [WARNING] anetf.datasources.cni: GZ: Update 931866 failed, index not found in gz_df.
2026-08-29 10:00:33,258 [INFO] anetf.datasources.csindex: CSI: Update PE index id(931866), name(中证机床)
2026-08-29 10:00:33,322 [ERROR] anetf.datasources.juquaner: JQ: query failed for all candidates: ['光伏产业']
2026-08-29 10:00:33,322 [INFO] anetf.datasources.csindex: ZZ: Update PE index id(931151)
2026-08-29 10:00:33,347 [ERROR] anetf.datasources.juquaner: JQ: query failed for all candidates: ['芯片产业']
2026-08-29 10:00:33,347 [INFO] anetf.datasources.csindex: ZZ: Update PE index id(H30007)
2026-08-29 10:00:33,356 [ERROR] __main__: 中证指数行情: fetch failed for 000680: Expecting value: line 1 column 1 (char 0)
2026-08-29 10:00:33,357 [INFO] anetf.datasources.price: PRICE: Update index id(000680), name(科创综指), source=cn
2026-08-29 10:00:33,363 [ERROR] __main__: 中证指数: fetch failed for 931151: HTTP Error 403: Forbidden
2026-08-29 10:00:33,363 [INFO] anetf.datasources.cni: GZ: Update PE index id(931151), name(光伏产业)
2026-08-29 10:00:33,363 [WARNING] anetf.datasources.cni: GZ: Update 931151 failed, index not found in gz_df.
2026-08-29 10:00:33,363 [INFO] anetf.datasources.csindex: CSI: Update PE index id(931151), name(光伏产业)
2026-08-29 10:00:33,367 [ERROR] __main__: 中证指数行情: fetch failed for 931866: Expecting value: line 1 column 1 (char 0)
2026-08-29 10:00:33,368 [INFO] anetf.datasources.price: PRICE: Update index id(931866), name(中证机床), source=cn
2026-08-29 10:00:33,370 [ERROR] __main__: 中证指数: fetch failed for H30007: HTTP Error 403: Forbidden
2026-08-29 10:00:33,370 [INFO] anetf.datasources.cni: GZ: Update PE index id(H30007), name(芯片产业)
2026-08-29 10:00:33,370 [WARNING] anetf.datasources.cni: GZ: Update H30007 failed, index not found in gz_df.
2026-08-29 10:00:33,370 [INFO] anetf.datasources.csindex: CSI: Update PE index id(H30007), name(芯片产业)
2026-08-29 10:00:33,504 [ERROR] __main__: 中证指数行情: fetch failed for 931151: Expecting value: line 1 column 1 (char 0)
2026-08-29 10:00:33,506 [INFO] anetf.datasources.price: PRICE: Update index id(931151), name(光伏产业), source=cn
2026-08-29 10:00:33,513 [ERROR] __main__: 中证指数行情: fetch failed for H30007: Expecting value: line 1 column 1 (char 0)
2026-08-29 10:00:33,514 [INFO] anetf.datasources.price: PRICE: Update index id(H30007), name(芯片产业), source=cn
2026-08-29 10:00:33,520 [ERROR] anetf.datasources.juquaner: JQ: query failed for all candidates: ['SHS创新药']
2026-08-29 10:00:33,520 [INFO] anetf.datasources.csindex: ZZ: Update PE index id(931409)
2026-08-29 10:00:33,548 [ERROR] __main__: 中证指数: fetch failed for 931409: HTTP Error 403: Forbidden
2026-08-29 10:00:33,548 [INFO] anetf.datasources.cni: GZ: Update PE index id(931409), name(SHS创新药)
2026-08-29 10:00:33,548 [WARNING] anetf.datasources.cni: GZ: Update 931409 failed, index not found in gz_df.
2026-08-29 10:00:33,548 [INFO] anetf.datasources.csindex: CSI: Update PE index id(931409), name(SHS创新药)
2026-08-29 10:00:33,614 [ERROR] anetf.datasources.juquaner: JQ: query failed for all candidates: ['CS生医']
2026-08-29 10:00:33,615 [INFO] anetf.datasources.csindex: ZZ: Update PE index id(930726)
2026-08-29 10:00:33,650 [ERROR] anetf.datasources.juquaner: JQ: query failed for all candidates: ['上海金']
2026-08-29 10:00:33,650 [INFO] anetf.datasources.price: PRICE: Update index id(SHAU), name(上海金), source=gold
2026-08-29 10:00:33,666 [ERROR] anetf.datasources.juquaner: JQ: query failed for all candidates: ['中证现金流']
2026-08-29 10:00:33,666 [INFO] anetf.datasources.csindex: ZZ: Update PE index id(932365)
2026-08-29 10:00:33,667 [ERROR] __main__: 中证指数: fetch failed for 930726: HTTP Error 403: Forbidden
2026-08-29 10:00:33,667 [INFO] anetf.datasources.cni: GZ: Update PE index id(930726), name(CS生医)
2026-08-29 10:00:33,667 [WARNING] anetf.datasources.cni: GZ: Update 930726 failed, index not found in gz_df.
2026-08-29 10:00:33,668 [INFO] anetf.datasources.csindex: CSI: Update PE index id(930726), name(CS生医)
2026-08-29 10:00:33,686 [INFO] __main__: 168: Update PE index for 399365/国证粮食
2026-08-29 10:00:33,686 [INFO] anetf.datasources.juquaner: JQ: Update PE index id(399365), local_name(国证粮食), trying funddb_name(国证粮食)
2026-08-29 10:00:33,687 [ERROR] __main__: 中证指数行情: fetch failed for 931409: Expecting value: line 1 column 1 (char 0)
2026-08-29 10:00:33,688 [INFO] anetf.datasources.price: PRICE: Update index id(931409), name(SHS创新药), source=cn
2026-08-29 10:00:33,697 [ERROR] __main__: 中证指数: fetch failed for 932365: HTTP Error 403: Forbidden
2026-08-29 10:00:33,697 [INFO] anetf.datasources.cni: GZ: Update PE index id(932365), name(中证现金流)
2026-08-29 10:00:33,697 [WARNING] anetf.datasources.cni: GZ: Update 932365 failed, index not found in gz_df.
2026-08-29 10:00:33,698 [INFO] anetf.datasources.csindex: CSI: Update PE index id(932365), name(中证现金流)
2026-08-29 10:00:33,739 [INFO] anetf.datasources.price: PRICE: primary API failed for csi931866, falling back to csindex
2026-08-29 10:00:33,755 [ERROR] anetf.datasources.juquaner: JQ: query failed for all candidates: ['中国互联网30']
2026-08-29 10:00:33,777 [INFO] anetf.datasources.csindex: ZZ: Update PE index id(930604)
2026-08-29 10:00:33,780 [INFO] anetf.datasources.price: PRICE: primary API failed for csi931151, falling back to csindex
2026-08-29 10:00:33,781 [INFO] anetf.datasources.price: PRICE: primary API failed for csiH30007, falling back to csindex
2026-08-29 10:00:33,786 [ERROR] anetf.datasources.juquaner: JQ: query failed for all candidates: ['软件指数']
2026-08-29 10:00:33,786 [INFO] anetf.datasources.csindex: ZZ: Update PE index id(H30202)
2026-08-29 10:00:33,799 [ERROR] __main__: 中证指数行情: fetch failed for 930726: Expecting value: line 1 column 1 (char 0)
2026-08-29 10:00:33,800 [INFO] anetf.datasources.price: PRICE: Update index id(930726), name(CS生医), source=cn
2026-08-29 10:00:33,813 [ERROR] __main__: 中证指数: fetch failed for 930604: HTTP Error 403: Forbidden
2026-08-29 10:00:33,813 [INFO] anetf.datasources.cni: GZ: Update PE index id(930604), name(中国互联网30)
2026-08-29 10:00:33,813 [WARNING] anetf.datasources.cni: GZ: Update 930604 failed, index not found in gz_df.
2026-08-29 10:00:33,813 [INFO] anetf.datasources.csindex: CSI: Update PE index id(930604), name(中国互联网30)
2026-08-29 10:00:33,824 [ERROR] __main__: 中证指数: fetch failed for H30202: HTTP Error 403: Forbidden
2026-08-29 10:00:33,824 [INFO] anetf.datasources.cni: GZ: Update PE index id(H30202), name(软件指数)
2026-08-29 10:00:33,824 [WARNING] anetf.datasources.cni: GZ: Update H30202 failed, index not found in gz_df.
2026-08-29 10:00:33,824 [INFO] anetf.datasources.csindex: CSI: Update PE index id(H30202), name(软件指数)
2026-08-29 10:00:33,871 [ERROR] __main__: 中证指数行情: fetch failed for 932365: Expecting value: line 1 column 1 (char 0)
2026-08-29 10:00:33,874 [INFO] anetf.datasources.price: PRICE: Update index id(932365), name(中证现金流), source=cn
2026-08-29 10:00:33,951 [INFO] anetf.datasources.price: PRICE: primary API failed for csi931409, falling back to csindex
2026-08-29 10:00:33,967 [WARNING] anetf.datasources.price: PRICE: fallback also failed for 931866: Expecting value: line 1 column 1 (char 0)
2026-08-29 10:00:33,974 [INFO] __main__: 169: Update PE index for 930707/中证畜牧
2026-08-29 10:00:33,989 [INFO] anetf.datasources.juquaner: JQ: Update PE index id(930707), local_name(中证畜牧), trying funddb_name(中证畜牧)
2026-08-29 10:00:34,023 [WARNING] anetf.datasources.price: PRICE: fallback also failed for H30007: Expecting value: line 1 column 1 (char 0)
2026-08-29 10:00:34,027 [INFO] __main__: 170: Update PE index for 931239/港股通汽车
2026-08-29 10:00:34,027 [INFO] anetf.datasources.juquaner: JQ: Update PE index id(931239), local_name(港股通汽车), trying funddb_name(港股通汽车)
2026-08-29 10:00:34,032 [ERROR] __main__: 中证指数行情: fetch failed for 930604: Expecting value: line 1 column 1 (char 0)
2026-08-29 10:00:34,032 [INFO] __main__: 171: Update PE index for 931643/HKC医药
2026-08-29 10:00:34,033 [INFO] anetf.datasources.juquaner: JQ: Update PE index id(931643), local_name(HKC医药), trying funddb_name(HKC医药)
2026-08-29 10:00:34,033 [INFO] anetf.datasources.price: PRICE: Update index id(930604), name(中国互联网30), source=cn
2026-08-29 10:00:34,044 [WARNING] anetf.datasources.price: PRICE: fallback also failed for 931151: Expecting value: line 1 column 1 (char 0)
2026-08-29 10:00:34,047 [ERROR] __main__: 中证指数行情: fetch failed for H30202: Expecting value: line 1 column 1 (char 0)
2026-08-29 10:00:34,050 [INFO] anetf.datasources.price: PRICE: Update index id(H30202), name(软件指数), source=cn
2026-08-29 10:00:34,050 [INFO] __main__: 172: Update PE index for CN5082/国证航天
2026-08-29 10:00:34,050 [INFO] anetf.datasources.juquaner: JQ: Update PE index id(CN5082), local_name(国证航天), trying funddb_name(国证航天)
2026-08-29 10:00:34,095 [WARNING] anetf.datasources.price: PRICE: fallback also failed for 931409: Expecting value: line 1 column 1 (char 0)
2026-08-29 10:00:34,118 [INFO] __main__: 173: Update PE index for 000811/细分有色
2026-08-29 10:00:34,118 [INFO] anetf.datasources.juquaner: JQ: Update PE index id(000811), local_name(细分有色), trying funddb_name(细分有色)
2026-08-29 10:00:34,133 [ERROR] anetf.datasources.juquaner: JQ: query failed for all candidates: ['科技龙头']
2026-08-29 10:00:34,145 [INFO] anetf.datasources.csindex: ZZ: Update PE index id(931087)
2026-08-29 10:00:34,143 [INFO] anetf.datasources.price: PRICE: primary API failed for sh930726, falling back to csindex
2026-08-29 10:00:34,153 [INFO] anetf.datasources.price: PRICE: primary API failed for sh932365, falling back to csindex
2026-08-29 10:00:34,185 [ERROR] __main__: 中证指数: fetch failed for 931087: HTTP Error 403: Forbidden
2026-08-29 10:00:34,185 [INFO] anetf.datasources.cni: GZ: Update PE index id(931087), name(科技龙头)
2026-08-29 10:00:34,185 [WARNING] anetf.datasources.cni: GZ: Update 931087 failed, index not found in gz_df.
2026-08-29 10:00:34,185 [INFO] anetf.datasources.csindex: CSI: Update PE index id(931087), name(科技龙头)
2026-08-29 10:00:34,307 [WARNING] anetf.datasources.price: PRICE: fallback also failed for 932365: Expecting value: line 1 column 1 (char 0)
2026-08-29 10:00:34,312 [INFO] __main__: 174: Update PE index for 980092/自由现金流
2026-08-29 10:00:34,314 [INFO] anetf.datasources.juquaner: JQ: Update PE index id(980092), local_name(自由现金流), trying funddb_name(自由现金流)
2026-08-29 10:00:34,329 [ERROR] anetf.datasources.juquaner: JQ: query failed for all candidates: ['中证传媒']
2026-08-29 10:00:34,329 [INFO] anetf.datasources.csindex: ZZ: Update PE index id(399971)
2026-08-29 10:00:34,333 [WARNING] anetf.datasources.price: PRICE: fallback also failed for 930726: Expecting value: line 1 column 1 (char 0)
2026-08-29 10:00:34,335 [INFO] __main__: 175: Update PE index for HSI/恒生指数
2026-08-29 10:00:34,336 [INFO] anetf.datasources.juquaner: JQ: Update PE index id(HSI), local_name(恒生指数), trying funddb_name(恒生指数)
2026-08-29 10:00:34,352 [ERROR] __main__: 中证指数: fetch failed for 399971: HTTP Error 403: Forbidden
2026-08-29 10:00:34,352 [INFO] anetf.datasources.cni: GZ: Update PE index id(399971), name(中证传媒)
2026-08-29 10:00:34,352 [WARNING] anetf.datasources.cni: GZ: Update 399971 failed, index not found in gz_df.
2026-08-29 10:00:34,352 [INFO] anetf.datasources.csindex: CSI: Update PE index id(399971), name(中证传媒)
2026-08-29 10:00:34,355 [ERROR] __main__: 中证指数行情: fetch failed for 931087: Expecting value: line 1 column 1 (char 0)
2026-08-29 10:00:34,356 [INFO] anetf.datasources.price: PRICE: Update index id(931087), name(科技龙头), source=cn
2026-08-29 10:00:34,363 [INFO] anetf.datasources.price: PRICE: primary API failed for sh930604, falling back to csindex
2026-08-29 10:00:34,399 [INFO] anetf.datasources.price: PRICE: primary API failed for csiH30202, falling back to csindex
2026-08-29 10:00:34,536 [WARNING] anetf.datasources.price: PRICE: fallback also failed for H30202: Expecting value: line 1 column 1 (char 0)
2026-08-29 10:00:34,540 [ERROR] __main__: 中证指数行情: fetch failed for 399971: Expecting value: line 1 column 1 (char 0)
2026-08-29 10:00:34,540 [INFO] __main__: 176: Update PE index for 931719/CS电池
2026-08-29 10:00:34,541 [INFO] anetf.datasources.price: PRICE: Update index id(399971), name(中证传媒), source=cn
2026-08-29 10:00:34,542 [INFO] anetf.datasources.juquaner: JQ: Update PE index id(931719), local_name(CS电池), trying funddb_name(CS电池)
2026-08-29 10:00:34,546 [WARNING] anetf.datasources.price: PRICE: fallback also failed for 930604: Expecting value: line 1 column 1 (char 0)
2026-08-29 10:00:34,550 [INFO] __main__: 177: Update PE index for 931052/国信价值
2026-08-29 10:00:34,550 [INFO] anetf.datasources.juquaner: JQ: Update PE index id(931052), local_name(国信价值), trying funddb_name(国信价值)
2026-08-29 10:00:34,581 [ERROR] anetf.datasources.juquaner: JQ: query failed for all candidates: ['中证畜牧']
2026-08-29 10:00:34,582 [INFO] anetf.datasources.csindex: ZZ: Update PE index id(930707)
2026-08-29 10:00:34,599 [INFO] anetf.datasources.price: PRICE: primary API failed for csi931087, falling back to csindex
2026-08-29 10:00:34,606 [ERROR] __main__: 中证指数: fetch failed for 930707: HTTP Error 403: Forbidden
2026-08-29 10:00:34,606 [INFO] anetf.datasources.cni: GZ: Update PE index id(930707), name(中证畜牧)
2026-08-29 10:00:34,606 [WARNING] anetf.datasources.cni: GZ: Update 930707 failed, index not found in gz_df.
2026-08-29 10:00:34,606 [INFO] anetf.datasources.csindex: CSI: Update PE index id(930707), name(中证畜牧)
2026-08-29 10:00:34,699 [ERROR] anetf.datasources.juquaner: JQ: query failed for all candidates: ['国证航天']
2026-08-29 10:00:34,700 [INFO] anetf.datasources.csindex: ZZ: Update PE index id(CN5082)
2026-08-29 10:00:34,726 [ERROR] __main__: 中证指数: fetch failed for CN5082: HTTP Error 403: Forbidden
2026-08-29 10:00:34,726 [ERROR] __main__: 中证指数行情: fetch failed for 930707: Expecting value: line 1 column 1 (char 0)
2026-08-29 10:00:34,728 [INFO] anetf.datasources.cni: GZ: Update PE index id(CN5082), name(国证航天)
2026-08-29 10:00:34,729 [INFO] anetf.datasources.price: PRICE: Update index id(930707), name(中证畜牧), source=cn
2026-08-29 10:00:34,738 [INFO] __main__: 178: Update PE index for 930632/CS稀金属
2026-08-29 10:00:34,738 [INFO] anetf.datasources.juquaner: JQ: Update PE index id(930632), local_name(CS稀金属), trying funddb_name(CS稀金属)
2026-08-29 10:00:34,739 [WARNING] anetf.datasources.price: PRICE: fallback also failed for 931087: Expecting value: line 1 column 1 (char 0)
2026-08-29 10:00:34,752 [INFO] __main__: 179: Update PE index for 931071/人工智能
2026-08-29 10:00:34,752 [INFO] anetf.datasources.juquaner: JQ: Update PE index id(931071), local_name(人工智能), trying funddb_name(人工智能)
2026-08-29 10:00:34,775 [ERROR] anetf.datasources.juquaner: JQ: query failed for all candidates: ['细分有色']
2026-08-29 10:00:34,775 [INFO] anetf.datasources.csindex: ZZ: Update PE index id(000811)
2026-08-29 10:00:34,797 [INFO] __main__: 180: Update PE index for 931573/HKC科技(CNY)
2026-08-29 10:00:34,797 [INFO] anetf.datasources.juquaner: JQ: Update PE index id(931573), local_name(HKC科技(CNY)), trying funddb_name(HKC科技(CNY))
2026-08-29 10:00:34,809 [ERROR] __main__: 中证指数: fetch failed for 000811: HTTP Error 403: Forbidden
2026-08-29 10:00:34,809 [INFO] anetf.datasources.cni: GZ: Update PE index id(000811), name(细分有色)
2026-08-29 10:00:34,809 [WARNING] anetf.datasources.cni: GZ: Update 000811 failed, index not found in gz_df.
2026-08-29 10:00:34,809 [INFO] anetf.datasources.csindex: CSI: Update PE index id(000811), name(细分有色)
2026-08-29 10:00:34,908 [INFO] anetf.datasources.price: PRICE: primary API failed for sh930707, falling back to csindex
2026-08-29 10:00:34,927 [ERROR] __main__: 中证指数行情: fetch failed for 000811: Expecting value: line 1 column 1 (char 0)
2026-08-29 10:00:34,929 [INFO] anetf.datasources.price: PRICE: Update index id(000811), name(细分有色), source=cn
2026-08-29 10:00:34,947 [ERROR] anetf.datasources.juquaner: JQ: query failed for all candidates: ['恒生指数']
2026-08-29 10:00:34,948 [INFO] anetf.datasources.price: PRICE: Update index id(HSI), name(恒生指数), source=hk
2026-08-29 10:00:34,976 [WARNING] anetf.datasources.price: PRICE: fallback also failed for 930707: Expecting value: line 1 column 1 (char 0)
2026-08-29 10:00:34,984 [INFO] __main__: 182: Update PE index for N225/日经225
2026-08-29 10:00:34,985 [INFO] anetf.datasources.juquaner: JQ: Update PE index id(N225), local_name(日经225), trying funddb_name(日经225)
2026-08-29 10:00:35,050 [ERROR] anetf.datasources.juquaner: JQ: query failed for all candidates: ['国证粮食']
2026-08-29 10:00:35,053 [INFO] anetf.datasources.csindex: ZZ: Update PE index id(399365)
2026-08-29 10:00:35,076 [ERROR] __main__: 中证指数: fetch failed for 399365: HTTP Error 403: Forbidden
2026-08-29 10:00:35,076 [INFO] anetf.datasources.cni: GZ: Update PE index id(399365), name(国证粮食)
2026-08-29 10:00:35,091 [INFO] __main__: 183: Update PE index for 931066/军工龙头
2026-08-29 10:00:35,091 [INFO] anetf.datasources.juquaner: JQ: Update PE index id(931066), local_name(军工龙头), trying funddb_name(军工龙头)
2026-08-29 10:00:35,106 [ERROR] anetf.datasources.juquaner: JQ: query failed for all candidates: ['CS电池']
2026-08-29 10:00:35,106 [INFO] anetf.datasources.csindex: ZZ: Update PE index id(931719)
2026-08-29 10:00:35,132 [ERROR] __main__: 中证指数: fetch failed for 931719: HTTP Error 403: Forbidden
2026-08-29 10:00:35,132 [INFO] anetf.datasources.cni: GZ: Update PE index id(931719), name(CS电池)
2026-08-29 10:00:35,133 [WARNING] anetf.datasources.cni: GZ: Update 931719 failed, index not found in gz_df.
2026-08-29 10:00:35,133 [INFO] anetf.datasources.csindex: CSI: Update PE index id(931719), name(CS电池)
2026-08-29 10:00:35,180 [ERROR] anetf.datasources.juquaner: JQ: query failed for all candidates: ['港股通汽车']
2026-08-29 10:00:35,185 [INFO] anetf.datasources.csindex: ZZ: Update PE index id(931239)
2026-08-29 10:00:35,203 [INFO] __main__: 184: Update PE index for 000695/科创AI指数
2026-08-29 10:00:35,204 [INFO] anetf.datasources.juquaner: JQ: Update PE index id(000695), local_name(科创AI指数), trying funddb_name(科创AI指数)
2026-08-29 10:00:35,212 [ERROR] __main__: 中证指数: fetch failed for 931239: HTTP Error 403: Forbidden
2026-08-29 10:00:35,212 [INFO] anetf.datasources.cni: GZ: Update PE index id(931239), name(港股通汽车)
2026-08-29 10:00:35,212 [WARNING] anetf.datasources.cni: GZ: Update 931239 failed, index not found in gz_df.
2026-08-29 10:00:35,212 [INFO] anetf.datasources.csindex: CSI: Update PE index id(931239), name(港股通汽车)
2026-08-29 10:00:35,214 [ERROR] __main__: 中证指数行情: fetch failed for 931719: Expecting value: line 1 column 1 (char 0)
2026-08-29 10:00:35,215 [INFO] anetf.datasources.price: PRICE: Update index id(931719), name(CS电池), source=cn
2026-08-29 10:00:35,243 [INFO] __main__: 185: Update PE index for DJI/道琼斯工业平均指数
2026-08-29 10:00:35,243 [INFO] anetf.datasources.juquaner: JQ: Update PE index id(DJI), local_name(道琼斯工业平均指数), trying funddb_name(道琼斯工业指数)
2026-08-29 10:00:35,288 [ERROR] anetf.datasources.juquaner: JQ: query failed for all candidates: ['CS稀金属']
2026-08-29 10:00:35,288 [INFO] anetf.datasources.csindex: ZZ: Update PE index id(930632)
2026-08-29 10:00:35,317 [ERROR] __main__: 中证指数: fetch failed for 930632: HTTP Error 403: Forbidden
2026-08-29 10:00:35,317 [INFO] anetf.datasources.cni: GZ: Update PE index id(930632), name(CS稀金属)
2026-08-29 10:00:35,317 [WARNING] anetf.datasources.cni: GZ: Update 930632 failed, index not found in gz_df.
2026-08-29 10:00:35,317 [INFO] anetf.datasources.csindex: CSI: Update PE index id(930632), name(CS稀金属)
2026-08-29 10:00:35,348 [ERROR] anetf.datasources.juquaner: JQ: query failed for all candidates: ['HKC医药']
2026-08-29 10:00:35,348 [INFO] anetf.datasources.csindex: ZZ: Update PE index id(931643)
2026-08-29 10:00:35,374 [ERROR] __main__: 中证指数: fetch failed for 931643: HTTP Error 403: Forbidden
2026-08-29 10:00:35,374 [INFO] anetf.datasources.cni: GZ: Update PE index id(931643), name(HKC医药)
2026-08-29 10:00:35,374 [WARNING] anetf.datasources.cni: GZ: Update 931643 failed, index not found in gz_df.
2026-08-29 10:00:35,375 [INFO] anetf.datasources.csindex: CSI: Update PE index id(931643), name(HKC医药)
2026-08-29 10:00:35,376 [ERROR] __main__: 中证指数行情: fetch failed for 931239: Expecting value: line 1 column 1 (char 0)
2026-08-29 10:00:35,377 [INFO] anetf.datasources.price: PRICE: Update index id(931239), name(港股通汽车), source=cn
2026-08-29 10:00:35,395 [ERROR] __main__: 中证指数行情: fetch failed for 930632: Expecting value: line 1 column 1 (char 0)
2026-08-29 10:00:35,399 [INFO] anetf.datasources.price: PRICE: Update index id(930632), name(CS稀金属), source=cn
2026-08-29 10:00:35,502 [ERROR] anetf.datasources.juquaner: JQ: query failed for all candidates: ['日经225']
2026-08-29 10:00:35,502 [ERROR] __main__: 中证指数行情: fetch failed for 931643: Expecting value: line 1 column 1 (char 0)
2026-08-29 10:00:35,503 [INFO] anetf.datasources.price: PRICE: Update index id(931643), name(HKC医药), source=cn
2026-08-29 10:00:35,502 [INFO] anetf.datasources.csindex: ZZ: Update PE index id(N225)
2026-08-29 10:00:35,532 [ERROR] anetf.datasources.juquaner: JQ: query failed for all candidates: ['自由现金流']
2026-08-29 10:00:35,532 [INFO] anetf.datasources.cni: GZ: Update PE index id(980092), name(自由现金流)
2026-08-29 10:00:35,535 [ERROR] __main__: 中证指数: fetch failed for N225: HTTP Error 403: Forbidden
2026-08-29 10:00:35,535 [INFO] anetf.datasources.cni: GZ: Update PE index id(N225), name(日经225)
2026-08-29 10:00:35,535 [WARNING] anetf.datasources.cni: GZ: Update N225 failed, index not found in gz_df.
2026-08-29 10:00:35,535 [INFO] anetf.datasources.csindex: CSI: Update PE index id(N225), name(日经225)
2026-08-29 10:00:35,545 [INFO] __main__: 186: Update PE index for GDAXI/德国DAX
2026-08-29 10:00:35,545 [INFO] anetf.datasources.juquaner: JQ: Update PE index id(GDAXI), local_name(德国DAX), trying funddb_name(德国DAX)
2026-08-29 10:00:35,559 [INFO] anetf.datasources.price: PRICE: primary API failed for csi931719, falling back to csindex
2026-08-29 10:00:35,612 [INFO] anetf.datasources.price: PRICE: primary API failed for sh930632, falling back to csindex
2026-08-29 10:00:35,618 [ERROR] __main__: 中证指数行情: fetch failed for N225: Expecting value: line 1 column 1 (char 0)
2026-08-29 10:00:35,620 [WARNING] anetf.datasources.price: PRICE: No price source for N225
2026-08-29 10:00:35,620 [INFO] __main__: 187: Update PE index for 000932/中证消费
2026-08-29 10:00:35,620 [INFO] anetf.datasources.juquaner: JQ: Update PE index id(000932), local_name(中证消费), trying funddb_name(中证消费)
2026-08-29 10:00:35,636 [ERROR] anetf.datasources.juquaner: JQ: query failed for all candidates: ['军工龙头']
2026-08-29 10:00:35,637 [INFO] anetf.datasources.csindex: ZZ: Update PE index id(931066)
2026-08-29 10:00:35,650 [ERROR] anetf.datasources.juquaner: JQ: query failed for all candidates: ['国信价值']
2026-08-29 10:00:35,651 [INFO] anetf.datasources.price: PRICE: primary API failed for csi931239, falling back to csindex
2026-08-29 10:00:35,651 [INFO] anetf.datasources.csindex: ZZ: Update PE index id(931052)
2026-08-29 10:00:35,661 [WARNING] anetf.datasources.price: PRICE: fallback also failed for 931719: Expecting value: line 1 column 1 (char 0)
2026-08-29 10:00:35,669 [INFO] __main__: 188: Update PE index for 000689/科创材料
2026-08-29 10:00:35,670 [INFO] anetf.datasources.juquaner: JQ: Update PE index id(000689), local_name(科创材料), trying funddb_name(科创材料)
2026-08-29 10:00:35,671 [INFO] anetf.datasources.price: PRICE: primary API failed for csi931643, falling back to csindex
2026-08-29 10:00:35,677 [ERROR] __main__: 中证指数: fetch failed for 931066: HTTP Error 403: Forbidden
2026-08-29 10:00:35,678 [INFO] anetf.datasources.cni: GZ: Update PE index id(931066), name(军工龙头)
2026-08-29 10:00:35,678 [WARNING] anetf.datasources.cni: GZ: Update 931066 failed, index not found in gz_df.
2026-08-29 10:00:35,678 [INFO] anetf.datasources.csindex: CSI: Update PE index id(931066), name(军工龙头)
2026-08-29 10:00:35,694 [ERROR] __main__: 中证指数: fetch failed for 931052: HTTP Error 403: Forbidden
2026-08-29 10:00:35,694 [INFO] anetf.datasources.cni: GZ: Update PE index id(931052), name(国信价值)
2026-08-29 10:00:35,694 [WARNING] anetf.datasources.cni: GZ: Update 931052 failed, index not found in gz_df.
2026-08-29 10:00:35,694 [INFO] anetf.datasources.csindex: CSI: Update PE index id(931052), name(国信价值)
2026-08-29 10:00:35,742 [ERROR] anetf.datasources.juquaner: JQ: query failed for all candidates: ['科创AI指数']
2026-08-29 10:00:35,742 [INFO] anetf.datasources.csindex: ZZ: Update PE index id(000695)
2026-08-29 10:00:35,773 [WARNING] anetf.datasources.price: PRICE: fallback also failed for 930632: Expecting value: line 1 column 1 (char 0)
2026-08-29 10:00:35,779 [INFO] __main__: 189: Update PE index for 399967/中证军工
2026-08-29 10:00:35,785 [INFO] anetf.datasources.juquaner: JQ: Update PE index id(399967), local_name(中证军工), trying funddb_name(中证军工)
2026-08-29 10:00:35,785 [ERROR] __main__: 中证指数: fetch failed for 000695: HTTP Error 403: Forbidden
2026-08-29 10:00:35,786 [INFO] anetf.datasources.cni: GZ: Update PE index id(000695), name(科创AI指数)
2026-08-29 10:00:35,786 [WARNING] anetf.datasources.cni: GZ: Update 000695 failed, index not found in gz_df.
2026-08-29 10:00:35,786 [INFO] anetf.datasources.csindex: CSI: Update PE index id(000695), name(科创AI指数)
2026-08-29 10:00:35,846 [ERROR] anetf.datasources.juquaner: JQ: query failed for all candidates: ['HKC科技(CNY)']
2026-08-29 10:00:35,847 [INFO] anetf.datasources.csindex: ZZ: Update PE index id(931573)
2026-08-29 10:00:35,852 [ERROR] __main__: 中证指数行情: fetch failed for 931066: Expecting value: line 1 column 1 (char 0)
2026-08-29 10:00:35,853 [INFO] anetf.datasources.price: PRICE: Update index id(931066), name(军工龙头), source=cn
2026-08-29 10:00:35,865 [WARNING] anetf.datasources.price: PRICE: fallback also failed for 931239: Expecting value: line 1 column 1 (char 0)
2026-08-29 10:00:35,871 [INFO] __main__: 190: Update PE index for 399606/创业板R
2026-08-29 10:00:35,872 [INFO] anetf.datasources.juquaner: JQ: Update PE index id(399606), local_name(创业板R), trying funddb_name(创业板R)
2026-08-29 10:00:35,875 [WARNING] anetf.datasources.price: PRICE: fallback also failed for 931643: Expecting value: line 1 column 1 (char 0)
2026-08-29 10:00:35,881 [ERROR] __main__: 中证指数: fetch failed for 931573: HTTP Error 403: Forbidden
2026-08-29 10:00:35,883 [INFO] anetf.datasources.cni: GZ: Update PE index id(931573), name(HKC科技(CNY))
2026-08-29 10:00:35,884 [WARNING] anetf.datasources.cni: GZ: Update 931573 failed, index not found in gz_df.
2026-08-29 10:00:35,884 [INFO] anetf.datasources.csindex: CSI: Update PE index id(931573), name(HKC科技(CNY))
2026-08-29 10:00:35,885 [INFO] __main__: 191: Update PE index for H11059/工业有色
2026-08-29 10:00:35,887 [INFO] anetf.datasources.juquaner: JQ: Update PE index id(H11059), local_name(工业有色), trying funddb_name(工业有色)
2026-08-29 10:00:35,911 [ERROR] __main__: 中证指数行情: fetch failed for 931052: Expecting value: line 1 column 1 (char 0)
2026-08-29 10:00:35,913 [INFO] anetf.datasources.price: PRICE: Update index id(931052), name(国信价值), source=cn
2026-08-29 10:00:35,926 [ERROR] anetf.datasources.juquaner: JQ: query failed for all candidates: ['人工智能']
2026-08-29 10:00:35,929 [INFO] anetf.datasources.csindex: ZZ: Update PE index id(931071)
2026-08-29 10:00:35,958 [ERROR] __main__: 中证指数行情: fetch failed for 000695: Expecting value: line 1 column 1 (char 0)
2026-08-29 10:00:35,961 [INFO] anetf.datasources.price: PRICE: Update index id(000695), name(科创AI指数), source=cn
2026-08-29 10:00:35,970 [ERROR] __main__: 中证指数: fetch failed for 931071: HTTP Error 403: Forbidden
2026-08-29 10:00:35,970 [INFO] anetf.datasources.cni: GZ: Update PE index id(931071), name(人工智能)
2026-08-29 10:00:35,971 [WARNING] anetf.datasources.cni: GZ: Update 931071 failed, index not found in gz_df.
2026-08-29 10:00:35,971 [INFO] anetf.datasources.csindex: CSI: Update PE index id(931071), name(人工智能)
2026-08-29 10:00:36,074 [ERROR] __main__: 中证指数行情: fetch failed for 931573: Expecting value: line 1 column 1 (char 0)
2026-08-29 10:00:36,075 [INFO] anetf.datasources.price: PRICE: Update index id(931573), name(HKC科技(CNY)), source=cn
2026-08-29 10:00:36,081 [INFO] anetf.datasources.price: PRICE: primary API failed for csi931066, falling back to csindex
2026-08-29 10:00:36,127 [ERROR] __main__: 中证指数行情: fetch failed for 931071: Expecting value: line 1 column 1 (char 0)
2026-08-29 10:00:36,128 [INFO] anetf.datasources.price: PRICE: Update index id(931071), name(人工智能), source=cn
2026-08-29 10:00:36,169 [WARNING] anetf.datasources.price: PRICE: fallback also failed for 931066: Expecting value: line 1 column 1 (char 0)
2026-08-29 10:00:36,172 [INFO] __main__: 192: Update PE index for 980081/价值100
2026-08-29 10:00:36,172 [INFO] anetf.datasources.juquaner: JQ: Update PE index id(980081), local_name(价值100), trying funddb_name(价值100)
2026-08-29 10:00:36,178 [INFO] anetf.datasources.price: PRICE: primary API failed for csi931052, falling back to csindex
2026-08-29 10:00:36,188 [ERROR] anetf.datasources.juquaner: JQ: query failed for all candidates: ['中证消费']
2026-08-29 10:00:36,188 [INFO] anetf.datasources.csindex: ZZ: Update PE index id(000932)
2026-08-29 10:00:36,214 [ERROR] __main__: 中证指数: fetch failed for 000932: HTTP Error 403: Forbidden
2026-08-29 10:00:36,214 [INFO] anetf.datasources.cni: GZ: Update PE index id(000932), name(中证消费)
2026-08-29 10:00:36,214 [WARNING] anetf.datasources.cni: GZ: Update 000932 failed, index not found in gz_df.
2026-08-29 10:00:36,214 [INFO] anetf.datasources.csindex: CSI: Update PE index id(000932), name(中证消费)
2026-08-29 10:00:36,256 [WARNING] anetf.datasources.price: PRICE: fallback also failed for 931052: Expecting value: line 1 column 1 (char 0)
2026-08-29 10:00:36,262 [INFO] __main__: 193: Update PE index for 987008/港股通科技
2026-08-29 10:00:36,267 [INFO] anetf.datasources.juquaner: JQ: Update PE index id(987008), local_name(港股通科技), trying funddb_name(港股通科技)
2026-08-29 10:00:36,298 [INFO] __main__: 194: Update PE index for 950162/科创芯片设计
2026-08-29 10:00:36,298 [INFO] anetf.datasources.juquaner: JQ: Update PE index id(950162), local_name(科创芯片设计), trying funddb_name(科创芯片设计)
2026-08-29 10:00:36,304 [INFO] anetf.datasources.price: PRICE: primary API failed for csi931573, falling back to csindex
2026-08-29 10:00:36,323 [ERROR] anetf.datasources.juquaner: JQ: query failed for all candidates: ['中证军工']
2026-08-29 10:00:36,323 [INFO] anetf.datasources.csindex: ZZ: Update PE index id(399967)
2026-08-29 10:00:36,334 [ERROR] __main__: 中证指数行情: fetch failed for 000932: Expecting value: line 1 column 1 (char 0)
2026-08-29 10:00:36,335 [INFO] anetf.datasources.price: PRICE: Update index id(000932), name(中证消费), source=cn
2026-08-29 10:00:36,353 [ERROR] __main__: 中证指数: fetch failed for 399967: HTTP Error 403: Forbidden
2026-08-29 10:00:36,353 [INFO] anetf.datasources.cni: GZ: Update PE index id(399967), name(中证军工)
2026-08-29 10:00:36,353 [WARNING] anetf.datasources.cni: GZ: Update 399967 failed, index not found in gz_df.
2026-08-29 10:00:36,353 [INFO] anetf.datasources.csindex: CSI: Update PE index id(399967), name(中证军工)
2026-08-29 10:00:36,356 [INFO] anetf.datasources.price: PRICE: primary API failed for csi931071, falling back to csindex
2026-08-29 10:00:36,480 [ERROR] anetf.datasources.juquaner: JQ: query failed for all candidates: ['创业板R']
2026-08-29 10:00:36,480 [INFO] anetf.datasources.csindex: ZZ: Update PE index id(399606)
2026-08-29 10:00:36,483 [INFO] anetf.datasources.juquaner: JQ: Update PE index id(DJI), local_name(道琼斯工业平均指数), trying funddb_name(道琼斯工业平均指数)
2026-08-29 10:00:36,505 [WARNING] anetf.datasources.price: PRICE: fallback also failed for 931573: Expecting value: line 1 column 1 (char 0)
2026-08-29 10:00:36,507 [ERROR] __main__: 中证指数: fetch failed for 399606: HTTP Error 403: Forbidden
2026-08-29 10:00:36,507 [INFO] __main__: 195: Update PE index for 930914/中证港股通高股息投资指数
2026-08-29 10:00:36,509 [INFO] anetf.datasources.juquaner: JQ: Update PE index id(930914), local_name(中证港股通高股息投资指数), trying funddb_name(中证港股通高股息投资指数)
2026-08-29 10:00:36,508 [INFO] anetf.datasources.cni: GZ: Update PE index id(399606), name(创业板R)
2026-08-29 10:00:36,510 [ERROR] __main__: 中证指数行情: fetch failed for 399967: Expecting value: line 1 column 1 (char 0)
2026-08-29 10:00:36,514 [WARNING] anetf.datasources.price: PRICE: fallback also failed for 931071: Expecting value: line 1 column 1 (char 0)
2026-08-29 10:00:36,516 [INFO] anetf.datasources.price: PRICE: Update index id(399967), name(中证军工), source=cn
2026-08-29 10:00:36,518 [INFO] __main__: 196: Update PE index for 931594/卫星产业
2026-08-29 10:00:36,520 [INFO] anetf.datasources.juquaner: JQ: Update PE index id(931594), local_name(卫星产业), trying funddb_name(卫星产业)
2026-08-29 10:00:36,521 [INFO] __main__: 197: Update PE index for 399266/创新能源
2026-08-29 10:00:36,521 [INFO] anetf.datasources.juquaner: JQ: Update PE index id(399266), local_name(创新能源), trying funddb_name(创新能源)
2026-08-29 10:00:36,698 [INFO] __main__: 198: Update PE index for H30199/电力指数
2026-08-29 10:00:36,699 [INFO] anetf.datasources.juquaner: JQ: Update PE index id(H30199), local_name(电力指数), trying funddb_name(电力指数)
2026-08-29 10:00:36,762 [ERROR] anetf.datasources.juquaner: JQ: query failed for all candidates: ['价值100']
2026-08-29 10:00:36,763 [INFO] anetf.datasources.cni: GZ: Update PE index id(980081), name(价值100)
2026-08-29 10:00:36,785 [INFO] __main__: 199: Update PE index for 000813/细分化工
2026-08-29 10:00:36,785 [INFO] anetf.datasources.juquaner: JQ: Update PE index id(000813), local_name(细分化工), trying funddb_name(细分化工)
2026-08-29 10:00:36,789 [ERROR] anetf.datasources.juquaner: JQ: query failed for all candidates: ['德国DAX']
2026-08-29 10:00:36,790 [INFO] anetf.datasources.csindex: ZZ: Update PE index id(GDAXI)
2026-08-29 10:00:36,790 [INFO] __main__: 200: Update PE index for 980027/新能源电池
2026-08-29 10:00:36,791 [INFO] anetf.datasources.juquaner: JQ: Update PE index id(980027), local_name(新能源电池), trying funddb_name(新能源电池)
2026-08-29 10:00:36,809 [ERROR] anetf.datasources.juquaner: JQ: query failed for all candidates: ['港股通科技']
2026-08-29 10:00:36,809 [INFO] anetf.datasources.cni: GZ: Update PE index id(987008), name(港股通科技)
2026-08-29 10:00:36,809 [WARNING] anetf.datasources.cni: GZ: Update 987008 skipped, PE is NaN in gz_df.
2026-08-29 10:00:36,809 [INFO] anetf.datasources.price: PRICE: Update index id(987008), name(港股通科技), source=cni
2026-08-29 10:00:36,817 [ERROR] __main__: 中证指数: fetch failed for GDAXI: HTTP Error 403: Forbidden
2026-08-29 10:00:36,818 [INFO] anetf.datasources.cni: GZ: Update PE index id(GDAXI), name(德国DAX)
2026-08-29 10:00:36,818 [WARNING] anetf.datasources.cni: GZ: Update GDAXI failed, index not found in gz_df.
2026-08-29 10:00:36,818 [INFO] anetf.datasources.csindex: CSI: Update PE index id(GDAXI), name(德国DAX)
2026-08-29 10:00:36,901 [INFO] anetf.datasources.price: PRICE: CNI index 987008 loaded 243 rows from index_hist_cni
2026-08-29 10:00:36,904 [INFO] __main__: 201: Update PE index for 000690/科创成长
2026-08-29 10:00:36,904 [INFO] anetf.datasources.juquaner: JQ: Update PE index id(000690), local_name(科创成长), trying funddb_name(科创成长)
2026-08-29 10:00:36,930 [ERROR] anetf.datasources.juquaner: JQ: query failed for all candidates: ['科创材料']
2026-08-29 10:00:36,930 [INFO] anetf.datasources.csindex: ZZ: Update PE index id(000689)
2026-08-29 10:00:36,963 [ERROR] __main__: 中证指数行情: fetch failed for GDAXI: Expecting value: line 1 column 1 (char 0)
2026-08-29 10:00:36,964 [WARNING] anetf.datasources.price: PRICE: No price source for GDAXI
2026-08-29 10:00:36,964 [INFO] __main__: 202: Update PE index for 399987/中证酒指数
2026-08-29 10:00:36,964 [INFO] anetf.datasources.juquaner: JQ: Update PE index id(399987), local_name(中证酒指数), trying funddb_name(中证酒指数)
2026-08-29 10:00:37,197 [ERROR] __main__: 中证指数: fetch failed for 000689: HTTP Error 403: Forbidden
2026-08-29 10:00:37,197 [INFO] anetf.datasources.cni: GZ: Update PE index id(000689), name(科创材料)
2026-08-29 10:00:37,197 [WARNING] anetf.datasources.cni: GZ: Update 000689 failed, index not found in gz_df.
2026-08-29 10:00:37,198 [INFO] anetf.datasources.csindex: CSI: Update PE index id(000689), name(科创材料)
2026-08-29 10:00:37,221 [ERROR] anetf.datasources.juquaner: JQ: query failed for all candidates: ['工业有色']
2026-08-29 10:00:37,222 [INFO] anetf.datasources.csindex: ZZ: Update PE index id(H11059)
2026-08-29 10:00:37,252 [ERROR] __main__: 中证指数: fetch failed for H11059: HTTP Error 403: Forbidden
2026-08-29 10:00:37,252 [INFO] anetf.datasources.cni: GZ: Update PE index id(H11059), name(工业有色)
2026-08-29 10:00:37,253 [WARNING] anetf.datasources.cni: GZ: Update H11059 failed, index not found in gz_df.
2026-08-29 10:00:37,253 [INFO] anetf.datasources.csindex: CSI: Update PE index id(H11059), name(工业有色)
2026-08-29 10:00:37,254 [ERROR] __main__: 中证指数行情: fetch failed for 000689: Expecting value: line 1 column 1 (char 0)
2026-08-29 10:00:37,255 [INFO] anetf.datasources.price: PRICE: Update index id(000689), name(科创材料), source=cn
2026-08-29 10:00:37,336 [ERROR] anetf.datasources.juquaner: JQ: query failed for all candidates: ['新能源电池']
2026-08-29 10:00:37,336 [INFO] anetf.datasources.cni: GZ: Update PE index id(980027), name(新能源电池)
2026-08-29 10:00:37,344 [INFO] __main__: 203: Update PE index for CN6052/金属指数
2026-08-29 10:00:37,344 [INFO] anetf.datasources.juquaner: JQ: Update PE index id(CN6052), local_name(金属指数), trying funddb_name(金属指数)
2026-08-29 10:00:37,346 [ERROR] __main__: 中证指数行情: fetch failed for H11059: Expecting value: line 1 column 1 (char 0)
2026-08-29 10:00:37,347 [INFO] anetf.datasources.price: PRICE: Update index id(H11059), name(工业有色), source=cn
2026-08-29 10:00:37,453 [ERROR] anetf.datasources.juquaner: JQ: query failed for all candidates: ['科创成长']
2026-08-29 10:00:37,453 [INFO] anetf.datasources.csindex: ZZ: Update PE index id(000690)
2026-08-29 10:00:37,478 [ERROR] __main__: 中证指数: fetch failed for 000690: HTTP Error 403: Forbidden
2026-08-29 10:00:37,478 [INFO] anetf.datasources.cni: GZ: Update PE index id(000690), name(科创成长)
2026-08-29 10:00:37,478 [WARNING] anetf.datasources.cni: GZ: Update 000690 failed, index not found in gz_df.
2026-08-29 10:00:37,478 [INFO] anetf.datasources.csindex: CSI: Update PE index id(000690), name(科创成长)
2026-08-29 10:00:37,547 [INFO] __main__: 204: Update PE index for M9999/大商所豆粕期货价格指数
2026-08-29 10:00:37,547 [INFO] anetf.datasources.juquaner: JQ: Update PE index id(M9999), local_name(大商所豆粕期货价格指数), trying funddb_name(大商所豆粕期货价格指数)
2026-08-29 10:00:37,553 [ERROR] __main__: 中证指数行情: fetch failed for 000690: Expecting value: line 1 column 1 (char 0)
2026-08-29 10:00:37,554 [INFO] anetf.datasources.price: PRICE: Update index id(000690), name(科创成长), source=cn
2026-08-29 10:00:37,600 [INFO] anetf.datasources.price: PRICE: primary API failed for csiH11059, falling back to csindex
2026-08-29 10:00:37,651 [ERROR] anetf.datasources.juquaner: JQ: query failed for all candidates: ['科创芯片设计']
2026-08-29 10:00:37,651 [INFO] anetf.datasources.csindex: ZZ: Update PE index id(950162)
2026-08-29 10:00:37,666 [ERROR] anetf.datasources.juquaner: JQ: query failed for all candidates: ['道琼斯工业指数', '道琼斯工业平均指数']
2026-08-29 10:00:37,666 [INFO] anetf.datasources.price: PRICE: Update index id(DJI), name(道琼斯工业平均指数), source=us
2026-08-29 10:00:37,680 [ERROR] __main__: 中证指数: fetch failed for 950162: HTTP Error 403: Forbidden
2026-08-29 10:00:37,680 [INFO] anetf.datasources.cni: GZ: Update PE index id(950162), name(科创芯片设计)
2026-08-29 10:00:37,680 [WARNING] anetf.datasources.cni: GZ: Update 950162 failed, index not found in gz_df.
2026-08-29 10:00:37,680 [INFO] anetf.datasources.csindex: CSI: Update PE index id(950162), name(科创芯片设计)
2026-08-29 10:00:37,685 [WARNING] anetf.datasources.price: PRICE: fallback also failed for H11059: Expecting value: line 1 column 1 (char 0)
2026-08-29 10:00:37,687 [INFO] __main__: 205: Update PE index for 399441/生物医药
2026-08-29 10:00:37,688 [INFO] anetf.datasources.juquaner: JQ: Update PE index id(399441), local_name(生物医药), trying funddb_name(生物医药)
2026-08-29 10:00:37,732 [ERROR] anetf.datasources.juquaner: JQ: query failed for all candidates: ['创新能源']
2026-08-29 10:00:37,733 [INFO] anetf.datasources.csindex: ZZ: Update PE index id(399266)
2026-08-29 10:00:37,756 [ERROR] __main__: 中证指数行情: fetch failed for 950162: Expecting value: line 1 column 1 (char 0)
2026-08-29 10:00:37,759 [INFO] anetf.datasources.price: PRICE: Update index id(950162), name(科创芯片设计), source=cn
2026-08-29 10:00:37,760 [ERROR] __main__: 中证指数: fetch failed for 399266: HTTP Error 403: Forbidden
2026-08-29 10:00:37,761 [INFO] anetf.datasources.cni: GZ: Update PE index id(399266), name(创新能源)
2026-08-29 10:00:37,780 [INFO] __main__: 206: Update PE index for 980032/新能电池
2026-08-29 10:00:37,783 [INFO] anetf.datasources.juquaner: JQ: Update PE index id(980032), local_name(新能电池), trying funddb_name(新能电池)
2026-08-29 10:00:37,787 [ERROR] anetf.datasources.juquaner: JQ: query failed for all candidates: ['中证港股通高股息投资指数']
2026-08-29 10:00:37,788 [INFO] anetf.datasources.csindex: ZZ: Update PE index id(930914)
2026-08-29 10:00:37,810 [ERROR] __main__: 中证指数: fetch failed for 930914: HTTP Error 403: Forbidden
2026-08-29 10:00:37,811 [INFO] anetf.datasources.cni: GZ: Update PE index id(930914), name(中证港股通高股息投资指数)
2026-08-29 10:00:37,811 [WARNING] anetf.datasources.cni: GZ: Update 930914 failed, index not found in gz_df.
2026-08-29 10:00:37,811 [INFO] anetf.datasources.csindex: CSI: Update PE index id(930914), name(中证港股通高股息投资指数)
2026-08-29 10:00:37,843 [ERROR] anetf.datasources.juquaner: JQ: query failed for all candidates: ['电力指数']
2026-08-29 10:00:37,843 [INFO] anetf.datasources.csindex: ZZ: Update PE index id(H30199)
2026-08-29 10:00:37,866 [ERROR] anetf.datasources.juquaner: JQ: query failed for all candidates: ['卫星产业']
2026-08-29 10:00:37,867 [INFO] anetf.datasources.csindex: ZZ: Update PE index id(931594)
2026-08-29 10:00:37,881 [ERROR] __main__: 中证指数: fetch failed for H30199: HTTP Error 403: Forbidden
2026-08-29 10:00:37,882 [INFO] anetf.datasources.cni: GZ: Update PE index id(H30199), name(电力指数)
2026-08-29 10:00:37,882 [WARNING] anetf.datasources.cni: GZ: Update H30199 failed, index not found in gz_df.
2026-08-29 10:00:37,882 [INFO] anetf.datasources.csindex: CSI: Update PE index id(H30199), name(电力指数)
2026-08-29 10:00:37,900 [ERROR] __main__: 中证指数: fetch failed for 931594: HTTP Error 403: Forbidden
2026-08-29 10:00:37,900 [INFO] anetf.datasources.cni: GZ: Update PE index id(931594), name(卫星产业)
2026-08-29 10:00:37,900 [WARNING] anetf.datasources.cni: GZ: Update 931594 failed, index not found in gz_df.
2026-08-29 10:00:37,900 [INFO] anetf.datasources.csindex: CSI: Update PE index id(931594), name(卫星产业)
2026-08-29 10:00:37,924 [ERROR] __main__: 中证指数行情: fetch failed for 930914: Expecting value: line 1 column 1 (char 0)
2026-08-29 10:00:37,926 [INFO] anetf.datasources.price: PRICE: Update index id(930914), name(中证港股通高股息投资指数), source=cn
2026-08-29 10:00:38,018 [ERROR] __main__: 中证指数行情: fetch failed for 931594: Expecting value: line 1 column 1 (char 0)
2026-08-29 10:00:38,019 [INFO] anetf.datasources.price: PRICE: Update index id(931594), name(卫星产业), source=cn
2026-08-29 10:00:38,025 [INFO] anetf.datasources.price: PRICE: primary API failed for sh950162, falling back to csindex
2026-08-29 10:00:38,026 [ERROR] __main__: 中证指数行情: fetch failed for H30199: Expecting value: line 1 column 1 (char 0)
2026-08-29 10:00:38,027 [INFO] anetf.datasources.price: PRICE: Update index id(H30199), name(电力指数), source=cn
2026-08-29 10:00:38,091 [ERROR] anetf.datasources.juquaner: JQ: query failed for all candidates: ['中证酒指数']
2026-08-29 10:00:38,091 [INFO] anetf.datasources.csindex: ZZ: Update PE index id(399987)
2026-08-29 10:00:38,097 [INFO] __main__: 207: Update PE index for 399330/深证100
2026-08-29 10:00:38,097 [INFO] anetf.datasources.juquaner: JQ: Update PE index id(399330), local_name(深证100), trying funddb_name(深证100)
2026-08-29 10:00:38,127 [INFO] __main__: 208: Update PE index for H30035/300非银
2026-08-29 10:00:38,127 [INFO] anetf.datasources.juquaner: JQ: Update PE index id(H30035), local_name(300非银), trying funddb_name(300非银)
2026-08-29 10:00:38,127 [ERROR] __main__: 中证指数: fetch failed for 399987: HTTP Error 403: Forbidden
2026-08-29 10:00:38,130 [INFO] anetf.datasources.cni: GZ: Update PE index id(399987), name(中证酒指数)
2026-08-29 10:00:38,131 [WARNING] anetf.datasources.cni: GZ: Update 399987 failed, index not found in gz_df.
2026-08-29 10:00:38,131 [INFO] anetf.datasources.csindex: CSI: Update PE index id(399987), name(中证酒指数)
2026-08-29 10:00:38,136 [ERROR] anetf.datasources.juquaner: JQ: query failed for all candidates: ['细分化工']
2026-08-29 10:00:38,138 [INFO] anetf.datasources.csindex: ZZ: Update PE index id(000813)
2026-08-29 10:00:38,164 [ERROR] __main__: 中证指数: fetch failed for 000813: HTTP Error 403: Forbidden
2026-08-29 10:00:38,164 [INFO] anetf.datasources.cni: GZ: Update PE index id(000813), name(细分化工)
2026-08-29 10:00:38,164 [WARNING] anetf.datasources.cni: GZ: Update 000813 failed, index not found in gz_df.
2026-08-29 10:00:38,164 [INFO] anetf.datasources.csindex: CSI: Update PE index id(000813), name(细分化工)
2026-08-29 10:00:38,165 [WARNING] anetf.datasources.price: PRICE: fallback also failed for 950162: Expecting value: line 1 column 1 (char 0)
2026-08-29 10:00:38,170 [INFO] __main__: 209: Update PE index for 000922/中证红利
2026-08-29 10:00:38,174 [INFO] anetf.datasources.juquaner: JQ: Update PE index id(000922), local_name(中证红利), trying funddb_name(中证红利)
2026-08-29 10:00:38,216 [INFO] anetf.datasources.price: PRICE: primary API failed for sh930914, falling back to csindex
2026-08-29 10:00:38,284 [ERROR] __main__: 中证指数行情: fetch failed for 399987: Expecting value: line 1 column 1 (char 0)
2026-08-29 10:00:38,285 [INFO] anetf.datasources.price: PRICE: Update index id(399987), name(中证酒指数), source=cn
2026-08-29 10:00:38,305 [INFO] anetf.datasources.price: PRICE: primary API failed for csi931594, falling back to csindex
2026-08-29 10:00:38,328 [ERROR] __main__: 中证指数行情: fetch failed for 000813: Expecting value: line 1 column 1 (char 0)
2026-08-29 10:00:38,329 [INFO] anetf.datasources.price: PRICE: Update index id(000813), name(细分化工), source=cn
2026-08-29 10:00:38,354 [WARNING] anetf.datasources.price: PRICE: fallback also failed for 930914: Expecting value: line 1 column 1 (char 0)
2026-08-29 10:00:38,358 [INFO] __main__: 210: Update PE index for 930965/中证港股通医药卫生综合指数
2026-08-29 10:00:38,361 [INFO] anetf.datasources.juquaner: JQ: Update PE index id(930965), local_name(中证港股通医药卫生综合指数), trying funddb_name(中证港股通医药卫生综合指数)
2026-08-29 10:00:38,392 [ERROR] anetf.datasources.juquaner: JQ: query failed for all candidates: ['金属指数']
2026-08-29 10:00:38,392 [INFO] anetf.datasources.price: PRICE: Update index id(CN6052), name(金属指数), source=cn
2026-08-29 10:00:38,395 [INFO] anetf.datasources.price: PRICE: primary API failed for csiH30199, falling back to csindex
2026-08-29 10:00:38,422 [WARNING] anetf.datasources.price: PRICE: fallback also failed for 931594: Expecting value: line 1 column 1 (char 0)
2026-08-29 10:00:38,427 [INFO] __main__: 211: Update PE index for 931865/中证半导
2026-08-29 10:00:38,430 [INFO] anetf.datasources.juquaner: JQ: Update PE index id(931865), local_name(中证半导), trying funddb_name(中证半导)
2026-08-29 10:00:38,531 [WARNING] anetf.datasources.price: PRICE: fallback also failed for H30199: Expecting value: line 1 column 1 (char 0)
2026-08-29 10:00:38,534 [INFO] __main__: 212: Update PE index for 930901/动漫游戏
2026-08-29 10:00:38,535 [INFO] anetf.datasources.juquaner: JQ: Update PE index id(930901), local_name(动漫游戏), trying funddb_name(动漫游戏)
2026-08-29 10:00:38,569 [INFO] __main__: 213: Update PE index for SP500/标准普尔500指数
2026-08-29 10:00:38,569 [INFO] anetf.datasources.juquaner: JQ: Update PE index id(SP500), local_name(标准普尔500指数), trying funddb_name(标准普尔500指数)
2026-08-29 10:00:38,652 [ERROR] anetf.datasources.juquaner: JQ: query failed for all candidates: ['大商所豆粕期货价格指数']
2026-08-29 10:00:38,652 [INFO] anetf.datasources.price: PRICE: Update index id(M9999), name(大商所豆粕期货价格指数), source=futures
2026-08-29 10:00:38,694 [INFO] __main__: 214: Update PE index for 931494/消费电子
2026-08-29 10:00:38,694 [INFO] anetf.datasources.juquaner: JQ: Update PE index id(931494), local_name(消费电子), trying funddb_name(消费电子)
2026-08-29 10:00:38,707 [INFO] anetf.datasources.price: PRICE: primary API failed for csiCN6052, falling back to csindex
2026-08-29 10:00:38,780 [ERROR] anetf.datasources.juquaner: JQ: query failed for all candidates: ['中证红利']
2026-08-29 10:00:38,780 [INFO] anetf.datasources.csindex: ZZ: Update PE index id(000922)
2026-08-29 10:00:38,792 [ERROR] anetf.datasources.juquaner: JQ: query failed for all candidates: ['300非银']
2026-08-29 10:00:38,792 [INFO] anetf.datasources.csindex: ZZ: Update PE index id(H30035)
2026-08-29 10:00:38,803 [WARNING] anetf.datasources.price: PRICE: fallback also failed for CN6052: Expecting value: line 1 column 1 (char 0)
2026-08-29 10:00:38,806 [INFO] __main__: 216: Update PE index for 930601/中证软件
2026-08-29 10:00:38,807 [INFO] anetf.datasources.juquaner: JQ: Update PE index id(930601), local_name(中证软件), trying funddb_name(中证软件)
2026-08-29 10:00:38,807 [ERROR] __main__: 中证指数: fetch failed for 000922: HTTP Error 403: Forbidden
2026-08-29 10:00:38,808 [INFO] anetf.datasources.cni: GZ: Update PE index id(000922), name(中证红利)
2026-08-29 10:00:38,808 [WARNING] anetf.datasources.cni: GZ: Update 000922 failed, index not found in gz_df.
2026-08-29 10:00:38,808 [INFO] anetf.datasources.csindex: CSI: Update PE index id(000922), name(中证红利)
2026-08-29 10:00:38,817 [ERROR] __main__: 中证指数: fetch failed for H30035: HTTP Error 403: Forbidden
2026-08-29 10:00:38,817 [INFO] anetf.datasources.cni: GZ: Update PE index id(H30035), name(300非银)
2026-08-29 10:00:38,817 [WARNING] anetf.datasources.cni: GZ: Update H30035 failed, index not found in gz_df.
2026-08-29 10:00:38,817 [INFO] anetf.datasources.csindex: CSI: Update PE index id(H30035), name(300非银)
2026-08-29 10:00:38,916 [ERROR] __main__: 中证指数行情: fetch failed for 000922: Expecting value: line 1 column 1 (char 0)
2026-08-29 10:00:38,917 [INFO] anetf.datasources.price: PRICE: Update index id(000922), name(中证红利), source=cn
2026-08-29 10:00:38,919 [INFO] __main__: 217: Update PE index for 930792/中证香港银行投资指数
2026-08-29 10:00:38,919 [INFO] anetf.datasources.juquaner: JQ: Update PE index id(930792), local_name(中证香港银行投资指数), trying funddb_name(中证香港银行投资指数)
2026-08-29 10:00:38,924 [ERROR] __main__: 中证指数行情: fetch failed for H30035: Expecting value: line 1 column 1 (char 0)
2026-08-29 10:00:38,925 [INFO] anetf.datasources.price: PRICE: Update index id(H30035), name(300非银), source=cn
2026-08-29 10:00:38,966 [ERROR] anetf.datasources.juquaner: JQ: query failed for all candidates: ['生物医药']
2026-08-29 10:00:38,975 [INFO] anetf.datasources.csindex: ZZ: Update PE index id(399441)
2026-08-29 10:00:38,986 [ERROR] anetf.datasources.juquaner: JQ: query failed for all candidates: ['中证半导']
2026-08-29 10:00:38,986 [INFO] anetf.datasources.csindex: ZZ: Update PE index id(931865)
2026-08-29 10:00:39,003 [ERROR] anetf.datasources.juquaner: JQ: query failed for all candidates: ['新能电池']
2026-08-29 10:00:39,003 [INFO] anetf.datasources.cni: GZ: Update PE index id(980032), name(新能电池)
2026-08-29 10:00:39,012 [ERROR] __main__: 中证指数: fetch failed for 399441: HTTP Error 403: Forbidden
2026-08-29 10:00:39,012 [INFO] anetf.datasources.cni: GZ: Update PE index id(399441), name(生物医药)
2026-08-29 10:00:39,015 [INFO] __main__: 218: Update PE index for NBI/纳斯达克生物科技指数
2026-08-29 10:00:39,015 [INFO] anetf.datasources.juquaner: JQ: Update PE index id(NBI), local_name(纳斯达克生物科技指数), trying funddb_name(纳斯达克生物科技指数)
2026-08-29 10:00:39,018 [ERROR] __main__: 中证指数: fetch failed for 931865: HTTP Error 403: Forbidden
2026-08-29 10:00:39,018 [INFO] anetf.datasources.cni: GZ: Update PE index id(931865), name(中证半导)
2026-08-29 10:00:39,019 [WARNING] anetf.datasources.cni: GZ: Update 931865 failed, index not found in gz_df.
2026-08-29 10:00:39,019 [INFO] anetf.datasources.csindex: CSI: Update PE index id(931865), name(中证半导)
2026-08-29 10:00:39,022 [INFO] __main__: 219: Update PE index for 980080/成长100
2026-08-29 10:00:39,022 [INFO] anetf.datasources.juquaner: JQ: Update PE index id(980080), local_name(成长100), trying funddb_name(成长100)
2026-08-29 10:00:39,038 [ERROR] anetf.datasources.juquaner: JQ: query failed for all candidates: ['动漫游戏']
2026-08-29 10:00:39,038 [INFO] anetf.datasources.csindex: ZZ: Update PE index id(930901)
2026-08-29 10:00:39,067 [ERROR] __main__: 中证指数: fetch failed for 930901: HTTP Error 403: Forbidden
2026-08-29 10:00:39,067 [INFO] anetf.datasources.cni: GZ: Update PE index id(930901), name(动漫游戏)
2026-08-29 10:00:39,067 [WARNING] anetf.datasources.cni: GZ: Update 930901 failed, index not found in gz_df.
2026-08-29 10:00:39,067 [INFO] anetf.datasources.csindex: CSI: Update PE index id(930901), name(动漫游戏)
2026-08-29 10:00:39,109 [ERROR] __main__: 中证指数行情: fetch failed for 931865: Expecting value: line 1 column 1 (char 0)
2026-08-29 10:00:39,112 [INFO] anetf.datasources.price: PRICE: Update index id(931865), name(中证半导), source=cn
2026-08-29 10:00:39,166 [INFO] __main__: 220: Update PE index for 931643/科创创业50
2026-08-29 10:00:39,169 [INFO] anetf.datasources.juquaner: JQ: Update PE index id(931643), local_name(科创创业50), trying funddb_name(科创创业50)
2026-08-29 10:00:39,188 [INFO] anetf.datasources.price: PRICE: primary API failed for csiH30035, falling back to csindex
2026-08-29 10:00:39,199 [ERROR] __main__: 中证指数行情: fetch failed for 930901: Expecting value: line 1 column 1 (char 0)
2026-08-29 10:00:39,200 [INFO] anetf.datasources.price: PRICE: Update index id(930901), name(动漫游戏), source=cn
2026-08-29 10:00:39,322 [ERROR] anetf.datasources.juquaner: JQ: query failed for all candidates: ['深证100']
2026-08-29 10:00:39,322 [INFO] anetf.datasources.csindex: ZZ: Update PE index id(399330)
2026-08-29 10:00:39,348 [ERROR] __main__: 中证指数: fetch failed for 399330: HTTP Error 403: Forbidden
2026-08-29 10:00:39,348 [INFO] anetf.datasources.cni: GZ: Update PE index id(399330), name(深证100)
2026-08-29 10:00:39,356 [INFO] __main__: 221: Update PE index for 931271/通信设备主题
2026-08-29 10:00:39,356 [INFO] anetf.datasources.juquaner: JQ: Update PE index id(931271), local_name(通信设备主题), trying funddb_name(通信设备主题)
2026-08-29 10:00:39,368 [WARNING] anetf.datasources.price: PRICE: fallback also failed for H30035: Expecting value: line 1 column 1 (char 0)
2026-08-29 10:00:39,376 [INFO] __main__: 222: Update PE index for 930713/CS人工智
2026-08-29 10:00:39,380 [INFO] anetf.datasources.juquaner: JQ: Update PE index id(930713), local_name(CS人工智), trying funddb_name(CS人工智)
2026-08-29 10:00:39,382 [ERROR] anetf.datasources.juquaner: JQ: query failed for all candidates: ['中证软件']
2026-08-29 10:00:39,384 [INFO] anetf.datasources.price: PRICE: primary API failed for csi931865, falling back to csindex
2026-08-29 10:00:39,384 [INFO] anetf.datasources.csindex: ZZ: Update PE index id(930601)
2026-08-29 10:00:39,411 [ERROR] __main__: 中证指数: fetch failed for 930601: HTTP Error 403: Forbidden
2026-08-29 10:00:39,411 [INFO] anetf.datasources.cni: GZ: Update PE index id(930601), name(中证软件)
2026-08-29 10:00:39,412 [WARNING] anetf.datasources.cni: GZ: Update 930601 failed, index not found in gz_df.
2026-08-29 10:00:39,412 [INFO] anetf.datasources.csindex: CSI: Update PE index id(930601), name(中证软件)
2026-08-29 10:00:39,456 [INFO] anetf.datasources.price: PRICE: primary API failed for sh930901, falling back to csindex
2026-08-29 10:00:39,473 [ERROR] anetf.datasources.juquaner: JQ: query failed for all candidates: ['中证香港银行投资指数']
2026-08-29 10:00:39,473 [INFO] anetf.datasources.csindex: ZZ: Update PE index id(930792)
2026-08-29 10:00:39,499 [ERROR] __main__: 中证指数: fetch failed for 930792: HTTP Error 403: Forbidden
2026-08-29 10:00:39,502 [INFO] anetf.datasources.cni: GZ: Update PE index id(930792), name(中证香港银行投资指数)
2026-08-29 10:00:39,502 [WARNING] anetf.datasources.cni: GZ: Update 930792 failed, index not found in gz_df.
2026-08-29 10:00:39,502 [INFO] anetf.datasources.csindex: CSI: Update PE index id(930792), name(中证香港银行投资指数)
2026-08-29 10:00:39,503 [WARNING] anetf.datasources.price: PRICE: fallback also failed for 931865: Expecting value: line 1 column 1 (char 0)
2026-08-29 10:00:39,507 [INFO] __main__: 223: Update PE index for 000913/300医药
2026-08-29 10:00:39,507 [INFO] anetf.datasources.juquaner: JQ: Update PE index id(000913), local_name(300医药), trying funddb_name(300医药)
2026-08-29 10:00:39,544 [ERROR] __main__: 中证指数行情: fetch failed for 930601: Expecting value: line 1 column 1 (char 0)
2026-08-29 10:00:39,547 [INFO] anetf.datasources.price: PRICE: Update index id(930601), name(中证软件), source=cn
2026-08-29 10:00:39,591 [ERROR] anetf.datasources.juquaner: JQ: query failed for all candidates: ['中证港股通医药卫生综合指数']
2026-08-29 10:00:39,594 [WARNING] anetf.datasources.price: PRICE: fallback also failed for 930901: Expecting value: line 1 column 1 (char 0)
2026-08-29 10:00:39,594 [INFO] anetf.datasources.csindex: ZZ: Update PE index id(930965)
2026-08-29 10:00:39,600 [INFO] __main__: 224: Update PE index for 000015/红利指数
2026-08-29 10:00:39,601 [INFO] anetf.datasources.juquaner: JQ: Update PE index id(000015), local_name(红利指数), trying funddb_name(红利指数)
2026-08-29 10:00:39,623 [ERROR] __main__: 中证指数: fetch failed for 930965: HTTP Error 403: Forbidden
2026-08-29 10:00:39,624 [INFO] anetf.datasources.cni: GZ: Update PE index id(930965), name(中证港股通医药卫生综合指数)
2026-08-29 10:00:39,624 [WARNING] anetf.datasources.cni: GZ: Update 930965 failed, index not found in gz_df.
2026-08-29 10:00:39,624 [INFO] anetf.datasources.csindex: CSI: Update PE index id(930965), name(中证港股通医药卫生综合指数)
2026-08-29 10:00:39,634 [ERROR] __main__: 中证指数行情: fetch failed for 930792: Expecting value: line 1 column 1 (char 0)
2026-08-29 10:00:39,635 [INFO] anetf.datasources.price: PRICE: Update index id(930792), name(中证香港银行投资指数), source=cn
2026-08-29 10:00:39,718 [INFO] anetf.datasources.price: PRICE: primary API failed for sh930601, falling back to csindex
2026-08-29 10:00:39,757 [ERROR] anetf.datasources.juquaner: JQ: query failed for all candidates: ['标准普尔500指数']
2026-08-29 10:00:39,758 [INFO] anetf.datasources.price: PRICE: Update index id(SP500), name(标准普尔500指数), source=us
2026-08-29 10:00:39,762 [ERROR] __main__: 中证指数行情: fetch failed for 930965: Expecting value: line 1 column 1 (char 0)
2026-08-29 10:00:39,763 [INFO] anetf.datasources.price: PRICE: Update index id(930965), name(中证港股通医药卫生综合指数), source=cn
2026-08-29 10:00:39,796 [WARNING] anetf.datasources.price: PRICE: fallback also failed for 930601: Expecting value: line 1 column 1 (char 0)
2026-08-29 10:00:39,800 [INFO] __main__: 225: Update PE index for 931994/电网设备主题
2026-08-29 10:00:39,802 [INFO] anetf.datasources.juquaner: JQ: Update PE index id(931994), local_name(电网设备主题), trying funddb_name(电网设备主题)
2026-08-29 10:00:39,848 [INFO] anetf.datasources.price: PRICE: primary API failed for sh930792, falling back to csindex
2026-08-29 10:00:39,897 [ERROR] anetf.datasources.juquaner: JQ: query failed for all candidates: ['消费电子']
2026-08-29 10:00:39,898 [INFO] anetf.datasources.csindex: ZZ: Update PE index id(931494)
2026-08-29 10:00:39,926 [ERROR] __main__: 中证指数: fetch failed for 931494: HTTP Error 403: Forbidden
2026-08-29 10:00:39,926 [INFO] anetf.datasources.cni: GZ: Update PE index id(931494), name(消费电子)
2026-08-29 10:00:39,926 [WARNING] anetf.datasources.cni: GZ: Update 931494 failed, index not found in gz_df.
2026-08-29 10:00:39,926 [INFO] anetf.datasources.csindex: CSI: Update PE index id(931494), name(消费电子)
2026-08-29 10:00:39,940 [WARNING] anetf.datasources.price: PRICE: fallback also failed for 930792: Expecting value: line 1 column 1 (char 0)
2026-08-29 10:00:39,947 [INFO] __main__: 226: Update PE index for HSHCI/恒生医疗保健
2026-08-29 10:00:39,955 [INFO] anetf.datasources.juquaner: JQ: Update PE index id(HSHCI), local_name(恒生医疗保健), trying funddb_name(恒生医疗保健)
2026-08-29 10:00:39,979 [ERROR] anetf.datasources.juquaner: JQ: query failed for all candidates: ['通信设备主题']
2026-08-29 10:00:39,983 [INFO] anetf.datasources.csindex: ZZ: Update PE index id(931271)
2026-08-29 10:00:39,981 [ERROR] anetf.datasources.juquaner: JQ: query failed for all candidates: ['CS人工智']
2026-08-29 10:00:39,984 [INFO] anetf.datasources.csindex: ZZ: Update PE index id(930713)
2026-08-29 10:00:40,007 [ERROR] __main__: 中证指数: fetch failed for 931271: HTTP Error 403: Forbidden
2026-08-29 10:00:40,007 [INFO] anetf.datasources.cni: GZ: Update PE index id(931271), name(通信设备主题)
2026-08-29 10:00:40,007 [WARNING] anetf.datasources.cni: GZ: Update 931271 failed, index not found in gz_df.
2026-08-29 10:00:40,007 [INFO] anetf.datasources.csindex: CSI: Update PE index id(931271), name(通信设备主题)
2026-08-29 10:00:40,008 [ERROR] __main__: 中证指数: fetch failed for 930713: HTTP Error 403: Forbidden
2026-08-29 10:00:40,008 [INFO] anetf.datasources.cni: GZ: Update PE index id(930713), name(CS人工智)
2026-08-29 10:00:40,009 [WARNING] anetf.datasources.cni: GZ: Update 930713 failed, index not found in gz_df.
2026-08-29 10:00:40,009 [INFO] anetf.datasources.csindex: CSI: Update PE index id(930713), name(CS人工智)
2026-08-29 10:00:40,026 [ERROR] __main__: 中证指数行情: fetch failed for 931494: Expecting value: line 1 column 1 (char 0)
2026-08-29 10:00:40,027 [INFO] anetf.datasources.price: PRICE: Update index id(931494), name(消费电子), source=cn
2026-08-29 10:00:40,102 [INFO] anetf.datasources.price: PRICE: primary API failed for sh930965, falling back to csindex
2026-08-29 10:00:40,128 [INFO] __main__: 227: Update PE index for 931024/中证港股通非银行金融指数
2026-08-29 10:00:40,128 [INFO] anetf.datasources.juquaner: JQ: Update PE index id(931024), local_name(中证港股通非银行金融指数), trying funddb_name(中证港股通非银行金融指数)
2026-08-29 10:00:40,136 [ERROR] __main__: 中证指数行情: fetch failed for 930713: Expecting value: line 1 column 1 (char 0)
2026-08-29 10:00:40,137 [INFO] anetf.datasources.price: PRICE: Update index id(930713), name(CS人工智), source=cn
2026-08-29 10:00:40,158 [ERROR] __main__: 中证指数行情: fetch failed for 931271: Expecting value: line 1 column 1 (char 0)
2026-08-29 10:00:40,159 [INFO] anetf.datasources.price: PRICE: Update index id(931271), name(通信设备主题), source=cn
2026-08-29 10:00:40,169 [ERROR] anetf.datasources.juquaner: JQ: query failed for all candidates: ['红利指数']
2026-08-29 10:00:40,169 [INFO] anetf.datasources.csindex: ZZ: Update PE index id(000015)
2026-08-29 10:00:40,208 [ERROR] __main__: 中证指数: fetch failed for 000015: HTTP Error 403: Forbidden
2026-08-29 10:00:40,208 [INFO] anetf.datasources.cni: GZ: Update PE index id(000015), name(红利指数)
2026-08-29 10:00:40,208 [WARNING] anetf.datasources.cni: GZ: Update 000015 failed, index not found in gz_df.
2026-08-29 10:00:40,208 [INFO] anetf.datasources.csindex: CSI: Update PE index id(000015), name(红利指数)
2026-08-29 10:00:40,240 [WARNING] anetf.datasources.price: PRICE: fallback also failed for 930965: Expecting value: line 1 column 1 (char 0)
2026-08-29 10:00:40,244 [INFO] __main__: 228: Update PE index for H30178/医疗保健
2026-08-29 10:00:40,247 [INFO] anetf.datasources.juquaner: JQ: Update PE index id(H30178), local_name(医疗保健), trying funddb_name(医疗保健)
2026-08-29 10:00:40,315 [INFO] anetf.datasources.price: PRICE: primary API failed for csi931494, falling back to csindex
2026-08-29 10:00:40,327 [ERROR] anetf.datasources.juquaner: JQ: query failed for all candidates: ['纳斯达克生物科技指数']
2026-08-29 10:00:40,328 [INFO] anetf.datasources.price: PRICE: Update index id(NBI), name(纳斯达克生物科技指数), source=us
2026-08-29 10:00:40,328 [ERROR] __main__: 中证指数行情: fetch failed for 000015: Expecting value: line 1 column 1 (char 0)
2026-08-29 10:00:40,332 [ERROR] anetf.datasources.juquaner: JQ: query failed for all candidates: ['成长100']
2026-08-29 10:00:40,332 [INFO] anetf.datasources.cni: GZ: Update PE index id(980080), name(成长100)
2026-08-29 10:00:40,336 [INFO] anetf.datasources.price: PRICE: Update index id(000015), name(红利指数), source=cn
2026-08-29 10:00:40,342 [INFO] anetf.datasources.price: PRICE: primary API failed for sh930713, falling back to csindex
2026-08-29 10:00:40,346 [INFO] __main__: 229: Update PE index for 399998/中证煤炭
2026-08-29 10:00:40,347 [INFO] anetf.datasources.juquaner: JQ: Update PE index id(399998), local_name(中证煤炭), trying funddb_name(中证煤炭)
2026-08-29 10:00:40,392 [ERROR] anetf.datasources.juquaner: JQ: query failed for all candidates: ['科创创业50']
2026-08-29 10:00:40,392 [INFO] anetf.datasources.csindex: ZZ: Update PE index id(931643)
2026-08-29 10:00:40,427 [ERROR] __main__: 中证指数: fetch failed for 931643: HTTP Error 403: Forbidden
2026-08-29 10:00:40,427 [INFO] anetf.datasources.cni: GZ: Update PE index id(931643), name(科创创业50)
2026-08-29 10:00:40,427 [WARNING] anetf.datasources.cni: GZ: Update 931643 failed, index not found in gz_df.
2026-08-29 10:00:40,427 [INFO] anetf.datasources.csindex: CSI: Update PE index id(931643), name(科创创业50)
2026-08-29 10:00:40,433 [INFO] anetf.datasources.price: PRICE: primary API failed for csi931271, falling back to csindex
2026-08-29 10:00:40,517 [WARNING] anetf.datasources.price: PRICE: fallback also failed for 931494: Expecting value: line 1 column 1 (char 0)
2026-08-29 10:00:40,523 [INFO] __main__: 230: Update PE index for 399989/中证医疗
2026-08-29 10:00:40,526 [INFO] anetf.datasources.juquaner: JQ: Update PE index id(399989), local_name(中证医疗), trying funddb_name(中证医疗)
2026-08-29 10:00:40,551 [WARNING] anetf.datasources.price: PRICE: fallback also failed for 930713: Expecting value: line 1 column 1 (char 0)
2026-08-29 10:00:40,554 [INFO] __main__: 231: Update PE index for 932000/中证2000
2026-08-29 10:00:40,555 [INFO] anetf.datasources.juquaner: JQ: Update PE index id(932000), local_name(中证2000), trying funddb_name(中证2000)
2026-08-29 10:00:40,574 [WARNING] anetf.datasources.price: PRICE: fallback also failed for 931271: Expecting value: line 1 column 1 (char 0)
2026-08-29 10:00:40,576 [INFO] __main__: 232: Update PE index for H30269/红利低波
2026-08-29 10:00:40,578 [INFO] anetf.datasources.juquaner: JQ: Update PE index id(H30269), local_name(红利低波), trying funddb_name(红利低波)
2026-08-29 10:00:40,594 [ERROR] anetf.datasources.juquaner: JQ: query failed for all candidates: ['恒生医疗保健']
2026-08-29 10:00:40,596 [INFO] anetf.datasources.price: PRICE: Update index id(HSHCI), name(恒生医疗保健), source=hk
2026-08-29 10:00:40,753 [ERROR] anetf.datasources.juquaner: JQ: query failed for all candidates: ['300医药']
2026-08-29 10:00:40,775 [INFO] anetf.datasources.csindex: ZZ: Update PE index id(000913)
2026-08-29 10:00:40,821 [INFO] __main__: 233: Update PE index for 980018/卫星通信
2026-08-29 10:00:40,821 [INFO] anetf.datasources.juquaner: JQ: Update PE index id(980018), local_name(卫星通信), trying funddb_name(卫星通信)
2026-08-29 10:00:40,824 [ERROR] anetf.datasources.juquaner: JQ: query failed for all candidates: ['医疗保健']
2026-08-29 10:00:40,824 [INFO] anetf.datasources.csindex: ZZ: Update PE index id(H30178)
2026-08-29 10:00:40,827 [ERROR] __main__: 中证指数行情: fetch failed for 931643: Expecting value: line 1 column 1 (char 0)
2026-08-29 10:00:40,827 [ERROR] __main__: 中证指数: fetch failed for 000913: HTTP Error 403: Forbidden
2026-08-29 10:00:40,829 [INFO] anetf.datasources.price: PRICE: Update index id(931643), name(科创创业50), source=cn
2026-08-29 10:00:40,829 [INFO] anetf.datasources.cni: GZ: Update PE index id(000913), name(300医药)
2026-08-29 10:00:40,831 [WARNING] anetf.datasources.cni: GZ: Update 000913 failed, index not found in gz_df.
2026-08-29 10:00:40,831 [INFO] anetf.datasources.csindex: CSI: Update PE index id(000913), name(300医药)
2026-08-29 10:00:40,830 [INFO] __main__: 234: Update PE index for 399296/创成长
2026-08-29 10:00:40,832 [INFO] anetf.datasources.juquaner: JQ: Update PE index id(399296), local_name(创成长), trying funddb_name(创成长)
2026-08-29 10:00:40,848 [ERROR] __main__: 中证指数: fetch failed for H30178: HTTP Error 403: Forbidden
2026-08-29 10:00:40,848 [INFO] anetf.datasources.cni: GZ: Update PE index id(H30178), name(医疗保健)
2026-08-29 10:00:40,848 [WARNING] anetf.datasources.cni: GZ: Update H30178 failed, index not found in gz_df.
2026-08-29 10:00:40,848 [INFO] anetf.datasources.csindex: CSI: Update PE index id(H30178), name(医疗保健)
2026-08-29 10:00:40,867 [INFO] __main__: 235: Update PE index for H30590/机器人
2026-08-29 10:00:40,867 [INFO] anetf.datasources.juquaner: JQ: Update PE index id(H30590), local_name(机器人), trying funddb_name(机器人)
2026-08-29 10:00:41,007 [ERROR] anetf.datasources.juquaner: JQ: query failed for all candidates: ['中证煤炭']
2026-08-29 10:00:41,007 [INFO] anetf.datasources.csindex: ZZ: Update PE index id(399998)
2026-08-29 10:00:41,031 [ERROR] __main__: 中证指数行情: fetch failed for 000913: Expecting value: line 1 column 1 (char 0)
2026-08-29 10:00:41,032 [INFO] anetf.datasources.price: PRICE: Update index id(000913), name(300医药), source=cn
2026-08-29 10:00:41,034 [ERROR] __main__: 中证指数: fetch failed for 399998: HTTP Error 403: Forbidden
2026-08-29 10:00:41,034 [INFO] anetf.datasources.cni: GZ: Update PE index id(399998), name(中证煤炭)
2026-08-29 10:00:41,034 [WARNING] anetf.datasources.cni: GZ: Update 399998 failed, index not found in gz_df.
2026-08-29 10:00:41,034 [INFO] anetf.datasources.csindex: CSI: Update PE index id(399998), name(中证煤炭)
2026-08-29 10:00:41,045 [ERROR] __main__: 中证指数行情: fetch failed for H30178: Expecting value: line 1 column 1 (char 0)
2026-08-29 10:00:41,047 [INFO] anetf.datasources.price: PRICE: Update index id(H30178), name(医疗保健), source=cn
2026-08-29 10:00:41,052 [ERROR] anetf.datasources.juquaner: JQ: query failed for all candidates: ['电网设备主题']
2026-08-29 10:00:41,052 [INFO] anetf.datasources.csindex: ZZ: Update PE index id(931994)
2026-08-29 10:00:41,089 [ERROR] anetf.datasources.juquaner: JQ: query failed for all candidates: ['中证医疗']
2026-08-29 10:00:41,092 [INFO] anetf.datasources.csindex: ZZ: Update PE index id(399989)
2026-08-29 10:00:41,100 [ERROR] __main__: 中证指数: fetch failed for 931994: HTTP Error 403: Forbidden
2026-08-29 10:00:41,100 [INFO] anetf.datasources.cni: GZ: Update PE index id(931994), name(电网设备主题)
2026-08-29 10:00:41,100 [WARNING] anetf.datasources.cni: GZ: Update 931994 failed, index not found in gz_df.
2026-08-29 10:00:41,100 [INFO] anetf.datasources.csindex: CSI: Update PE index id(931994), name(电网设备主题)
2026-08-29 10:00:41,124 [ERROR] __main__: 中证指数: fetch failed for 399989: HTTP Error 403: Forbidden
2026-08-29 10:00:41,124 [INFO] anetf.datasources.cni: GZ: Update PE index id(399989), name(中证医疗)
2026-08-29 10:00:41,124 [WARNING] anetf.datasources.cni: GZ: Update 399989 failed, index not found in gz_df.
2026-08-29 10:00:41,124 [INFO] anetf.datasources.csindex: CSI: Update PE index id(399989), name(中证医疗)
2026-08-29 10:00:41,136 [INFO] anetf.datasources.price: PRICE: primary API failed for csi931643, falling back to csindex
2026-08-29 10:00:41,192 [INFO] anetf.datasources.price: PRICE: primary API failed for csiH30178, falling back to csindex
2026-08-29 10:00:41,215 [ERROR] anetf.datasources.juquaner: JQ: query failed for all candidates: ['红利低波']
2026-08-29 10:00:41,218 [INFO] anetf.datasources.csindex: ZZ: Update PE index id(H30269)
2026-08-29 10:00:41,231 [ERROR] __main__: 中证指数行情: fetch failed for 931994: Expecting value: line 1 column 1 (char 0)
2026-08-29 10:00:41,232 [INFO] anetf.datasources.price: PRICE: Update index id(931994), name(电网设备主题), source=cn
2026-08-29 10:00:41,234 [ERROR] __main__: 中证指数行情: fetch failed for 399998: Expecting value: line 1 column 1 (char 0)
2026-08-29 10:00:41,236 [INFO] anetf.datasources.price: PRICE: Update index id(399998), name(中证煤炭), source=cn
2026-08-29 10:00:41,250 [ERROR] __main__: 中证指数: fetch failed for H30269: HTTP Error 403: Forbidden
2026-08-29 10:00:41,251 [INFO] anetf.datasources.cni: GZ: Update PE index id(H30269), name(红利低波)
2026-08-29 10:00:41,251 [WARNING] anetf.datasources.cni: GZ: Update H30269 failed, index not found in gz_df.
2026-08-29 10:00:41,251 [INFO] anetf.datasources.csindex: CSI: Update PE index id(H30269), name(红利低波)
2026-08-29 10:00:41,256 [WARNING] anetf.datasources.price: PRICE: fallback also failed for 931643: Expecting value: line 1 column 1 (char 0)
2026-08-29 10:00:41,260 [INFO] __main__: 236: Update PE index for 980017/国证芯片
2026-08-29 10:00:41,263 [INFO] anetf.datasources.juquaner: JQ: Update PE index id(980017), local_name(国证芯片), trying funddb_name(国证芯片)
2026-08-29 10:00:41,275 [ERROR] __main__: 中证指数行情: fetch failed for 399989: Expecting value: line 1 column 1 (char 0)
2026-08-29 10:00:41,276 [INFO] anetf.datasources.price: PRICE: Update index id(399989), name(中证医疗), source=cn
2026-08-29 10:00:41,358 [WARNING] anetf.datasources.price: PRICE: fallback also failed for H30178: Expecting value: line 1 column 1 (char 0)
2026-08-29 10:00:41,365 [INFO] __main__: 237: Update PE index for HSHKBIO/恒生生物科技指数
2026-08-29 10:00:41,370 [INFO] anetf.datasources.juquaner: JQ: Update PE index id(HSHKBIO), local_name(恒生生物科技指数), trying funddb_name(恒生生物科技指数)
2026-08-29 10:00:41,405 [ERROR] __main__: 中证指数行情: fetch failed for H30269: Expecting value: line 1 column 1 (char 0)
2026-08-29 10:00:41,408 [INFO] anetf.datasources.price: PRICE: Update index id(H30269), name(红利低波), source=cn
2026-08-29 10:00:41,432 [ERROR] anetf.datasources.juquaner: JQ: query failed for all candidates: ['中证港股通非银行金融指数']
2026-08-29 10:00:41,434 [INFO] anetf.datasources.csindex: ZZ: Update PE index id(931024)
2026-08-29 10:00:41,455 [ERROR] anetf.datasources.juquaner: JQ: query failed for all candidates: ['创成长']
2026-08-29 10:00:41,463 [INFO] anetf.datasources.csindex: ZZ: Update PE index id(399296)
2026-08-29 10:00:41,478 [ERROR] anetf.datasources.juquaner: JQ: query failed for all candidates: ['机器人']
2026-08-29 10:00:41,480 [INFO] anetf.datasources.price: PRICE: primary API failed for csi931994, falling back to csindex
2026-08-29 10:00:41,480 [INFO] anetf.datasources.csindex: ZZ: Update PE index id(H30590)
2026-08-29 10:00:41,484 [ERROR] __main__: 中证指数: fetch failed for 931024: HTTP Error 403: Forbidden
2026-08-29 10:00:41,484 [INFO] anetf.datasources.cni: GZ: Update PE index id(931024), name(中证港股通非银行金融指数)
2026-08-29 10:00:41,484 [WARNING] anetf.datasources.cni: GZ: Update 931024 failed, index not found in gz_df.
2026-08-29 10:00:41,485 [INFO] anetf.datasources.csindex: CSI: Update PE index id(931024), name(中证港股通非银行金融指数)
2026-08-29 10:00:41,497 [ERROR] __main__: 中证指数: fetch failed for 399296: HTTP Error 403: Forbidden
2026-08-29 10:00:41,497 [INFO] anetf.datasources.cni: GZ: Update PE index id(399296), name(创成长)
2026-08-29 10:00:41,506 [ERROR] __main__: 中证指数: fetch failed for H30590: HTTP Error 403: Forbidden
2026-08-29 10:00:41,507 [INFO] anetf.datasources.cni: GZ: Update PE index id(H30590), name(机器人)
2026-08-29 10:00:41,507 [WARNING] anetf.datasources.cni: GZ: Update H30590 failed, index not found in gz_df.
2026-08-29 10:00:41,507 [INFO] anetf.datasources.csindex: CSI: Update PE index id(H30590), name(机器人)
2026-08-29 10:00:41,535 [INFO] __main__: 238: Update PE index for 000698/科创100
2026-08-29 10:00:41,536 [INFO] anetf.datasources.juquaner: JQ: Update PE index id(000698), local_name(科创100), trying funddb_name(科创100)
2026-08-29 10:00:41,634 [ERROR] __main__: 中证指数行情: fetch failed for 931024: Expecting value: line 1 column 1 (char 0)
2026-08-29 10:00:41,635 [INFO] anetf.datasources.price: PRICE: Update index id(931024), name(中证港股通非银行金融指数), source=cn
2026-08-29 10:00:41,654 [INFO] anetf.datasources.price: PRICE: primary API failed for csiH30269, falling back to csindex
2026-08-29 10:00:41,659 [INFO] __main__: 239: Update PE index for 399986/中证银行
2026-08-29 10:00:41,659 [INFO] anetf.datasources.juquaner: JQ: Update PE index id(399986), local_name(中证银行), trying funddb_name(中证银行)
2026-08-29 10:00:41,667 [INFO] __main__: 240: Update PE index for 931079/5G通信
2026-08-29 10:00:41,668 [INFO] anetf.datasources.juquaner: JQ: Update PE index id(931079), local_name(5G通信), trying funddb_name(5G通信)
2026-08-29 10:00:41,669 [WARNING] anetf.datasources.price: PRICE: fallback also failed for 931994: Expecting value: line 1 column 1 (char 0)
2026-08-29 10:00:41,673 [INFO] __main__: 241: Update PE index for 000001/上证指数
2026-08-29 10:00:41,676 [INFO] anetf.datasources.juquaner: JQ: Update PE index id(000001), local_name(上证指数), trying funddb_name(上证指数)
2026-08-29 10:00:41,681 [ERROR] __main__: 中证指数行情: fetch failed for H30590: Expecting value: line 1 column 1 (char 0)
2026-08-29 10:00:41,682 [INFO] anetf.datasources.price: PRICE: Update index id(H30590), name(机器人), source=cn
2026-08-29 10:00:41,775 [ERROR] anetf.datasources.juquaner: JQ: query failed for all candidates: ['中证2000']
2026-08-29 10:00:41,789 [INFO] anetf.datasources.csindex: ZZ: Update PE index id(932000)
2026-08-29 10:00:41,812 [INFO] __main__: 242: Update PE index for NDX/纳斯达克100
2026-08-29 10:00:41,812 [INFO] anetf.datasources.juquaner: JQ: Update PE index id(NDX), local_name(纳斯达克100), trying funddb_name(纳斯达克100)
2026-08-29 10:00:41,832 [ERROR] __main__: 中证指数: fetch failed for 932000: HTTP Error 403: Forbidden
2026-08-29 10:00:41,832 [INFO] anetf.datasources.cni: GZ: Update PE index id(932000), name(中证2000)
2026-08-29 10:00:41,832 [WARNING] anetf.datasources.cni: GZ: Update 932000 failed, index not found in gz_df.
2026-08-29 10:00:41,832 [INFO] anetf.datasources.csindex: CSI: Update PE index id(932000), name(中证2000)
2026-08-29 10:00:41,863 [WARNING] anetf.datasources.price: PRICE: fallback also failed for H30269: Expecting value: line 1 column 1 (char 0)
2026-08-29 10:00:41,869 [INFO] __main__: 243: Update PE index for 000819/有色金属
2026-08-29 10:00:41,873 [INFO] anetf.datasources.juquaner: JQ: Update PE index id(000819), local_name(有色金属), trying funddb_name(有色金属)
2026-08-29 10:00:41,943 [ERROR] anetf.datasources.juquaner: JQ: query failed for all candidates: ['国证芯片']
2026-08-29 10:00:41,947 [INFO] anetf.datasources.cni: GZ: Update PE index id(980017), name(国证芯片)
2026-08-29 10:00:41,947 [INFO] anetf.datasources.price: PRICE: primary API failed for csi931024, falling back to csindex
2026-08-29 10:00:41,955 [INFO] __main__: 244: Update PE index for HSIII/恒生互联网科技业
2026-08-29 10:00:41,955 [INFO] anetf.datasources.juquaner: JQ: Update PE index id(HSIII), local_name(恒生互联网科技业), trying funddb_name(恒生互联网科技业)
2026-08-29 10:00:41,966 [ERROR] __main__: 中证指数行情: fetch failed for 932000: Expecting value: line 1 column 1 (char 0)
2026-08-29 10:00:41,968 [INFO] anetf.datasources.price: PRICE: Update index id(932000), name(中证2000), source=cn
2026-08-29 10:00:41,987 [INFO] anetf.datasources.price: PRICE: primary API failed for csiH30590, falling back to csindex
2026-08-29 10:00:42,043 [WARNING] anetf.datasources.price: PRICE: fallback also failed for 931024: Expecting value: line 1 column 1 (char 0)
2026-08-29 10:00:42,049 [INFO] __main__: 245: Update PE index for 931238/SSH黄金股票
2026-08-29 10:00:42,052 [INFO] anetf.datasources.juquaner: JQ: Update PE index id(931238), local_name(SSH黄金股票), trying funddb_name(SSH黄金股票)
2026-08-29 10:00:42,098 [ERROR] anetf.datasources.juquaner: JQ: query failed for all candidates: ['卫星通信']
2026-08-29 10:00:42,098 [INFO] anetf.datasources.cni: GZ: Update PE index id(980018), name(卫星通信)
2026-08-29 10:00:42,110 [WARNING] anetf.datasources.price: PRICE: fallback also failed for H30590: Expecting value: line 1 column 1 (char 0)
2026-08-29 10:00:42,114 [INFO] __main__: 246: Update PE index for 930909/中证港股通信息指数
2026-08-29 10:00:42,114 [INFO] anetf.datasources.juquaner: JQ: Update PE index id(930909), local_name(中证港股通信息指数), trying funddb_name(中证港股通信息指数)
2026-08-29 10:00:42,118 [INFO] __main__: 247: Update PE index for 970070/创业板人工智能
2026-08-29 10:00:42,119 [INFO] anetf.datasources.juquaner: JQ: Update PE index id(970070), local_name(创业板人工智能), trying funddb_name(创业板人工智能)
2026-08-29 10:00:42,238 [INFO] anetf.datasources.price: PRICE: primary API failed for sh932000, falling back to csindex
2026-08-29 10:00:42,294 [ERROR] anetf.datasources.juquaner: JQ: query failed for all candidates: ['上证指数']
2026-08-29 10:00:42,295 [INFO] anetf.datasources.csindex: ZZ: Update PE index id(000001)
2026-08-29 10:00:42,317 [ERROR] __main__: 中证指数: fetch failed for 000001: HTTP Error 403: Forbidden
2026-08-29 10:00:42,318 [INFO] anetf.datasources.cni: GZ: Update PE index id(000001), name(上证指数)
2026-08-29 10:00:42,318 [WARNING] anetf.datasources.cni: GZ: Update 000001 failed, index not found in gz_df.
2026-08-29 10:00:42,318 [INFO] anetf.datasources.csindex: CSI: Update PE index id(000001), name(上证指数)
2026-08-29 10:00:42,320 [WARNING] anetf.datasources.price: PRICE: fallback also failed for 932000: Expecting value: line 1 column 1 (char 0)
2026-08-29 10:00:42,322 [INFO] __main__: 248: Update PE index for 399975/证券公司
2026-08-29 10:00:42,323 [INFO] anetf.datasources.juquaner: JQ: Update PE index id(399975), local_name(证券公司), trying funddb_name(证券公司)
2026-08-29 10:00:42,394 [ERROR] __main__: 中证指数行情: fetch failed for 000001: Expecting value: line 1 column 1 (char 0)
2026-08-29 10:00:42,395 [INFO] anetf.datasources.price: PRICE: Update index id(000001), name(上证指数), source=cn
2026-08-29 10:00:42,405 [ERROR] anetf.datasources.juquaner: JQ: query failed for all candidates: ['恒生生物科技指数']
2026-08-29 10:00:42,406 [INFO] anetf.datasources.price: PRICE: Update index id(HSHKBIO), name(恒生生物科技指数), source=hk
2026-08-29 10:00:42,531 [ERROR] anetf.datasources.juquaner: JQ: query failed for all candidates: ['恒生互联网科技业']
2026-08-29 10:00:42,531 [INFO] anetf.datasources.price: PRICE: Update index id(HSIII), name(恒生互联网科技业), source=hk
2026-08-29 10:00:42,645 [INFO] __main__: 249: Update PE index for 931152/CS创新药
2026-08-29 10:00:42,645 [INFO] anetf.datasources.juquaner: JQ: Update PE index id(931152), local_name(CS创新药), trying funddb_name(CS创新药)
2026-08-29 10:00:42,709 [ERROR] anetf.datasources.juquaner: JQ: query failed for all candidates: ['中证港股通信息指数']
2026-08-29 10:00:42,709 [INFO] anetf.datasources.csindex: ZZ: Update PE index id(930909)
2026-08-29 10:00:42,727 [INFO] __main__: 250: Update PE index for 931637/HKC互联网
2026-08-29 10:00:42,727 [INFO] anetf.datasources.juquaner: JQ: Update PE index id(931637), local_name(HKC互联网), trying funddb_name(HKC互联网)
2026-08-29 10:00:42,745 [ERROR] __main__: 中证指数: fetch failed for 930909: HTTP Error 403: Forbidden
2026-08-29 10:00:42,745 [INFO] anetf.datasources.cni: GZ: Update PE index id(930909), name(中证港股通信息指数)
2026-08-29 10:00:42,745 [WARNING] anetf.datasources.cni: GZ: Update 930909 failed, index not found in gz_df.
2026-08-29 10:00:42,745 [INFO] anetf.datasources.csindex: CSI: Update PE index id(930909), name(中证港股通信息指数)
2026-08-29 10:00:42,803 [ERROR] anetf.datasources.juquaner: JQ: query failed for all candidates: ['科创100']
2026-08-29 10:00:42,803 [INFO] anetf.datasources.csindex: ZZ: Update PE index id(000698)
2026-08-29 10:00:42,830 [INFO] __main__: 251: Update PE index for H30184/半导体
2026-08-29 10:00:42,830 [INFO] anetf.datasources.juquaner: JQ: Update PE index id(H30184), local_name(半导体), trying funddb_name(半导体)
2026-08-29 10:00:42,835 [ERROR] __main__: 中证指数: fetch failed for 000698: HTTP Error 403: Forbidden
2026-08-29 10:00:42,835 [INFO] anetf.datasources.cni: GZ: Update PE index id(000698), name(科创100)
2026-08-29 10:00:42,835 [WARNING] anetf.datasources.cni: GZ: Update 000698 failed, index not found in gz_df.
2026-08-29 10:00:42,836 [INFO] anetf.datasources.csindex: CSI: Update PE index id(000698), name(科创100)
2026-08-29 10:00:42,840 [ERROR] __main__: 中证指数行情: fetch failed for 930909: Expecting value: line 1 column 1 (char 0)
2026-08-29 10:00:42,841 [INFO] anetf.datasources.price: PRICE: Update index id(930909), name(中证港股通信息指数), source=cn
2026-08-29 10:00:42,896 [ERROR] anetf.datasources.juquaner: JQ: query failed for all candidates: ['中证银行']
2026-08-29 10:00:42,897 [INFO] anetf.datasources.csindex: ZZ: Update PE index id(399986)
2026-08-29 10:00:42,923 [ERROR] __main__: 中证指数: fetch failed for 399986: HTTP Error 403: Forbidden
2026-08-29 10:00:42,924 [INFO] anetf.datasources.cni: GZ: Update PE index id(399986), name(中证银行)
2026-08-29 10:00:42,924 [WARNING] anetf.datasources.cni: GZ: Update 399986 failed, index not found in gz_df.
2026-08-29 10:00:42,924 [INFO] anetf.datasources.csindex: CSI: Update PE index id(399986), name(中证银行)
2026-08-29 10:00:42,955 [ERROR] anetf.datasources.juquaner: JQ: query failed for all candidates: ['纳斯达克100']
2026-08-29 10:00:42,955 [INFO] anetf.datasources.price: PRICE: Update index id(NDX), name(纳斯达克100), source=us
2026-08-29 10:00:42,959 [ERROR] __main__: 中证指数行情: fetch failed for 000698: Expecting value: line 1 column 1 (char 0)
2026-08-29 10:00:42,961 [INFO] anetf.datasources.price: PRICE: Update index id(000698), name(科创100), source=cn
2026-08-29 10:00:43,007 [ERROR] anetf.datasources.juquaner: JQ: query failed for all candidates: ['5G通信']
2026-08-29 10:00:43,008 [INFO] anetf.datasources.csindex: ZZ: Update PE index id(931079)
2026-08-29 10:00:43,022 [ERROR] __main__: 中证指数行情: fetch failed for 399986: Expecting value: line 1 column 1 (char 0)
2026-08-29 10:00:43,024 [INFO] anetf.datasources.price: PRICE: Update index id(399986), name(中证银行), source=cn
2026-08-29 10:00:43,075 [ERROR] anetf.datasources.juquaner: JQ: query failed for all candidates: ['有色金属']
2026-08-29 10:00:43,075 [INFO] anetf.datasources.csindex: ZZ: Update PE index id(000819)
2026-08-29 10:00:43,082 [ERROR] __main__: 中证指数: fetch failed for 931079: HTTP Error 403: Forbidden
2026-08-29 10:00:43,083 [INFO] anetf.datasources.cni: GZ: Update PE index id(931079), name(5G通信)
2026-08-29 10:00:43,083 [WARNING] anetf.datasources.cni: GZ: Update 931079 failed, index not found in gz_df.
2026-08-29 10:00:43,083 [INFO] anetf.datasources.csindex: CSI: Update PE index id(931079), name(5G通信)
2026-08-29 10:00:43,115 [INFO] anetf.datasources.price: PRICE: primary API failed for sh930909, falling back to csindex
2026-08-29 10:00:43,131 [ERROR] __main__: 中证指数: fetch failed for 000819: HTTP Error 403: Forbidden
2026-08-29 10:00:43,132 [INFO] anetf.datasources.cni: GZ: Update PE index id(000819), name(有色金属)
2026-08-29 10:00:43,132 [WARNING] anetf.datasources.cni: GZ: Update 000819 failed, index not found in gz_df.
2026-08-29 10:00:43,132 [INFO] anetf.datasources.csindex: CSI: Update PE index id(000819), name(有色金属)
2026-08-29 10:00:43,152 [ERROR] anetf.datasources.juquaner: JQ: query failed for all candidates: ['SSH黄金股票']
2026-08-29 10:00:43,152 [INFO] anetf.datasources.csindex: ZZ: Update PE index id(931238)
2026-08-29 10:00:43,190 [ERROR] anetf.datasources.juquaner: JQ: query failed for all candidates: ['CS创新药']
2026-08-29 10:00:43,190 [INFO] anetf.datasources.csindex: ZZ: Update PE index id(931152)
2026-08-29 10:00:43,208 [ERROR] __main__: 中证指数: fetch failed for 931238: HTTP Error 403: Forbidden
2026-08-29 10:00:43,208 [INFO] anetf.datasources.cni: GZ: Update PE index id(931238), name(SSH黄金股票)
2026-08-29 10:00:43,208 [WARNING] anetf.datasources.cni: GZ: Update 931238 failed, index not found in gz_df.
2026-08-29 10:00:43,208 [INFO] anetf.datasources.csindex: CSI: Update PE index id(931238), name(SSH黄金股票)
2026-08-29 10:00:43,235 [ERROR] __main__: 中证指数行情: fetch failed for 931079: Expecting value: line 1 column 1 (char 0)
2026-08-29 10:00:43,237 [INFO] anetf.datasources.price: PRICE: Update index id(931079), name(5G通信), source=cn
2026-08-29 10:00:43,248 [ERROR] __main__: 中证指数: fetch failed for 931152: HTTP Error 403: Forbidden
2026-08-29 10:00:43,248 [INFO] anetf.datasources.cni: GZ: Update PE index id(931152), name(CS创新药)
2026-08-29 10:00:43,269 [WARNING] anetf.datasources.cni: GZ: Update 931152 failed, index not found in gz_df.
2026-08-29 10:00:43,269 [INFO] anetf.datasources.csindex: CSI: Update PE index id(931152), name(CS创新药)
2026-08-29 10:00:43,328 [WARNING] anetf.datasources.price: PRICE: fallback also failed for 930909: Expecting value: line 1 column 1 (char 0)
2026-08-29 10:00:43,328 [ERROR] __main__: 中证指数行情: fetch failed for 000819: Expecting value: line 1 column 1 (char 0)
2026-08-29 10:00:43,388 [INFO] anetf.datasources.price: PRICE: Update index id(000819), name(有色金属), source=cn
2026-08-29 10:00:43,386 [INFO] __main__: 252: Update PE index for 000016/上证50
2026-08-29 10:00:43,391 [INFO] anetf.datasources.juquaner: JQ: Update PE index id(000016), local_name(上证50), trying funddb_name(上证50)
2026-08-29 10:00:43,401 [INFO] __main__: 253: Update PE index for 980086/创新药
2026-08-29 10:00:43,408 [INFO] anetf.datasources.juquaner: JQ: Update PE index id(980086), local_name(创新药), trying funddb_name(创新药)
2026-08-29 10:00:43,407 [ERROR] anetf.datasources.juquaner: JQ: query failed for all candidates: ['创业板人工智能']
2026-08-29 10:00:43,416 [INFO] anetf.datasources.csindex: ZZ: Update PE index id(970070)
2026-08-29 10:00:43,414 [INFO] __main__: 254: Update PE index for 399673/创业板50
2026-08-29 10:00:43,423 [INFO] anetf.datasources.juquaner: JQ: Update PE index id(399673), local_name(创业板50), trying funddb_name(创业板50)
2026-08-29 10:00:43,443 [ERROR] __main__: 中证指数行情: fetch failed for 931238: Expecting value: line 1 column 1 (char 0)
2026-08-29 10:00:43,444 [INFO] anetf.datasources.price: PRICE: Update index id(931238), name(SSH黄金股票), source=cn
2026-08-29 10:00:43,448 [INFO] __main__: 255: Update PE index for H30533/中国互联网50
2026-08-29 10:00:43,448 [INFO] anetf.datasources.juquaner: JQ: Update PE index id(H30533), local_name(中国互联网50), trying funddb_name(中国互联网50)
2026-08-29 10:00:43,449 [ERROR] __main__: 中证指数行情: fetch failed for 931152: Expecting value: line 1 column 1 (char 0)
2026-08-29 10:00:43,450 [INFO] anetf.datasources.price: PRICE: Update index id(931152), name(CS创新药), source=cn
2026-08-29 10:00:43,464 [ERROR] anetf.datasources.juquaner: JQ: query failed for all candidates: ['证券公司']
2026-08-29 10:00:43,467 [INFO] anetf.datasources.csindex: ZZ: Update PE index id(399975)
2026-08-29 10:00:43,470 [ERROR] anetf.datasources.juquaner: JQ: query failed for all candidates: ['半导体']
2026-08-29 10:00:43,470 [INFO] anetf.datasources.csindex: ZZ: Update PE index id(H30184)
2026-08-29 10:00:43,475 [ERROR] __main__: 中证指数: fetch failed for 970070: HTTP Error 403: Forbidden
2026-08-29 10:00:43,475 [INFO] anetf.datasources.cni: GZ: Update PE index id(970070), name(创业板人工智能)
2026-08-29 10:00:43,500 [INFO] __main__: 256: Update PE index for HSTECH/恒生科技指数
2026-08-29 10:00:43,500 [INFO] anetf.datasources.juquaner: JQ: Update PE index id(HSTECH), local_name(恒生科技指数), trying funddb_name(恒生科技指数)
2026-08-29 10:00:43,523 [ERROR] __main__: 中证指数: fetch failed for H30184: HTTP Error 403: Forbidden
2026-08-29 10:00:43,523 [INFO] anetf.datasources.cni: GZ: Update PE index id(H30184), name(半导体)
2026-08-29 10:00:43,523 [WARNING] anetf.datasources.cni: GZ: Update H30184 failed, index not found in gz_df.
2026-08-29 10:00:43,523 [INFO] anetf.datasources.csindex: CSI: Update PE index id(H30184), name(半导体)
2026-08-29 10:00:43,524 [ERROR] __main__: 中证指数: fetch failed for 399975: HTTP Error 403: Forbidden
2026-08-29 10:00:43,524 [INFO] anetf.datasources.cni: GZ: Update PE index id(399975), name(证券公司)
2026-08-29 10:00:43,524 [WARNING] anetf.datasources.cni: GZ: Update 399975 failed, index not found in gz_df.
2026-08-29 10:00:43,524 [INFO] anetf.datasources.csindex: CSI: Update PE index id(399975), name(证券公司)
2026-08-29 10:00:43,594 [INFO] anetf.datasources.price: PRICE: primary API failed for csi931079, falling back to csindex
2026-08-29 10:00:43,786 [ERROR] __main__: 中证指数行情: fetch failed for H30184: Expecting value: line 1 column 1 (char 0)
2026-08-29 10:00:43,787 [INFO] anetf.datasources.price: PRICE: Update index id(H30184), name(半导体), source=cn
2026-08-29 10:00:43,791 [WARNING] anetf.datasources.price: PRICE: fallback also failed for 931079: Expecting value: line 1 column 1 (char 0)
2026-08-29 10:00:43,793 [INFO] __main__: 257: Update PE index for 930793/中证香港证券投资指数
2026-08-29 10:00:43,794 [INFO] anetf.datasources.juquaner: JQ: Update PE index id(930793), local_name(中证香港证券投资指数), trying funddb_name(中证香港证券投资指数)
2026-08-29 10:00:43,795 [ERROR] __main__: 中证指数行情: fetch failed for 399975: Expecting value: line 1 column 1 (char 0)
2026-08-29 10:00:43,797 [INFO] anetf.datasources.price: PRICE: Update index id(399975), name(证券公司), source=cn
2026-08-29 10:00:43,868 [INFO] anetf.datasources.price: PRICE: primary API failed for csi931238, falling back to csindex
2026-08-29 10:00:43,922 [ERROR] anetf.datasources.juquaner: JQ: query failed for all candidates: ['HKC互联网']
2026-08-29 10:00:43,923 [INFO] anetf.datasources.csindex: ZZ: Update PE index id(931637)
2026-08-29 10:00:43,953 [INFO] anetf.datasources.price: PRICE: primary API failed for csi931152, falling back to csindex
2026-08-29 10:00:43,961 [ERROR] __main__: 中证指数: fetch failed for 931637: HTTP Error 403: Forbidden
2026-08-29 10:00:43,964 [INFO] anetf.datasources.cni: GZ: Update PE index id(931637), name(HKC互联网)
2026-08-29 10:00:43,964 [WARNING] anetf.datasources.cni: GZ: Update 931637 failed, index not found in gz_df.
2026-08-29 10:00:43,964 [INFO] anetf.datasources.csindex: CSI: Update PE index id(931637), name(HKC互联网)
2026-08-29 10:00:43,968 [WARNING] anetf.datasources.price: PRICE: fallback also failed for 931238: Expecting value: line 1 column 1 (char 0)
2026-08-29 10:00:43,973 [INFO] __main__: 258: Update PE index for 987018/港股通创新药
2026-08-29 10:00:43,973 [INFO] anetf.datasources.juquaner: JQ: Update PE index id(987018), local_name(港股通创新药), trying funddb_name(港股通创新药)
2026-08-29 10:00:43,976 [INFO] __main__: 259: Update PE index for 000905/中证500
2026-08-29 10:00:43,978 [INFO] anetf.datasources.juquaner: JQ: Update PE index id(000905), local_name(中证500), trying funddb_name(中证500)
2026-08-29 10:00:44,069 [INFO] anetf.datasources.price: PRICE: primary API failed for csiH30184, falling back to csindex
2026-08-29 10:00:44,083 [ERROR] anetf.datasources.juquaner: JQ: query failed for all candidates: ['上证50']
2026-08-29 10:00:44,084 [INFO] anetf.datasources.csindex: ZZ: Update PE index id(000016)
2026-08-29 10:00:44,085 [WARNING] anetf.datasources.price: PRICE: fallback also failed for 931152: Expecting value: line 1 column 1 (char 0)
2026-08-29 10:00:44,089 [INFO] __main__: 260: Update PE index for 000685/科创芯片
2026-08-29 10:00:44,092 [INFO] anetf.datasources.juquaner: JQ: Update PE index id(000685), local_name(科创芯片), trying funddb_name(科创芯片)
2026-08-29 10:00:44,110 [INFO] __main__: 261: Update PE index for 931160/通信设备
2026-08-29 10:00:44,110 [INFO] anetf.datasources.juquaner: JQ: Update PE index id(931160), local_name(通信设备), trying funddb_name(通信设备)
2026-08-29 10:00:44,115 [ERROR] __main__: 中证指数行情: fetch failed for 931637: Expecting value: line 1 column 1 (char 0)
2026-08-29 10:00:44,116 [INFO] anetf.datasources.price: PRICE: Update index id(931637), name(HKC互联网), source=cn
2026-08-29 10:00:44,124 [ERROR] __main__: 中证指数: fetch failed for 000016: HTTP Error 403: Forbidden
2026-08-29 10:00:44,124 [INFO] anetf.datasources.cni: GZ: Update PE index id(000016), name(上证50)
2026-08-29 10:00:44,125 [WARNING] anetf.datasources.cni: GZ: Update 000016 failed, index not found in gz_df.
2026-08-29 10:00:44,125 [INFO] anetf.datasources.csindex: CSI: Update PE index id(000016), name(上证50)
2026-08-29 10:00:44,157 [ERROR] anetf.datasources.juquaner: JQ: query failed for all candidates: ['创业板50']
2026-08-29 10:00:44,159 [INFO] anetf.datasources.csindex: ZZ: Update PE index id(399673)
2026-08-29 10:00:44,196 [ERROR] __main__: 中证指数: fetch failed for 399673: HTTP Error 403: Forbidden
2026-08-29 10:00:44,196 [INFO] anetf.datasources.cni: GZ: Update PE index id(399673), name(创业板50)
2026-08-29 10:00:44,214 [INFO] __main__: 262: Update PE index for 000852/中证1000
2026-08-29 10:00:44,215 [INFO] anetf.datasources.juquaner: JQ: Update PE index id(000852), local_name(中证1000), trying funddb_name(中证1000)
2026-08-29 10:00:44,219 [WARNING] anetf.datasources.price: PRICE: fallback also failed for H30184: Expecting value: line 1 column 1 (char 0)
2026-08-29 10:00:44,226 [INFO] __main__: 263: Update PE index for 931743/半导体材料设备
2026-08-29 10:00:44,231 [INFO] anetf.datasources.juquaner: JQ: Update PE index id(931743), local_name(半导体材料设备), trying funddb_name(半导体材料设备)
2026-08-29 10:00:44,269 [ERROR] __main__: 中证指数行情: fetch failed for 000016: Expecting value: line 1 column 1 (char 0)
2026-08-29 10:00:44,270 [INFO] anetf.datasources.price: PRICE: Update index id(000016), name(上证50), source=cn
2026-08-29 10:00:44,314 [ERROR] anetf.datasources.juquaner: JQ: query failed for all candidates: ['恒生科技指数']
2026-08-29 10:00:44,314 [INFO] anetf.datasources.price: PRICE: Update index id(HSTECH), name(恒生科技指数), source=hk
2026-08-29 10:00:44,357 [INFO] anetf.datasources.price: PRICE: primary API failed for csi931637, falling back to csindex
2026-08-29 10:00:44,425 [WARNING] anetf.datasources.price: PRICE: fallback also failed for 931637: Expecting value: line 1 column 1 (char 0)
2026-08-29 10:00:44,427 [INFO] __main__: 264: Update PE index for 000300/沪深300
2026-08-29 10:00:44,428 [INFO] anetf.datasources.juquaner: JQ: Update PE index id(000300), local_name(沪深300), trying funddb_name(沪深300)
2026-08-29 10:00:44,582 [ERROR] anetf.datasources.juquaner: JQ: query failed for all candidates: ['中证500']
2026-08-29 10:00:44,582 [INFO] anetf.datasources.csindex: ZZ: Update PE index id(000905)
2026-08-29 10:00:44,608 [INFO] __main__: 265: Update PE index for 000510/中证A500
2026-08-29 10:00:44,608 [INFO] anetf.datasources.juquaner: JQ: Update PE index id(000510), local_name(中证A500), trying funddb_name(中证A500)
2026-08-29 10:00:44,614 [INFO] __main__: 266: Update PE index for AU9999/黄金9999指数
2026-08-29 10:00:44,614 [INFO] anetf.datasources.juquaner: JQ: Update PE index id(AU9999), local_name(黄金9999指数), trying funddb_name(黄金9999指数)
2026-08-29 10:00:44,627 [ERROR] __main__: 中证指数: fetch failed for 000905: HTTP Error 403: Forbidden
2026-08-29 10:00:44,627 [INFO] anetf.datasources.cni: GZ: Update PE index id(000905), name(中证500)
2026-08-29 10:00:44,627 [WARNING] anetf.datasources.cni: GZ: Update 000905 failed, index not found in gz_df.
2026-08-29 10:00:44,627 [INFO] anetf.datasources.csindex: CSI: Update PE index id(000905), name(中证500)
2026-08-29 10:00:44,689 [ERROR] anetf.datasources.juquaner: JQ: query failed for all candidates: ['科创芯片']
2026-08-29 10:00:44,689 [INFO] anetf.datasources.csindex: ZZ: Update PE index id(000685)
2026-08-29 10:00:44,715 [ERROR] __main__: 中证指数: fetch failed for 000685: HTTP Error 403: Forbidden
2026-08-29 10:00:44,716 [INFO] anetf.datasources.cni: GZ: Update PE index id(000685), name(科创芯片)
2026-08-29 10:00:44,716 [WARNING] anetf.datasources.cni: GZ: Update 000685 failed, index not found in gz_df.
2026-08-29 10:00:44,716 [INFO] anetf.datasources.csindex: CSI: Update PE index id(000685), name(科创芯片)
2026-08-29 10:00:44,717 [ERROR] __main__: 中证指数行情: fetch failed for 000905: Expecting value: line 1 column 1 (char 0)
2026-08-29 10:00:44,718 [INFO] anetf.datasources.price: PRICE: Update index id(000905), name(中证500), source=cn
2026-08-29 10:00:44,748 [ERROR] anetf.datasources.juquaner: JQ: query failed for all candidates: ['创新药']
2026-08-29 10:00:44,750 [INFO] anetf.datasources.cni: GZ: Update PE index id(980086), name(创新药)
2026-08-29 10:00:44,750 [WARNING] anetf.datasources.cni: GZ: Update 980086 skipped, PE is NaN in gz_df.
2026-08-29 10:00:44,750 [INFO] anetf.datasources.price: PRICE: Update index id(980086), name(创新药), source=cni
2026-08-29 10:00:44,815 [ERROR] __main__: 中证指数行情: fetch failed for 000685: Expecting value: line 1 column 1 (char 0)
2026-08-29 10:00:44,818 [INFO] anetf.datasources.price: PRICE: Update index id(000685), name(科创芯片), source=cn
2026-08-29 10:00:44,840 [ERROR] anetf.datasources.juquaner: JQ: query failed for all candidates: ['半导体材料设备']
2026-08-29 10:00:44,840 [INFO] anetf.datasources.csindex: ZZ: Update PE index id(931743)
2026-08-29 10:00:44,864 [ERROR] anetf.datasources.juquaner: JQ: query failed for all candidates: ['中国互联网50']
2026-08-29 10:00:44,864 [INFO] anetf.datasources.csindex: ZZ: Update PE index id(H30533)
2026-08-29 10:00:44,874 [ERROR] __main__: 中证指数: fetch failed for 931743: HTTP Error 403: Forbidden
2026-08-29 10:00:44,874 [INFO] anetf.datasources.cni: GZ: Update PE index id(931743), name(半导体材料设备)
2026-08-29 10:00:44,875 [WARNING] anetf.datasources.cni: GZ: Update 931743 failed, index not found in gz_df.
2026-08-29 10:00:44,875 [INFO] anetf.datasources.csindex: CSI: Update PE index id(931743), name(半导体材料设备)
2026-08-29 10:00:44,889 [INFO] anetf.datasources.price: PRICE: CNI index 980086 loaded 252 rows from index_hist_cni
2026-08-29 10:00:44,892 [INFO] __main__: 267: Update PE index for 000688/科创50
2026-08-29 10:00:44,894 [INFO] anetf.datasources.juquaner: JQ: Update PE index id(000688), local_name(科创50), trying funddb_name(科创50)
2026-08-29 10:00:44,893 [ERROR] __main__: 中证指数: fetch failed for H30533: HTTP Error 403: Forbidden
2026-08-29 10:00:44,896 [INFO] anetf.datasources.cni: GZ: Update PE index id(H30533), name(中国互联网50)
2026-08-29 10:00:44,896 [WARNING] anetf.datasources.cni: GZ: Update H30533 failed, index not found in gz_df.
2026-08-29 10:00:44,896 [INFO] anetf.datasources.csindex: CSI: Update PE index id(H30533), name(中国互联网50)
2026-08-29 10:00:44,968 [INFO] __main__: 268: Update PE index for 000697/科创半导体材料设备指数
2026-08-29 10:00:44,968 [INFO] anetf.datasources.juquaner: JQ: Update PE index id(000697), local_name(科创半导体材料设备指数), trying funddb_name(科创半导体材料设备指数)
2026-08-29 10:00:44,982 [ERROR] __main__: 中证指数行情: fetch failed for 931743: Expecting value: line 1 column 1 (char 0)
2026-08-29 10:00:44,983 [INFO] anetf.datasources.price: PRICE: Update index id(931743), name(半导体材料设备), source=cn
2026-08-29 10:00:44,999 [ERROR] __main__: 中证指数行情: fetch failed for H30533: Expecting value: line 1 column 1 (char 0)
2026-08-29 10:00:45,000 [INFO] anetf.datasources.price: PRICE: Update index id(H30533), name(中国互联网50), source=cn
2026-08-29 10:00:45,068 [ERROR] anetf.datasources.juquaner: JQ: query failed for all candidates: ['中证香港证券投资指数']
2026-08-29 10:00:45,068 [INFO] anetf.datasources.csindex: ZZ: Update PE index id(930793)
2026-08-29 10:00:45,092 [ERROR] __main__: 中证指数: fetch failed for 930793: HTTP Error 403: Forbidden
2026-08-29 10:00:45,092 [INFO] anetf.datasources.cni: GZ: Update PE index id(930793), name(中证香港证券投资指数)
2026-08-29 10:00:45,092 [WARNING] anetf.datasources.cni: GZ: Update 930793 failed, index not found in gz_df.
2026-08-29 10:00:45,092 [INFO] anetf.datasources.csindex: CSI: Update PE index id(930793), name(中证香港证券投资指数)
2026-08-29 10:00:45,129 [INFO] __main__: 269: Update PE index for 399006/创业板指
2026-08-29 10:00:45,129 [INFO] anetf.datasources.juquaner: JQ: Update PE index id(399006), local_name(创业板指), trying funddb_name(创业板指)
2026-08-29 10:00:45,170 [ERROR] __main__: 中证指数行情: fetch failed for 930793: Expecting value: line 1 column 1 (char 0)
2026-08-29 10:00:45,171 [INFO] anetf.datasources.price: PRICE: Update index id(930793), name(中证香港证券投资指数), source=cn
2026-08-29 10:00:45,189 [INFO] anetf.datasources.price: PRICE: primary API failed for csiH30533, falling back to csindex
2026-08-29 10:00:45,244 [ERROR] anetf.datasources.juquaner: JQ: query failed for all candidates: ['港股通创新药']
2026-08-29 10:00:45,244 [INFO] anetf.datasources.cni: GZ: Update PE index id(987018), name(港股通创新药)
2026-08-29 10:00:45,244 [WARNING] anetf.datasources.cni: GZ: Update 987018 skipped, PE is NaN in gz_df.
2026-08-29 10:00:45,244 [INFO] anetf.datasources.price: PRICE: Update index id(987018), name(港股通创新药), source=cni
2026-08-29 10:00:45,259 [INFO] anetf.datasources.price: PRICE: primary API failed for csi931743, falling back to csindex
2026-08-29 10:00:45,276 [WARNING] anetf.datasources.price: PRICE: fallback also failed for H30533: Expecting value: line 1 column 1 (char 0)
2026-08-29 10:00:45,279 [INFO] __main__: 270: Update PE index for 931787/港股创新药
2026-08-29 10:00:45,280 [INFO] anetf.datasources.juquaner: JQ: Update PE index id(931787), local_name(港股创新药), trying funddb_name(港股创新药)
2026-08-29 10:00:45,319 [ERROR] anetf.datasources.juquaner: JQ: query failed for all candidates: ['中证1000']
2026-08-29 10:00:45,319 [INFO] anetf.datasources.csindex: ZZ: Update PE index id(000852)
2026-08-29 10:00:45,343 [ERROR] __main__: 中证指数: fetch failed for 000852: HTTP Error 403: Forbidden
2026-08-29 10:00:45,343 [INFO] anetf.datasources.cni: GZ: Update PE index id(000852), name(中证1000)
2026-08-29 10:00:45,343 [WARNING] anetf.datasources.cni: GZ: Update 000852 failed, index not found in gz_df.
2026-08-29 10:00:45,344 [INFO] anetf.datasources.csindex: CSI: Update PE index id(000852), name(中证1000)
2026-08-29 10:00:45,345 [WARNING] anetf.datasources.price: PRICE: fallback also failed for 931743: Expecting value: line 1 column 1 (char 0)
2026-08-29 10:00:45,349 [INFO] __main__: 271: Update PE index for 931790/中韩半导体
2026-08-29 10:00:45,350 [INFO] anetf.datasources.juquaner: JQ: Update PE index id(931790), local_name(中韩半导体), trying funddb_name(中韩半导体)
2026-08-29 10:00:45,393 [ERROR] anetf.datasources.juquaner: JQ: query failed for all candidates: ['通信设备']
2026-08-29 10:00:45,393 [INFO] anetf.datasources.csindex: ZZ: Update PE index id(931160)
2026-08-29 10:00:45,409 [ERROR] __main__: 中证指数行情: fetch failed for 000852: Expecting value: line 1 column 1 (char 0)
2026-08-29 10:00:45,412 [INFO] anetf.datasources.price: PRICE: Update index id(000852), name(中证1000), source=cn
2026-08-29 10:00:45,418 [ERROR] __main__: 中证指数: fetch failed for 931160: HTTP Error 403: Forbidden
2026-08-29 10:00:45,418 [INFO] anetf.datasources.cni: GZ: Update PE index id(931160), name(通信设备)
2026-08-29 10:00:45,418 [WARNING] anetf.datasources.cni: GZ: Update 931160 failed, index not found in gz_df.
2026-08-29 10:00:45,418 [INFO] anetf.datasources.csindex: CSI: Update PE index id(931160), name(通信设备)
2026-08-29 10:00:45,421 [INFO] anetf.datasources.price: PRICE: primary API failed for sh930793, falling back to csindex
2026-08-29 10:00:45,529 [ERROR] __main__: 中证指数行情: fetch failed for 931160: Expecting value: line 1 column 1 (char 0)
2026-08-29 10:00:45,530 [INFO] anetf.datasources.price: PRICE: Update index id(931160), name(通信设备), source=cn
2026-08-29 10:00:45,555 [WARNING] anetf.datasources.price: PRICE: fallback also failed for 930793: Expecting value: line 1 column 1 (char 0)
2026-08-29 10:00:45,559 [INFO] __main__: 272: Update PE index for H11014/中证短融
2026-08-29 10:00:45,561 [INFO] anetf.datasources.juquaner: JQ: Update PE index id(H11014), local_name(中证短融), trying funddb_name(中证短融)
2026-08-29 10:00:45,697 [ERROR] anetf.datasources.juquaner: JQ: query failed for all candidates: ['沪深300']
2026-08-29 10:00:45,697 [INFO] anetf.datasources.csindex: ZZ: Update PE index id(000300)
2026-08-29 10:00:45,704 [INFO] anetf.datasources.price: PRICE: CNI index 987018 loaded 243 rows from index_hist_cni
2026-08-29 10:00:45,719 [ERROR] anetf.datasources.juquaner: JQ: query failed for all candidates: ['中证A500']
2026-08-29 10:00:45,719 [INFO] anetf.datasources.csindex: ZZ: Update PE index id(000510)
2026-08-29 10:00:45,725 [INFO] anetf.datasources.price: PRICE: primary API failed for csi931160, falling back to csindex
2026-08-29 10:00:45,729 [ERROR] __main__: 中证指数: fetch failed for 000300: HTTP Error 403: Forbidden
2026-08-29 10:00:45,730 [INFO] anetf.datasources.cni: GZ: Update PE index id(000300), name(沪深300)
2026-08-29 10:00:45,730 [WARNING] anetf.datasources.cni: GZ: Update 000300 failed, index not found in gz_df.
2026-08-29 10:00:45,730 [INFO] anetf.datasources.csindex: CSI: Update PE index id(000300), name(沪深300)
2026-08-29 10:00:45,747 [ERROR] __main__: 中证指数: fetch failed for 000510: HTTP Error 403: Forbidden
2026-08-29 10:00:45,748 [INFO] anetf.datasources.cni: GZ: Update PE index id(000510), name(中证A500)
2026-08-29 10:00:45,748 [WARNING] anetf.datasources.cni: GZ: Update 000510 failed, index not found in gz_df.
2026-08-29 10:00:45,748 [INFO] anetf.datasources.csindex: CSI: Update PE index id(000510), name(中证A500)
2026-08-29 10:00:45,815 [ERROR] anetf.datasources.juquaner: JQ: query failed for all candidates: ['黄金9999指数']
2026-08-29 10:00:45,815 [INFO] anetf.datasources.price: PRICE: Update index id(AU9999), name(黄金9999指数), source=gold
2026-08-29 10:00:45,817 [WARNING] anetf.datasources.price: PRICE: fallback also failed for 931160: Expecting value: line 1 column 1 (char 0)
2026-08-29 10:00:45,842 [ERROR] __main__: 中证指数行情: fetch failed for 000300: Expecting value: line 1 column 1 (char 0)
2026-08-29 10:00:45,843 [INFO] anetf.datasources.price: PRICE: Update index id(000300), name(沪深300), source=cn
2026-08-29 10:00:45,847 [ERROR] __main__: 中证指数行情: fetch failed for 000510: Expecting value: line 1 column 1 (char 0)
2026-08-29 10:00:45,848 [INFO] anetf.datasources.price: PRICE: Update index id(000510), name(中证A500), source=cn
2026-08-29 10:00:45,999 [ERROR] anetf.datasources.juquaner: JQ: query failed for all candidates: ['中韩半导体']
2026-08-29 10:00:46,000 [INFO] anetf.datasources.csindex: ZZ: Update PE index id(931790)
2026-08-29 10:00:46,026 [ERROR] __main__: 中证指数: fetch failed for 931790: HTTP Error 403: Forbidden
2026-08-29 10:00:46,026 [INFO] anetf.datasources.cni: GZ: Update PE index id(931790), name(中韩半导体)
2026-08-29 10:00:46,026 [WARNING] anetf.datasources.cni: GZ: Update 931790 failed, index not found in gz_df.
2026-08-29 10:00:46,026 [INFO] anetf.datasources.csindex: CSI: Update PE index id(931790), name(中韩半导体)
2026-08-29 10:00:46,118 [ERROR] anetf.datasources.juquaner: JQ: query failed for all candidates: ['科创50']
2026-08-29 10:00:46,118 [INFO] anetf.datasources.csindex: ZZ: Update PE index id(000688)
2026-08-29 10:00:46,167 [ERROR] __main__: 中证指数行情: fetch failed for 931790: Expecting value: line 1 column 1 (char 0)
2026-08-29 10:00:46,176 [INFO] anetf.datasources.price: PRICE: Update index id(931790), name(中韩半导体), source=cn
2026-08-29 10:00:46,177 [ERROR] __main__: 中证指数: fetch failed for 000688: HTTP Error 403: Forbidden
2026-08-29 10:00:46,180 [INFO] anetf.datasources.cni: GZ: Update PE index id(000688), name(科创50)
2026-08-29 10:00:46,180 [WARNING] anetf.datasources.cni: GZ: Update 000688 failed, index not found in gz_df.
2026-08-29 10:00:46,180 [INFO] anetf.datasources.csindex: CSI: Update PE index id(000688), name(科创50)
2026-08-29 10:00:46,198 [ERROR] anetf.datasources.juquaner: JQ: query failed for all candidates: ['科创半导体材料设备指数']
2026-08-29 10:00:46,198 [INFO] anetf.datasources.csindex: ZZ: Update PE index id(000697)
2026-08-29 10:00:46,225 [ERROR] anetf.datasources.juquaner: JQ: query failed for all candidates: ['创业板指']
2026-08-29 10:00:46,225 [INFO] anetf.datasources.csindex: ZZ: Update PE index id(399006)
2026-08-29 10:00:46,237 [ERROR] __main__: 中证指数: fetch failed for 000697: HTTP Error 403: Forbidden
2026-08-29 10:00:46,237 [INFO] anetf.datasources.cni: GZ: Update PE index id(000697), name(科创半导体材料设备指数)
2026-08-29 10:00:46,237 [WARNING] anetf.datasources.cni: GZ: Update 000697 failed, index not found in gz_df.
2026-08-29 10:00:46,238 [INFO] anetf.datasources.csindex: CSI: Update PE index id(000697), name(科创半导体材料设备指数)
2026-08-29 10:00:46,251 [ERROR] __main__: 中证指数: fetch failed for 399006: HTTP Error 403: Forbidden
2026-08-29 10:00:46,252 [INFO] anetf.datasources.cni: GZ: Update PE index id(399006), name(创业板指)
2026-08-29 10:00:46,261 [ERROR] __main__: 中证指数行情: fetch failed for 000688: Expecting value: line 1 column 1 (char 0)
2026-08-29 10:00:46,262 [INFO] anetf.datasources.price: PRICE: Update index id(000688), name(科创50), source=cn
2026-08-29 10:00:46,324 [ERROR] __main__: 中证指数行情: fetch failed for 000697: Expecting value: line 1 column 1 (char 0)
2026-08-29 10:00:46,325 [INFO] anetf.datasources.price: PRICE: Update index id(000697), name(科创半导体材料设备指数), source=cn
2026-08-29 10:00:46,361 [ERROR] anetf.datasources.juquaner: JQ: query failed for all candidates: ['港股创新药']
2026-08-29 10:00:46,361 [INFO] anetf.datasources.csindex: ZZ: Update PE index id(931787)
2026-08-29 10:00:46,394 [ERROR] __main__: 中证指数: fetch failed for 931787: HTTP Error 403: Forbidden
2026-08-29 10:00:46,394 [INFO] anetf.datasources.cni: GZ: Update PE index id(931787), name(港股创新药)
2026-08-29 10:00:46,394 [WARNING] anetf.datasources.cni: GZ: Update 931787 failed, index not found in gz_df.
2026-08-29 10:00:46,394 [INFO] anetf.datasources.csindex: CSI: Update PE index id(931787), name(港股创新药)
2026-08-29 10:00:46,473 [ERROR] __main__: 中证指数行情: fetch failed for 931787: Expecting value: line 1 column 1 (char 0)
2026-08-29 10:00:46,474 [INFO] anetf.datasources.price: PRICE: Update index id(931787), name(港股创新药), source=cn
2026-08-29 10:00:46,527 [INFO] anetf.datasources.price: PRICE: primary API failed for csi931790, falling back to csindex
2026-08-29 10:00:46,603 [WARNING] anetf.datasources.price: PRICE: fallback also failed for 931790: Expecting value: line 1 column 1 (char 0)
2026-08-29 10:00:46,691 [INFO] anetf.datasources.price: PRICE: primary API failed for csi931787, falling back to csindex
2026-08-29 10:00:46,730 [ERROR] anetf.datasources.juquaner: JQ: query failed for all candidates: ['中证短融']
2026-08-29 10:00:46,730 [INFO] anetf.datasources.price: PRICE: Update index id(H11014), name(中证短融), source=cn
2026-08-29 10:00:46,751 [WARNING] anetf.datasources.price: PRICE: fallback also failed for 931787: Expecting value: line 1 column 1 (char 0)
2026-08-29 10:00:46,949 [INFO] anetf.datasources.price: PRICE: primary API failed for csiH11014, falling back to csindex
2026-08-29 10:00:47,020 [WARNING] anetf.datasources.price: PRICE: fallback also failed for H11014: Expecting value: line 1 column 1 (char 0)
2026-08-29 10:00:47,026 [INFO] __main__: update_db finished: done=261, failed=0
