日期,指数代码,指数名称,标签,市盈率,数据源
2011-08-02,000987,全指材料,行业，原材料,34.05,韭圈儿
2011-08-03,000987,全指材料,行业，原材料,34.18,韭圈儿
2011-08-04,000987,全指材料,行业，原材料,34.28,韭圈儿
2011-08-05,000987,全指材料,行业，原材料,33.46,韭圈儿
2011-08-08,000987,全指材料,行业，原材料,31.89,韭圈儿
2011-08-09,000987,全指材料,行业，原材料,31.45,韭圈儿
2011-08-10,000987,全指材料,行业，原材料,31.36,韭圈儿
2011-08-11,000987,全指材料,行业，原材料,31.65,韭圈儿
2011-08-12,000987,全指材料,行业，原材料,31.61,韭圈儿
2011-08-15,000987,全指材料,行业，原材料,32.0,韭圈儿
2011-08-16,000987,全指材料,行业，原材料,30.9,韭圈儿
2011-08-17,000987,全指材料,行业，原材料,30.52,韭圈儿
2011-08-18,000987,全指材料,行业，原材料,29.9,韭圈儿
2011-08-19,000987,全指材料,行业，原材料,29.48,韭圈儿
2011-08-22,000987,全指材料,行业，原材料,29.08,韭圈儿
2011-08-23,000987,全指材料,行业，原材料,29.92,韭圈儿
2011-08-24,000987,全指材料,行业，原材料,29.72,韭圈儿
2011-08-25,000987,全指材料,行业，原材料,30.47,韭圈儿
2011-08-26,000987,全指材料,行业，原材料,30.11,韭圈儿
2011-08-29,000987,全指材料,行业，原材料,29.33,韭圈儿
2011-08-30,000987,全指材料,行业，原材料,29.04,韭圈儿
2011-08-31,000987,全指材料,行业，原材料,29.49,韭圈儿
2011-09-01,000987,全指材料,行业，原材料,29.27,韭圈儿
2011-09-02,000987,全指材料,行业，原材料,28.96,韭圈儿
2011-09-05,000987,全指材料,行业，原材料,28.15,韭圈儿
2011-09-06,000987,全指材料,行业，原材料,27.95,韭圈儿
2011-09-07,000987,全指材料,行业，原材料,28.66,韭圈儿
2011-09-08,000987,全指材料,行业，原材料,28.34,韭圈儿
2011-09-09,000987,全指材料,行业，原材料,28.19,韭圈儿
2011-09-13,000987,全指材料,行业，原材料,27.72,韭圈儿
2011-09-14,000987,全指材料,行业，原材料,27.98,韭圈儿
2011-09-15,000987,全指材料,行业，原材料,27.93,韭圈儿
2011-09-16,000987,全指材料,行业，原材料,27.98,韭圈儿
2011-09-19,000987,全指材料,行业，原材料,27.4,韭圈儿
2011-09-20,000987,全指材料,行业，原材料,27.56,韭圈儿
2011-09-21,000987,全指材料,行业，原材料,28.47,韭圈儿
2011-09-22,000987,全指材料,行业，原材料,27.57,韭圈儿
2011-09-23,000987,全指材料,行业，原材料,27.25,韭圈儿
2011-09-26,000987,全指材料,行业，原材料,26.75,韭圈儿
2011-09-27,000987,全指材料,行业，原材料,26.93,韭圈儿
2011-09-28,000987,全指材料,行业，原材料,26.55,韭圈儿
2011-09-29,000987,全指材料,行业，原材料,25.7,韭圈儿
2011-09-30,000987,全指材料,行业，原材料,25.68,韭圈儿
2011-10-10,000987,全指材料,行业，原材料,25.56,韭圈儿
2011-10-11,000987,全指材料,行业，原材料,25.56,韭圈儿
2011-10-12,000987,全指材料,行业，原材料,26.44,韭圈儿
2011-10-13,000987,全指材料,行业，原材料,26.85,韭圈儿
2011-10-14,000987,全指材料,行业，原材料,26.7,韭圈儿
2011-10-17,000987,全指材料,行业，原材料,26.67,韭圈儿
2011-10-18,000987,全指材料,行业，原材料,25.6,韭圈儿
2011-10-19,000987,全指材料,行业，原材料,25.4,韭圈儿
2011-10-20,000987,全指材料,行业，原材料,24.62,韭圈儿
2011-10-21,000987,全指材料,行业，原材料,24.03,韭圈儿
2011-10-24,000987,全指材料,行业，原材料,24.58,韭圈儿
2011-10-25,000987,全指材料,行业，原材料,25.11,韭圈儿
2011-10-26,000987,全指材料,行业，原材料,24.7,韭圈儿
2011-10-27,000987,全指材料,行业，原材料,24.12,韭圈儿
2011-10-28,000987,全指材料,行业，原材料,24.49,韭圈儿
2011-10-31,000987,全指材料,行业，原材料,24.1,韭圈儿
2011-11-01,000987,全指材料,行业，原材料,24.0,韭圈儿
2011-11-02,000987,全指材料,行业，原材料,24.2,韭圈儿
2011-11-03,000987,全指材料,行业，原材料,24.44,韭圈儿
2011-11-04,000987,全指材料,行业，原材料,24.71,韭圈儿
2011-11-07,000987,全指材料,行业，原材料,24.63,韭圈儿
2011-11-08,000987,全指材料,行业，原材料,24.41,韭圈儿
2011-11-09,000987,全指材料,行业，原材料,24.65,韭圈儿
2011-11-10,000987,全指材料,行业，原材料,24.23,韭圈儿
2011-11-11,000987,全指材料,行业，原材料,24.17,韭圈儿
2011-11-14,000987,全指材料,行业，原材料,24.73,韭圈儿
2011-11-15,000987,全指材料,行业，原材料,24.77,韭圈儿
2011-11-16,000987,全指材料,行业，原材料,24.08,韭圈儿
2011-11-17,000987,全指材料,行业，原材料,23.98,韭圈儿
2011-11-18,000987,全指材料,行业，原材料,23.25,韭圈儿
2011-11-21,000987,全指材料,行业，原材料,23.33,韭圈儿
2011-11-22,000987,全指材料,行业，原材料,23.2,韭圈儿
2011-11-23,000987,全指材料,行业，原材料,22.97,韭圈儿
2011-11-24,000987,全指材料,行业，原材料,22.86,韭圈儿
2011-11-25,000987,全指材料,行业，原材料,22.76,韭圈儿
2011-11-28,000987,全指材料,行业，原材料,22.77,韭圈儿
2011-11-29,000987,全指材料,行业，原材料,23.16,韭圈儿
2011-11-30,000987,全指材料,行业，原材料,22.13,韭圈儿
2011-12-01,000987,全指材料,行业，原材料,22.7,韭圈儿
2011-12-02,000987,全指材料,行业，原材料,22.38,韭圈儿
2011-12-05,000987,全指材料,行业，原材料,21.76,韭圈儿
2011-12-06,000987,全指材料,行业，原材料,21.7,韭圈儿
2011-12-07,000987,全指材料,行业，原材料,21.73,韭圈儿
2011-12-08,000987,全指材料,行业，原材料,21.7,韭圈儿
2011-12-09,000987,全指材料,行业，原材料,21.43,韭圈儿
2011-12-12,000987,全指材料,行业，原材料,21.2,韭圈儿
2011-12-13,000987,全指材料,行业，原材料,20.43,韭圈儿
2011-12-14,000987,全指材料,行业，原材料,20.03,韭圈儿
2011-12-15,000987,全指材料,行业，原材料,19.16,韭圈儿
2011-12-16,000987,全指材料,行业，原材料,19.65,韭圈儿
2011-12-19,000987,全指材料,行业，原材料,19.5,韭圈儿
2011-12-20,000987,全指材料,行业，原材料,19.5,韭圈儿
2011-12-21,000987,全指材料,行业，原材料,19.03,韭圈儿
2011-12-22,000987,全指材料,行业，原材料,18.86,韭圈儿
2011-12-23,000987,全指材料,行业，原材料,19.1,韭圈儿
2011-12-26,000987,全指材料,行业，原材料,19.1,韭圈儿
2011-12-27,000987,全指材料,行业，原材料,18.65,韭圈儿
2011-12-28,000987,全指材料,行业，原材料,18.71,韭圈儿
2011-12-29,000987,全指材料,行业，原材料,18.63,韭圈儿
2011-12-30,000987,全指材料,行业，原材料,19.0,韭圈儿
2012-01-04,000987,全指材料,行业，原材料,18.1,韭圈儿
2012-01-05,000987,全指材料,行业，原材料,17.57,韭圈儿
2012-01-06,000987,全指材料,行业，原材料,17.8,韭圈儿
2012-01-09,000987,全指材料,行业，原材料,18.65,韭圈儿
2012-01-10,000987,全指材料,行业，原材料,19.53,韭圈儿
2012-01-11,000987,全指材料,行业，原材料,19.56,韭圈儿
2012-01-12,000987,全指材料,行业，原材料,19.58,韭圈儿
2012-01-13,000987,全指材料,行业，原材料,19.09,韭圈儿
2012-01-16,000987,全指材料,行业，原材料,18.61,韭圈儿
2012-01-17,000987,全指材料,行业，原材料,20.01,韭圈儿
2012-01-18,000987,全指材料,行业，原材料,19.86,韭圈儿
2012-01-19,000987,全指材料,行业，原材料,20.28,韭圈儿
2012-01-20,000987,全指材料,行业，原材料,20.37,韭圈儿
2012-01-30,000987,全指材料,行业，原材料,20.22,韭圈儿
2012-01-31,000987,全指材料,行业，原材料,20.19,韭圈儿
2012-02-01,000987,全指材料,行业，原材料,19.78,韭圈儿
2012-02-02,000987,全指材料,行业，原材料,20.23,韭圈儿
2012-02-03,000987,全指材料,行业，原材料,20.44,韭圈儿
2012-02-06,000987,全指材料,行业，原材料,20.57,韭圈儿
2012-02-07,000987,全指材料,行业，原材料,20.21,韭圈儿
2012-02-08,000987,全指材料,行业，原材料,21.05,韭圈儿
2012-02-09,000987,全指材料,行业，原材料,21.05,韭圈儿
2012-02-10,000987,全指材料,行业，原材料,21.13,韭圈儿
2012-02-13,000987,全指材料,行业，原材料,21.25,韭圈儿
2012-02-14,000987,全指材料,行业，原材料,21.2,韭圈儿
2012-02-15,000987,全指材料,行业，原材料,21.51,韭圈儿
2012-02-16,000987,全指材料,行业，原材料,21.42,韭圈儿
2012-02-17,000987,全指材料,行业，原材料,21.36,韭圈儿
2012-02-20,000987,全指材料,行业，原材料,21.34,韭圈儿
2012-02-21,000987,全指材料,行业，原材料,21.61,韭圈儿
2012-02-22,000987,全指材料,行业，原材料,22.01,韭圈儿
2012-02-23,000987,全指材料,行业，原材料,22.2,韭圈儿
2012-02-24,000987,全指材料,行业，原材料,22.53,韭圈儿
2012-02-27,000987,全指材料,行业，原材料,22.69,韭圈儿
2012-02-28,000987,全指材料,行业，原材料,22.74,韭圈儿
2012-02-29,000987,全指材料,行业，原材料,22.79,韭圈儿
2012-03-01,000987,全指材料,行业，原材料,22.72,韭圈儿
2012-03-02,000987,全指材料,行业，原材料,23.17,韭圈儿
2012-03-05,000987,全指材料,行业，原材料,23.23,韭圈儿
2012-03-06,000987,全指材料,行业，原材料,22.93,韭圈儿
2012-03-07,000987,全指材料,行业，原材料,22.68,韭圈儿
2012-03-08,000987,全指材料,行业，原材料,23.05,韭圈儿
2012-03-09,000987,全指材料,行业，原材料,23.42,韭圈儿
2012-03-12,000987,全指材料,行业，原材料,23.52,韭圈儿
2012-03-13,000987,全指材料,行业，原材料,23.79,韭圈儿
2012-03-14,000987,全指材料,行业，原材料,22.92,韭圈儿
2012-03-15,000987,全指材料,行业，原材料,22.51,韭圈儿
2012-03-16,000987,全指材料,行业，原材料,23.1,韭圈儿
2012-03-19,000987,全指材料,行业，原材料,23.83,韭圈儿
2012-03-20,000987,全指材料,行业，原材料,23.44,韭圈儿
2012-03-21,000987,全指材料,行业，原材料,23.79,韭圈儿
2012-03-22,000987,全指材料,行业，原材料,23.57,韭圈儿
2012-03-23,000987,全指材料,行业，原材料,23.14,韭圈儿
2012-03-26,000987,全指材料,行业，原材料,23.1,韭圈儿
2012-03-27,000987,全指材料,行业，原材料,23.55,韭圈儿
2012-03-28,000987,全指材料,行业，原材料,23.23,韭圈儿
2012-03-29,000987,全指材料,行业，原材料,23.27,韭圈儿
2012-03-30,000987,全指材料,行业，原材料,23.23,韭圈儿
2012-04-05,000987,全指材料,行业，原材料,23.69,韭圈儿
2012-04-06,000987,全指材料,行业，原材料,23.77,韭圈儿
2012-04-09,000987,全指材料,行业，原材料,23.64,韭圈儿
2012-04-10,000987,全指材料,行业，原材料,23.87,韭圈儿
2012-04-11,000987,全指材料,行业，原材料,23.97,韭圈儿
2012-04-12,000987,全指材料,行业，原材料,24.4,韭圈儿
2012-04-13,000987,全指材料,行业，原材料,24.71,韭圈儿
2012-04-16,000987,全指材料,行业，原材料,24.59,韭圈儿
2012-04-17,000987,全指材料,行业，原材料,24.3,韭圈儿
2012-04-18,000987,全指材料,行业，原材料,25.13,韭圈儿
2012-04-19,000987,全指材料,行业，原材料,25.21,韭圈儿
2012-04-20,000987,全指材料,行业，原材料,25.85,韭圈儿
2012-04-23,000987,全指材料,行业，原材料,25.86,韭圈儿
2012-04-24,000987,全指材料,行业，原材料,26.22,韭圈儿
2012-04-25,000987,全指材料,行业，原材料,26.92,韭圈儿
2012-04-26,000987,全指材料,行业，原材料,28.02,韭圈儿
2012-04-27,000987,全指材料,行业，原材料,28.5,韭圈儿
2012-05-02,000987,全指材料,行业，原材料,31.04,韭圈儿
2012-05-03,000987,全指材料,行业，原材料,31.02,韭圈儿
2012-05-04,000987,全指材料,行业，原材料,31.35,韭圈儿
2012-05-07,000987,全指材料,行业，原材料,31.48,韭圈儿
2012-05-08,000987,全指材料,行业，原材料,31.49,韭圈儿
2012-05-09,000987,全指材料,行业，原材料,30.73,韭圈儿
2012-05-10,000987,全指材料,行业，原材料,30.89,韭圈儿
2012-05-11,000987,全指材料,行业，原材料,30.6,韭圈儿
2012-05-14,000987,全指材料,行业，原材料,30.28,韭圈儿
2012-05-15,000987,全指材料,行业，原材料,30.08,韭圈儿
2012-05-16,000987,全指材料,行业，原材料,29.71,韭圈儿
2012-05-17,000987,全指材料,行业，原材料,30.14,韭圈儿
2012-05-18,000987,全指材料,行业，原材料,29.72,韭圈儿
2012-05-21,000987,全指材料,行业，原材料,29.91,韭圈儿
2012-05-22,000987,全指材料,行业，原材料,30.3,韭圈儿
2012-05-23,000987,全指材料,行业，原材料,30.02,韭圈儿
2012-05-24,000987,全指材料,行业，原材料,29.84,韭圈儿
2012-05-25,000987,全指材料,行业，原材料,29.73,韭圈儿
2012-05-28,000987,全指材料,行业，原材料,30.32,韭圈儿
2012-05-29,000987,全指材料,行业，原材料,30.86,韭圈儿
2012-05-30,000987,全指材料,行业，原材料,30.76,韭圈儿
2012-05-31,000987,全指材料,行业，原材料,30.67,韭圈儿
2012-06-01,000987,全指材料,行业，原材料,30.63,韭圈儿
2012-06-04,000987,全指材料,行业，原材料,29.69,韭圈儿
2012-06-05,000987,全指材料,行业，原材料,29.53,韭圈儿
2012-06-06,000987,全指材料,行业，原材料,29.65,韭圈儿
2012-06-07,000987,全指材料,行业，原材料,29.45,韭圈儿
2012-06-08,000987,全指材料,行业，原材料,29.16,韭圈儿
2012-06-11,000987,全指材料,行业，原材料,29.55,韭圈儿
2012-06-12,000987,全指材料,行业，原材料,29.22,韭圈儿
2012-06-13,000987,全指材料,行业，原材料,29.62,韭圈儿
2012-06-14,000987,全指材料,行业，原材料,29.31,韭圈儿
2012-06-15,000987,全指材料,行业，原材料,29.35,韭圈儿
2012-06-18,000987,全指材料,行业，原材料,29.56,韭圈儿
2012-06-19,000987,全指材料,行业，原材料,29.28,韭圈儿
2012-06-20,000987,全指材料,行业，原材料,29.28,韭圈儿
2012-06-21,000987,全指材料,行业，原材料,28.77,韭圈儿
2012-06-25,000987,全指材料,行业，原材料,27.79,韭圈儿
2012-06-26,000987,全指材料,行业，原材料,27.74,韭圈儿
2012-06-27,000987,全指材料,行业，原材料,27.47,韭圈儿
2012-06-28,000987,全指材料,行业，原材料,27.01,韭圈儿
2012-06-29,000987,全指材料,行业，原材料,27.37,韭圈儿
2012-07-02,000987,全指材料,行业，原材料,26.67,韭圈儿
2012-07-03,000987,全指材料,行业，原材料,26.65,韭圈儿
2012-07-04,000987,全指材料,行业，原材料,26.67,韭圈儿
2012-07-05,000987,全指材料,行业，原材料,26.0,韭圈儿
2012-07-06,000987,全指材料,行业，原材料,26.49,韭圈儿
2012-07-09,000987,全指材料,行业，原材料,25.72,韭圈儿
2012-07-10,000987,全指材料,行业，原材料,25.76,韭圈儿
2012-07-11,000987,全指材料,行业，原材料,26.11,韭圈儿
2012-07-12,000987,全指材料,行业，原材料,26.45,韭圈儿
2012-07-13,000987,全指材料,行业，原材料,26.31,韭圈儿
2012-07-16,000987,全指材料,行业，原材料,25.5,韭圈儿
2012-07-17,000987,全指材料,行业，原材料,25.84,韭圈儿
2012-07-18,000987,全指材料,行业，原材料,26.0,韭圈儿
2012-07-19,000987,全指材料,行业，原材料,26.16,韭圈儿
2012-07-20,000987,全指材料,行业，原材料,25.97,韭圈儿
2012-07-23,000987,全指材料,行业，原材料,25.61,韭圈儿
2012-07-24,000987,全指材料,行业，原材料,25.77,韭圈儿
2012-07-25,000987,全指材料,行业，原材料,25.59,韭圈儿
2012-07-26,000987,全指材料,行业，原材料,25.57,韭圈儿
2012-07-27,000987,全指材料,行业，原材料,25.62,韭圈儿
2012-07-30,000987,全指材料,行业，原材料,25.28,韭圈儿
2012-07-31,000987,全指材料,行业，原材料,24.8,韭圈儿
2012-08-01,000987,全指材料,行业，原材料,25.27,韭圈儿
2012-08-02,000987,全指材料,行业，原材料,25.06,韭圈儿
2012-08-03,000987,全指材料,行业，原材料,25.52,韭圈儿
2012-08-06,000987,全指材料,行业，原材料,26.21,韭圈儿
2012-08-07,000987,全指材料,行业，原材料,26.64,韭圈儿
2012-08-08,000987,全指材料,行业，原材料,26.75,韭圈儿
2012-08-09,000987,全指材料,行业，原材料,27.08,韭圈儿
2012-08-10,000987,全指材料,行业，原材料,27.06,韭圈儿
2012-08-13,000987,全指材料,行业，原材料,26.74,韭圈儿
2012-08-14,000987,全指材料,行业，原材料,26.89,韭圈儿
2012-08-15,000987,全指材料,行业，原材料,27.39,韭圈儿
2012-08-16,000987,全指材料,行业，原材料,27.27,韭圈儿
2012-08-17,000987,全指材料,行业，原材料,28.3,韭圈儿
2012-08-20,000987,全指材料,行业，原材料,28.85,韭圈儿
2012-08-21,000987,全指材料,行业，原材料,29.42,韭圈儿
2012-08-22,000987,全指材料,行业，原材料,29.16,韭圈儿
2012-08-23,000987,全指材料,行业，原材料,29.86,韭圈儿
2012-08-24,000987,全指材料,行业，原材料,30.02,韭圈儿
2012-08-27,000987,全指材料,行业，原材料,30.09,韭圈儿
2012-08-28,000987,全指材料,行业，原材料,28.27,韭圈儿
2012-08-29,000987,全指材料,行业，原材料,28.71,韭圈儿
2012-08-30,000987,全指材料,行业，原材料,29.2,韭圈儿
2012-08-31,000987,全指材料,行业，原材料,31.04,韭圈儿
2012-09-03,000987,全指材料,行业，原材料,31.5,韭圈儿
2012-09-04,000987,全指材料,行业，原材料,31.11,韭圈儿
2012-09-05,000987,全指材料,行业，原材料,31.17,韭圈儿
2012-09-06,000987,全指材料,行业，原材料,31.56,韭圈儿
2012-09-07,000987,全指材料,行业，原材料,33.17,韭圈儿
2012-09-10,000987,全指材料,行业，原材料,33.67,韭圈儿
2012-09-11,000987,全指材料,行业，原材料,33.42,韭圈儿
2012-09-12,000987,全指材料,行业，原材料,33.86,韭圈儿
2012-09-13,000987,全指材料,行业，原材料,33.22,韭圈儿
2012-09-14,000987,全指材料,行业，原材料,33.73,韭圈儿
2012-09-17,000987,全指材料,行业，原材料,32.93,韭圈儿
2012-09-18,000987,全指材料,行业，原材料,32.39,韭圈儿
2012-09-19,000987,全指材料,行业，原材料,32.93,韭圈儿
2012-09-20,000987,全指材料,行业，原材料,31.9,韭圈儿
2012-09-21,000987,全指材料,行业，原材料,32.07,韭圈儿
2012-09-24,000987,全指材料,行业，原材料,32.24,韭圈儿
2012-09-25,000987,全指材料,行业，原材料,31.91,韭圈儿
2012-09-26,000987,全指材料,行业，原材料,31.21,韭圈儿
2012-09-27,000987,全指材料,行业，原材料,32.06,韭圈儿
2012-09-28,000987,全指材料,行业，原材料,32.75,韭圈儿
2012-10-08,000987,全指材料,行业，原材料,32.43,韭圈儿
2012-10-09,000987,全指材料,行业，原材料,33.21,韭圈儿
2012-10-10,000987,全指材料,行业，原材料,33.46,韭圈儿
2012-10-11,000987,全指材料,行业，原材料,33.08,韭圈儿
2012-10-12,000987,全指材料,行业，原材料,32.99,韭圈儿
2012-10-15,000987,全指材料,行业，原材料,32.54,韭圈儿
2012-10-16,000987,全指材料,行业，原材料,32.44,韭圈儿
2012-10-17,000987,全指材料,行业，原材料,32.66,韭圈儿
2012-10-18,000987,全指材料,行业，原材料,33.44,韭圈儿
2012-10-19,000987,全指材料,行业，原材料,33.41,韭圈儿
2012-10-22,000987,全指材料,行业，原材料,34.34,韭圈儿
2012-10-23,000987,全指材料,行业，原材料,34.6,韭圈儿
2012-10-24,000987,全指材料,行业，原材料,34.78,韭圈儿
2012-10-25,000987,全指材料,行业，原材料,37.11,韭圈儿
2012-10-26,000987,全指材料,行业，原材料,37.75,韭圈儿
2012-10-29,000987,全指材料,行业，原材料,40.02,韭圈儿
2012-10-30,000987,全指材料,行业，原材料,42.86,韭圈儿
2012-10-31,000987,全指材料,行业，原材料,49.55,韭圈儿
2012-11-01,000987,全指材料,行业，原材料,50.69,韭圈儿
2012-11-02,000987,全指材料,行业，原材料,50.68,韭圈儿
2012-11-05,000987,全指材料,行业，原材料,50.43,韭圈儿
2012-11-06,000987,全指材料,行业，原材料,50.1,韭圈儿
2012-11-07,000987,全指材料,行业，原材料,50.42,韭圈儿
2012-11-08,000987,全指材料,行业，原材料,49.01,韭圈儿
2012-11-09,000987,全指材料,行业，原材料,48.85,韭圈儿
2012-11-12,000987,全指材料,行业，原材料,49.11,韭圈儿
2012-11-13,000987,全指材料,行业，原材料,48.23,韭圈儿
2012-11-14,000987,全指材料,行业，原材料,48.65,韭圈儿
2012-11-15,000987,全指材料,行业，原材料,47.77,韭圈儿
2012-11-16,000987,全指材料,行业，原材料,47.45,韭圈儿
2012-11-19,000987,全指材料,行业，原材料,47.83,韭圈儿
2012-11-20,000987,全指材料,行业，原材料,47.66,韭圈儿
2012-11-21,000987,全指材料,行业，原材料,48.26,韭圈儿
2012-11-22,000987,全指材料,行业，原材料,47.69,韭圈儿
2012-11-23,000987,全指材料,行业，原材料,47.89,韭圈儿
2012-11-26,000987,全指材料,行业，原材料,47.57,韭圈儿
2012-11-27,000987,全指材料,行业，原材料,46.23,韭圈儿
2012-11-28,000987,全指材料,行业，原材料,45.17,韭圈儿
2012-11-29,000987,全指材料,行业，原材料,44.83,韭圈儿
2012-11-30,000987,全指材料,行业，原材料,45.53,韭圈儿
2012-12-03,000987,全指材料,行业，原材料,44.58,韭圈儿
2012-12-04,000987,全指材料,行业，原材料,45.05,韭圈儿
2012-12-05,000987,全指材料,行业，原材料,46.93,韭圈儿
2012-12-06,000987,全指材料,行业，原材料,46.72,韭圈儿
2012-12-07,000987,全指材料,行业，原材料,47.88,韭圈儿
2012-12-10,000987,全指材料,行业，原材料,48.67,韭圈儿
2012-12-11,000987,全指材料,行业，原材料,48.38,韭圈儿
2012-12-12,000987,全指材料,行业，原材料,48.57,韭圈儿
2012-12-13,000987,全指材料,行业，原材料,47.82,韭圈儿
2012-12-14,000987,全指材料,行业，原材料,49.87,韭圈儿
2012-12-17,000987,全指材料,行业，原材料,50.36,韭圈儿
2012-12-18,000987,全指材料,行业，原材料,50.53,韭圈儿
2012-12-19,000987,全指材料,行业，原材料,50.34,韭圈儿
2012-12-20,000987,全指材料,行业，原材料,50.98,韭圈儿
2012-12-21,000987,全指材料,行业，原材料,50.5,韭圈儿
2012-12-24,000987,全指材料,行业，原材料,50.55,韭圈儿
2012-12-25,000987,全指材料,行业，原材料,51.55,韭圈儿
2012-12-26,000987,全指材料,行业，原材料,52.17,韭圈儿
2012-12-27,000987,全指材料,行业，原材料,51.78,韭圈儿
2012-12-28,000987,全指材料,行业，原材料,52.24,韭圈儿
2012-12-31,000987,全指材料,行业，原材料,52.83,韭圈儿
2013-01-04,000987,全指材料,行业，原材料,44.36,韭圈儿
2013-01-07,000987,全指材料,行业，原材料,44.5,韭圈儿
2013-01-08,000987,全指材料,行业，原材料,44.74,韭圈儿
2013-01-09,000987,全指材料,行业，原材料,44.62,韭圈儿
2013-01-10,000987,全指材料,行业，原材料,46.13,韭圈儿
2013-01-11,000987,全指材料,行业，原材料,44.88,韭圈儿
2013-01-14,000987,全指材料,行业，原材料,46.28,韭圈儿
2013-01-15,000987,全指材料,行业，原材料,47.16,韭圈儿
2013-01-16,000987,全指材料,行业，原材料,47.28,韭圈儿
2013-01-17,000987,全指材料,行业，原材料,46.81,韭圈儿
2013-01-18,000987,全指材料,行业，原材料,47.41,韭圈儿
2013-01-21,000987,全指材料,行业，原材料,47.53,韭圈儿
2013-01-22,000987,全指材料,行业，原材料,46.89,韭圈儿
2013-01-23,000987,全指材料,行业，原材料,46.88,韭圈儿
2013-01-24,000987,全指材料,行业，原材料,45.99,韭圈儿
2013-01-25,000987,全指材料,行业，原材料,46.1,韭圈儿
2013-01-28,000987,全指材料,行业，原材料,47.45,韭圈儿
2013-01-29,000987,全指材料,行业，原材料,48.13,韭圈儿
2013-01-30,000987,全指材料,行业，原材料,48.26,韭圈儿
2013-01-31,000987,全指材料,行业，原材料,48.58,韭圈儿
2013-02-01,000987,全指材料,行业，原材料,48.92,韭圈儿
2013-02-04,000987,全指材料,行业，原材料,49.39,韭圈儿
2013-02-05,000987,全指材料,行业，原材料,49.76,韭圈儿
2013-02-06,000987,全指材料,行业，原材料,49.88,韭圈儿
2013-02-07,000987,全指材料,行业，原材料,49.95,韭圈儿
2013-02-08,000987,全指材料,行业，原材料,50.48,韭圈儿
2013-02-18,000987,全指材料,行业，原材料,50.13,韭圈儿
2013-02-19,000987,全指材料,行业，原材料,48.54,韭圈儿
2013-02-20,000987,全指材料,行业，原材料,49.09,韭圈儿
2013-02-21,000987,全指材料,行业，原材料,47.44,韭圈儿
2013-02-22,000987,全指材料,行业，原材料,47.32,韭圈儿
2013-02-25,000987,全指材料,行业，原材料,47.58,韭圈儿
2013-02-26,000987,全指材料,行业，原材料,46.56,韭圈儿
2013-02-27,000987,全指材料,行业，原材料,46.76,韭圈儿
2013-02-28,000987,全指材料,行业，原材料,47.89,韭圈儿
2013-03-01,000987,全指材料,行业，原材料,48.14,韭圈儿
2013-03-04,000987,全指材料,行业，原材料,45.6,韭圈儿
2013-03-05,000987,全指材料,行业，原材料,45.95,韭圈儿
2013-03-06,000987,全指材料,行业，原材料,46.58,韭圈儿
2013-03-07,000987,全指材料,行业，原材料,46.52,韭圈儿
2013-03-08,000987,全指材料,行业，原材料,46.27,韭圈儿
2013-03-11,000987,全指材料,行业，原材料,46.43,韭圈儿
2013-03-12,000987,全指材料,行业，原材料,45.68,韭圈儿
2013-03-13,000987,全指材料,行业，原材料,45.54,韭圈儿
2013-03-14,000987,全指材料,行业，原材料,45.13,韭圈儿
2013-03-15,000987,全指材料,行业，原材料,45.09,韭圈儿
2013-03-18,000987,全指材料,行业，原材料,43.88,韭圈儿
2013-03-19,000987,全指材料,行业，原材料,44.08,韭圈儿
2013-03-20,000987,全指材料,行业，原材料,45.11,韭圈儿
2013-03-21,000987,全指材料,行业，原材料,45.21,韭圈儿
2013-03-22,000987,全指材料,行业，原材料,46.23,韭圈儿
2013-03-25,000987,全指材料,行业，原材料,46.68,韭圈儿
2013-03-26,000987,全指材料,行业，原材料,46.56,韭圈儿
2013-03-27,000987,全指材料,行业，原材料,46.74,韭圈儿
2013-03-28,000987,全指材料,行业，原材料,46.98,韭圈儿
2013-03-29,000987,全指材料,行业，原材料,46.55,韭圈儿
2013-04-01,000987,全指材料,行业，原材料,48.54,韭圈儿
2013-04-02,000987,全指材料,行业，原材料,48.54,韭圈儿
2013-04-03,000987,全指材料,行业，原材料,48.09,韭圈儿
2013-04-08,000987,全指材料,行业，原材料,49.06,韭圈儿
2013-04-09,000987,全指材料,行业，原材料,49.69,韭圈儿
2013-04-10,000987,全指材料,行业，原材料,49.16,韭圈儿
2013-04-11,000987,全指材料,行业，原材料,49.16,韭圈儿
2013-04-12,000987,全指材料,行业，原材料,48.56,韭圈儿
2013-04-15,000987,全指材料,行业，原材料,49.17,韭圈儿
2013-04-16,000987,全指材料,行业，原材料,49.06,韭圈儿
2013-04-17,000987,全指材料,行业，原材料,49.22,韭圈儿
2013-04-18,000987,全指材料,行业，原材料,48.71,韭圈儿
2013-04-19,000987,全指材料,行业，原材料,50.08,韭圈儿
2013-04-22,000987,全指材料,行业，原材料,51.38,韭圈儿
2013-04-23,000987,全指材料,行业，原材料,50.32,韭圈儿
2013-04-24,000987,全指材料,行业，原材料,51.4,韭圈儿
2013-04-25,000987,全指材料,行业，原材料,51.61,韭圈儿
2013-04-26,000987,全指材料,行业，原材料,51.93,韭圈儿
2013-05-02,000987,全指材料,行业，原材料,50.04,韭圈儿
2013-05-03,000987,全指材料,行业，原材料,50.86,韭圈儿
2013-05-06,000987,全指材料,行业，原材料,51.85,韭圈儿
2013-05-07,000987,全指材料,行业，原材料,52.14,韭圈儿
2013-05-08,000987,全指材料,行业，原材料,52.32,韭圈儿
2013-05-09,000987,全指材料,行业，原材料,52.09,韭圈儿
2013-05-10,000987,全指材料,行业，原材料,52.3,韭圈儿
2013-05-13,000987,全指材料,行业，原材料,52.19,韭圈儿
2013-05-14,000987,全指材料,行业，原材料,51.53,韭圈儿
2013-05-15,000987,全指材料,行业，原材料,51.74,韭圈儿
2013-05-16,000987,全指材料,行业，原材料,52.17,韭圈儿
2013-05-17,000987,全指材料,行业，原材料,53.07,韭圈儿
2013-05-20,000987,全指材料,行业，原材料,53.7,韭圈儿
2013-05-21,000987,全指材料,行业，原材料,54.36,韭圈儿
2013-05-22,000987,全指材料,行业，原材料,54.3,韭圈儿
2013-05-23,000987,全指材料,行业，原材料,53.46,韭圈儿
2013-05-24,000987,全指材料,行业，原材料,53.98,韭圈儿
2013-05-27,000987,全指材料,行业，原材料,54.17,韭圈儿
2013-05-28,000987,全指材料,行业，原材料,54.69,韭圈儿
2013-05-29,000987,全指材料,行业，原材料,54.87,韭圈儿
2013-05-30,000987,全指材料,行业，原材料,54.68,韭圈儿
2013-05-31,000987,全指材料,行业，原材料,54.22,韭圈儿
2013-06-03,000987,全指材料,行业，原材料,53.96,韭圈儿
2013-06-04,000987,全指材料,行业，原材料,52.97,韭圈儿
2013-06-05,000987,全指材料,行业，原材料,53.11,韭圈儿
2013-06-06,000987,全指材料,行业，原材料,52.35,韭圈儿
2013-06-07,000987,全指材料,行业，原材料,51.43,韭圈儿
2013-06-13,000987,全指材料,行业，原材料,49.41,韭圈儿
2013-06-14,000987,全指材料,行业，原材料,49.87,韭圈儿
2013-06-17,000987,全指材料,行业，原材料,49.74,韭圈儿
2013-06-18,000987,全指材料,行业，原材料,49.59,韭圈儿
2013-06-19,000987,全指材料,行业，原材料,49.5,韭圈儿
2013-06-20,000987,全指材料,行业，原材料,47.8,韭圈儿
2013-06-21,000987,全指材料,行业，原材料,47.39,韭圈儿
2013-06-24,000987,全指材料,行业，原材料,44.4,韭圈儿
2013-06-25,000987,全指材料,行业，原材料,43.92,韭圈儿
2013-06-26,000987,全指材料,行业，原材料,44.1,韭圈儿
2013-06-27,000987,全指材料,行业，原材料,43.62,韭圈儿
2013-06-28,000987,全指材料,行业，原材料,43.57,韭圈儿
2013-07-01,000987,全指材料,行业，原材料,39.39,韭圈儿
2013-07-02,000987,全指材料,行业，原材料,39.73,韭圈儿
2013-07-03,000987,全指材料,行业，原材料,39.37,韭圈儿
2013-07-04,000987,全指材料,行业，原材料,40.19,韭圈儿
2013-07-05,000987,全指材料,行业，原材料,40.34,韭圈儿
2013-07-08,000987,全指材料,行业，原材料,38.46,韭圈儿
2013-07-09,000987,全指材料,行业，原材料,38.73,韭圈儿
2013-07-10,000987,全指材料,行业，原材料,40.03,韭圈儿
2013-07-11,000987,全指材料,行业，原材料,41.48,韭圈儿
2013-07-12,000987,全指材料,行业，原材料,40.89,韭圈儿
2013-07-15,000987,全指材料,行业，原材料,41.3,韭圈儿
2013-07-16,000987,全指材料,行业，原材料,41.61,韭圈儿
2013-07-17,000987,全指材料,行业，原材料,41.02,韭圈儿
2013-07-18,000987,全指材料,行业，原材料,40.52,韭圈儿
2013-07-19,000987,全指材料,行业，原材料,39.45,韭圈儿
2013-07-22,000987,全指材料,行业，原材料,40.07,韭圈儿
2013-07-23,000987,全指材料,行业，原材料,41.29,韭圈儿
2013-07-24,000987,全指材料,行业，原材料,41.01,韭圈儿
2013-07-25,000987,全指材料,行业，原材料,40.71,韭圈儿
2013-07-26,000987,全指材料,行业，原材料,40.48,韭圈儿
2013-07-29,000987,全指材料,行业，原材料,39.99,韭圈儿
2013-07-30,000987,全指材料,行业，原材料,40.36,韭圈儿
2013-07-31,000987,全指材料,行业，原材料,40.33,韭圈儿
2013-08-01,000987,全指材料,行业，原材料,41.17,韭圈儿
2013-08-02,000987,全指材料,行业，原材料,41.31,韭圈儿
2013-08-05,000987,全指材料,行业，原材料,42.06,韭圈儿
2013-08-06,000987,全指材料,行业，原材料,42.36,韭圈儿
2013-08-07,000987,全指材料,行业，原材料,42.14,韭圈儿
2013-08-08,000987,全指材料,行业，原材料,42.27,韭圈儿
2013-08-09,000987,全指材料,行业，原材料,43.01,韭圈儿
2013-08-12,000987,全指材料,行业，原材料,44.21,韭圈儿
2013-08-13,000987,全指材料,行业，原材料,44.12,韭圈儿
2013-08-14,000987,全指材料,行业，原材料,44.55,韭圈儿
2013-08-15,000987,全指材料,行业，原材料,44.12,韭圈儿
2013-08-16,000987,全指材料,行业，原材料,43.02,韭圈儿
2013-08-19,000987,全指材料,行业，原材料,42.63,韭圈儿
2013-08-20,000987,全指材料,行业，原材料,42.3,韭圈儿
2013-08-21,000987,全指材料,行业，原材料,42.79,韭圈儿
2013-08-22,000987,全指材料,行业，原材料,42.4,韭圈儿
2013-08-23,000987,全指材料,行业，原材料,40.94,韭圈儿
2013-08-26,000987,全指材料,行业，原材料,47.74,韭圈儿
2013-08-27,000987,全指材料,行业，原材料,47.8,韭圈儿
2013-08-28,000987,全指材料,行业，原材料,49.44,韭圈儿
2013-08-29,000987,全指材料,行业，原材料,48.87,韭圈儿
2013-08-30,000987,全指材料,行业，原材料,48.7,韭圈儿
2013-09-02,000987,全指材料,行业，原材料,47.45,韭圈儿
2013-09-03,000987,全指材料,行业，原材料,47.87,韭圈儿
2013-09-04,000987,全指材料,行业，原材料,48.2,韭圈儿
2013-09-05,000987,全指材料,行业，原材料,47.83,韭圈儿
2013-09-06,000987,全指材料,行业，原材料,48.01,韭圈儿
2013-09-09,000987,全指材料,行业，原材料,48.66,韭圈儿
2013-09-10,000987,全指材料,行业，原材料,49.16,韭圈儿
2013-09-11,000987,全指材料,行业，原材料,49.77,韭圈儿
2013-09-12,000987,全指材料,行业，原材料,49.38,韭圈儿
2013-09-13,000987,全指材料,行业，原材料,49.1,韭圈儿
2013-09-16,000987,全指材料,行业，原材料,48.81,韭圈儿
2013-09-17,000987,全指材料,行业，原材料,47.83,韭圈儿
2013-09-18,000987,全指材料,行业，原材料,48.04,韭圈儿
2013-09-23,000987,全指材料,行业，原材料,48.68,韭圈儿
2013-09-24,000987,全指材料,行业，原材料,48.26,韭圈儿
2013-09-25,000987,全指材料,行业，原材料,48.05,韭圈儿
2013-09-26,000987,全指材料,行业，原材料,47.25,韭圈儿
2013-09-27,000987,全指材料,行业，原材料,47.38,韭圈儿
2013-09-30,000987,全指材料,行业，原材料,47.71,韭圈儿
2013-10-08,000987,全指材料,行业，原材料,48.27,韭圈儿
2013-10-09,000987,全指材料,行业，原材料,48.48,韭圈儿
2013-10-10,000987,全指材料,行业，原材料,48.32,韭圈儿
2013-10-11,000987,全指材料,行业，原材料,49.01,韭圈儿
2013-10-14,000987,全指材料,行业，原材料,49.19,韭圈儿
2013-10-15,000987,全指材料,行业，原材料,48.97,韭圈儿
2013-10-16,000987,全指材料,行业，原材料,48.02,韭圈儿
2013-10-17,000987,全指材料,行业，原材料,48.23,韭圈儿
2013-10-18,000987,全指材料,行业，原材料,48.05,韭圈儿
2013-10-21,000987,全指材料,行业，原材料,48.18,韭圈儿
2013-10-22,000987,全指材料,行业，原材料,47.92,韭圈儿
2013-10-23,000987,全指材料,行业，原材料,47.06,韭圈儿
2013-10-24,000987,全指材料,行业，原材料,46.55,韭圈儿
2013-10-25,000987,全指材料,行业，原材料,46.34,韭圈儿
2013-10-28,000987,全指材料,行业，原材料,45.67,韭圈儿
2013-10-29,000987,全指材料,行业，原材料,44.31,韭圈儿
2013-10-30,000987,全指材料,行业，原材料,42.55,韭圈儿
2013-10-31,000987,全指材料,行业，原材料,41.31,韭圈儿
2013-11-01,000987,全指材料,行业，原材料,41.32,韭圈儿
2013-11-04,000987,全指材料,行业，原材料,41.48,韭圈儿
2013-11-05,000987,全指材料,行业，原材料,41.84,韭圈儿
2013-11-06,000987,全指材料,行业，原材料,41.57,韭圈儿
2013-11-07,000987,全指材料,行业，原材料,41.14,韭圈儿
2013-11-08,000987,全指材料,行业，原材料,40.54,韭圈儿
2013-11-11,000987,全指材料,行业，原材料,40.68,韭圈儿
2013-11-12,000987,全指材料,行业，原材料,41.03,韭圈儿
2013-11-13,000987,全指材料,行业，原材料,40.31,韭圈儿
2013-11-14,000987,全指材料,行业，原材料,40.67,韭圈儿
2013-11-15,000987,全指材料,行业，原材料,41.45,韭圈儿
2013-11-18,000987,全指材料,行业，原材料,42.36,韭圈儿
2013-11-19,000987,全指材料,行业，原材料,42.33,韭圈儿
2013-11-20,000987,全指材料,行业，原材料,42.62,韭圈儿
2013-11-21,000987,全指材料,行业，原材料,42.43,韭圈儿
2013-11-22,000987,全指材料,行业，原材料,42.51,韭圈儿
2013-11-25,000987,全指材料,行业，原材料,42.35,韭圈儿
2013-11-26,000987,全指材料,行业，原材料,42.5,韭圈儿
2013-11-27,000987,全指材料,行业，原材料,42.85,韭圈儿
2013-11-28,000987,全指材料,行业，原材料,43.89,韭圈儿
2013-11-29,000987,全指材料,行业，原材料,43.91,韭圈儿
2013-12-02,000987,全指材料,行业，原材料,42.56,韭圈儿
2013-12-03,000987,全指材料,行业，原材料,43.47,韭圈儿
2013-12-04,000987,全指材料,行业，原材料,44.03,韭圈儿
2013-12-05,000987,全指材料,行业，原材料,43.92,韭圈儿
2013-12-06,000987,全指材料,行业，原材料,43.89,韭圈儿
2013-12-09,000987,全指材料,行业，原材料,44.06,韭圈儿
2013-12-10,000987,全指材料,行业，原材料,44.15,韭圈儿
2013-12-11,000987,全指材料,行业，原材料,43.51,韭圈儿
2013-12-12,000987,全指材料,行业，原材料,43.43,韭圈儿
2013-12-13,000987,全指材料,行业，原材料,43.34,韭圈儿
2013-12-16,000987,全指材料,行业，原材料,37.61,韭圈儿
2013-12-17,000987,全指材料,行业，原材料,37.39,韭圈儿
2013-12-18,000987,全指材料,行业，原材料,37.42,韭圈儿
2013-12-19,000987,全指材料,行业，原材料,37.11,韭圈儿
2013-12-20,000987,全指材料,行业，原材料,36.4,韭圈儿
2013-12-23,000987,全指材料,行业，原材料,36.29,韭圈儿
2013-12-24,000987,全指材料,行业，原材料,36.51,韭圈儿
2013-12-25,000987,全指材料,行业，原材料,36.88,韭圈儿
2013-12-26,000987,全指材料,行业，原材料,36.25,韭圈儿
2013-12-27,000987,全指材料,行业，原材料,36.77,韭圈儿
2013-12-30,000987,全指材料,行业，原材料,36.85,韭圈儿
2013-12-31,000987,全指材料,行业，原材料,37.1,韭圈儿
2014-01-02,000987,全指材料,行业，原材料,37.16,韭圈儿
2014-01-03,000987,全指材料,行业，原材料,36.87,韭圈儿
2014-01-06,000987,全指材料,行业，原材料,35.78,韭圈儿
2014-01-07,000987,全指材料,行业，原材料,35.82,韭圈儿
2014-01-08,000987,全指材料,行业，原材料,35.65,韭圈儿
2014-01-09,000987,全指材料,行业，原材料,34.96,韭圈儿
2014-01-10,000987,全指材料,行业，原材料,33.8,韭圈儿
2014-01-13,000987,全指材料,行业，原材料,33.94,韭圈儿
2014-01-14,000987,全指材料,行业，原材料,34.34,韭圈儿
2014-01-15,000987,全指材料,行业，原材料,34.34,韭圈儿
2014-01-16,000987,全指材料,行业，原材料,34.6,韭圈儿
2014-01-17,000987,全指材料,行业，原材料,34.23,韭圈儿
2014-01-20,000987,全指材料,行业，原材料,33.95,韭圈儿
2014-01-21,000987,全指材料,行业，原材料,34.35,韭圈儿
2014-01-22,000987,全指材料,行业，原材料,35.16,韭圈儿
2014-01-23,000987,全指材料,行业，原材料,35.1,韭圈儿
2014-01-24,000987,全指材料,行业，原材料,35.46,韭圈儿
2014-01-27,000987,全指材料,行业，原材料,35.08,韭圈儿
2014-01-28,000987,全指材料,行业，原材料,35.6,韭圈儿
2014-01-29,000987,全指材料,行业，原材料,35.82,韭圈儿
2014-01-30,000987,全指材料,行业，原材料,35.56,韭圈儿
2014-02-07,000987,全指材料,行业，原材料,36.05,韭圈儿
2014-02-10,000987,全指材料,行业，原材料,36.96,韭圈儿
2014-02-11,000987,全指材料,行业，原材料,37.1,韭圈儿
2014-02-12,000987,全指材料,行业，原材料,37.42,韭圈儿
2014-02-13,000987,全指材料,行业，原材料,37.08,韭圈儿
2014-02-14,000987,全指材料,行业，原材料,37.56,韭圈儿
2014-02-17,000987,全指材料,行业，原材料,38.27,韭圈儿
2014-02-18,000987,全指材料,行业，原材料,37.8,韭圈儿
2014-02-19,000987,全指材料,行业，原材料,37.95,韭圈儿
2014-02-20,000987,全指材料,行业，原材料,37.72,韭圈儿
2014-02-21,000987,全指材料,行业，原材料,37.51,韭圈儿
2014-02-24,000987,全指材料,行业，原材料,37.05,韭圈儿
2014-02-25,000987,全指材料,行业，原材料,35.88,韭圈儿
2014-02-26,000987,全指材料,行业，原材料,36.38,韭圈儿
2014-02-27,000987,全指材料,行业，原材料,35.79,韭圈儿
2014-02-28,000987,全指材料,行业，原材料,35.84,韭圈儿
2014-03-03,000987,全指材料,行业，原材料,32.46,韭圈儿
2014-03-04,000987,全指材料,行业，原材料,32.62,韭圈儿
2014-03-05,000987,全指材料,行业，原材料,32.37,韭圈儿
2014-03-06,000987,全指材料,行业，原材料,32.35,韭圈儿
2014-03-07,000987,全指材料,行业，原材料,32.37,韭圈儿
2014-03-10,000987,全指材料,行业，原材料,31.18,韭圈儿
2014-03-11,000987,全指材料,行业，原材料,31.41,韭圈儿
2014-03-12,000987,全指材料,行业，原材料,31.4,韭圈儿
2014-03-13,000987,全指材料,行业，原材料,31.59,韭圈儿
2014-03-14,000987,全指材料,行业，原材料,31.28,韭圈儿
2014-03-17,000987,全指材料,行业，原材料,31.59,韭圈儿
2014-03-18,000987,全指材料,行业，原材料,31.56,韭圈儿
2014-03-19,000987,全指材料,行业，原材料,31.54,韭圈儿
2014-03-20,000987,全指材料,行业，原材料,30.73,韭圈儿
2014-03-21,000987,全指材料,行业，原材料,31.47,韭圈儿
2014-03-24,000987,全指材料,行业，原材料,31.91,韭圈儿
2014-03-25,000987,全指材料,行业，原材料,30.74,韭圈儿
2014-03-26,000987,全指材料,行业，原材料,31.0,韭圈儿
2014-03-27,000987,全指材料,行业，原材料,30.69,韭圈儿
2014-03-28,000987,全指材料,行业，原材料,31.08,韭圈儿
2014-03-31,000987,全指材料,行业，原材料,30.11,韭圈儿
2014-04-01,000987,全指材料,行业，原材料,31.57,韭圈儿
2014-04-02,000987,全指材料,行业，原材料,32.0,韭圈儿
2014-04-03,000987,全指材料,行业，原材料,31.96,韭圈儿
2014-04-04,000987,全指材料,行业，原材料,32.3,韭圈儿
2014-04-08,000987,全指材料,行业，原材料,32.58,韭圈儿
2014-04-09,000987,全指材料,行业，原材料,32.73,韭圈儿
2014-04-10,000987,全指材料,行业，原材料,33.48,韭圈儿
2014-04-11,000987,全指材料,行业，原材料,33.33,韭圈儿
2014-04-14,000987,全指材料,行业，原材料,33.66,韭圈儿
2014-04-15,000987,全指材料,行业，原材料,33.18,韭圈儿
2014-04-16,000987,全指材料,行业，原材料,33.26,韭圈儿
2014-04-17,000987,全指材料,行业，原材料,33.15,韭圈儿
2014-04-18,000987,全指材料,行业，原材料,33.06,韭圈儿
2014-04-21,000987,全指材料,行业，原材料,32.88,韭圈儿
2014-04-22,000987,全指材料,行业，原材料,32.88,韭圈儿
2014-04-23,000987,全指材料,行业，原材料,32.89,韭圈儿
2014-04-24,000987,全指材料,行业，原材料,32.56,韭圈儿
2014-04-25,000987,全指材料,行业，原材料,30.71,韭圈儿
2014-04-28,000987,全指材料,行业，原材料,30.44,韭圈儿
2014-04-29,000987,全指材料,行业，原材料,31.04,韭圈儿
2014-04-30,000987,全指材料,行业，原材料,32.49,韭圈儿
2014-05-05,000987,全指材料,行业，原材料,32.73,韭圈儿
2014-05-06,000987,全指材料,行业，原材料,32.88,韭圈儿
2014-05-07,000987,全指材料,行业，原材料,32.43,韭圈儿
2014-05-08,000987,全指材料,行业，原材料,32.47,韭圈儿
2014-05-09,000987,全指材料,行业，原材料,32.53,韭圈儿
2014-05-12,000987,全指材料,行业，原材料,33.74,韭圈儿
2014-05-13,000987,全指材料,行业，原材料,33.52,韭圈儿
2014-05-14,000987,全指材料,行业，原材料,33.42,韭圈儿
2014-05-15,000987,全指材料,行业，原材料,32.75,韭圈儿
2014-05-16,000987,全指材料,行业，原材料,32.76,韭圈儿
2014-05-19,000987,全指材料,行业，原材料,32.62,韭圈儿
2014-05-20,000987,全指材料,行业，原材料,32.57,韭圈儿
2014-05-21,000987,全指材料,行业，原材料,32.78,韭圈儿
2014-05-22,000987,全指材料,行业，原材料,32.59,韭圈儿
2014-05-23,000987,全指材料,行业，原材料,32.78,韭圈儿
2014-05-26,000987,全指材料,行业，原材料,33.07,韭圈儿
2014-05-27,000987,全指材料,行业，原材料,32.93,韭圈儿
2014-05-28,000987,全指材料,行业，原材料,33.1,韭圈儿
2014-05-29,000987,全指材料,行业，原材料,32.77,韭圈儿
2014-05-30,000987,全指材料,行业，原材料,32.9,韭圈儿
2014-06-03,000987,全指材料,行业，原材料,32.92,韭圈儿
2014-06-04,000987,全指材料,行业，原材料,32.52,韭圈儿
2014-06-05,000987,全指材料,行业，原材料,32.82,韭圈儿
2014-06-06,000987,全指材料,行业，原材料,32.67,韭圈儿
2014-06-09,000987,全指材料,行业，原材料,32.58,韭圈儿
2014-06-10,000987,全指材料,行业，原材料,32.85,韭圈儿
2014-06-11,000987,全指材料,行业，原材料,32.97,韭圈儿
2014-06-12,000987,全指材料,行业，原材料,32.91,韭圈儿
2014-06-13,000987,全指材料,行业，原材料,33.22,韭圈儿
2014-06-16,000987,全指材料,行业，原材料,31.78,韭圈儿
2014-06-17,000987,全指材料,行业，原材料,31.55,韭圈儿
2014-06-18,000987,全指材料,行业，原材料,31.57,韭圈儿
2014-06-19,000987,全指材料,行业，原材料,30.82,韭圈儿
2014-06-20,000987,全指材料,行业，原材料,31.06,韭圈儿
2014-06-23,000987,全指材料,行业，原材料,31.38,韭圈儿
2014-06-24,000987,全指材料,行业，原材料,31.71,韭圈儿
2014-06-25,000987,全指材料,行业，原材料,31.46,韭圈儿
2014-06-26,000987,全指材料,行业，原材料,31.79,韭圈儿
2014-06-27,000987,全指材料,行业，原材料,31.98,韭圈儿
2014-06-30,000987,全指材料,行业，原材料,32.2,韭圈儿
2014-07-01,000987,全指材料,行业，原材料,32.39,韭圈儿
2014-07-02,000987,全指材料,行业，原材料,32.48,韭圈儿
2014-07-03,000987,全指材料,行业，原材料,32.82,韭圈儿
2014-07-04,000987,全指材料,行业，原材料,32.7,韭圈儿
2014-07-07,000987,全指材料,行业，原材料,32.63,韭圈儿
2014-07-08,000987,全指材料,行业，原材料,32.8,韭圈儿
2014-07-09,000987,全指材料,行业，原材料,32.38,韭圈儿
2014-07-10,000987,全指材料,行业，原材料,32.47,韭圈儿
2014-07-11,000987,全指材料,行业，原材料,32.78,韭圈儿
2014-07-14,000987,全指材料,行业，原材料,33.29,韭圈儿
2014-07-15,000987,全指材料,行业，原材料,33.29,韭圈儿
2014-07-16,000987,全指材料,行业，原材料,33.13,韭圈儿
2014-07-17,000987,全指材料,行业，原材料,33.13,韭圈儿
2014-07-18,000987,全指材料,行业，原材料,33.18,韭圈儿
2014-07-21,000987,全指材料,行业，原材料,33.12,韭圈儿
2014-07-22,000987,全指材料,行业，原材料,33.6,韭圈儿
2014-07-23,000987,全指材料,行业，原材料,33.23,韭圈儿
2014-07-24,000987,全指材料,行业，原材料,33.38,韭圈儿
2014-07-25,000987,全指材料,行业，原材料,33.9,韭圈儿
2014-07-28,000987,全指材料,行业，原材料,34.69,韭圈儿
2014-07-29,000987,全指材料,行业，原材料,34.83,韭圈儿
2014-07-30,000987,全指材料,行业，原材料,34.8,韭圈儿
2014-07-31,000987,全指材料,行业，原材料,35.3,韭圈儿
2014-08-01,000987,全指材料,行业，原材料,34.96,韭圈儿
2014-08-04,000987,全指材料,行业，原材料,35.79,韭圈儿
2014-08-05,000987,全指材料,行业，原材料,35.82,韭圈儿
2014-08-06,000987,全指材料,行业，原材料,36.25,韭圈儿
2014-08-07,000987,全指材料,行业，原材料,35.87,韭圈儿
2014-08-08,000987,全指材料,行业，原材料,35.87,韭圈儿
2014-08-11,000987,全指材料,行业，原材料,36.46,韭圈儿
2014-08-12,000987,全指材料,行业，原材料,36.43,韭圈儿
2014-08-13,000987,全指材料,行业，原材料,36.45,韭圈儿
2014-08-14,000987,全指材料,行业，原材料,35.96,韭圈儿
2014-08-15,000987,全指材料,行业，原材料,36.28,韭圈儿
2014-08-18,000987,全指材料,行业，原材料,36.73,韭圈儿
2014-08-19,000987,全指材料,行业，原材料,36.7,韭圈儿
2014-08-20,000987,全指材料,行业，原材料,36.94,韭圈儿
2014-08-21,000987,全指材料,行业，原材料,36.82,韭圈儿
2014-08-22,000987,全指材料,行业，原材料,36.45,韭圈儿
2014-08-25,000987,全指材料,行业，原材料,36.72,韭圈儿
2014-08-26,000987,全指材料,行业，原材料,35.98,韭圈儿
2014-08-27,000987,全指材料,行业，原材料,36.1,韭圈儿
2014-08-28,000987,全指材料,行业，原材料,35.03,韭圈儿
2014-08-29,000987,全指材料,行业，原材料,36.52,韭圈儿
2014-09-01,000987,全指材料,行业，原材料,36.54,韭圈儿
2014-09-02,000987,全指材料,行业，原材料,37.05,韭圈儿
2014-09-03,000987,全指材料,行业，原材料,37.27,韭圈儿
2014-09-04,000987,全指材料,行业，原材料,37.49,韭圈儿
2014-09-05,000987,全指材料,行业，原材料,37.78,韭圈儿
2014-09-09,000987,全指材料,行业，原材料,37.98,韭圈儿
2014-09-10,000987,全指材料,行业，原材料,38.08,韭圈儿
2014-09-11,000987,全指材料,行业，原材料,37.89,韭圈儿
2014-09-12,000987,全指材料,行业，原材料,38.3,韭圈儿
2014-09-15,000987,全指材料,行业，原材料,38.61,韭圈儿
2014-09-16,000987,全指材料,行业，原材料,37.62,韭圈儿
2014-09-17,000987,全指材料,行业，原材料,37.83,韭圈儿
2014-09-18,000987,全指材料,行业，原材料,37.96,韭圈儿
2014-09-19,000987,全指材料,行业，原材料,38.23,韭圈儿
2014-09-22,000987,全指材料,行业，原材料,37.62,韭圈儿
2014-09-23,000987,全指材料,行业，原材料,38.02,韭圈儿
2014-09-24,000987,全指材料,行业，原材料,38.78,韭圈儿
2014-09-25,000987,全指材料,行业，原材料,38.78,韭圈儿
2014-09-26,000987,全指材料,行业，原材料,38.96,韭圈儿
2014-09-29,000987,全指材料,行业，原材料,39.27,韭圈儿
2014-09-30,000987,全指材料,行业，原材料,39.43,韭圈儿
2014-10-08,000987,全指材料,行业，原材料,39.8,韭圈儿
2014-10-09,000987,全指材料,行业，原材料,40.14,韭圈儿
2014-10-10,000987,全指材料,行业，原材料,39.87,韭圈儿
2014-10-13,000987,全指材料,行业，原材料,39.96,韭圈儿
2014-10-14,000987,全指材料,行业，原材料,39.85,韭圈儿
2014-10-15,000987,全指材料,行业，原材料,40.01,韭圈儿
2014-10-16,000987,全指材料,行业，原材料,39.26,韭圈儿
2014-10-17,000987,全指材料,行业，原材料,38.91,韭圈儿
2014-10-20,000987,全指材料,行业，原材料,39.26,韭圈儿
2014-10-21,000987,全指材料,行业，原材料,38.79,韭圈儿
2014-10-22,000987,全指材料,行业，原材料,38.24,韭圈儿
2014-10-23,000987,全指材料,行业，原材料,37.49,韭圈儿
2014-10-24,000987,全指材料,行业，原材料,37.6,韭圈儿
2014-10-27,000987,全指材料,行业，原材料,37.58,韭圈儿
2014-10-28,000987,全指材料,行业，原材料,38.26,韭圈儿
2014-10-29,000987,全指材料,行业，原材料,38.6,韭圈儿
2014-10-30,000987,全指材料,行业，原材料,38.83,韭圈儿
2014-10-31,000987,全指材料,行业，原材料,39.03,韭圈儿
2014-11-03,000987,全指材料,行业，原材料,39.42,韭圈儿
2014-11-04,000987,全指材料,行业，原材料,39.47,韭圈儿
2014-11-05,000987,全指材料,行业，原材料,39.23,韭圈儿
2014-11-06,000987,全指材料,行业，原材料,39.34,韭圈儿
2014-11-07,000987,全指材料,行业，原材料,38.87,韭圈儿
2014-11-10,000987,全指材料,行业，原材料,39.62,韭圈儿
2014-11-11,000987,全指材料,行业，原材料,38.54,韭圈儿
2014-11-12,000987,全指材料,行业，原材料,39.19,韭圈儿
2014-11-13,000987,全指材料,行业，原材料,39.36,韭圈儿
2014-11-14,000987,全指材料,行业，原材料,39.04,韭圈儿
2014-11-17,000987,全指材料,行业，原材料,39.17,韭圈儿
2014-11-18,000987,全指材料,行业，原材料,39.2,韭圈儿
2014-11-19,000987,全指材料,行业，原材料,39.28,韭圈儿
2014-11-20,000987,全指材料,行业，原材料,39.18,韭圈儿
2014-11-21,000987,全指材料,行业，原材料,39.63,韭圈儿
2014-11-24,000987,全指材料,行业，原材料,40.44,韭圈儿
2014-11-25,000987,全指材料,行业，原材料,41.29,韭圈儿
2014-11-26,000987,全指材料,行业，原材料,41.43,韭圈儿
2014-11-27,000987,全指材料,行业，原材料,41.66,韭圈儿
2014-11-28,000987,全指材料,行业，原材料,41.75,韭圈儿
2014-12-01,000987,全指材料,行业，原材料,41.67,韭圈儿
2014-12-02,000987,全指材料,行业，原材料,42.16,韭圈儿
2014-12-03,000987,全指材料,行业，原材料,43.47,韭圈儿
2014-12-04,000987,全指材料,行业，原材料,44.35,韭圈儿
2014-12-05,000987,全指材料,行业，原材料,42.86,韭圈儿
2014-12-08,000987,全指材料,行业，原材料,43.5,韭圈儿
2014-12-09,000987,全指材料,行业，原材料,42.01,韭圈儿
2014-12-10,000987,全指材料,行业，原材料,43.48,韭圈儿
2014-12-11,000987,全指材料,行业，原材料,44.36,韭圈儿
2014-12-12,000987,全指材料,行业，原材料,44.62,韭圈儿
2014-12-15,000987,全指材料,行业，原材料,41.12,韭圈儿
2014-12-16,000987,全指材料,行业，原材料,41.31,韭圈儿
2014-12-17,000987,全指材料,行业，原材料,40.67,韭圈儿
2014-12-18,000987,全指材料,行业，原材料,40.88,韭圈儿
2014-12-19,000987,全指材料,行业，原材料,41.28,韭圈儿
2014-12-22,000987,全指材料,行业，原材料,40.75,韭圈儿
2014-12-23,000987,全指材料,行业，原材料,39.47,韭圈儿
2014-12-24,000987,全指材料,行业，原材料,39.6,韭圈儿
2014-12-25,000987,全指材料,行业，原材料,40.36,韭圈儿
2014-12-26,000987,全指材料,行业，原材料,40.74,韭圈儿
2014-12-29,000987,全指材料,行业，原材料,40.42,韭圈儿
2014-12-30,000987,全指材料,行业，原材料,39.93,韭圈儿
2014-12-31,000987,全指材料,行业，原材料,40.31,韭圈儿
2015-01-05,000987,全指材料,行业，原材料,41.92,韭圈儿
2015-01-06,000987,全指材料,行业，原材料,41.82,韭圈儿
2015-01-07,000987,全指材料,行业，原材料,42.15,韭圈儿
2015-01-08,000987,全指材料,行业，原材料,41.48,韭圈儿
2015-01-09,000987,全指材料,行业，原材料,41.03,韭圈儿
2015-01-12,000987,全指材料,行业，原材料,40.3,韭圈儿
2015-01-13,000987,全指材料,行业，原材料,40.47,韭圈儿
2015-01-14,000987,全指材料,行业，原材料,39.89,韭圈儿
2015-01-15,000987,全指材料,行业，原材料,40.61,韭圈儿
2015-01-16,000987,全指材料,行业，原材料,41.15,韭圈儿
2015-01-19,000987,全指材料,行业，原材料,39.0,韭圈儿
2015-01-20,000987,全指材料,行业，原材料,40.22,韭圈儿
2015-01-21,000987,全指材料,行业，原材料,41.47,韭圈儿
2015-01-22,000987,全指材料,行业，原材料,42.24,韭圈儿
2015-01-23,000987,全指材料,行业，原材料,42.01,韭圈儿
2015-01-26,000987,全指材料,行业，原材料,43.12,韭圈儿
2015-01-27,000987,全指材料,行业，原材料,43.2,韭圈儿
2015-01-28,000987,全指材料,行业，原材料,42.71,韭圈儿
2015-01-29,000987,全指材料,行业，原材料,42.45,韭圈儿
2015-01-30,000987,全指材料,行业，原材料,42.08,韭圈儿
2015-02-02,000987,全指材料,行业，原材料,41.95,韭圈儿
2015-02-03,000987,全指材料,行业，原材料,42.52,韭圈儿
2015-02-04,000987,全指材料,行业，原材料,42.63,韭圈儿
2015-02-05,000987,全指材料,行业，原材料,41.99,韭圈儿
2015-02-06,000987,全指材料,行业，原材料,41.11,韭圈儿
2015-02-09,000987,全指材料,行业，原材料,40.99,韭圈儿
2015-02-10,000987,全指材料,行业，原材料,41.55,韭圈儿
2015-02-11,000987,全指材料,行业，原材料,41.81,韭圈儿
2015-02-12,000987,全指材料,行业，原材料,42.09,韭圈儿
2015-02-13,000987,全指材料,行业，原材料,42.8,韭圈儿
2015-02-16,000987,全指材料,行业，原材料,43.27,韭圈儿
2015-02-17,000987,全指材料,行业，原材料,43.44,韭圈儿
2015-02-25,000987,全指材料,行业，原材料,43.31,韭圈儿
2015-02-26,000987,全指材料,行业，原材料,44.17,韭圈儿
2015-02-27,000987,全指材料,行业，原材料,44.34,韭圈儿
2015-03-02,000987,全指材料,行业，原材料,45.91,韭圈儿
2015-03-03,000987,全指材料,行业，原材料,45.84,韭圈儿
2015-03-04,000987,全指材料,行业，原材料,46.29,韭圈儿
2015-03-05,000987,全指材料,行业，原材料,46.16,韭圈儿
2015-03-06,000987,全指材料,行业，原材料,46.2,韭圈儿
2015-03-09,000987,全指材料,行业，原材料,46.51,韭圈儿
2015-03-10,000987,全指材料,行业，原材料,46.67,韭圈儿
2015-03-11,000987,全指材料,行业，原材料,46.43,韭圈儿
2015-03-12,000987,全指材料,行业，原材料,46.59,韭圈儿
2015-03-13,000987,全指材料,行业，原材料,47.11,韭圈儿
2015-03-16,000987,全指材料,行业，原材料,48.28,韭圈儿
2015-03-17,000987,全指材料,行业，原材料,48.89,韭圈儿
2015-03-18,000987,全指材料,行业，原材料,50.09,韭圈儿
2015-03-19,000987,全指材料,行业，原材料,49.96,韭圈儿
2015-03-20,000987,全指材料,行业，原材料,49.98,韭圈儿
2015-03-23,000987,全指材料,行业，原材料,51.8,韭圈儿
2015-03-24,000987,全指材料,行业，原材料,53.18,韭圈儿
2015-03-25,000987,全指材料,行业，原材料,52.89,韭圈儿
2015-03-26,000987,全指材料,行业，原材料,64.1,韭圈儿
2015-03-27,000987,全指材料,行业，原材料,65.71,韭圈儿
2015-03-30,000987,全指材料,行业，原材料,67.06,韭圈儿
2015-03-31,000987,全指材料,行业，原材料,70.83,韭圈儿
2015-04-01,000987,全指材料,行业，原材料,72.24,韭圈儿
2015-04-02,000987,全指材料,行业，原材料,74.31,韭圈儿
2015-04-03,000987,全指材料,行业，原材料,76.33,韭圈儿
2015-04-07,000987,全指材料,行业，原材料,78.18,韭圈儿
2015-04-08,000987,全指材料,行业，原材料,78.14,韭圈儿
2015-04-09,000987,全指材料,行业，原材料,76.89,韭圈儿
2015-04-10,000987,全指材料,行业，原材料,78.06,韭圈儿
2015-04-13,000987,全指材料,行业，原材料,80.35,韭圈儿
2015-04-14,000987,全指材料,行业，原材料,81.14,韭圈儿
2015-04-15,000987,全指材料,行业，原材料,82.6,韭圈儿
2015-04-16,000987,全指材料,行业，原材料,83.48,韭圈儿
2015-04-17,000987,全指材料,行业，原材料,84.78,韭圈儿
2015-04-20,000987,全指材料,行业，原材料,82.46,韭圈儿
2015-04-21,000987,全指材料,行业，原材料,85.02,韭圈儿
2015-04-22,000987,全指材料,行业，原材料,87.16,韭圈儿
2015-04-23,000987,全指材料,行业，原材料,90.28,韭圈儿
2015-04-24,000987,全指材料,行业，原材料,90.02,韭圈儿
2015-04-27,000987,全指材料,行业，原材料,94.74,韭圈儿
2015-04-28,000987,全指材料,行业，原材料,92.98,韭圈儿
2015-04-29,000987,全指材料,行业，原材料,96.26,韭圈儿
2015-04-30,000987,全指材料,行业，原材料,99.13,韭圈儿
2015-05-04,000987,全指材料,行业，原材料,100.71,韭圈儿
2015-05-05,000987,全指材料,行业，原材料,96.61,韭圈儿
2015-05-06,000987,全指材料,行业，原材料,94.68,韭圈儿
2015-05-07,000987,全指材料,行业，原材料,92.18,韭圈儿
2015-05-08,000987,全指材料,行业，原材料,94.9,韭圈儿
2015-05-11,000987,全指材料,行业，原材料,98.24,韭圈儿
2015-05-12,000987,全指材料,行业，原材料,99.59,韭圈儿
2015-05-13,000987,全指材料,行业，原材料,100.54,韭圈儿
2015-05-14,000987,全指材料,行业，原材料,101.88,韭圈儿
2015-05-15,000987,全指材料,行业，原材料,100.81,韭圈儿
2015-05-18,000987,全指材料,行业，原材料,100.87,韭圈儿
2015-05-19,000987,全指材料,行业，原材料,103.42,韭圈儿
2015-05-20,000987,全指材料,行业，原材料,104.89,韭圈儿
2015-05-21,000987,全指材料,行业，原材料,107.78,韭圈儿
2015-05-22,000987,全指材料,行业，原材料,110.37,韭圈儿
2015-05-25,000987,全指材料,行业，原材料,113.36,韭圈儿
2015-05-26,000987,全指材料,行业，原材料,116.31,韭圈儿
2015-05-27,000987,全指材料,行业，原材料,118.33,韭圈儿
2015-05-28,000987,全指材料,行业，原材料,113.23,韭圈儿
2015-05-29,000987,全指材料,行业，原材料,114.07,韭圈儿
2015-06-01,000987,全指材料,行业，原材料,119.61,韭圈儿
2015-06-02,000987,全指材料,行业，原材料,123.25,韭圈儿
2015-06-03,000987,全指材料,行业，原材料,122.93,韭圈儿
2015-06-04,000987,全指材料,行业，原材料,123.6,韭圈儿
2015-06-05,000987,全指材料,行业，原材料,127.42,韭圈儿
2015-06-08,000987,全指材料,行业，原材料,126.74,韭圈儿
2015-06-09,000987,全指材料,行业，原材料,127.15,韭圈儿
2015-06-10,000987,全指材料,行业，原材料,128.07,韭圈儿
2015-06-11,000987,全指材料,行业，原材料,130.14,韭圈儿
2015-06-12,000987,全指材料,行业，原材料,131.57,韭圈儿
2015-06-15,000987,全指材料,行业，原材料,130.17,韭圈儿
2015-06-16,000987,全指材料,行业，原材料,124.73,韭圈儿
2015-06-17,000987,全指材料,行业，原材料,127.42,韭圈儿
2015-06-18,000987,全指材料,行业，原材料,123.93,韭圈儿
2015-06-19,000987,全指材料,行业，原材料,115.06,韭圈儿
2015-06-23,000987,全指材料,行业，原材料,115.81,韭圈儿
2015-06-24,000987,全指材料,行业，原材料,119.12,韭圈儿
2015-06-25,000987,全指材料,行业，原材料,114.51,韭圈儿
2015-06-26,000987,全指材料,行业，原材料,105.31,韭圈儿
2015-06-29,000987,全指材料,行业，原材料,99.15,韭圈儿
2015-06-30,000987,全指材料,行业，原材料,104.04,韭圈儿
2015-07-01,000987,全指材料,行业，原材料,98.13,韭圈儿
2015-07-02,000987,全指材料,行业，原材料,91.58,韭圈儿
2015-07-03,000987,全指材料,行业，原材料,85.86,韭圈儿
2015-07-06,000987,全指材料,行业，原材料,84.08,韭圈儿
2015-07-07,000987,全指材料,行业，原材料,79.87,韭圈儿
2015-07-08,000987,全指材料,行业，原材料,76.79,韭圈儿
2015-07-09,000987,全指材料,行业，原材料,80.64,韭圈儿
2015-07-10,000987,全指材料,行业，原材料,84.94,韭圈儿
2015-07-13,000987,全指材料,行业，原材料,89.5,韭圈儿
2015-07-14,000987,全指材料,行业，原材料,89.21,韭圈儿
2015-07-15,000987,全指材料,行业，原材料,84.49,韭圈儿
2015-07-16,000987,全指材料,行业，原材料,85.82,韭圈儿
2015-07-17,000987,全指材料,行业，原材料,89.9,韭圈儿
2015-07-20,000987,全指材料,行业，原材料,90.94,韭圈儿
2015-07-21,000987,全指材料,行业，原材料,92.43,韭圈儿
2015-07-22,000987,全指材料,行业，原材料,92.85,韭圈儿
2015-07-23,000987,全指材料,行业，原材料,95.78,韭圈儿
2015-07-24,000987,全指材料,行业，原材料,94.73,韭圈儿
2015-07-27,000987,全指材料,行业，原材料,87.5,韭圈儿
2015-07-28,000987,全指材料,行业，原材料,84.72,韭圈儿
2015-07-29,000987,全指材料,行业，原材料,88.91,韭圈儿
2015-07-30,000987,全指材料,行业，原材料,86.18,韭圈儿
2015-07-31,000987,全指材料,行业，原材料,86.39,韭圈儿
2015-08-03,000987,全指材料,行业，原材料,85.22,韭圈儿
2015-08-04,000987,全指材料,行业，原材料,89.17,韭圈儿
2015-08-05,000987,全指材料,行业，原材料,88.37,韭圈儿
2015-08-06,000987,全指材料,行业，原材料,88.02,韭圈儿
2015-08-07,000987,全指材料,行业，原材料,89.92,韭圈儿
2015-08-10,000987,全指材料,行业，原材料,95.05,韭圈儿
2015-08-11,000987,全指材料,行业，原材料,95.93,韭圈儿
2015-08-12,000987,全指材料,行业，原材料,94.41,韭圈儿
2015-08-13,000987,全指材料,行业，原材料,96.97,韭圈儿
2015-08-14,000987,全指材料,行业，原材料,97.19,韭圈儿
2015-08-17,000987,全指材料,行业，原材料,99.62,韭圈儿
2015-08-18,000987,全指材料,行业，原材料,92.3,韭圈儿
2015-08-19,000987,全指材料,行业，原材料,94.7,韭圈儿
2015-08-20,000987,全指材料,行业，原材料,92.1,韭圈儿
2015-08-21,000987,全指材料,行业，原材料,87.96,韭圈儿
2015-08-24,000987,全指材料,行业，原材料,82.37,韭圈儿
2015-08-25,000987,全指材料,行业，原材料,75.43,韭圈儿
2015-08-26,000987,全指材料,行业，原材料,73.07,韭圈儿
2015-08-27,000987,全指材料,行业，原材料,76.68,韭圈儿
2015-08-28,000987,全指材料,行业，原材料,82.91,韭圈儿
2015-08-31,000987,全指材料,行业，原材料,82.52,韭圈儿
2015-09-01,000987,全指材料,行业，原材料,79.72,韭圈儿
2015-09-02,000987,全指材料,行业，原材料,78.4,韭圈儿
2015-09-07,000987,全指材料,行业，原材料,78.32,韭圈儿
2015-09-08,000987,全指材料,行业，原材料,80.83,韭圈儿
2015-09-09,000987,全指材料,行业，原材料,83.51,韭圈儿
2015-09-10,000987,全指材料,行业，原材料,81.83,韭圈儿
2015-09-11,000987,全指材料,行业，原材料,82.0,韭圈儿
2015-09-14,000987,全指材料,行业，原材料,77.63,韭圈儿
2015-09-15,000987,全指材料,行业，原材料,73.0,韭圈儿
2015-09-16,000987,全指材料,行业，原材料,77.86,韭圈儿
2015-09-17,000987,全指材料,行业，原材料,76.35,韭圈儿
2015-09-18,000987,全指材料,行业，原材料,77.03,韭圈儿
2015-09-21,000987,全指材料,行业，原材料,78.98,韭圈儿
2015-09-22,000987,全指材料,行业，原材料,79.65,韭圈儿
2015-09-23,000987,全指材料,行业，原材料,77.98,韭圈儿
2015-09-24,000987,全指材料,行业，原材料,79.02,韭圈儿
2015-09-25,000987,全指材料,行业，原材料,76.67,韭圈儿
2015-09-28,000987,全指材料,行业，原材料,76.67,韭圈儿
2015-09-29,000987,全指材料,行业，原材料,75.01,韭圈儿
2015-09-30,000987,全指材料,行业，原材料,75.31,韭圈儿
2015-10-08,000987,全指材料,行业，原材料,77.94,韭圈儿
2015-10-09,000987,全指材料,行业，原材料,79.38,韭圈儿
2015-10-12,000987,全指材料,行业，原材料,82.93,韭圈儿
2015-10-13,000987,全指材料,行业，原材料,83.3,韭圈儿
2015-10-14,000987,全指材料,行业，原材料,82.69,韭圈儿
2015-10-15,000987,全指材料,行业，原材料,85.58,韭圈儿
2015-10-16,000987,全指材料,行业，原材料,87.25,韭圈儿
2015-10-19,000987,全指材料,行业，原材料,87.12,韭圈儿
2015-10-20,000987,全指材料,行业，原材料,87.97,韭圈儿
2015-10-21,000987,全指材料,行业，原材料,83.81,韭圈儿
2015-10-22,000987,全指材料,行业，原材料,86.61,韭圈儿
2015-10-23,000987,全指材料,行业，原材料,88.74,韭圈儿
2015-10-26,000987,全指材料,行业，原材料,90.79,韭圈儿
2015-10-27,000987,全指材料,行业，原材料,101.21,韭圈儿
2015-10-28,000987,全指材料,行业，原材料,109.95,韭圈儿
2015-10-29,000987,全指材料,行业，原材料,126.5,韭圈儿
2015-10-30,000987,全指材料,行业，原材料,141.25,韭圈儿
2015-11-02,000987,全指材料,行业，原材料,178.37,韭圈儿
2015-11-03,000987,全指材料,行业，原材料,178.8,韭圈儿
2015-11-04,000987,全指材料,行业，原材料,186.75,韭圈儿
2015-11-05,000987,全指材料,行业，原材料,188.1,韭圈儿
2015-11-06,000987,全指材料,行业，原材料,191.73,韭圈儿
2015-11-09,000987,全指材料,行业，原材料,193.99,韭圈儿
2015-11-10,000987,全指材料,行业，原材料,197.24,韭圈儿
2015-11-11,000987,全指材料,行业，原材料,198.52,韭圈儿
2015-11-12,000987,全指材料,行业，原材料,198.91,韭圈儿
2015-11-13,000987,全指材料,行业，原材料,194.63,韭圈儿
2015-11-16,000987,全指材料,行业，原材料,197.54,韭圈儿
2015-11-17,000987,全指材料,行业，原材料,196.63,韭圈儿
2015-11-18,000987,全指材料,行业，原材料,193.76,韭圈儿
2015-11-19,000987,全指材料,行业，原材料,198.13,韭圈儿
2015-11-20,000987,全指材料,行业，原材料,200.89,韭圈儿
2015-11-23,000987,全指材料,行业，原材料,199.65,韭圈儿
2015-11-24,000987,全指材料,行业，原材料,200.8,韭圈儿
2015-11-25,000987,全指材料,行业，原材料,203.87,韭圈儿
2015-11-26,000987,全指材料,行业，原材料,204.39,韭圈儿
2015-11-27,000987,全指材料,行业，原材料,192.23,韭圈儿
2015-11-30,000987,全指材料,行业，原材料,192.98,韭圈儿
2015-12-01,000987,全指材料,行业，原材料,193.64,韭圈儿
2015-12-02,000987,全指材料,行业，原材料,195.04,韭圈儿
2015-12-03,000987,全指材料,行业，原材料,198.43,韭圈儿
2015-12-04,000987,全指材料,行业，原材料,197.15,韭圈儿
2015-12-07,000987,全指材料,行业，原材料,199.21,韭圈儿
2015-12-08,000987,全指材料,行业，原材料,194.85,韭圈儿
2015-12-09,000987,全指材料,行业，原材料,194.69,韭圈儿
2015-12-10,000987,全指材料,行业，原材料,193.08,韭圈儿
2015-12-11,000987,全指材料,行业，原材料,192.62,韭圈儿
2015-12-14,000987,全指材料,行业，原材料,183.79,韭圈儿
2015-12-15,000987,全指材料,行业，原材料,184.56,韭圈儿
2015-12-16,000987,全指材料,行业，原材料,185.86,韭圈儿
2015-12-17,000987,全指材料,行业，原材料,190.23,韭圈儿
2015-12-18,000987,全指材料,行业，原材料,189.33,韭圈儿
2015-12-21,000987,全指材料,行业，原材料,191.31,韭圈儿
2015-12-22,000987,全指材料,行业，原材料,193.78,韭圈儿
2015-12-23,000987,全指材料,行业，原材料,190.44,韭圈儿
2015-12-24,000987,全指材料,行业，原材料,190.81,韭圈儿
2015-12-25,000987,全指材料,行业，原材料,191.94,韭圈儿
2015-12-28,000987,全指材料,行业，原材料,187.07,韭圈儿
2015-12-29,000987,全指材料,行业，原材料,189.35,韭圈儿
2015-12-30,000987,全指材料,行业，原材料,190.51,韭圈儿
2015-12-31,000987,全指材料,行业，原材料,188.56,韭圈儿
2016-01-04,000987,全指材料,行业，原材料,172.77,韭圈儿
2016-01-05,000987,全指材料,行业，原材料,171.49,韭圈儿
2016-01-06,000987,全指材料,行业，原材料,178.62,韭圈儿
2016-01-07,000987,全指材料,行业，原材料,162.99,韭圈儿
2016-01-08,000987,全指材料,行业，原材料,168.81,韭圈儿
2016-01-11,000987,全指材料,行业，原材料,158.59,韭圈儿
2016-01-12,000987,全指材料,行业，原材料,157.65,韭圈儿
2016-01-13,000987,全指材料,行业，原材料,153.08,韭圈儿
2016-01-14,000987,全指材料,行业，原材料,157.59,韭圈儿
2016-01-15,000987,全指材料,行业，原材料,151.22,韭圈儿
2016-01-18,000987,全指材料,行业，原材料,148.96,韭圈儿
2016-01-19,000987,全指材料,行业，原材料,158.6,韭圈儿
2016-01-20,000987,全指材料,行业，原材料,170.56,韭圈儿
2016-01-21,000987,全指材料,行业，原材料,161.21,韭圈儿
2016-01-22,000987,全指材料,行业，原材料,163.68,韭圈儿
2016-01-25,000987,全指材料,行业，原材料,166.37,韭圈儿
2016-01-26,000987,全指材料,行业，原材料,154.68,韭圈儿
2016-01-27,000987,全指材料,行业，原材料,153.4,韭圈儿
2016-01-28,000987,全指材料,行业，原材料,145.69,韭圈儿
2016-01-29,000987,全指材料,行业，原材料,151.57,韭圈儿
2016-02-01,000987,全指材料,行业，原材料,146.84,韭圈儿
2016-02-02,000987,全指材料,行业，原材料,151.15,韭圈儿
2016-02-03,000987,全指材料,行业，原材料,151.67,韭圈儿
2016-02-04,000987,全指材料,行业，原材料,154.86,韭圈儿
2016-02-05,000987,全指材料,行业，原材料,153.72,韭圈儿
2016-02-15,000987,全指材料,行业，原材料,154.82,韭圈儿
2016-02-16,000987,全指材料,行业，原材料,163.43,韭圈儿
2016-02-17,000987,全指材料,行业，原材料,166.43,韭圈儿
2016-02-18,000987,全指材料,行业，原材料,166.75,韭圈儿
2016-02-19,000987,全指材料,行业，原材料,166.54,韭圈儿
2016-02-22,000987,全指材料,行业，原材料,170.44,韭圈儿
2016-02-23,000987,全指材料,行业，原材料,170.92,韭圈儿
2016-02-24,000987,全指材料,行业，原材料,171.81,韭圈儿
2016-02-25,000987,全指材料,行业，原材料,157.94,韭圈儿
2016-02-26,000987,全指材料,行业，原材料,156.92,韭圈儿
2016-02-29,000987,全指材料,行业，原材料,150.33,韭圈儿
2016-03-01,000987,全指材料,行业，原材料,154.29,韭圈儿
2016-03-02,000987,全指材料,行业，原材料,163.25,韭圈儿
2016-03-03,000987,全指材料,行业，原材料,163.92,韭圈儿
2016-03-04,000987,全指材料,行业，原材料,161.71,韭圈儿
2016-03-07,000987,全指材料,行业，原材料,166.93,韭圈儿
2016-03-08,000987,全指材料,行业，原材料,168.91,韭圈儿
2016-03-09,000987,全指材料,行业，原材料,161.63,韭圈儿
2016-03-10,000987,全指材料,行业，原材料,158.43,韭圈儿
2016-03-11,000987,全指材料,行业，原材料,158.33,韭圈儿
2016-03-14,000987,全指材料,行业，原材料,162.63,韭圈儿
2016-03-15,000987,全指材料,行业，原材料,154.61,韭圈儿
2016-03-16,000987,全指材料,行业，原材料,154.66,韭圈儿
2016-03-17,000987,全指材料,行业，原材料,158.92,韭圈儿
2016-03-18,000987,全指材料,行业，原材料,111.82,韭圈儿
2016-03-21,000987,全指材料,行业，原材料,114.76,韭圈儿
2016-03-22,000987,全指材料,行业，原材料,115.26,韭圈儿
2016-03-23,000987,全指材料,行业，原材料,120.77,韭圈儿
2016-03-24,000987,全指材料,行业，原材料,122.01,韭圈儿
2016-03-25,000987,全指材料,行业，原材料,122.38,韭圈儿
2016-03-28,000987,全指材料,行业，原材料,124.3,韭圈儿
2016-03-29,000987,全指材料,行业，原材料,122.19,韭圈儿
2016-03-30,000987,全指材料,行业，原材料,125.91,韭圈儿
2016-03-31,000987,全指材料,行业，原材料,202.36,韭圈儿
2016-04-01,000987,全指材料,行业，原材料,197.88,韭圈儿
2016-04-05,000987,全指材料,行业，原材料,205.11,韭圈儿
2016-04-06,000987,全指材料,行业，原材料,205.52,韭圈儿
2016-04-07,000987,全指材料,行业，原材料,202.98,韭圈儿
2016-04-08,000987,全指材料,行业，原材料,204.26,韭圈儿
2016-04-11,000987,全指材料,行业，原材料,215.86,韭圈儿
2016-04-12,000987,全指材料,行业，原材料,214.2,韭圈儿
2016-04-13,000987,全指材料,行业，原材料,218.48,韭圈儿
2016-04-14,000987,全指材料,行业，原材料,218.64,韭圈儿
2016-04-15,000987,全指材料,行业，原材料,286.64,韭圈儿
2016-04-18,000987,全指材料,行业，原材料,356.31,韭圈儿
2016-04-19,000987,全指材料,行业，原材料,355.63,韭圈儿
2016-04-20,000987,全指材料,行业，原材料,398.79,韭圈儿
2016-04-21,000987,全指材料,行业，原材料,401.59,韭圈儿
2016-04-22,000987,全指材料,行业，原材料,399.21,韭圈儿
2016-04-25,000987,全指材料,行业，原材料,378.03,韭圈儿
2016-04-26,000987,全指材料,行业，原材料,1193.14,韭圈儿
2016-04-27,000987,全指材料,行业，原材料,1629.92,韭圈儿
2016-04-28,000987,全指材料,行业，原材料,4084.72,韭圈儿
2016-06-13,000987,全指材料,行业，原材料,1315.51,韭圈儿
2016-06-14,000987,全指材料,行业，原材料,1319.82,韭圈儿
2016-06-15,000987,全指材料,行业，原材料,1366.91,韭圈儿
2016-06-16,000987,全指材料,行业，原材料,1375.49,韭圈儿
2016-06-17,000987,全指材料,行业，原材料,1382.72,韭圈儿
2016-06-20,000987,全指材料,行业，原材料,1383.09,韭圈儿
2016-06-21,000987,全指材料,行业，原材料,1367.92,韭圈儿
2016-06-22,000987,全指材料,行业，原材料,1387.22,韭圈儿
2016-06-23,000987,全指材料,行业，原材料,1373.83,韭圈儿
2016-06-24,000987,全指材料,行业，原材料,1364.74,韭圈儿
2016-06-27,000987,全指材料,行业，原材料,1389.8,韭圈儿
2016-06-28,000987,全指材料,行业，原材料,1396.67,韭圈儿
2016-06-29,000987,全指材料,行业，原材料,1406.24,韭圈儿
2016-06-30,000987,全指材料,行业，原材料,1400.5,韭圈儿
2016-07-01,000987,全指材料,行业，原材料,1403.55,韭圈儿
2016-07-04,000987,全指材料,行业，原材料,1441.32,韭圈儿
2016-07-05,000987,全指材料,行业，原材料,1451.28,韭圈儿
2016-07-06,000987,全指材料,行业，原材料,1446.9,韭圈儿
2016-07-07,000987,全指材料,行业，原材料,1463.54,韭圈儿
2016-07-08,000987,全指材料,行业，原材料,1452.98,韭圈儿
2016-07-11,000987,全指材料,行业，原材料,1460.47,韭圈儿
2016-07-12,000987,全指材料,行业，原材料,1477.96,韭圈儿
2016-07-13,000987,全指材料,行业，原材料,1488.64,韭圈儿
2016-07-14,000987,全指材料,行业，原材料,1433.93,韭圈儿
2016-07-15,000987,全指材料,行业，原材料,1436.01,韭圈儿
2016-07-18,000987,全指材料,行业，原材料,1654.88,韭圈儿
2016-07-19,000987,全指材料,行业，原材料,1569.52,韭圈儿
2016-07-20,000987,全指材料,行业，原材料,1563.13,韭圈儿
2016-07-21,000987,全指材料,行业，原材料,1632.93,韭圈儿
2016-07-22,000987,全指材料,行业，原材料,1668.7,韭圈儿
2016-07-25,000987,全指材料,行业，原材料,1668.08,韭圈儿
2016-07-26,000987,全指材料,行业，原材料,2670.37,韭圈儿
2016-07-27,000987,全指材料,行业，原材料,2266.26,韭圈儿
2016-07-28,000987,全指材料,行业，原材料,2203.69,韭圈儿
2016-07-29,000987,全指材料,行业，原材料,2116.23,韭圈儿
2016-08-01,000987,全指材料,行业，原材料,1565.38,韭圈儿
2016-08-02,000987,全指材料,行业，原材料,1325.97,韭圈儿
2016-08-03,000987,全指材料,行业，原材料,1333.83,韭圈儿
2016-08-04,000987,全指材料,行业，原材料,1340.7,韭圈儿
2016-08-05,000987,全指材料,行业，原材料,1337.75,韭圈儿
2016-08-08,000987,全指材料,行业，原材料,1301.02,韭圈儿
2016-08-09,000987,全指材料,行业，原材料,1307.24,韭圈儿
2016-08-10,000987,全指材料,行业，原材料,1119.49,韭圈儿
2016-08-11,000987,全指材料,行业，原材料,1076.0,韭圈儿
2016-08-12,000987,全指材料,行业，原材料,1008.45,韭圈儿
2016-08-15,000987,全指材料,行业，原材料,1005.32,韭圈儿
2016-08-16,000987,全指材料,行业，原材料,947.59,韭圈儿
2016-08-17,000987,全指材料,行业，原材料,714.91,韭圈儿
2016-08-18,000987,全指材料,行业，原材料,729.93,韭圈儿
2016-08-19,000987,全指材料,行业，原材料,699.39,韭圈儿
2016-08-22,000987,全指材料,行业，原材料,694.41,韭圈儿
2016-08-23,000987,全指材料,行业，原材料,686.06,韭圈儿
2016-08-24,000987,全指材料,行业，原材料,716.21,韭圈儿
2016-08-25,000987,全指材料,行业，原材料,632.24,韭圈儿
2016-08-26,000987,全指材料,行业，原材料,559.14,韭圈儿
2016-08-29,000987,全指材料,行业，原材料,508.99,韭圈儿
2016-08-30,000987,全指材料,行业，原材料,402.04,韭圈儿
2016-08-31,000987,全指材料,行业，原材料,342.59,韭圈儿
2016-09-01,000987,全指材料,行业，原材料,340.33,韭圈儿
2016-09-02,000987,全指材料,行业，原材料,339.59,韭圈儿
2016-09-05,000987,全指材料,行业，原材料,343.0,韭圈儿
2016-09-06,000987,全指材料,行业，原材料,346.63,韭圈儿
2016-09-07,000987,全指材料,行业，原材料,346.51,韭圈儿
2016-09-08,000987,全指材料,行业，原材料,347.93,韭圈儿
2016-09-09,000987,全指材料,行业，原材料,345.69,韭圈儿
2016-09-12,000987,全指材料,行业，原材料,335.29,韭圈儿
2016-09-13,000987,全指材料,行业，原材料,337.12,韭圈儿
2016-09-14,000987,全指材料,行业，原材料,335.71,韭圈儿
2016-09-19,000987,全指材料,行业，原材料,338.69,韭圈儿
2016-09-20,000987,全指材料,行业，原材料,340.24,韭圈儿
2016-09-21,000987,全指材料,行业，原材料,341.24,韭圈儿
2016-09-22,000987,全指材料,行业，原材料,342.54,韭圈儿
2016-09-23,000987,全指材料,行业，原材料,340.09,韭圈儿
2016-09-26,000987,全指材料,行业，原材料,332.78,韭圈儿
2016-09-27,000987,全指材料,行业，原材料,334.88,韭圈儿
2016-09-28,000987,全指材料,行业，原材料,333.93,韭圈儿
2016-09-29,000987,全指材料,行业，原材料,335.17,韭圈儿
2016-09-30,000987,全指材料,行业，原材料,337.11,韭圈儿
2016-10-10,000987,全指材料,行业，原材料,343.71,韭圈儿
2016-10-11,000987,全指材料,行业，原材料,347.61,韭圈儿
2016-10-12,000987,全指材料,行业，原材料,355.34,韭圈儿
2016-10-13,000987,全指材料,行业，原材料,346.07,韭圈儿
2016-10-14,000987,全指材料,行业，原材料,346.27,韭圈儿
2016-10-17,000987,全指材料,行业，原材料,342.07,韭圈儿
2016-10-18,000987,全指材料,行业，原材料,343.84,韭圈儿
2016-10-19,000987,全指材料,行业，原材料,304.09,韭圈儿
2016-10-20,000987,全指材料,行业，原材料,300.59,韭圈儿
2016-10-21,000987,全指材料,行业，原材料,270.86,韭圈儿
2016-10-24,000987,全指材料,行业，原材料,257.0,韭圈儿
2016-10-25,000987,全指材料,行业，原材料,195.33,韭圈儿
2016-10-26,000987,全指材料,行业，原材料,178.32,韭圈儿
2016-10-27,000987,全指材料,行业，原材料,154.05,韭圈儿
2016-10-28,000987,全指材料,行业，原材料,115.65,韭圈儿
2016-10-31,000987,全指材料,行业，原材料,104.4,韭圈儿
2016-11-01,000987,全指材料,行业，原材料,105.33,韭圈儿
2016-11-02,000987,全指材料,行业，原材料,105.05,韭圈儿
2016-11-03,000987,全指材料,行业，原材料,105.73,韭圈儿
2016-11-04,000987,全指材料,行业，原材料,105.17,韭圈儿
2016-11-07,000987,全指材料,行业，原材料,106.2,韭圈儿
2016-11-08,000987,全指材料,行业，原材料,106.34,韭圈儿
2016-11-09,000987,全指材料,行业，原材料,106.37,韭圈儿
2016-11-10,000987,全指材料,行业，原材料,107.83,韭圈儿
2016-11-11,000987,全指材料,行业，原材料,110.1,韭圈儿
2016-11-14,000987,全指材料,行业，原材料,110.48,韭圈儿
2016-11-15,000987,全指材料,行业，原材料,110.03,韭圈儿
2016-11-16,000987,全指材料,行业，原材料,110.02,韭圈儿
2016-11-17,000987,全指材料,行业，原材料,114.59,韭圈儿
2016-11-18,000987,全指材料,行业，原材料,109.46,韭圈儿
2016-11-21,000987,全指材料,行业，原材料,110.26,韭圈儿
2016-11-22,000987,全指材料,行业，原材料,111.17,韭圈儿
2016-11-23,000987,全指材料,行业，原材料,110.42,韭圈儿
2016-11-24,000987,全指材料,行业，原材料,110.55,韭圈儿
2016-11-25,000987,全指材料,行业，原材料,110.57,韭圈儿
2016-11-28,000987,全指材料,行业，原材料,111.44,韭圈儿
2016-11-29,000987,全指材料,行业，原材料,112.11,韭圈儿
2016-11-30,000987,全指材料,行业，原材料,108.78,韭圈儿
2016-12-01,000987,全指材料,行业，原材料,109.85,韭圈儿
2016-12-02,000987,全指材料,行业，原材料,109.53,韭圈儿
2016-12-05,000987,全指材料,行业，原材料,107.52,韭圈儿
2016-12-06,000987,全指材料,行业，原材料,107.5,韭圈儿
2016-12-07,000987,全指材料,行业，原材料,110.34,韭圈儿
2016-12-08,000987,全指材料,行业，原材料,108.98,韭圈儿
2016-12-09,000987,全指材料,行业，原材料,108.97,韭圈儿
2016-12-12,000987,全指材料,行业，原材料,91.33,韭圈儿
2016-12-13,000987,全指材料,行业，原材料,92.17,韭圈儿
2016-12-14,000987,全指材料,行业，原材料,91.86,韭圈儿
2016-12-15,000987,全指材料,行业，原材料,92.01,韭圈儿
2016-12-16,000987,全指材料,行业，原材料,92.21,韭圈儿
2016-12-19,000987,全指材料,行业，原材料,92.18,韭圈儿
2016-12-20,000987,全指材料,行业，原材料,91.71,韭圈儿
2016-12-21,000987,全指材料,行业，原材料,92.49,韭圈儿
2016-12-22,000987,全指材料,行业，原材料,92.28,韭圈儿
2016-12-23,000987,全指材料,行业，原材料,91.38,韭圈儿
2016-12-26,000987,全指材料,行业，原材料,91.66,韭圈儿
2016-12-27,000987,全指材料,行业，原材料,91.81,韭圈儿
2016-12-28,000987,全指材料,行业，原材料,91.64,韭圈儿
2016-12-29,000987,全指材料,行业，原材料,91.41,韭圈儿
2016-12-30,000987,全指材料,行业，原材料,91.44,韭圈儿
2017-01-03,000987,全指材料,行业，原材料,92.38,韭圈儿
2017-01-04,000987,全指材料,行业，原材料,93.75,韭圈儿
2017-01-05,000987,全指材料,行业，原材料,93.87,韭圈儿
2017-01-06,000987,全指材料,行业，原材料,93.42,韭圈儿
2017-01-09,000987,全指材料,行业，原材料,93.9,韭圈儿
2017-01-10,000987,全指材料,行业，原材料,94.13,韭圈儿
2017-01-11,000987,全指材料,行业，原材料,93.43,韭圈儿
2017-01-12,000987,全指材料,行业，原材料,92.31,韭圈儿
2017-01-13,000987,全指材料,行业，原材料,91.06,韭圈儿
2017-01-16,000987,全指材料,行业，原材料,88.87,韭圈儿
2017-01-17,000987,全指材料,行业，原材料,88.68,韭圈儿
2017-01-18,000987,全指材料,行业，原材料,89.0,韭圈儿
2017-01-19,000987,全指材料,行业，原材料,88.48,韭圈儿
2017-01-20,000987,全指材料,行业，原材料,89.43,韭圈儿
2017-01-23,000987,全指材料,行业，原材料,90.46,韭圈儿
2017-01-24,000987,全指材料,行业，原材料,91.37,韭圈儿
2017-01-25,000987,全指材料,行业，原材料,91.44,韭圈儿
2017-01-26,000987,全指材料,行业，原材料,92.64,韭圈儿
2017-02-03,000987,全指材料,行业，原材料,92.33,韭圈儿
2017-02-06,000987,全指材料,行业，原材料,92.67,韭圈儿
2017-02-07,000987,全指材料,行业，原材料,92.87,韭圈儿
2017-02-08,000987,全指材料,行业，原材料,92.82,韭圈儿
2017-02-09,000987,全指材料,行业，原材料,93.73,韭圈儿
2017-02-10,000987,全指材料,行业，原材料,94.41,韭圈儿
2017-02-13,000987,全指材料,行业，原材料,95.05,韭圈儿
2017-02-14,000987,全指材料,行业，原材料,84.7,韭圈儿
2017-02-15,000987,全指材料,行业，原材料,82.08,韭圈儿
2017-02-16,000987,全指材料,行业，原材料,83.05,韭圈儿
2017-02-17,000987,全指材料,行业，原材料,82.21,韭圈儿
2017-02-20,000987,全指材料,行业，原材料,83.06,韭圈儿
2017-02-21,000987,全指材料,行业，原材料,83.57,韭圈儿
2017-02-22,000987,全指材料,行业，原材料,83.15,韭圈儿
2017-02-23,000987,全指材料,行业，原材料,82.83,韭圈儿
2017-02-24,000987,全指材料,行业，原材料,80.52,韭圈儿
2017-02-27,000987,全指材料,行业，原材料,79.68,韭圈儿
2017-02-28,000987,全指材料,行业，原材料,77.13,韭圈儿
2017-03-01,000987,全指材料,行业，原材料,75.11,韭圈儿
2017-03-02,000987,全指材料,行业，原材料,74.76,韭圈儿
2017-03-03,000987,全指材料,行业，原材料,74.5,韭圈儿
2017-03-06,000987,全指材料,行业，原材料,75.04,韭圈儿
2017-03-07,000987,全指材料,行业，原材料,74.76,韭圈儿
2017-03-08,000987,全指材料,行业，原材料,74.47,韭圈儿
2017-03-09,000987,全指材料,行业，原材料,73.76,韭圈儿
2017-03-10,000987,全指材料,行业，原材料,73.71,韭圈儿
2017-03-13,000987,全指材料,行业，原材料,74.35,韭圈儿
2017-03-14,000987,全指材料,行业，原材料,74.32,韭圈儿
2017-03-15,000987,全指材料,行业，原材料,74.51,韭圈儿
2017-03-16,000987,全指材料,行业，原材料,73.69,韭圈儿
2017-03-17,000987,全指材料,行业，原材料,73.98,韭圈儿
2017-03-20,000987,全指材料,行业，原材料,74.56,韭圈儿
2017-03-21,000987,全指材料,行业，原材料,74.01,韭圈儿
2017-03-22,000987,全指材料,行业，原材料,73.38,韭圈儿
2017-03-23,000987,全指材料,行业，原材料,71.9,韭圈儿
2017-03-24,000987,全指材料,行业，原材料,71.45,韭圈儿
2017-03-27,000987,全指材料,行业，原材料,70.63,韭圈儿
2017-03-28,000987,全指材料,行业，原材料,66.51,韭圈儿
2017-03-29,000987,全指材料,行业，原材料,62.87,韭圈儿
2017-03-30,000987,全指材料,行业，原材料,58.15,韭圈儿
2017-03-31,000987,全指材料,行业，原材料,58.01,韭圈儿
2017-04-05,000987,全指材料,行业，原材料,59.47,韭圈儿
2017-04-06,000987,全指材料,行业，原材料,59.78,韭圈儿
2017-04-07,000987,全指材料,行业，原材料,60.1,韭圈儿
2017-04-10,000987,全指材料,行业，原材料,59.05,韭圈儿
2017-04-11,000987,全指材料,行业，原材料,59.62,韭圈儿
2017-04-12,000987,全指材料,行业，原材料,58.37,韭圈儿
2017-04-13,000987,全指材料,行业，原材料,58.64,韭圈儿
2017-04-14,000987,全指材料,行业，原材料,55.77,韭圈儿
2017-04-17,000987,全指材料,行业，原材料,51.93,韭圈儿
2017-04-18,000987,全指材料,行业，原材料,50.57,韭圈儿
2017-04-19,000987,全指材料,行业，原材料,49.53,韭圈儿
2017-04-20,000987,全指材料,行业，原材料,48.69,韭圈儿
2017-04-21,000987,全指材料,行业，原材料,46.83,韭圈儿
2017-04-24,000987,全指材料,行业，原材料,44.41,韭圈儿
2017-04-25,000987,全指材料,行业，原材料,44.9,韭圈儿
2017-04-26,000987,全指材料,行业，原材料,43.47,韭圈儿
2017-04-27,000987,全指材料,行业，原材料,41.91,韭圈儿
2017-04-28,000987,全指材料,行业，原材料,38.48,韭圈儿
2017-05-02,000987,全指材料,行业，原材料,36.38,韭圈儿
2017-05-03,000987,全指材料,行业，原材料,36.18,韭圈儿
2017-05-04,000987,全指材料,行业，原材料,35.91,韭圈儿
2017-05-05,000987,全指材料,行业，原材料,35.42,韭圈儿
2017-05-08,000987,全指材料,行业，原材料,34.82,韭圈儿
2017-05-09,000987,全指材料,行业，原材料,35.01,韭圈儿
2017-05-10,000987,全指材料,行业，原材料,34.29,韭圈儿
2017-05-11,000987,全指材料,行业，原材料,34.19,韭圈儿
2017-05-12,000987,全指材料,行业，原材料,34.15,韭圈儿
2017-05-15,000987,全指材料,行业，原材料,34.22,韭圈儿
2017-05-16,000987,全指材料,行业，原材料,35.01,韭圈儿
2017-05-17,000987,全指材料,行业，原材料,35.08,韭圈儿
2017-05-18,000987,全指材料,行业，原材料,34.74,韭圈儿
2017-05-19,000987,全指材料,行业，原材料,34.7,韭圈儿
2017-05-22,000987,全指材料,行业，原材料,34.33,韭圈儿
2017-05-23,000987,全指材料,行业，原材料,33.66,韭圈儿
2017-05-24,000987,全指材料,行业，原材料,33.76,韭圈儿
2017-05-25,000987,全指材料,行业，原材料,34.09,韭圈儿
2017-05-26,000987,全指材料,行业，原材料,34.0,韭圈儿
2017-05-31,000987,全指材料,行业，原材料,33.87,韭圈儿
2017-06-01,000987,全指材料,行业，原材料,33.11,韭圈儿
2017-06-02,000987,全指材料,行业，原材料,33.36,韭圈儿
2017-06-05,000987,全指材料,行业，原材料,33.61,韭圈儿
2017-06-06,000987,全指材料,行业，原材料,33.76,韭圈儿
2017-06-07,000987,全指材料,行业，原材料,34.44,韭圈儿
2017-06-08,000987,全指材料,行业，原材料,34.41,韭圈儿
2017-06-09,000987,全指材料,行业，原材料,34.44,韭圈儿
2017-06-12,000987,全指材料,行业，原材料,33.63,韭圈儿
2017-06-13,000987,全指材料,行业，原材料,34.27,韭圈儿
2017-06-14,000987,全指材料,行业，原材料,34.23,韭圈儿
2017-06-15,000987,全指材料,行业，原材料,34.54,韭圈儿
2017-06-16,000987,全指材料,行业，原材料,34.59,韭圈儿
2017-06-19,000987,全指材料,行业，原材料,34.8,韭圈儿
2017-06-20,000987,全指材料,行业，原材料,34.94,韭圈儿
2017-06-21,000987,全指材料,行业，原材料,35.03,韭圈儿
2017-06-22,000987,全指材料,行业，原材料,34.48,韭圈儿
2017-06-23,000987,全指材料,行业，原材料,34.68,韭圈儿
2017-06-26,000987,全指材料,行业，原材料,35.25,韭圈儿
2017-06-27,000987,全指材料,行业，原材料,35.29,韭圈儿
2017-06-28,000987,全指材料,行业，原材料,35.3,韭圈儿
2017-06-29,000987,全指材料,行业，原材料,35.51,韭圈儿
2017-06-30,000987,全指材料,行业，原材料,35.6,韭圈儿
2017-07-03,000987,全指材料,行业，原材料,36.07,韭圈儿
2017-07-04,000987,全指材料,行业，原材料,35.84,韭圈儿
2017-07-05,000987,全指材料,行业，原材料,36.32,韭圈儿
2017-07-06,000987,全指材料,行业，原材料,36.64,韭圈儿
2017-07-07,000987,全指材料,行业，原材料,37.28,韭圈儿
2017-07-10,000987,全指材料,行业，原材料,37.37,韭圈儿
2017-07-11,000987,全指材料,行业，原材料,36.6,韭圈儿
2017-07-12,000987,全指材料,行业，原材料,36.84,韭圈儿
2017-07-13,000987,全指材料,行业，原材料,37.08,韭圈儿
2017-07-14,000987,全指材料,行业，原材料,36.91,韭圈儿
2017-07-17,000987,全指材料,行业，原材料,35.69,韭圈儿
2017-07-18,000987,全指材料,行业，原材料,36.37,韭圈儿
2017-07-19,000987,全指材料,行业，原材料,37.62,韭圈儿
2017-07-20,000987,全指材料,行业，原材料,37.74,韭圈儿
2017-07-21,000987,全指材料,行业，原材料,37.67,韭圈儿
2017-07-24,000987,全指材料,行业，原材料,37.67,韭圈儿
2017-07-25,000987,全指材料,行业，原材料,37.52,韭圈儿
2017-07-26,000987,全指材料,行业，原材料,38.09,韭圈儿
2017-07-27,000987,全指材料,行业，原材料,37.83,韭圈儿
2017-07-28,000987,全指材料,行业，原材料,38.19,韭圈儿
2017-07-31,000987,全指材料,行业，原材料,39.38,韭圈儿
2017-08-01,000987,全指材料,行业，原材料,38.75,韭圈儿
2017-08-02,000987,全指材料,行业，原材料,39.03,韭圈儿
2017-08-03,000987,全指材料,行业，原材料,39.41,韭圈儿
2017-08-04,000987,全指材料,行业，原材料,39.15,韭圈儿
2017-08-07,000987,全指材料,行业，原材料,40.09,韭圈儿
2017-08-08,000987,全指材料,行业，原材料,39.85,韭圈儿
2017-08-09,000987,全指材料,行业，原材料,40.32,韭圈儿
2017-08-10,000987,全指材料,行业，原材料,39.49,韭圈儿
2017-08-11,000987,全指材料,行业，原材料,37.79,韭圈儿
2017-08-14,000987,全指材料,行业，原材料,38.4,韭圈儿
2017-08-15,000987,全指材料,行业，原材料,38.37,韭圈儿
2017-08-16,000987,全指材料,行业，原材料,37.76,韭圈儿
2017-08-17,000987,全指材料,行业，原材料,38.16,韭圈儿
2017-08-18,000987,全指材料,行业，原材料,37.36,韭圈儿
2017-08-21,000987,全指材料,行业，原材料,37.77,韭圈儿
2017-08-22,000987,全指材料,行业，原材料,37.02,韭圈儿
2017-08-23,000987,全指材料,行业，原材料,36.29,韭圈儿
2017-08-24,000987,全指材料,行业，原材料,36.06,韭圈儿
2017-08-25,000987,全指材料,行业，原材料,36.45,韭圈儿
2017-08-28,000987,全指材料,行业，原材料,36.55,韭圈儿
2017-08-29,000987,全指材料,行业，原材料,36.26,韭圈儿
2017-08-30,000987,全指材料,行业，原材料,36.66,韭圈儿
2017-08-31,000987,全指材料,行业，原材料,36.77,韭圈儿
2017-09-01,000987,全指材料,行业，原材料,37.44,韭圈儿
2017-09-04,000987,全指材料,行业，原材料,37.67,韭圈儿
2017-09-05,000987,全指材料,行业，原材料,37.43,韭圈儿
2017-09-06,000987,全指材料,行业，原材料,37.7,韭圈儿
2017-09-07,000987,全指材料,行业，原材料,37.3,韭圈儿
2017-09-08,000987,全指材料,行业，原材料,37.52,韭圈儿
2017-09-11,000987,全指材料,行业，原材料,38.16,韭圈儿
2017-09-12,000987,全指材料,行业，原材料,38.13,韭圈儿
2017-09-13,000987,全指材料,行业，原材料,38.54,韭圈儿
2017-09-14,000987,全指材料,行业，原材料,38.2,韭圈儿
2017-09-15,000987,全指材料,行业，原材料,37.39,韭圈儿
2017-09-18,000987,全指材料,行业，原材料,37.55,韭圈儿
2017-09-19,000987,全指材料,行业，原材料,37.29,韭圈儿
2017-09-20,000987,全指材料,行业，原材料,37.83,韭圈儿
2017-09-21,000987,全指材料,行业，原材料,37.19,韭圈儿
2017-09-22,000987,全指材料,行业，原材料,36.77,韭圈儿
2017-09-25,000987,全指材料,行业，原材料,36.27,韭圈儿
2017-09-26,000987,全指材料,行业，原材料,36.64,韭圈儿
2017-09-27,000987,全指材料,行业，原材料,37.05,韭圈儿
2017-09-28,000987,全指材料,行业，原材料,36.77,韭圈儿
2017-09-29,000987,全指材料,行业，原材料,36.97,韭圈儿
2017-10-09,000987,全指材料,行业，原材料,37.28,韭圈儿
2017-10-10,000987,全指材料,行业，原材料,37.07,韭圈儿
2017-10-11,000987,全指材料,行业，原材料,36.7,韭圈儿
2017-10-12,000987,全指材料,行业，原材料,36.58,韭圈儿
2017-10-13,000987,全指材料,行业，原材料,36.77,韭圈儿
2017-10-16,000987,全指材料,行业，原材料,35.9,韭圈儿
2017-10-17,000987,全指材料,行业，原材料,35.45,韭圈儿
2017-10-18,000987,全指材料,行业，原材料,34.88,韭圈儿
2017-10-19,000987,全指材料,行业，原材料,34.38,韭圈儿
2017-10-20,000987,全指材料,行业，原材料,34.57,韭圈儿
2017-10-23,000987,全指材料,行业，原材料,34.61,韭圈儿
2017-10-24,000987,全指材料,行业，原材料,34.37,韭圈儿
2017-10-25,000987,全指材料,行业，原材料,33.73,韭圈儿
2017-10-26,000987,全指材料,行业，原材料,33.32,韭圈儿
2017-10-27,000987,全指材料,行业，原材料,31.72,韭圈儿
2017-10-30,000987,全指材料,行业，原材料,29.41,韭圈儿
2017-10-31,000987,全指材料,行业，原材料,28.97,韭圈儿
2017-11-01,000987,全指材料,行业，原材料,29.03,韭圈儿
2017-11-02,000987,全指材料,行业，原材料,28.66,韭圈儿
2017-11-03,000987,全指材料,行业，原材料,28.28,韭圈儿
2017-11-06,000987,全指材料,行业，原材料,28.53,韭圈儿
2017-11-07,000987,全指材料,行业，原材料,28.75,韭圈儿
2017-11-08,000987,全指材料,行业，原材料,28.85,韭圈儿
2017-11-09,000987,全指材料,行业，原材料,28.95,韭圈儿
2017-11-10,000987,全指材料,行业，原材料,28.86,韭圈儿
2017-11-13,000987,全指材料,行业，原材料,29.12,韭圈儿
2017-11-14,000987,全指材料,行业，原材料,29.05,韭圈儿
2017-11-15,000987,全指材料,行业，原材料,28.61,韭圈儿
2017-11-16,000987,全指材料,行业，原材料,28.52,韭圈儿
2017-11-17,000987,全指材料,行业，原材料,27.82,韭圈儿
2017-11-20,000987,全指材料,行业，原材料,27.98,韭圈儿
2017-11-21,000987,全指材料,行业，原材料,27.96,韭圈儿
2017-11-22,000987,全指材料,行业，原材料,28.05,韭圈儿
2017-11-23,000987,全指材料,行业，原材料,27.61,韭圈儿
2017-11-24,000987,全指材料,行业，原材料,27.88,韭圈儿
2017-11-27,000987,全指材料,行业，原材料,27.62,韭圈儿
2017-11-28,000987,全指材料,行业，原材料,28.23,韭圈儿
2017-11-29,000987,全指材料,行业，原材料,28.81,韭圈儿
2017-11-30,000987,全指材料,行业，原材料,28.56,韭圈儿
2017-12-01,000987,全指材料,行业，原材料,28.57,韭圈儿
2017-12-04,000987,全指材料,行业，原材料,28.47,韭圈儿
2017-12-05,000987,全指材料,行业，原材料,27.79,韭圈儿
2017-12-06,000987,全指材料,行业，原材料,27.75,韭圈儿
2017-12-07,000987,全指材料,行业，原材料,27.45,韭圈儿
2017-12-08,000987,全指材料,行业，原材料,27.75,韭圈儿
2017-12-11,000987,全指材料,行业，原材料,27.86,韭圈儿
2017-12-12,000987,全指材料,行业，原材料,27.67,韭圈儿
2017-12-13,000987,全指材料,行业，原材料,27.74,韭圈儿
2017-12-14,000987,全指材料,行业，原材料,27.8,韭圈儿
2017-12-15,000987,全指材料,行业，原材料,27.49,韭圈儿
2017-12-18,000987,全指材料,行业，原材料,27.5,韭圈儿
2017-12-19,000987,全指材料,行业，原材料,27.65,韭圈儿
2017-12-20,000987,全指材料,行业，原材料,27.27,韭圈儿
2017-12-21,000987,全指材料,行业，原材料,27.49,韭圈儿
2017-12-22,000987,全指材料,行业，原材料,27.56,韭圈儿
2017-12-25,000987,全指材料,行业，原材料,27.38,韭圈儿
2017-12-26,000987,全指材料,行业，原材料,27.53,韭圈儿
2017-12-27,000987,全指材料,行业，原材料,27.57,韭圈儿
2017-12-28,000987,全指材料,行业，原材料,28.0,韭圈儿
2017-12-29,000987,全指材料,行业，原材料,28.07,韭圈儿
2018-01-02,000987,全指材料,行业，原材料,28.7,韭圈儿
2018-01-03,000987,全指材料,行业，原材料,28.97,韭圈儿
2018-01-04,000987,全指材料,行业，原材料,29.27,韭圈儿
2018-01-05,000987,全指材料,行业，原材料,29.23,韭圈儿
2018-01-08,000987,全指材料,行业，原材料,29.7,韭圈儿
2018-01-09,000987,全指材料,行业，原材料,29.46,韭圈儿
2018-01-10,000987,全指材料,行业，原材料,29.24,韭圈儿
2018-01-11,000987,全指材料,行业，原材料,29.15,韭圈儿
2018-01-12,000987,全指材料,行业，原材料,29.06,韭圈儿
2018-01-15,000987,全指材料,行业，原材料,28.39,韭圈儿
2018-01-16,000987,全指材料,行业，原材料,28.65,韭圈儿
2018-01-17,000987,全指材料,行业，原材料,28.4,韭圈儿
2018-01-18,000987,全指材料,行业，原材料,28.75,韭圈儿
2018-01-19,000987,全指材料,行业，原材料,28.73,韭圈儿
2018-01-22,000987,全指材料,行业，原材料,29.04,韭圈儿
2018-01-23,000987,全指材料,行业，原材料,29.15,韭圈儿
2018-01-24,000987,全指材料,行业，原材料,29.11,韭圈儿
2018-01-25,000987,全指材料,行业，原材料,29.38,韭圈儿
2018-01-26,000987,全指材料,行业，原材料,29.22,韭圈儿
2018-01-29,000987,全指材料,行业，原材料,29.24,韭圈儿
2018-01-30,000987,全指材料,行业，原材料,29.02,韭圈儿
2018-01-31,000987,全指材料,行业，原材料,28.64,韭圈儿
2018-02-01,000987,全指材料,行业，原材料,27.91,韭圈儿
2018-02-02,000987,全指材料,行业，原材料,28.44,韭圈儿
2018-02-05,000987,全指材料,行业，原材料,28.52,韭圈儿
2018-02-06,000987,全指材料,行业，原材料,27.21,韭圈儿
2018-02-07,000987,全指材料,行业，原材料,27.0,韭圈儿
2018-02-08,000987,全指材料,行业，原材料,26.99,韭圈儿
2018-02-09,000987,全指材料,行业，原材料,25.62,韭圈儿
2018-02-12,000987,全指材料,行业，原材料,26.34,韭圈儿
2018-02-13,000987,全指材料,行业，原材料,26.13,韭圈儿
2018-02-14,000987,全指材料,行业，原材料,26.46,韭圈儿
2018-02-22,000987,全指材料,行业，原材料,27.17,韭圈儿
2018-02-23,000987,全指材料,行业，原材料,27.42,韭圈儿
2018-02-26,000987,全指材料,行业，原材料,27.78,韭圈儿
2018-02-27,000987,全指材料,行业，原材料,27.51,韭圈儿
2018-02-28,000987,全指材料,行业，原材料,27.22,韭圈儿
2018-03-01,000987,全指材料,行业，原材料,27.44,韭圈儿
2018-03-02,000987,全指材料,行业，原材料,27.18,韭圈儿
2018-03-05,000987,全指材料,行业，原材料,27.06,韭圈儿
2018-03-06,000987,全指材料,行业，原材料,27.41,韭圈儿
2018-03-07,000987,全指材料,行业，原材料,27.04,韭圈儿
2018-03-08,000987,全指材料,行业，原材料,27.16,韭圈儿
2018-03-09,000987,全指材料,行业，原材料,27.23,韭圈儿
2018-03-12,000987,全指材料,行业，原材料,27.78,韭圈儿
2018-03-13,000987,全指材料,行业，原材料,27.47,韭圈儿
2018-03-14,000987,全指材料,行业，原材料,27.55,韭圈儿
2018-03-15,000987,全指材料,行业，原材料,27.45,韭圈儿
2018-03-16,000987,全指材料,行业，原材料,27.02,韭圈儿
2018-03-19,000987,全指材料,行业，原材料,26.75,韭圈儿
2018-03-20,000987,全指材料,行业，原材料,26.32,韭圈儿
2018-03-21,000987,全指材料,行业，原材料,26.02,韭圈儿
2018-03-22,000987,全指材料,行业，原材料,25.96,韭圈儿
2018-03-23,000987,全指材料,行业，原材料,24.13,韭圈儿
2018-03-26,000987,全指材料,行业，原材料,24.34,韭圈儿
2018-03-27,000987,全指材料,行业，原材料,24.54,韭圈儿
2018-03-28,000987,全指材料,行业，原材料,24.12,韭圈儿
2018-03-29,000987,全指材料,行业，原材料,24.44,韭圈儿
2018-03-30,000987,全指材料,行业，原材料,24.28,韭圈儿
2018-04-02,000987,全指材料,行业，原材料,24.6,韭圈儿
2018-04-03,000987,全指材料,行业，原材料,24.16,韭圈儿
2018-04-04,000987,全指材料,行业，原材料,23.97,韭圈儿
2018-04-09,000987,全指材料,行业，原材料,24.07,韭圈儿
2018-04-10,000987,全指材料,行业，原材料,24.01,韭圈儿
2018-04-11,000987,全指材料,行业，原材料,23.98,韭圈儿
2018-04-12,000987,全指材料,行业，原材料,23.65,韭圈儿
2018-04-13,000987,全指材料,行业，原材料,23.54,韭圈儿
2018-04-16,000987,全指材料,行业，原材料,23.3,韭圈儿
2018-04-17,000987,全指材料,行业，原材料,22.81,韭圈儿
2018-04-18,000987,全指材料,行业，原材料,22.87,韭圈儿
2018-04-19,000987,全指材料,行业，原材料,23.15,韭圈儿
2018-04-20,000987,全指材料,行业，原材料,22.27,韭圈儿
2018-04-23,000987,全指材料,行业，原材料,22.02,韭圈儿
2018-04-24,000987,全指材料,行业，原材料,22.42,韭圈儿
2018-04-25,000987,全指材料,行业，原材料,22.02,韭圈儿
2018-04-26,000987,全指材料,行业，原材料,21.48,韭圈儿
2018-04-27,000987,全指材料,行业，原材料,20.77,韭圈儿
2018-05-02,000987,全指材料,行业，原材料,20.29,韭圈儿
2018-05-03,000987,全指材料,行业，原材料,20.39,韭圈儿
2018-05-04,000987,全指材料,行业，原材料,20.37,韭圈儿
2018-05-07,000987,全指材料,行业，原材料,20.76,韭圈儿
2018-05-08,000987,全指材料,行业，原材料,20.86,韭圈儿
2018-05-09,000987,全指材料,行业，原材料,20.82,韭圈儿
2018-05-10,000987,全指材料,行业，原材料,20.89,韭圈儿
2018-05-11,000987,全指材料,行业，原材料,20.91,韭圈儿
2018-05-14,000987,全指材料,行业，原材料,20.87,韭圈儿
2018-05-15,000987,全指材料,行业，原材料,21.0,韭圈儿
2018-05-16,000987,全指材料,行业，原材料,20.83,韭圈儿
2018-05-17,000987,全指材料,行业，原材料,20.85,韭圈儿
2018-05-18,000987,全指材料,行业，原材料,20.99,韭圈儿
2018-05-21,000987,全指材料,行业，原材料,21.26,韭圈儿
2018-05-22,000987,全指材料,行业，原材料,21.21,韭圈儿
2018-05-23,000987,全指材料,行业，原材料,20.78,韭圈儿
2018-05-24,000987,全指材料,行业，原材料,20.73,韭圈儿
2018-05-25,000987,全指材料,行业，原材料,20.46,韭圈儿
2018-05-28,000987,全指材料,行业，原材料,20.25,韭圈儿
2018-05-29,000987,全指材料,行业，原材料,20.12,韭圈儿
2018-05-30,000987,全指材料,行业，原材料,19.51,韭圈儿
2018-05-31,000987,全指材料,行业，原材料,19.77,韭圈儿
2018-06-01,000987,全指材料,行业，原材料,19.68,韭圈儿
2018-06-04,000987,全指材料,行业，原材料,19.74,韭圈儿
2018-06-05,000987,全指材料,行业，原材料,20.0,韭圈儿
2018-06-06,000987,全指材料,行业，原材料,20.12,韭圈儿
2018-06-07,000987,全指材料,行业，原材料,20.17,韭圈儿
2018-06-08,000987,全指材料,行业，原材料,19.83,韭圈儿
2018-06-11,000987,全指材料,行业，原材料,19.62,韭圈儿
2018-06-12,000987,全指材料,行业，原材料,19.74,韭圈儿
2018-06-13,000987,全指材料,行业，原材料,19.51,韭圈儿
2018-06-14,000987,全指材料,行业，原材料,19.5,韭圈儿
2018-06-15,000987,全指材料,行业，原材料,19.22,韭圈儿
2018-06-19,000987,全指材料,行业，原材料,18.02,韭圈儿
2018-06-20,000987,全指材料,行业，原材料,18.13,韭圈儿
2018-06-21,000987,全指材料,行业，原材料,17.92,韭圈儿
2018-06-22,000987,全指材料,行业，原材料,18.19,韭圈儿
2018-06-25,000987,全指材料,行业，原材料,18.01,韭圈儿
2018-06-26,000987,全指材料,行业，原材料,17.96,韭圈儿
2018-06-27,000987,全指材料,行业，原材料,17.77,韭圈儿
2018-06-28,000987,全指材料,行业，原材料,17.54,韭圈儿
2018-06-29,000987,全指材料,行业，原材料,17.99,韭圈儿
2018-07-02,000987,全指材料,行业，原材料,17.64,韭圈儿
2018-07-03,000987,全指材料,行业，原材料,17.76,韭圈儿
2018-07-04,000987,全指材料,行业，原材料,17.56,韭圈儿
2018-07-05,000987,全指材料,行业，原材料,17.04,韭圈儿
2018-07-06,000987,全指材料,行业，原材料,17.09,韭圈儿
2018-07-09,000987,全指材料,行业，原材料,17.56,韭圈儿
2018-07-10,000987,全指材料,行业，原材料,17.82,韭圈儿
2018-07-11,000987,全指材料,行业，原材料,17.54,韭圈儿
2018-07-12,000987,全指材料,行业，原材料,17.9,韭圈儿
2018-07-13,000987,全指材料,行业，原材料,18.05,韭圈儿
2018-07-16,000987,全指材料,行业，原材料,17.92,韭圈儿
2018-07-17,000987,全指材料,行业，原材料,17.91,韭圈儿
2018-07-18,000987,全指材料,行业，原材料,17.78,韭圈儿
2018-07-19,000987,全指材料,行业，原材料,17.74,韭圈儿
2018-07-20,000987,全指材料,行业，原材料,17.92,韭圈儿
2018-07-23,000987,全指材料,行业，原材料,18.24,韭圈儿
2018-07-24,000987,全指材料,行业，原材料,18.7,韭圈儿
2018-07-25,000987,全指材料,行业，原材料,18.66,韭圈儿
2018-07-26,000987,全指材料,行业，原材料,18.48,韭圈儿
2018-07-27,000987,全指材料,行业，原材料,18.43,韭圈儿
2018-07-30,000987,全指材料,行业，原材料,18.51,韭圈儿
2018-07-31,000987,全指材料,行业，原材料,18.36,韭圈儿
2018-08-01,000987,全指材料,行业，原材料,18.04,韭圈儿
2018-08-02,000987,全指材料,行业，原材料,17.75,韭圈儿
2018-08-03,000987,全指材料,行业，原材料,17.45,韭圈儿
2018-08-06,000987,全指材料,行业，原材料,17.02,韭圈儿
2018-08-07,000987,全指材料,行业，原材料,17.56,韭圈儿
2018-08-08,000987,全指材料,行业，原材料,17.38,韭圈儿
2018-08-09,000987,全指材料,行业，原材料,17.67,韭圈儿
2018-08-10,000987,全指材料,行业，原材料,17.56,韭圈儿
2018-08-13,000987,全指材料,行业，原材料,17.59,韭圈儿
2018-08-14,000987,全指材料,行业，原材料,17.51,韭圈儿
2018-08-15,000987,全指材料,行业，原材料,17.05,韭圈儿
2018-08-16,000987,全指材料,行业，原材料,16.73,韭圈儿
2018-08-17,000987,全指材料,行业，原材料,16.31,韭圈儿
2018-08-20,000987,全指材料,行业，原材料,16.46,韭圈儿
2018-08-21,000987,全指材料,行业，原材料,16.51,韭圈儿
2018-08-22,000987,全指材料,行业，原材料,16.35,韭圈儿
2018-08-23,000987,全指材料,行业，原材料,16.08,韭圈儿
2018-08-24,000987,全指材料,行业，原材料,15.88,韭圈儿
2018-08-27,000987,全指材料,行业，原材料,16.09,韭圈儿
2018-08-28,000987,全指材料,行业，原材料,15.82,韭圈儿
2018-08-29,000987,全指材料,行业，原材料,15.67,韭圈儿
2018-08-30,000987,全指材料,行业，原材料,15.15,韭圈儿
2018-08-31,000987,全指材料,行业，原材料,14.96,韭圈儿
2018-09-03,000987,全指材料,行业，原材料,14.92,韭圈儿
2018-09-04,000987,全指材料,行业，原材料,15.03,韭圈儿
2018-09-05,000987,全指材料,行业，原材料,14.73,韭圈儿
2018-09-06,000987,全指材料,行业，原材料,14.61,韭圈儿
2018-09-07,000987,全指材料,行业，原材料,14.68,韭圈儿
2018-09-10,000987,全指材料,行业，原材料,14.37,韭圈儿
2018-09-11,000987,全指材料,行业，原材料,14.19,韭圈儿
2018-09-12,000987,全指材料,行业，原材料,14.21,韭圈儿
2018-09-13,000987,全指材料,行业，原材料,14.35,韭圈儿
2018-09-14,000987,全指材料,行业，原材料,14.35,韭圈儿
2018-09-17,000987,全指材料,行业，原材料,14.05,韭圈儿
2018-09-18,000987,全指材料,行业，原材料,14.4,韭圈儿
2018-09-19,000987,全指材料,行业，原材料,14.52,韭圈儿
2018-09-20,000987,全指材料,行业，原材料,14.57,韭圈儿
2018-09-21,000987,全指材料,行业，原材料,14.84,韭圈儿
2018-09-25,000987,全指材料,行业，原材料,14.77,韭圈儿
2018-09-26,000987,全指材料,行业，原材料,14.86,韭圈儿
2018-09-27,000987,全指材料,行业，原材料,14.73,韭圈儿
2018-09-28,000987,全指材料,行业，原材料,14.87,韭圈儿
2018-10-08,000987,全指材料,行业，原材料,14.41,韭圈儿
2018-10-09,000987,全指材料,行业，原材料,14.5,韭圈儿
2018-10-10,000987,全指材料,行业，原材料,14.55,韭圈儿
2018-10-11,000987,全指材料,行业，原材料,13.66,韭圈儿
2018-10-12,000987,全指材料,行业，原材料,13.74,韭圈儿
2018-10-15,000987,全指材料,行业，原材料,13.47,韭圈儿
2018-10-16,000987,全指材料,行业，原材料,13.1,韭圈儿
2018-10-17,000987,全指材料,行业，原材料,13.15,韭圈儿
2018-10-18,000987,全指材料,行业，原材料,12.66,韭圈儿
2018-10-19,000987,全指材料,行业，原材料,12.89,韭圈儿
2018-10-22,000987,全指材料,行业，原材料,13.43,韭圈儿
2018-10-23,000987,全指材料,行业，原材料,13.09,韭圈儿
2018-10-24,000987,全指材料,行业，原材料,13.1,韭圈儿
2018-10-25,000987,全指材料,行业，原材料,12.81,韭圈儿
2018-10-26,000987,全指材料,行业，原材料,12.79,韭圈儿
2018-10-29,000987,全指材料,行业，原材料,12.58,韭圈儿
2018-10-30,000987,全指材料,行业，原材料,12.54,韭圈儿
2018-10-31,000987,全指材料,行业，原材料,12.87,韭圈儿
2018-11-01,000987,全指材料,行业，原材料,12.92,韭圈儿
2018-11-02,000987,全指材料,行业，原材料,13.3,韭圈儿
2018-11-05,000987,全指材料,行业，原材料,13.27,韭圈儿
2018-11-06,000987,全指材料,行业，原材料,13.22,韭圈儿
2018-11-07,000987,全指材料,行业，原材料,13.17,韭圈儿
2018-11-08,000987,全指材料,行业，原材料,13.05,韭圈儿
2018-11-09,000987,全指材料,行业，原材料,12.94,韭圈儿
2018-11-12,000987,全指材料,行业，原材料,13.18,韭圈儿
2018-11-13,000987,全指材料,行业，原材料,13.35,韭圈儿
2018-11-14,000987,全指材料,行业，原材料,13.31,韭圈儿
2018-11-15,000987,全指材料,行业，原材料,13.46,韭圈儿
2018-11-16,000987,全指材料,行业，原材料,13.49,韭圈儿
2018-11-19,000987,全指材料,行业，原材料,13.57,韭圈儿
2018-11-20,000987,全指材料,行业，原材料,13.26,韭圈儿
2018-11-21,000987,全指材料,行业，原材料,13.25,韭圈儿
2018-11-22,000987,全指材料,行业，原材料,13.2,韭圈儿
2018-11-23,000987,全指材料,行业，原材料,12.67,韭圈儿
2018-11-26,000987,全指材料,行业，原材料,12.58,韭圈儿
2018-11-27,000987,全指材料,行业，原材料,12.64,韭圈儿
2018-11-28,000987,全指材料,行业，原材料,12.76,韭圈儿
2018-11-29,000987,全指材料,行业，原材料,12.57,韭圈儿
2018-11-30,000987,全指材料,行业，原材料,12.69,韭圈儿
2018-12-03,000987,全指材料,行业，原材料,13.06,韭圈儿
2018-12-04,000987,全指材料,行业，原材料,13.17,韭圈儿
2018-12-05,000987,全指材料,行业，原材料,13.12,韭圈儿
2018-12-06,000987,全指材料,行业，原材料,12.93,韭圈儿
2018-12-07,000987,全指材料,行业，原材料,12.97,韭圈儿
2018-12-10,000987,全指材料,行业，原材料,12.83,韭圈儿
2018-12-11,000987,全指材料,行业，原材料,12.91,韭圈儿
2018-12-12,000987,全指材料,行业，原材料,12.93,韭圈儿
2018-12-13,000987,全指材料,行业，原材料,13.06,韭圈儿
2018-12-14,000987,全指材料,行业，原材料,12.78,韭圈儿
2018-12-17,000987,全指材料,行业，原材料,12.61,韭圈儿
2018-12-18,000987,全指材料,行业，原材料,12.53,韭圈儿
2018-12-19,000987,全指材料,行业，原材料,12.37,韭圈儿
2018-12-20,000987,全指材料,行业，原材料,12.36,韭圈儿
2018-12-21,000987,全指材料,行业，原材料,12.24,韭圈儿
2018-12-24,000987,全指材料,行业，原材料,12.29,韭圈儿
2018-12-25,000987,全指材料,行业，原材料,12.1,韭圈儿
2018-12-26,000987,全指材料,行业，原材料,12.05,韭圈儿
2018-12-27,000987,全指材料,行业，原材料,11.92,韭圈儿
2018-12-28,000987,全指材料,行业，原材料,11.97,韭圈儿
2019-01-02,000987,全指材料,行业，原材料,11.86,韭圈儿
2019-01-03,000987,全指材料,行业，原材料,11.83,韭圈儿
2019-01-04,000987,全指材料,行业，原材料,12.07,韭圈儿
2019-01-07,000987,全指材料,行业，原材料,12.25,韭圈儿
2019-01-08,000987,全指材料,行业，原材料,12.19,韭圈儿
2019-01-09,000987,全指材料,行业，原材料,12.25,韭圈儿
2019-01-10,000987,全指材料,行业，原材料,12.24,韭圈儿
2019-01-11,000987,全指材料,行业，原材料,12.34,韭圈儿
2019-01-14,000987,全指材料,行业，原材料,12.35,韭圈儿
2019-01-15,000987,全指材料,行业，原材料,12.44,韭圈儿
2019-01-16,000987,全指材料,行业，原材料,12.36,韭圈儿
2019-01-17,000987,全指材料,行业，原材料,12.31,韭圈儿
2019-01-18,000987,全指材料,行业，原材料,12.52,韭圈儿
2019-01-21,000987,全指材料,行业，原材料,12.61,韭圈儿
2019-01-22,000987,全指材料,行业，原材料,12.45,韭圈儿
2019-01-23,000987,全指材料,行业，原材料,12.54,韭圈儿
2019-01-24,000987,全指材料,行业，原材料,12.49,韭圈儿
2019-01-25,000987,全指材料,行业，原材料,12.47,韭圈儿
2019-01-28,000987,全指材料,行业，原材料,12.43,韭圈儿
2019-01-29,000987,全指材料,行业，原材料,12.34,韭圈儿
2019-01-30,000987,全指材料,行业，原材料,12.23,韭圈儿
2019-01-31,000987,全指材料,行业，原材料,12.13,韭圈儿
2019-02-01,000987,全指材料,行业，原材料,12.4,韭圈儿
2019-02-11,000987,全指材料,行业，原材料,12.68,韭圈儿
2019-02-12,000987,全指材料,行业，原材料,12.68,韭圈儿
2019-02-13,000987,全指材料,行业，原材料,13.12,韭圈儿
2019-02-14,000987,全指材料,行业，原材料,13.15,韭圈儿
2019-02-15,000987,全指材料,行业，原材料,13.04,韭圈儿
2019-02-18,000987,全指材料,行业，原材料,13.42,韭圈儿
2019-02-19,000987,全指材料,行业，原材料,13.43,韭圈儿
2019-02-20,000987,全指材料,行业，原材料,13.52,韭圈儿
2019-02-21,000987,全指材料,行业，原材料,13.46,韭圈儿
2019-02-22,000987,全指材料,行业，原材料,13.68,韭圈儿
2019-02-25,000987,全指材料,行业，原材料,14.43,韭圈儿
2019-02-26,000987,全指材料,行业，原材料,14.51,韭圈儿
2019-02-27,000987,全指材料,行业，原材料,14.55,韭圈儿
2019-02-28,000987,全指材料,行业，原材料,14.87,韭圈儿
2019-03-01,000987,全指材料,行业，原材料,15.1,韭圈儿
2019-03-04,000987,全指材料,行业，原材料,15.29,韭圈儿
2019-03-05,000987,全指材料,行业，原材料,15.48,韭圈儿
2019-03-06,000987,全指材料,行业，原材料,15.81,韭圈儿
2019-03-07,000987,全指材料,行业，原材料,15.94,韭圈儿
2019-03-08,000987,全指材料,行业，原材料,15.08,韭圈儿
2019-03-11,000987,全指材料,行业，原材料,15.57,韭圈儿
2019-03-12,000987,全指材料,行业，原材料,15.7,韭圈儿
2019-03-13,000987,全指材料,行业，原材料,15.53,韭圈儿
2019-03-14,000987,全指材料,行业，原材料,15.39,韭圈儿
2019-03-15,000987,全指材料,行业，原材料,15.65,韭圈儿
2019-03-18,000987,全指材料,行业，原材料,16.12,韭圈儿
2019-03-19,000987,全指材料,行业，原材料,16.14,韭圈儿
2019-03-20,000987,全指材料,行业，原材料,16.15,韭圈儿
2019-03-21,000987,全指材料,行业，原材料,16.28,韭圈儿
2019-03-22,000987,全指材料,行业，原材料,16.24,韭圈儿
2019-03-25,000987,全指材料,行业，原材料,16.06,韭圈儿
2019-03-26,000987,全指材料,行业，原材料,15.85,韭圈儿
2019-03-27,000987,全指材料,行业，原材料,16.05,韭圈儿
2019-03-28,000987,全指材料,行业，原材料,15.77,韭圈儿
2019-03-29,000987,全指材料,行业，原材料,16.4,韭圈儿
2019-04-01,000987,全指材料,行业，原材料,17.23,韭圈儿
2019-04-02,000987,全指材料,行业，原材料,17.44,韭圈儿
2019-04-03,000987,全指材料,行业，原材料,17.59,韭圈儿
2019-04-04,000987,全指材料,行业，原材料,17.84,韭圈儿
2019-04-08,000987,全指材料,行业，原材料,18.4,韭圈儿
2019-04-09,000987,全指材料,行业，原材料,18.06,韭圈儿
2019-04-10,000987,全指材料,行业，原材料,17.98,韭圈儿
2019-04-11,000987,全指材料,行业，原材料,17.49,韭圈儿
2019-04-12,000987,全指材料,行业，原材料,17.39,韭圈儿
2019-04-15,000987,全指材料,行业，原材料,17.32,韭圈儿
2019-04-16,000987,全指材料,行业，原材料,17.75,韭圈儿
2019-04-17,000987,全指材料,行业，原材料,17.87,韭圈儿
2019-04-18,000987,全指材料,行业，原材料,17.8,韭圈儿
2019-04-19,000987,全指材料,行业，原材料,17.84,韭圈儿
2019-04-22,000987,全指材料,行业，原材料,17.52,韭圈儿
2019-04-23,000987,全指材料,行业，原材料,17.28,韭圈儿
2019-04-24,000987,全指材料,行业，原材料,17.37,韭圈儿
2019-04-25,000987,全指材料,行业，原材料,17.21,韭圈儿
2019-04-26,000987,全指材料,行业，原材料,17.39,韭圈儿
2019-04-29,000987,全指材料,行业，原材料,17.42,韭圈儿
2019-04-30,000987,全指材料,行业，原材料,18.31,韭圈儿
2019-05-06,000987,全指材料,行业，原材料,17.04,韭圈儿
2019-05-07,000987,全指材料,行业，原材料,17.22,韭圈儿
2019-05-08,000987,全指材料,行业，原材料,17.12,韭圈儿
2019-05-09,000987,全指材料,行业，原材料,16.93,韭圈儿
2019-05-10,000987,全指材料,行业，原材料,17.42,韭圈儿
2019-05-13,000987,全指材料,行业，原材料,17.18,韭圈儿
2019-05-14,000987,全指材料,行业，原材料,17.12,韭圈儿
2019-05-15,000987,全指材料,行业，原材料,17.49,韭圈儿
2019-05-16,000987,全指材料,行业，原材料,17.83,韭圈儿
2019-05-17,000987,全指材料,行业，原材料,17.21,韭圈儿
2019-05-20,000987,全指材料,行业，原材料,17.12,韭圈儿
2019-05-21,000987,全指材料,行业，原材料,17.53,韭圈儿
2019-05-22,000987,全指材料,行业，原材料,17.31,韭圈儿
2019-05-23,000987,全指材料,行业，原材料,17.0,韭圈儿
2019-05-24,000987,全指材料,行业，原材料,16.9,韭圈儿
2019-05-27,000987,全指材料,行业，原材料,17.25,韭圈儿
2019-05-28,000987,全指材料,行业，原材料,17.29,韭圈儿
2019-05-29,000987,全指材料,行业，原材料,17.4,韭圈儿
2019-05-30,000987,全指材料,行业，原材料,17.33,韭圈儿
2019-05-31,000987,全指材料,行业，原材料,17.25,韭圈儿
2019-06-03,000987,全指材料,行业，原材料,17.01,韭圈儿
2019-06-04,000987,全指材料,行业，原材料,16.77,韭圈儿
2019-06-05,000987,全指材料,行业，原材料,16.77,韭圈儿
2019-06-06,000987,全指材料,行业，原材料,16.57,韭圈儿
2019-06-10,000987,全指材料,行业，原材料,16.73,韭圈儿
2019-06-11,000987,全指材料,行业，原材料,17.33,韭圈儿
2019-06-12,000987,全指材料,行业，原材料,17.31,韭圈儿
2019-06-13,000987,全指材料,行业，原材料,17.33,韭圈儿
2019-06-14,000987,全指材料,行业，原材料,17.08,韭圈儿
2019-06-17,000987,全指材料,行业，原材料,16.12,韭圈儿
2019-06-18,000987,全指材料,行业，原材料,16.06,韭圈儿
2019-06-19,000987,全指材料,行业，原材料,16.15,韭圈儿
2019-06-20,000987,全指材料,行业，原材料,16.42,韭圈儿
2019-06-21,000987,全指材料,行业，原材料,16.59,韭圈儿
2019-06-24,000987,全指材料,行业，原材料,16.7,韭圈儿
2019-06-25,000987,全指材料,行业，原材料,16.58,韭圈儿
2019-06-26,000987,全指材料,行业，原材料,16.42,韭圈儿
2019-06-27,000987,全指材料,行业，原材料,16.54,韭圈儿
2019-06-28,000987,全指材料,行业，原材料,16.42,韭圈儿
2019-07-01,000987,全指材料,行业，原材料,16.75,韭圈儿
2019-07-02,000987,全指材料,行业，原材料,16.82,韭圈儿
2019-07-03,000987,全指材料,行业，原材料,16.66,韭圈儿
2019-07-04,000987,全指材料,行业，原材料,16.58,韭圈儿
2019-07-05,000987,全指材料,行业，原材料,16.63,韭圈儿
2019-07-08,000987,全指材料,行业，原材料,16.08,韭圈儿
2019-07-09,000987,全指材料,行业，原材料,16.15,韭圈儿
2019-07-10,000987,全指材料,行业，原材料,15.93,韭圈儿
2019-07-11,000987,全指材料,行业，原材料,16.02,韭圈儿
2019-07-12,000987,全指材料,行业，原材料,16.11,韭圈儿
2019-07-15,000987,全指材料,行业，原材料,16.2,韭圈儿
2019-07-16,000987,全指材料,行业，原材料,16.25,韭圈儿
2019-07-17,000987,全指材料,行业，原材料,16.26,韭圈儿
2019-07-18,000987,全指材料,行业，原材料,16.06,韭圈儿
2019-07-19,000987,全指材料,行业，原材料,16.17,韭圈儿
2019-07-22,000987,全指材料,行业，原材料,15.76,韭圈儿
2019-07-23,000987,全指材料,行业，原材料,15.85,韭圈儿
2019-07-24,000987,全指材料,行业，原材料,15.99,韭圈儿
2019-07-25,000987,全指材料,行业，原材料,15.96,韭圈儿
2019-07-26,000987,全指材料,行业，原材料,15.95,韭圈儿
2019-07-29,000987,全指材料,行业，原材料,15.96,韭圈儿
2019-07-30,000987,全指材料,行业，原材料,16.08,韭圈儿
2019-07-31,000987,全指材料,行业，原材料,15.98,韭圈儿
2019-08-01,000987,全指材料,行业，原材料,15.88,韭圈儿
2019-08-02,000987,全指材料,行业，原材料,15.77,韭圈儿
2019-08-05,000987,全指材料,行业，原材料,15.63,韭圈儿
2019-08-06,000987,全指材料,行业，原材料,15.22,韭圈儿
2019-08-07,000987,全指材料,行业，原材料,15.37,韭圈儿
2019-08-08,000987,全指材料,行业，原材料,15.47,韭圈儿
2019-08-09,000987,全指材料,行业，原材料,15.3,韭圈儿
2019-08-12,000987,全指材料,行业，原材料,15.28,韭圈儿
2019-08-13,000987,全指材料,行业，原材料,15.26,韭圈儿
2019-08-14,000987,全指材料,行业，原材料,15.27,韭圈儿
2019-08-15,000987,全指材料,行业，原材料,15.29,韭圈儿
2019-08-16,000987,全指材料,行业，原材料,15.38,韭圈儿
2019-08-19,000987,全指材料,行业，原材料,15.74,韭圈儿
2019-08-20,000987,全指材料,行业，原材料,15.9,韭圈儿
2019-08-21,000987,全指材料,行业，原材料,15.88,韭圈儿
2019-08-22,000987,全指材料,行业，原材料,15.91,韭圈儿
2019-08-23,000987,全指材料,行业，原材料,15.93,韭圈儿
2019-08-26,000987,全指材料,行业，原材料,15.84,韭圈儿
2019-08-27,000987,全指材料,行业，原材料,16.16,韭圈儿
2019-08-28,000987,全指材料,行业，原材料,16.3,韭圈儿
2019-08-29,000987,全指材料,行业，原材料,16.46,韭圈儿
2019-08-30,000987,全指材料,行业，原材料,16.45,韭圈儿
2019-09-02,000987,全指材料,行业，原材料,16.86,韭圈儿
2019-09-03,000987,全指材料,行业，原材料,16.94,韭圈儿
2019-09-04,000987,全指材料,行业，原材料,17.21,韭圈儿
2019-09-05,000987,全指材料,行业，原材料,17.34,韭圈儿
2019-09-06,000987,全指材料,行业，原材料,17.31,韭圈儿
2019-09-09,000987,全指材料,行业，原材料,17.58,韭圈儿
2019-09-10,000987,全指材料,行业，原材料,17.6,韭圈儿
2019-09-11,000987,全指材料,行业，原材料,17.59,韭圈儿
2019-09-12,000987,全指材料,行业，原材料,17.68,韭圈儿
2019-09-16,000987,全指材料,行业，原材料,17.69,韭圈儿
2019-09-17,000987,全指材料,行业，原材料,17.32,韭圈儿
2019-09-18,000987,全指材料,行业，原材料,17.26,韭圈儿
2019-09-19,000987,全指材料,行业，原材料,17.51,韭圈儿
2019-09-20,000987,全指材料,行业，原材料,17.5,韭圈儿
2019-09-23,000987,全指材料,行业，原材料,17.28,韭圈儿
2019-09-24,000987,全指材料,行业，原材料,17.28,韭圈儿
2019-09-25,000987,全指材料,行业，原材料,17.11,韭圈儿
2019-09-26,000987,全指材料,行业，原材料,16.75,韭圈儿
2019-09-27,000987,全指材料,行业，原材料,16.78,韭圈儿
2019-09-30,000987,全指材料,行业，原材料,16.67,韭圈儿
2019-10-08,000987,全指材料,行业，原材料,16.74,韭圈儿
2019-10-09,000987,全指材料,行业，原材料,16.89,韭圈儿
2019-10-10,000987,全指材料,行业，原材料,16.99,韭圈儿
2019-10-11,000987,全指材料,行业，原材料,17.06,韭圈儿
2019-10-14,000987,全指材料,行业，原材料,17.21,韭圈儿
2019-10-15,000987,全指材料,行业，原材料,16.99,韭圈儿
2019-10-16,000987,全指材料,行业，原材料,16.91,韭圈儿
2019-10-17,000987,全指材料,行业，原材料,16.88,韭圈儿
2019-10-18,000987,全指材料,行业，原材料,16.66,韭圈儿
2019-10-21,000987,全指材料,行业，原材料,16.64,韭圈儿
2019-10-22,000987,全指材料,行业，原材料,16.72,韭圈儿
2019-10-23,000987,全指材料,行业，原材料,16.49,韭圈儿
2019-10-24,000987,全指材料,行业，原材料,16.45,韭圈儿
2019-10-25,000987,全指材料,行业，原材料,16.57,韭圈儿
2019-10-28,000987,全指材料,行业，原材料,17.14,韭圈儿
2019-10-29,000987,全指材料,行业，原材料,17.07,韭圈儿
2019-10-30,000987,全指材料,行业，原材料,17.5,韭圈儿
2019-10-31,000987,全指材料,行业，原材料,17.91,韭圈儿
2019-11-01,000987,全指材料,行业，原材料,18.11,韭圈儿
2019-11-04,000987,全指材料,行业，原材料,18.21,韭圈儿
2019-11-05,000987,全指材料,行业，原材料,18.29,韭圈儿
2019-11-06,000987,全指材料,行业，原材料,18.22,韭圈儿
2019-11-07,000987,全指材料,行业，原材料,18.26,韭圈儿
2019-11-08,000987,全指材料,行业，原材料,18.19,韭圈儿
2019-11-11,000987,全指材料,行业，原材料,17.75,韭圈儿
2019-11-12,000987,全指材料,行业，原材料,17.76,韭圈儿
2019-11-13,000987,全指材料,行业，原材料,17.71,韭圈儿
2019-11-14,000987,全指材料,行业，原材料,17.76,韭圈儿
2019-11-15,000987,全指材料,行业，原材料,17.58,韭圈儿
2019-11-18,000987,全指材料,行业，原材料,17.73,韭圈儿
2019-11-19,000987,全指材料,行业，原材料,18.04,韭圈儿
2019-11-20,000987,全指材料,行业，原材料,18.04,韭圈儿
2019-11-21,000987,全指材料,行业，原材料,18.07,韭圈儿
2019-11-22,000987,全指材料,行业，原材料,18.11,韭圈儿
2019-11-25,000987,全指材料,行业，原材料,18.49,韭圈儿
2019-11-26,000987,全指材料,行业，原材料,18.34,韭圈儿
2019-11-27,000987,全指材料,行业，原材料,18.36,韭圈儿
2019-11-28,000987,全指材料,行业，原材料,18.25,韭圈儿
2019-11-29,000987,全指材料,行业，原材料,18.19,韭圈儿
2019-12-02,000987,全指材料,行业，原材料,18.23,韭圈儿
2019-12-03,000987,全指材料,行业，原材料,18.28,韭圈儿
2019-12-04,000987,全指材料,行业，原材料,18.37,韭圈儿
2019-12-05,000987,全指材料,行业，原材料,18.5,韭圈儿
2019-12-06,000987,全指材料,行业，原材料,18.59,韭圈儿
2019-12-09,000987,全指材料,行业，原材料,18.73,韭圈儿
2019-12-10,000987,全指材料,行业，原材料,18.79,韭圈儿
2019-12-11,000987,全指材料,行业，原材料,18.78,韭圈儿
2019-12-12,000987,全指材料,行业，原材料,18.73,韭圈儿
2019-12-13,000987,全指材料,行业，原材料,18.92,韭圈儿
2019-12-16,000987,全指材料,行业，原材料,19.0,韭圈儿
2019-12-17,000987,全指材料,行业，原材料,19.25,韭圈儿
2019-12-18,000987,全指材料,行业，原材料,19.29,韭圈儿
2019-12-19,000987,全指材料,行业，原材料,19.36,韭圈儿
2019-12-20,000987,全指材料,行业，原材料,19.2,韭圈儿
2019-12-23,000987,全指材料,行业，原材料,19.01,韭圈儿
2019-12-24,000987,全指材料,行业，原材料,19.42,韭圈儿
2019-12-25,000987,全指材料,行业，原材料,19.47,韭圈儿
2019-12-26,000987,全指材料,行业，原材料,19.67,韭圈儿
2019-12-27,000987,全指材料,行业，原材料,19.8,韭圈儿
2019-12-30,000987,全指材料,行业，原材料,20.09,韭圈儿
2019-12-31,000987,全指材料,行业，原材料,20.23,韭圈儿
2020-01-02,000987,全指材料,行业，原材料,20.53,韭圈儿
2020-01-03,000987,全指材料,行业，原材料,20.62,韭圈儿
2020-01-06,000987,全指材料,行业，原材料,20.79,韭圈儿
2020-01-07,000987,全指材料,行业，原材料,20.87,韭圈儿
2020-01-08,000987,全指材料,行业，原材料,20.59,韭圈儿
2020-01-09,000987,全指材料,行业，原材料,20.69,韭圈儿
2020-01-10,000987,全指材料,行业，原材料,20.64,韭圈儿
2020-01-13,000987,全指材料,行业，原材料,20.81,韭圈儿
2020-01-14,000987,全指材料,行业，原材料,20.94,韭圈儿
2020-01-15,000987,全指材料,行业，原材料,20.73,韭圈儿
2020-01-16,000987,全指材料,行业，原材料,20.64,韭圈儿
2020-01-17,000987,全指材料,行业，原材料,20.63,韭圈儿
2020-01-20,000987,全指材料,行业，原材料,20.79,韭圈儿
2020-01-21,000987,全指材料,行业，原材料,20.41,韭圈儿
2020-01-22,000987,全指材料,行业，原材料,20.5,韭圈儿
2020-01-23,000987,全指材料,行业，原材料,19.73,韭圈儿
2020-02-03,000987,全指材料,行业，原材料,17.93,韭圈儿
2020-02-04,000987,全指材料,行业，原材料,18.12,韭圈儿
2020-02-05,000987,全指材料,行业，原材料,18.5,韭圈儿
2020-02-06,000987,全指材料,行业，原材料,18.84,韭圈儿
2020-02-07,000987,全指材料,行业，原材料,18.9,韭圈儿
2020-02-10,000987,全指材料,行业，原材料,19.43,韭圈儿
2020-02-11,000987,全指材料,行业，原材料,19.5,韭圈儿
2020-02-12,000987,全指材料,行业，原材料,19.83,韭圈儿
2020-02-13,000987,全指材料,行业，原材料,19.8,韭圈儿
2020-02-14,000987,全指材料,行业，原材料,19.95,韭圈儿
2020-02-17,000987,全指材料,行业，原材料,20.5,韭圈儿
2020-02-18,000987,全指材料,行业，原材料,20.56,韭圈儿
2020-02-19,000987,全指材料,行业，原材料,20.44,韭圈儿
2020-02-20,000987,全指材料,行业，原材料,20.69,韭圈儿
2020-02-21,000987,全指材料,行业，原材料,20.87,韭圈儿
2020-02-24,000987,全指材料,行业，原材料,20.96,韭圈儿
2020-02-25,000987,全指材料,行业，原材料,20.83,韭圈儿
2020-02-26,000987,全指材料,行业，原材料,20.62,韭圈儿
2020-02-27,000987,全指材料,行业，原材料,20.61,韭圈儿
2020-02-28,000987,全指材料,行业，原材料,19.58,韭圈儿
2020-03-02,000987,全指材料,行业，原材料,20.58,韭圈儿
2020-03-03,000987,全指材料,行业，原材料,20.68,韭圈儿
2020-03-04,000987,全指材料,行业，原材料,20.86,韭圈儿
2020-03-05,000987,全指材料,行业，原材料,21.16,韭圈儿
2020-03-06,000987,全指材料,行业，原材料,20.98,韭圈儿
2020-03-09,000987,全指材料,行业，原材料,20.16,韭圈儿
2020-03-10,000987,全指材料,行业，原材料,20.45,韭圈儿
2020-03-11,000987,全指材料,行业，原材料,20.14,韭圈儿
2020-03-12,000987,全指材料,行业，原材料,19.67,韭圈儿
2020-03-13,000987,全指材料,行业，原材料,19.11,韭圈儿
2020-03-16,000987,全指材料,行业，原材料,18.39,韭圈儿
2020-03-17,000987,全指材料,行业，原材料,18.27,韭圈儿
2020-03-18,000987,全指材料,行业，原材料,18.04,韭圈儿
2020-03-19,000987,全指材料,行业，原材料,18.02,韭圈儿
2020-03-20,000987,全指材料,行业，原材料,18.3,韭圈儿
2020-03-23,000987,全指材料,行业，原材料,17.53,韭圈儿
2020-03-24,000987,全指材料,行业，原材料,17.88,韭圈儿
2020-03-25,000987,全指材料,行业，原材料,18.26,韭圈儿
2020-03-26,000987,全指材料,行业，原材料,18.03,韭圈儿
2020-03-27,000987,全指材料,行业，原材料,17.95,韭圈儿
2020-03-30,000987,全指材料,行业，原材料,17.52,韭圈儿
2020-03-31,000987,全指材料,行业，原材料,17.69,韭圈儿
2020-04-01,000987,全指材料,行业，原材料,17.66,韭圈儿
2020-04-02,000987,全指材料,行业，原材料,17.97,韭圈儿
2020-04-03,000987,全指材料,行业，原材料,17.69,韭圈儿
2020-04-07,000987,全指材料,行业，原材料,18.65,韭圈儿
2020-04-08,000987,全指材料,行业，原材料,18.69,韭圈儿
2020-04-09,000987,全指材料,行业，原材料,18.72,韭圈儿
2020-04-10,000987,全指材料,行业，原材料,18.45,韭圈儿
2020-04-13,000987,全指材料,行业，原材料,18.53,韭圈儿
2020-04-14,000987,全指材料,行业，原材料,18.91,韭圈儿
2020-04-15,000987,全指材料,行业，原材料,18.68,韭圈儿
2020-04-16,000987,全指材料,行业，原材料,18.67,韭圈儿
2020-04-17,000987,全指材料,行业，原材料,18.48,韭圈儿
2020-04-20,000987,全指材料,行业，原材料,18.74,韭圈儿
2020-04-21,000987,全指材料,行业，原材料,18.66,韭圈儿
2020-04-22,000987,全指材料,行业，原材料,18.65,韭圈儿
2020-04-23,000987,全指材料,行业，原材料,18.66,韭圈儿
2020-04-24,000987,全指材料,行业，原材料,18.48,韭圈儿
2020-04-27,000987,全指材料,行业，原材料,18.71,韭圈儿
2020-04-28,000987,全指材料,行业，原材料,18.93,韭圈儿
2020-04-29,000987,全指材料,行业，原材料,19.53,韭圈儿
2020-04-30,000987,全指材料,行业，原材料,20.71,韭圈儿
2020-05-06,000987,全指材料,行业，原材料,20.99,韭圈儿
2020-05-07,000987,全指材料,行业，原材料,20.99,韭圈儿
2020-05-08,000987,全指材料,行业，原材料,21.19,韭圈儿
2020-05-11,000987,全指材料,行业，原材料,21.2,韭圈儿
2020-05-12,000987,全指材料,行业，原材料,21.12,韭圈儿
2020-05-13,000987,全指材料,行业，原材料,21.24,韭圈儿
2020-05-14,000987,全指材料,行业，原材料,20.97,韭圈儿
2020-05-15,000987,全指材料,行业，原材料,20.96,韭圈儿
2020-05-18,000987,全指材料,行业，原材料,21.16,韭圈儿
2020-05-19,000987,全指材料,行业，原材料,21.29,韭圈儿
2020-05-20,000987,全指材料,行业，原材料,21.18,韭圈儿
2020-05-21,000987,全指材料,行业，原材料,20.97,韭圈儿
2020-05-22,000987,全指材料,行业，原材料,20.59,韭圈儿
2020-05-25,000987,全指材料,行业，原材料,20.51,韭圈儿
2020-05-26,000987,全指材料,行业，原材料,20.83,韭圈儿
2020-05-27,000987,全指材料,行业，原材料,20.78,韭圈儿
2020-05-28,000987,全指材料,行业，原材料,20.81,韭圈儿
2020-05-29,000987,全指材料,行业，原材料,20.94,韭圈儿
2020-06-01,000987,全指材料,行业，原材料,21.42,韭圈儿
2020-06-02,000987,全指材料,行业，原材料,21.45,韭圈儿
2020-06-03,000987,全指材料,行业，原材料,21.42,韭圈儿
2020-06-04,000987,全指材料,行业，原材料,21.4,韭圈儿
2020-06-05,000987,全指材料,行业，原材料,21.33,韭圈儿
2020-06-08,000987,全指材料,行业，原材料,21.47,韭圈儿
2020-06-09,000987,全指材料,行业，原材料,21.54,韭圈儿
2020-06-10,000987,全指材料,行业，原材料,21.55,韭圈儿
2020-06-11,000987,全指材料,行业，原材料,21.42,韭圈儿
2020-06-12,000987,全指材料,行业，原材料,21.32,韭圈儿
2020-06-15,000987,全指材料,行业，原材料,20.88,韭圈儿
2020-06-16,000987,全指材料,行业，原材料,21.35,韭圈儿
2020-06-17,000987,全指材料,行业，原材料,21.41,韭圈儿
2020-06-18,000987,全指材料,行业，原材料,21.49,韭圈儿
2020-06-19,000987,全指材料,行业，原材料,21.55,韭圈儿
2020-06-22,000987,全指材料,行业，原材料,21.51,韭圈儿
2020-06-23,000987,全指材料,行业，原材料,21.52,韭圈儿
2020-06-24,000987,全指材料,行业，原材料,21.53,韭圈儿
2020-06-29,000987,全指材料,行业，原材料,21.36,韭圈儿
2020-06-30,000987,全指材料,行业，原材料,21.66,韭圈儿
2020-07-01,000987,全指材料,行业，原材料,22.0,韭圈儿
2020-07-02,000987,全指材料,行业，原材料,22.37,韭圈儿
2020-07-03,000987,全指材料,行业，原材料,22.65,韭圈儿
2020-07-06,000987,全指材料,行业，原材料,23.73,韭圈儿
2020-07-07,000987,全指材料,行业，原材料,23.91,韭圈儿
2020-07-08,000987,全指材料,行业，原材料,24.49,韭圈儿
2020-07-09,000987,全指材料,行业，原材料,25.17,韭圈儿
2020-07-10,000987,全指材料,行业，原材料,24.7,韭圈儿
2020-07-13,000987,全指材料,行业，原材料,25.65,韭圈儿
2020-07-14,000987,全指材料,行业，原材料,25.33,韭圈儿
2020-07-15,000987,全指材料,行业，原材料,24.91,韭圈儿
2020-07-16,000987,全指材料,行业，原材料,23.93,韭圈儿
2020-07-17,000987,全指材料,行业，原材料,24.18,韭圈儿
2020-07-20,000987,全指材料,行业，原材料,25.52,韭圈儿
2020-07-21,000987,全指材料,行业，原材料,25.49,韭圈儿
2020-07-22,000987,全指材料,行业，原材料,25.71,韭圈儿
2020-07-23,000987,全指材料,行业，原材料,25.64,韭圈儿
2020-07-24,000987,全指材料,行业，原材料,24.58,韭圈儿
2020-07-27,000987,全指材料,行业，原材料,24.95,韭圈儿
2020-07-28,000987,全指材料,行业，原材料,25.17,韭圈儿
2020-07-29,000987,全指材料,行业，原材料,25.57,韭圈儿
2020-07-30,000987,全指材料,行业，原材料,25.61,韭圈儿
2020-07-31,000987,全指材料,行业，原材料,25.83,韭圈儿
2020-08-03,000987,全指材料,行业，原材料,26.44,韭圈儿
2020-08-04,000987,全指材料,行业，原材料,26.48,韭圈儿
2020-08-05,000987,全指材料,行业，原材料,26.91,韭圈儿
2020-08-06,000987,全指材料,行业，原材料,27.09,韭圈儿
2020-08-07,000987,全指材料,行业，原材料,26.9,韭圈儿
2020-08-10,000987,全指材料,行业，原材料,26.77,韭圈儿
2020-08-11,000987,全指材料,行业，原材料,25.92,韭圈儿
2020-08-12,000987,全指材料,行业，原材料,25.37,韭圈儿
2020-08-13,000987,全指材料,行业，原材料,25.44,韭圈儿
2020-08-14,000987,全指材料,行业，原材料,25.67,韭圈儿
2020-08-17,000987,全指材料,行业，原材料,26.22,韭圈儿
2020-08-18,000987,全指材料,行业，原材料,26.36,韭圈儿
2020-08-19,000987,全指材料,行业，原材料,26.15,韭圈儿
2020-08-20,000987,全指材料,行业，原材料,25.81,韭圈儿
2020-08-21,000987,全指材料,行业，原材料,25.92,韭圈儿
2020-08-24,000987,全指材料,行业，原材料,26.04,韭圈儿
2020-08-25,000987,全指材料,行业，原材料,25.79,韭圈儿
2020-08-26,000987,全指材料,行业，原材料,25.4,韭圈儿
2020-08-27,000987,全指材料,行业，原材料,25.62,韭圈儿
2020-08-28,000987,全指材料,行业，原材料,26.42,韭圈儿
2020-08-31,000987,全指材料,行业，原材料,26.84,韭圈儿
2020-09-01,000987,全指材料,行业，原材料,27.07,韭圈儿
2020-09-02,000987,全指材料,行业，原材料,26.93,韭圈儿
2020-09-03,000987,全指材料,行业，原材料,26.75,韭圈儿
2020-09-04,000987,全指材料,行业，原材料,26.66,韭圈儿
2020-09-07,000987,全指材料,行业，原材料,26.17,韭圈儿
2020-09-08,000987,全指材料,行业，原材料,26.24,韭圈儿
2020-09-09,000987,全指材料,行业，原材料,25.63,韭圈儿
2020-09-10,000987,全指材料,行业，原材料,25.27,韭圈儿
2020-09-11,000987,全指材料,行业，原材料,25.45,韭圈儿
2020-09-14,000987,全指材料,行业，原材料,25.77,韭圈儿
2020-09-15,000987,全指材料,行业，原材料,26.04,韭圈儿
2020-09-16,000987,全指材料,行业，原材料,25.92,韭圈儿
2020-09-17,000987,全指材料,行业，原材料,25.87,韭圈儿
2020-09-18,000987,全指材料,行业，原材料,26.38,韭圈儿
2020-09-21,000987,全指材料,行业，原材料,26.32,韭圈儿
2020-09-22,000987,全指材料,行业，原材料,25.79,韭圈儿
2020-09-23,000987,全指材料,行业，原材料,25.79,韭圈儿
2020-09-24,000987,全指材料,行业，原材料,25.1,韭圈儿
2020-09-25,000987,全指材料,行业，原材料,24.96,韭圈儿
2020-09-28,000987,全指材料,行业，原材料,24.76,韭圈儿
2020-09-29,000987,全指材料,行业，原材料,24.95,韭圈儿
2020-09-30,000987,全指材料,行业，原材料,24.77,韭圈儿
2020-10-09,000987,全指材料,行业，原材料,25.51,韭圈儿
2020-10-12,000987,全指材料,行业，原材料,26.26,韭圈儿
2020-10-13,000987,全指材料,行业，原材料,26.36,韭圈儿
2020-10-14,000987,全指材料,行业，原材料,26.29,韭圈儿
2020-10-15,000987,全指材料,行业，原材料,26.06,韭圈儿
2020-10-16,000987,全指材料,行业，原材料,25.88,韭圈儿
2020-10-19,000987,全指材料,行业，原材料,26.0,韭圈儿
2020-10-20,000987,全指材料,行业，原材料,26.01,韭圈儿
2020-10-21,000987,全指材料,行业，原材料,25.73,韭圈儿
2020-10-22,000987,全指材料,行业，原材料,25.39,韭圈儿
2020-10-23,000987,全指材料,行业，原材料,25.24,韭圈儿
2020-10-26,000987,全指材料,行业，原材料,24.94,韭圈儿
2020-10-27,000987,全指材料,行业，原材料,25.0,韭圈儿
2020-10-28,000987,全指材料,行业，原材料,24.99,韭圈儿
2020-10-29,000987,全指材料,行业，原材料,24.34,韭圈儿
2020-10-30,000987,全指材料,行业，原材料,23.53,韭圈儿
2020-11-02,000987,全指材料,行业，原材料,23.72,韭圈儿
2020-11-03,000987,全指材料,行业，原材料,24.24,韭圈儿
2020-11-04,000987,全指材料,行业，原材料,24.41,韭圈儿
2020-11-05,000987,全指材料,行业，原材料,24.88,韭圈儿
2020-11-06,000987,全指材料,行业，原材料,24.97,韭圈儿
2020-11-09,000987,全指材料,行业，原材料,25.6,韭圈儿
2020-11-10,000987,全指材料,行业，原材料,25.54,韭圈儿
2020-11-11,000987,全指材料,行业，原材料,25.58,韭圈儿
2020-11-12,000987,全指材料,行业，原材料,25.81,韭圈儿
2020-11-13,000987,全指材料,行业，原材料,25.81,韭圈儿
2020-11-16,000987,全指材料,行业，原材料,26.67,韭圈儿
2020-11-17,000987,全指材料,行业，原材料,26.48,韭圈儿
2020-11-18,000987,全指材料,行业，原材料,26.63,韭圈儿
2020-11-19,000987,全指材料,行业，原材料,26.41,韭圈儿
2020-11-20,000987,全指材料,行业，原材料,26.81,韭圈儿
2020-11-23,000987,全指材料,行业，原材料,27.31,韭圈儿
2020-11-24,000987,全指材料,行业，原材料,27.47,韭圈儿
2020-11-25,000987,全指材料,行业，原材料,26.75,韭圈儿
2020-11-26,000987,全指材料,行业，原材料,26.55,韭圈儿
2020-11-27,000987,全指材料,行业，原材料,26.54,韭圈儿
2020-11-30,000987,全指材料,行业，原材料,26.52,韭圈儿
2020-12-01,000987,全指材料,行业，原材料,26.75,韭圈儿
2020-12-02,000987,全指材料,行业，原材料,26.76,韭圈儿
2020-12-03,000987,全指材料,行业，原材料,26.34,韭圈儿
2020-12-04,000987,全指材料,行业，原材料,26.63,韭圈儿
2020-12-07,000987,全指材料,行业，原材料,26.43,韭圈儿
2020-12-08,000987,全指材料,行业，原材料,26.37,韭圈儿
2020-12-09,000987,全指材料,行业，原材料,26.03,韭圈儿
2020-12-10,000987,全指材料,行业，原材料,26.02,韭圈儿
2020-12-11,000987,全指材料,行业，原材料,25.75,韭圈儿
2020-12-14,000987,全指材料,行业，原材料,24.55,韭圈儿
2020-12-15,000987,全指材料,行业，原材料,24.6,韭圈儿
2020-12-16,000987,全指材料,行业，原材料,24.51,韭圈儿
2020-12-17,000987,全指材料,行业，原材料,24.98,韭圈儿
2020-12-18,000987,全指材料,行业，原材料,25.16,韭圈儿
2020-12-21,000987,全指材料,行业，原材料,25.6,韭圈儿
2020-12-22,000987,全指材料,行业，原材料,24.78,韭圈儿
2020-12-23,000987,全指材料,行业，原材料,24.93,韭圈儿
2020-12-24,000987,全指材料,行业，原材料,24.94,韭圈儿
2020-12-25,000987,全指材料,行业，原材料,25.58,韭圈儿
2020-12-28,000987,全指材料,行业，原材料,25.47,韭圈儿
2020-12-29,000987,全指材料,行业，原材料,25.08,韭圈儿
2020-12-30,000987,全指材料,行业，原材料,25.36,韭圈儿
2020-12-31,000987,全指材料,行业，原材料,25.68,韭圈儿
2021-01-04,000987,全指材料,行业，原材料,26.42,韭圈儿
2021-01-05,000987,全指材料,行业，原材料,26.83,韭圈儿
2021-01-06,000987,全指材料,行业，原材料,27.07,韭圈儿
2021-01-07,000987,全指材料,行业，原材料,27.63,韭圈儿
2021-01-08,000987,全指材料,行业，原材料,27.6,韭圈儿
2021-01-11,000987,全指材料,行业，原材料,26.95,韭圈儿
2021-01-12,000987,全指材料,行业，原材料,27.46,韭圈儿
2021-01-13,000987,全指材料,行业，原材料,27.19,韭圈儿
2021-01-14,000987,全指材料,行业，原材料,26.92,韭圈儿
2021-01-15,000987,全指材料,行业，原材料,27.06,韭圈儿
2021-01-18,000987,全指材料,行业，原材料,27.69,韭圈儿
2021-01-19,000987,全指材料,行业，原材料,27.32,韭圈儿
2021-01-20,000987,全指材料,行业，原材料,27.78,韭圈儿
2021-01-21,000987,全指材料,行业，原材料,28.36,韭圈儿
2021-01-22,000987,全指材料,行业，原材料,28.53,韭圈儿
2021-01-25,000987,全指材料,行业，原材料,28.63,韭圈儿
2021-01-26,000987,全指材料,行业，原材料,28.24,韭圈儿
2021-01-27,000987,全指材料,行业，原材料,28.27,韭圈儿
2021-01-28,000987,全指材料,行业，原材料,27.34,韭圈儿
2021-01-29,000987,全指材料,行业，原材料,27.18,韭圈儿
2021-02-01,000987,全指材料,行业，原材料,27.89,韭圈儿
2021-02-02,000987,全指材料,行业，原材料,28.48,韭圈儿
2021-02-03,000987,全指材料,行业，原材料,28.52,韭圈儿
2021-02-04,000987,全指材料,行业，原材料,28.14,韭圈儿
2021-02-05,000987,全指材料,行业，原材料,27.15,韭圈儿
2021-02-08,000987,全指材料,行业，原材料,28.08,韭圈儿
2021-02-09,000987,全指材料,行业，原材料,29.11,韭圈儿
2021-02-10,000987,全指材料,行业，原材料,29.65,韭圈儿
2021-02-18,000987,全指材料,行业，原材料,30.67,韭圈儿
2021-02-19,000987,全指材料,行业，原材料,30.7,韭圈儿
2021-02-22,000987,全指材料,行业，原材料,31.4,韭圈儿
2021-02-23,000987,全指材料,行业，原材料,30.81,韭圈儿
2021-02-24,000987,全指材料,行业，原材料,29.74,韭圈儿
2021-02-25,000987,全指材料,行业，原材料,29.66,韭圈儿
2021-02-26,000987,全指材料,行业，原材料,28.69,韭圈儿
2021-03-01,000987,全指材料,行业，原材料,29.42,韭圈儿
2021-03-02,000987,全指材料,行业，原材料,28.84,韭圈儿
2021-03-03,000987,全指材料,行业，原材料,29.65,韭圈儿
2021-03-04,000987,全指材料,行业，原材料,28.83,韭圈儿
2021-03-05,000987,全指材料,行业，原材料,28.22,韭圈儿
2021-03-08,000987,全指材料,行业，原材料,27.52,韭圈儿
2021-03-09,000987,全指材料,行业，原材料,26.83,韭圈儿
2021-03-10,000987,全指材料,行业，原材料,26.69,韭圈儿
2021-03-11,000987,全指材料,行业，原材料,27.82,韭圈儿
2021-03-12,000987,全指材料,行业，原材料,28.07,韭圈儿
2021-03-15,000987,全指材料,行业，原材料,27.84,韭圈儿
2021-03-16,000987,全指材料,行业，原材料,27.55,韭圈儿
2021-03-17,000987,全指材料,行业，原材料,27.61,韭圈儿
2021-03-18,000987,全指材料,行业，原材料,27.93,韭圈儿
2021-03-19,000987,全指材料,行业，原材料,27.17,韭圈儿
2021-03-22,000987,全指材料,行业，原材料,27.01,韭圈儿
2021-03-23,000987,全指材料,行业，原材料,26.13,韭圈儿
2021-03-24,000987,全指材料,行业，原材料,25.07,韭圈儿
2021-03-25,000987,全指材料,行业，原材料,25.33,韭圈儿
2021-03-26,000987,全指材料,行业，原材料,25.84,韭圈儿
2021-03-29,000987,全指材料,行业，原材料,26.01,韭圈儿
2021-03-30,000987,全指材料,行业，原材料,26.05,韭圈儿
2021-03-31,000987,全指材料,行业，原材料,25.4,韭圈儿
2021-04-01,000987,全指材料,行业，原材料,25.75,韭圈儿
2021-04-02,000987,全指材料,行业，原材料,25.79,韭圈儿
2021-04-06,000987,全指材料,行业，原材料,25.81,韭圈儿
2021-04-07,000987,全指材料,行业，原材料,25.96,韭圈儿
2021-04-08,000987,全指材料,行业，原材料,26.12,韭圈儿
2021-04-09,000987,全指材料,行业，原材料,25.82,韭圈儿
2021-04-12,000987,全指材料,行业，原材料,24.5,韭圈儿
2021-04-13,000987,全指材料,行业，原材料,24.27,韭圈儿
2021-04-14,000987,全指材料,行业，原材料,24.65,韭圈儿
2021-04-15,000987,全指材料,行业，原材料,24.59,韭圈儿
2021-04-16,000987,全指材料,行业，原材料,24.37,韭圈儿
2021-04-19,000987,全指材料,行业，原材料,24.58,韭圈儿
2021-04-20,000987,全指材料,行业，原材料,24.56,韭圈儿
2021-04-21,000987,全指材料,行业，原材料,24.37,韭圈儿
2021-04-22,000987,全指材料,行业，原材料,24.08,韭圈儿
2021-04-23,000987,全指材料,行业，原材料,24.15,韭圈儿
2021-04-26,000987,全指材料,行业，原材料,23.72,韭圈儿
2021-04-27,000987,全指材料,行业，原材料,22.66,韭圈儿
2021-04-28,000987,全指材料,行业，原材料,22.2,韭圈儿
2021-04-29,000987,全指材料,行业，原材料,21.58,韭圈儿
2021-04-30,000987,全指材料,行业，原材料,20.8,韭圈儿
2021-05-06,000987,全指材料,行业，原材料,21.24,韭圈儿
2021-05-07,000987,全指材料,行业，原材料,21.54,韭圈儿
2021-05-10,000987,全指材料,行业，原材料,21.9,韭圈儿
2021-05-11,000987,全指材料,行业，原材料,21.3,韭圈儿
2021-05-12,000987,全指材料,行业，原材料,21.49,韭圈儿
2021-05-13,000987,全指材料,行业，原材料,20.79,韭圈儿
2021-05-14,000987,全指材料,行业，原材料,20.92,韭圈儿
2021-05-17,000987,全指材料,行业，原材料,21.22,韭圈儿
2021-05-18,000987,全指材料,行业，原材料,21.38,韭圈儿
2021-05-19,000987,全指材料,行业，原材料,21.33,韭圈儿
2021-05-20,000987,全指材料,行业，原材料,20.86,韭圈儿
2021-05-21,000987,全指材料,行业，原材料,20.95,韭圈儿
2021-05-24,000987,全指材料,行业，原材料,20.92,韭圈儿
2021-05-25,000987,全指材料,行业，原材料,21.25,韭圈儿
2021-05-26,000987,全指材料,行业，原材料,21.44,韭圈儿
2021-05-27,000987,全指材料,行业，原材料,21.55,韭圈儿
2021-05-28,000987,全指材料,行业，原材料,21.55,韭圈儿
2021-05-31,000987,全指材料,行业，原材料,21.82,韭圈儿
2021-06-01,000987,全指材料,行业，原材料,22.09,韭圈儿
2021-06-02,000987,全指材料,行业，原材料,21.9,韭圈儿
2021-06-03,000987,全指材料,行业，原材料,21.82,韭圈儿
2021-06-04,000987,全指材料,行业，原材料,21.83,韭圈儿
2021-06-07,000987,全指材料,行业，原材料,21.87,韭圈儿
2021-06-08,000987,全指材料,行业，原材料,21.59,韭圈儿
2021-06-09,000987,全指材料,行业，原材料,21.84,韭圈儿
2021-06-10,000987,全指材料,行业，原材料,21.97,韭圈儿
2021-06-11,000987,全指材料,行业，原材料,21.88,韭圈儿
2021-06-15,000987,全指材料,行业，原材料,21.22,韭圈儿
2021-06-16,000987,全指材料,行业，原材料,20.64,韭圈儿
2021-06-17,000987,全指材料,行业，原材料,20.61,韭圈儿
2021-06-18,000987,全指材料,行业，原材料,20.64,韭圈儿
2021-06-21,000987,全指材料,行业，原材料,20.67,韭圈儿
2021-06-22,000987,全指材料,行业，原材料,20.83,韭圈儿
2021-06-23,000987,全指材料,行业，原材料,21.07,韭圈儿
2021-06-24,000987,全指材料,行业，原材料,21.02,韭圈儿
2021-06-25,000987,全指材料,行业，原材料,21.52,韭圈儿
2021-06-28,000987,全指材料,行业，原材料,21.48,韭圈儿
2021-06-29,000987,全指材料,行业，原材料,21.34,韭圈儿
2021-06-30,000987,全指材料,行业，原材料,21.52,韭圈儿
2021-07-01,000987,全指材料,行业，原材料,21.22,韭圈儿
2021-07-02,000987,全指材料,行业，原材料,21.1,韭圈儿
2021-07-05,000987,全指材料,行业，原材料,21.53,韭圈儿
2021-07-06,000987,全指材料,行业，原材料,21.84,韭圈儿
2021-07-07,000987,全指材料,行业，原材料,22.23,韭圈儿
2021-07-08,000987,全指材料,行业，原材料,22.14,韭圈儿
2021-07-09,000987,全指材料,行业，原材料,22.75,韭圈儿
2021-07-12,000987,全指材料,行业，原材料,23.32,韭圈儿
2021-07-13,000987,全指材料,行业，原材料,23.45,韭圈儿
2021-07-14,000987,全指材料,行业，原材料,23.12,韭圈儿
2021-07-15,000987,全指材料,行业，原材料,23.63,韭圈儿
2021-07-16,000987,全指材料,行业，原材料,23.64,韭圈儿
2021-07-19,000987,全指材料,行业，原材料,23.35,韭圈儿
2021-07-20,000987,全指材料,行业，原材料,23.25,韭圈儿
2021-07-21,000987,全指材料,行业，原材料,23.86,韭圈儿
2021-07-22,000987,全指材料,行业，原材料,24.48,韭圈儿
2021-07-23,000987,全指材料,行业，原材料,24.35,韭圈儿
2021-07-26,000987,全指材料,行业，原材料,24.14,韭圈儿
2021-07-27,000987,全指材料,行业，原材料,23.11,韭圈儿
2021-07-28,000987,全指材料,行业，原材料,22.54,韭圈儿
2021-07-29,000987,全指材料,行业，原材料,23.36,韭圈儿
2021-07-30,000987,全指材料,行业，原材料,23.25,韭圈儿
2021-08-02,000987,全指材料,行业，原材料,23.46,韭圈儿
2021-08-03,000987,全指材料,行业，原材料,22.88,韭圈儿
2021-08-04,000987,全指材料,行业，原材料,23.53,韭圈儿
2021-08-05,000987,全指材料,行业，原材料,23.14,韭圈儿
2021-08-06,000987,全指材料,行业，原材料,23.49,韭圈儿
2021-08-09,000987,全指材料,行业，原材料,23.64,韭圈儿
2021-08-10,000987,全指材料,行业，原材料,23.35,韭圈儿
2021-08-11,000987,全指材料,行业，原材料,23.6,韭圈儿
2021-08-12,000987,全指材料,行业，原材料,23.89,韭圈儿
2021-08-13,000987,全指材料,行业，原材料,24.01,韭圈儿
2021-08-16,000987,全指材料,行业，原材料,23.58,韭圈儿
2021-08-17,000987,全指材料,行业，原材料,22.85,韭圈儿
2021-08-18,000987,全指材料,行业，原材料,22.55,韭圈儿
2021-08-19,000987,全指材料,行业，原材料,22.37,韭圈儿
2021-08-20,000987,全指材料,行业，原材料,22.15,韭圈儿
2021-08-23,000987,全指材料,行业，原材料,22.33,韭圈儿
2021-08-24,000987,全指材料,行业，原材料,22.49,韭圈儿
2021-08-25,000987,全指材料,行业，原材料,22.54,韭圈儿
2021-08-26,000987,全指材料,行业，原材料,22.37,韭圈儿
2021-08-27,000987,全指材料,行业，原材料,22.42,韭圈儿
2021-08-30,000987,全指材料,行业，原材料,21.95,韭圈儿
2021-08-31,000987,全指材料,行业，原材料,22.04,韭圈儿
2021-09-01,000987,全指材料,行业，原材料,21.42,韭圈儿
2021-09-02,000987,全指材料,行业，原材料,21.94,韭圈儿
2021-09-03,000987,全指材料,行业，原材料,21.43,韭圈儿
2021-09-06,000987,全指材料,行业，原材料,21.51,韭圈儿
2021-09-07,000987,全指材料,行业，原材料,22.25,韭圈儿
2021-09-08,000987,全指材料,行业，原材料,22.44,韭圈儿
2021-09-09,000987,全指材料,行业，原材料,22.89,韭圈儿
2021-09-10,000987,全指材料,行业，原材料,23.03,韭圈儿
2021-09-13,000987,全指材料,行业，原材料,23.75,韭圈儿
2021-09-14,000987,全指材料,行业，原材料,23.33,韭圈儿
2021-09-15,000987,全指材料,行业，原材料,23.48,韭圈儿
2021-09-16,000987,全指材料,行业，原材料,22.93,韭圈儿
2021-09-17,000987,全指材料,行业，原材料,22.51,韭圈儿
2021-09-22,000987,全指材料,行业，原材料,22.58,韭圈儿
2021-09-23,000987,全指材料,行业，原材料,22.36,韭圈儿
2021-09-24,000987,全指材料,行业，原材料,21.44,韭圈儿
2021-09-27,000987,全指材料,行业，原材料,20.37,韭圈儿
2021-09-28,000987,全指材料,行业，原材料,20.27,韭圈儿
2021-09-29,000987,全指材料,行业，原材料,19.38,韭圈儿
2021-09-30,000987,全指材料,行业，原材料,19.91,韭圈儿
2021-10-08,000987,全指材料,行业，原材料,19.7,韭圈儿
2021-10-11,000987,全指材料,行业，原材料,19.73,韭圈儿
2021-10-12,000987,全指材料,行业，原材料,19.12,韭圈儿
2021-10-13,000987,全指材料,行业，原材料,19.23,韭圈儿
2021-10-14,000987,全指材料,行业，原材料,19.4,韭圈儿
2021-10-15,000987,全指材料,行业，原材料,19.37,韭圈儿
2021-10-18,000987,全指材料,行业，原材料,19.62,韭圈儿
2021-10-19,000987,全指材料,行业，原材料,19.65,韭圈儿
2021-10-20,000987,全指材料,行业，原材料,19.61,韭圈儿
2021-10-21,000987,全指材料,行业，原材料,19.67,韭圈儿
2021-10-22,000987,全指材料,行业，原材料,19.26,韭圈儿
2021-10-25,000987,全指材料,行业，原材料,19.19,韭圈儿
2021-10-26,000987,全指材料,行业，原材料,18.97,韭圈儿
2021-10-27,000987,全指材料,行业，原材料,18.43,韭圈儿
2021-10-28,000987,全指材料,行业，原材料,17.68,韭圈儿
2021-10-29,000987,全指材料,行业，原材料,17.44,韭圈儿
2021-11-01,000987,全指材料,行业，原材料,16.92,韭圈儿
2021-11-02,000987,全指材料,行业，原材料,16.71,韭圈儿
2021-11-03,000987,全指材料,行业，原材料,16.71,韭圈儿
2021-11-04,000987,全指材料,行业，原材料,16.71,韭圈儿
2021-11-05,000987,全指材料,行业，原材料,16.25,韭圈儿
2021-11-08,000987,全指材料,行业，原材料,16.54,韭圈儿
2021-11-09,000987,全指材料,行业，原材料,16.64,韭圈儿
2021-11-10,000987,全指材料,行业，原材料,16.5,韭圈儿
2021-11-11,000987,全指材料,行业，原材料,16.77,韭圈儿
2021-11-12,000987,全指材料,行业，原材料,16.8,韭圈儿
2021-11-15,000987,全指材料,行业，原材料,16.55,韭圈儿
2021-11-16,000987,全指材料,行业，原材料,16.33,韭圈儿
2021-11-17,000987,全指材料,行业，原材料,16.64,韭圈儿
2021-11-18,000987,全指材料,行业，原材料,16.74,韭圈儿
2021-11-19,000987,全指材料,行业，原材料,16.94,韭圈儿
2021-11-22,000987,全指材料,行业，原材料,17.24,韭圈儿
2021-11-23,000987,全指材料,行业，原材料,17.26,韭圈儿
2021-11-24,000987,全指材料,行业，原材料,17.25,韭圈儿
2021-11-25,000987,全指材料,行业，原材料,17.21,韭圈儿
2021-11-26,000987,全指材料,行业，原材料,17.31,韭圈儿
2021-11-29,000987,全指材料,行业，原材料,17.29,韭圈儿
2021-11-30,000987,全指材料,行业，原材料,17.28,韭圈儿
2021-12-01,000987,全指材料,行业，原材料,17.37,韭圈儿
2021-12-02,000987,全指材料,行业，原材料,17.37,韭圈儿
2021-12-03,000987,全指材料,行业，原材料,17.4,韭圈儿
2021-12-06,000987,全指材料,行业，原材料,17.3,韭圈儿
2021-12-07,000987,全指材料,行业，原材料,17.16,韭圈儿
2021-12-08,000987,全指材料,行业，原材料,17.37,韭圈儿
2021-12-09,000987,全指材料,行业，原材料,17.38,韭圈儿
2021-12-10,000987,全指材料,行业，原材料,17.46,韭圈儿
2021-12-13,000987,全指材料,行业，原材料,17.7,韭圈儿
2021-12-14,000987,全指材料,行业，原材料,17.44,韭圈儿
2021-12-15,000987,全指材料,行业，原材料,17.32,韭圈儿
2021-12-16,000987,全指材料,行业，原材料,17.58,韭圈儿
2021-12-17,000987,全指材料,行业，原材料,17.4,韭圈儿
2021-12-20,000987,全指材料,行业，原材料,17.02,韭圈儿
2021-12-21,000987,全指材料,行业，原材料,17.15,韭圈儿
2021-12-22,000987,全指材料,行业，原材料,17.21,韭圈儿
2021-12-23,000987,全指材料,行业，原材料,17.23,韭圈儿
2021-12-24,000987,全指材料,行业，原材料,16.8,韭圈儿
2021-12-27,000987,全指材料,行业，原材料,16.8,韭圈儿
2021-12-28,000987,全指材料,行业，原材料,17.04,韭圈儿
2021-12-29,000987,全指材料,行业，原材料,17.04,韭圈儿
2021-12-30,000987,全指材料,行业，原材料,17.07,韭圈儿
2021-12-31,000987,全指材料,行业，原材料,17.21,韭圈儿
2022-01-04,000987,全指材料,行业，原材料,17.11,韭圈儿
2022-01-05,000987,全指材料,行业，原材料,16.82,韭圈儿
2022-01-06,000987,全指材料,行业，原材料,17.06,韭圈儿
2022-01-07,000987,全指材料,行业，原材料,16.88,韭圈儿
2022-01-10,000987,全指材料,行业，原材料,16.98,韭圈儿
2022-01-11,000987,全指材料,行业，原材料,16.92,韭圈儿
2022-01-12,000987,全指材料,行业，原材料,17.13,韭圈儿
2022-01-13,000987,全指材料,行业，原材料,16.84,韭圈儿
2022-01-14,000987,全指材料,行业，原材料,16.73,韭圈儿
2022-01-17,000987,全指材料,行业，原材料,16.74,韭圈儿
2022-01-18,000987,全指材料,行业，原材料,16.81,韭圈儿
2022-01-19,000987,全指材料,行业，原材料,16.7,韭圈儿
2022-01-20,000987,全指材料,行业，原材料,16.45,韭圈儿
2022-01-21,000987,全指材料,行业，原材料,16.3,韭圈儿
2022-01-24,000987,全指材料,行业，原材料,16.46,韭圈儿
2022-01-25,000987,全指材料,行业，原材料,15.97,韭圈儿
2022-01-26,000987,全指材料,行业，原材料,16.09,韭圈儿
2022-01-27,000987,全指材料,行业，原材料,15.75,韭圈儿
2022-01-28,000987,全指材料,行业，原材料,15.64,韭圈儿
2022-02-07,000987,全指材料,行业，原材料,16.14,韭圈儿
2022-02-08,000987,全指材料,行业，原材料,16.29,韭圈儿
2022-02-09,000987,全指材料,行业，原材料,16.54,韭圈儿
2022-02-10,000987,全指材料,行业，原材料,16.68,韭圈儿
2022-02-11,000987,全指材料,行业，原材料,16.55,韭圈儿
2022-02-14,000987,全指材料,行业，原材料,16.45,韭圈儿
2022-02-15,000987,全指材料,行业，原材料,16.52,韭圈儿
2022-02-16,000987,全指材料,行业，原材料,16.69,韭圈儿
2022-02-17,000987,全指材料,行业，原材料,16.94,韭圈儿
2022-02-18,000987,全指材料,行业，原材料,17.05,韭圈儿
2022-02-21,000987,全指材料,行业，原材料,17.07,韭圈儿
2022-02-22,000987,全指材料,行业，原材料,17.1,韭圈儿
2022-02-23,000987,全指材料,行业，原材料,17.3,韭圈儿
2022-02-24,000987,全指材料,行业，原材料,16.99,韭圈儿
2022-02-25,000987,全指材料,行业，原材料,17.14,韭圈儿
2022-02-28,000987,全指材料,行业，原材料,17.3,韭圈儿
2022-03-01,000987,全指材料,行业，原材料,17.12,韭圈儿
2022-03-02,000987,全指材料,行业，原材料,17.12,韭圈儿
2022-03-03,000987,全指材料,行业，原材料,17.1,韭圈儿
2022-03-04,000987,全指材料,行业，原材料,16.81,韭圈儿
2022-03-07,000987,全指材料,行业，原材料,16.45,韭圈儿
2022-03-08,000987,全指材料,行业，原材料,15.79,韭圈儿
2022-03-09,000987,全指材料,行业，原材料,15.44,韭圈儿
2022-03-10,000987,全指材料,行业，原材料,15.77,韭圈儿
2022-03-11,000987,全指材料,行业，原材料,15.74,韭圈儿
2022-03-14,000987,全指材料,行业，原材料,15.15,韭圈儿
2022-03-15,000987,全指材料,行业，原材料,14.24,韭圈儿
2022-03-16,000987,全指材料,行业，原材料,14.69,韭圈儿
2022-03-17,000987,全指材料,行业，原材料,14.92,韭圈儿
2022-03-18,000987,全指材料,行业，原材料,15.06,韭圈儿
2022-03-21,000987,全指材料,行业，原材料,15.11,韭圈儿
2022-03-22,000987,全指材料,行业，原材料,15.01,韭圈儿
2022-03-23,000987,全指材料,行业，原材料,15.08,韭圈儿
2022-03-24,000987,全指材料,行业，原材料,15.08,韭圈儿
2022-03-25,000987,全指材料,行业，原材料,14.93,韭圈儿
2022-03-28,000987,全指材料,行业，原材料,14.86,韭圈儿
2022-03-29,000987,全指材料,行业，原材料,14.81,韭圈儿
2022-03-30,000987,全指材料,行业，原材料,15.02,韭圈儿
2022-03-31,000987,全指材料,行业，原材料,14.9,韭圈儿
2022-04-01,000987,全指材料,行业，原材料,15.01,韭圈儿
2022-04-06,000987,全指材料,行业，原材料,15.11,韭圈儿
2022-04-07,000987,全指材料,行业，原材料,14.98,韭圈儿
2022-04-08,000987,全指材料,行业，原材料,15.18,韭圈儿
2022-04-11,000987,全指材料,行业，原材料,14.7,韭圈儿
2022-04-12,000987,全指材料,行业，原材料,14.72,韭圈儿
2022-04-13,000987,全指材料,行业，原材料,14.64,韭圈儿
2022-04-14,000987,全指材料,行业，原材料,14.82,韭圈儿
2022-04-15,000987,全指材料,行业，原材料,14.53,韭圈儿
2022-04-18,000987,全指材料,行业，原材料,14.5,韭圈儿
2022-04-19,000987,全指材料,行业，原材料,14.61,韭圈儿
2022-04-20,000987,全指材料,行业，原材料,14.2,韭圈儿
2022-04-21,000987,全指材料,行业，原材料,13.57,韭圈儿
2022-04-22,000987,全指材料,行业，原材料,13.51,韭圈儿
2022-04-25,000987,全指材料,行业，原材料,12.45,韭圈儿
2022-04-26,000987,全指材料,行业，原材料,12.0,韭圈儿
2022-04-27,000987,全指材料,行业，原材料,12.49,韭圈儿
2022-04-28,000987,全指材料,行业，原材料,12.39,韭圈儿
2022-04-29,000987,全指材料,行业，原材料,12.93,韭圈儿
2022-05-05,000987,全指材料,行业，原材料,13.03,韭圈儿
2022-05-06,000987,全指材料,行业，原材料,12.73,韭圈儿
2022-05-09,000987,全指材料,行业，原材料,12.83,韭圈儿
2022-05-10,000987,全指材料,行业，原材料,12.93,韭圈儿
2022-05-11,000987,全指材料,行业，原材料,13.06,韭圈儿
2022-05-12,000987,全指材料,行业，原材料,13.02,韭圈儿
2022-05-13,000987,全指材料,行业，原材料,13.09,韭圈儿
2022-05-16,000987,全指材料,行业，原材料,13.17,韭圈儿
2022-05-17,000987,全指材料,行业，原材料,13.32,韭圈儿
2022-05-18,000987,全指材料,行业，原材料,13.29,韭圈儿
2022-05-19,000987,全指材料,行业，原材料,13.38,韭圈儿
2022-05-20,000987,全指材料,行业，原材料,13.66,韭圈儿
2022-05-23,000987,全指材料,行业，原材料,13.91,韭圈儿
2022-05-24,000987,全指材料,行业，原材料,13.42,韭圈儿
2022-05-25,000987,全指材料,行业，原材料,13.53,韭圈儿
2022-05-26,000987,全指材料,行业，原材料,13.65,韭圈儿
2022-05-27,000987,全指材料,行业，原材料,13.65,韭圈儿
2022-05-30,000987,全指材料,行业，原材料,13.79,韭圈儿
2022-05-31,000987,全指材料,行业，原材料,13.9,韭圈儿
2022-06-01,000987,全指材料,行业，原材料,13.82,韭圈儿
2022-06-02,000987,全指材料,行业，原材料,13.92,韭圈儿
2022-06-06,000987,全指材料,行业，原材料,14.33,韭圈儿
2022-06-07,000987,全指材料,行业，原材料,14.29,韭圈儿
2022-06-08,000987,全指材料,行业，原材料,14.43,韭圈儿
2022-06-09,000987,全指材料,行业，原材料,14.37,韭圈儿
2022-06-10,000987,全指材料,行业，原材料,14.68,韭圈儿
2022-06-13,000987,全指材料,行业，原材料,14.89,韭圈儿
2022-06-14,000987,全指材料,行业，原材料,14.96,韭圈儿
2022-06-15,000987,全指材料,行业，原材料,14.86,韭圈儿
2022-06-16,000987,全指材料,行业，原材料,14.75,韭圈儿
2022-06-17,000987,全指材料,行业，原材料,14.98,韭圈儿
2022-06-20,000987,全指材料,行业，原材料,14.9,韭圈儿
2022-06-21,000987,全指材料,行业，原材料,14.63,韭圈儿
2022-06-22,000987,全指材料,行业，原材料,14.48,韭圈儿
2022-06-23,000987,全指材料,行业，原材料,14.67,韭圈儿
2022-06-24,000987,全指材料,行业，原材料,14.83,韭圈儿
2022-06-27,000987,全指材料,行业，原材料,15.04,韭圈儿
2022-06-28,000987,全指材料,行业，原材料,15.2,韭圈儿
2022-06-29,000987,全指材料,行业，原材料,14.8,韭圈儿
2022-06-30,000987,全指材料,行业，原材料,14.98,韭圈儿
2022-07-01,000987,全指材料,行业，原材料,15.13,韭圈儿
2022-07-04,000987,全指材料,行业，原材料,15.33,韭圈儿
2022-07-05,000987,全指材料,行业，原材料,15.44,韭圈儿
2022-07-06,000987,全指材料,行业，原材料,15.08,韭圈儿
2022-07-07,000987,全指材料,行业，原材料,15.17,韭圈儿
2022-07-08,000987,全指材料,行业，原材料,15.01,韭圈儿
2022-07-11,000987,全指材料,行业，原材料,14.68,韭圈儿
2022-07-12,000987,全指材料,行业，原材料,14.59,韭圈儿
2022-07-13,000987,全指材料,行业，原材料,14.64,韭圈儿
2022-07-14,000987,全指材料,行业，原材料,14.67,韭圈儿
2022-07-15,000987,全指材料,行业，原材料,14.44,韭圈儿
2022-07-18,000987,全指材料,行业，原材料,14.72,韭圈儿
2022-07-19,000987,全指材料,行业，原材料,14.8,韭圈儿
2022-07-20,000987,全指材料,行业，原材料,14.93,韭圈儿
2022-07-21,000987,全指材料,行业，原材料,14.71,韭圈儿
2022-07-22,000987,全指材料,行业，原材料,14.6,韭圈儿
2022-07-25,000987,全指材料,行业，原材料,14.47,韭圈儿
2022-07-26,000987,全指材料,行业，原材料,14.65,韭圈儿
2022-07-27,000987,全指材料,行业，原材料,14.65,韭圈儿
2022-07-28,000987,全指材料,行业，原材料,14.73,韭圈儿
2022-07-29,000987,全指材料,行业，原材料,14.69,韭圈儿
2022-08-01,000987,全指材料,行业，原材料,14.76,韭圈儿
2022-08-02,000987,全指材料,行业，原材料,14.3,韭圈儿
2022-08-03,000987,全指材料,行业，原材料,14.17,韭圈儿
2022-08-04,000987,全指材料,行业，原材料,14.29,韭圈儿
2022-08-05,000987,全指材料,行业，原材料,14.54,韭圈儿
2022-08-08,000987,全指材料,行业，原材料,14.75,韭圈儿
2022-08-09,000987,全指材料,行业，原材料,14.81,韭圈儿
2022-08-10,000987,全指材料,行业，原材料,14.85,韭圈儿
2022-08-11,000987,全指材料,行业，原材料,14.97,韭圈儿
2022-08-12,000987,全指材料,行业，原材料,15.0,韭圈儿
2022-08-15,000987,全指材料,行业，原材料,15.09,韭圈儿
2022-08-16,000987,全指材料,行业，原材料,15.09,韭圈儿
2022-08-17,000987,全指材料,行业，原材料,14.93,韭圈儿
2022-08-18,000987,全指材料,行业，原材料,14.84,韭圈儿
2022-08-19,000987,全指材料,行业，原材料,14.73,韭圈儿
2022-08-22,000987,全指材料,行业，原材料,15.06,韭圈儿
2022-08-23,000987,全指材料,行业，原材料,14.94,韭圈儿
2022-08-24,000987,全指材料,行业，原材料,14.57,韭圈儿
2022-08-25,000987,全指材料,行业，原材料,14.54,韭圈儿
2022-08-26,000987,全指材料,行业，原材料,14.64,韭圈儿
2022-08-29,000987,全指材料,行业，原材料,14.86,韭圈儿
2022-08-30,000987,全指材料,行业，原材料,14.72,韭圈儿
2022-08-31,000987,全指材料,行业，原材料,14.49,韭圈儿
2022-09-01,000987,全指材料,行业，原材料,14.38,韭圈儿
2022-09-02,000987,全指材料,行业，原材料,14.38,韭圈儿
2022-09-05,000987,全指材料,行业，原材料,14.49,韭圈儿
2022-09-06,000987,全指材料,行业，原材料,14.88,韭圈儿
2022-09-07,000987,全指材料,行业，原材料,14.97,韭圈儿
2022-09-08,000987,全指材料,行业，原材料,14.88,韭圈儿
2022-09-09,000987,全指材料,行业，原材料,15.04,韭圈儿
2022-09-13,000987,全指材料,行业，原材料,15.03,韭圈儿
2022-09-14,000987,全指材料,行业，原材料,14.84,韭圈儿
2022-09-15,000987,全指材料,行业，原材料,14.47,韭圈儿
2022-09-16,000987,全指材料,行业，原材料,14.07,韭圈儿
2022-09-19,000987,全指材料,行业，原材料,13.99,韭圈儿
2022-09-20,000987,全指材料,行业，原材料,14.21,韭圈儿
2022-09-21,000987,全指材料,行业，原材料,14.23,韭圈儿
2022-09-22,000987,全指材料,行业，原材料,14.21,韭圈儿
2022-09-23,000987,全指材料,行业，原材料,13.99,韭圈儿
2022-09-26,000987,全指材料,行业，原材料,13.67,韭圈儿
2022-09-27,000987,全指材料,行业，原材料,13.78,韭圈儿
2022-09-28,000987,全指材料,行业，原材料,13.28,韭圈儿
2022-09-29,000987,全指材料,行业，原材料,13.37,韭圈儿
2022-09-30,000987,全指材料,行业，原材料,13.29,韭圈儿
2022-10-10,000987,全指材料,行业，原材料,13.03,韭圈儿
2022-10-11,000987,全指材料,行业，原材料,13.2,韭圈儿
2022-10-12,000987,全指材料,行业，原材料,13.41,韭圈儿
2022-10-13,000987,全指材料,行业，原材料,13.31,韭圈儿
2022-10-14,000987,全指材料,行业，原材料,13.61,韭圈儿
2022-10-17,000987,全指材料,行业，原材料,13.65,韭圈儿
2022-10-18,000987,全指材料,行业，原材料,13.6,韭圈儿
2022-10-19,000987,全指材料,行业，原材料,13.41,韭圈儿
2022-10-20,000987,全指材料,行业，原材料,13.27,韭圈儿
2022-10-21,000987,全指材料,行业，原材料,13.19,韭圈儿
2022-10-24,000987,全指材料,行业，原材料,13.07,韭圈儿
2022-10-25,000987,全指材料,行业，原材料,13.12,韭圈儿
2022-10-26,000987,全指材料,行业，原材料,13.6,韭圈儿
2022-10-27,000987,全指材料,行业，原材料,13.75,韭圈儿
2022-10-28,000987,全指材料,行业，原材料,13.68,韭圈儿
2022-10-31,000987,全指材料,行业，原材料,14.59,韭圈儿
2022-11-01,000987,全指材料,行业，原材料,15.04,韭圈儿
2022-11-02,000987,全指材料,行业，原材料,15.2,韭圈儿
2022-11-03,000987,全指材料,行业，原材料,15.25,韭圈儿
2022-11-04,000987,全指材料,行业，原材料,15.73,韭圈儿
2022-11-07,000987,全指材料,行业，原材料,15.97,韭圈儿
2022-11-08,000987,全指材料,行业，原材料,15.97,韭圈儿
2022-11-09,000987,全指材料,行业，原材料,15.98,韭圈儿
2022-11-10,000987,全指材料,行业，原材料,15.76,韭圈儿
2022-11-11,000987,全指材料,行业，原材料,16.07,韭圈儿
2022-11-14,000987,全指材料,行业，原材料,15.91,韭圈儿
2022-11-15,000987,全指材料,行业，原材料,16.19,韭圈儿
2022-11-16,000987,全指材料,行业，原材料,16.06,韭圈儿
2022-11-17,000987,全指材料,行业，原材料,15.93,韭圈儿
2022-11-18,000987,全指材料,行业，原材料,15.76,韭圈儿
2022-11-21,000987,全指材料,行业，原材料,15.82,韭圈儿
2022-11-22,000987,全指材料,行业，原材料,15.74,韭圈儿
2022-11-23,000987,全指材料,行业，原材料,15.78,韭圈儿
2022-11-24,000987,全指材料,行业，原材料,15.9,韭圈儿
2022-11-25,000987,全指材料,行业，原材料,15.84,韭圈儿
2022-11-28,000987,全指材料,行业，原材料,15.68,韭圈儿
2022-11-29,000987,全指材料,行业，原材料,15.96,韭圈儿
2022-11-30,000987,全指材料,行业，原材料,15.94,韭圈儿
2022-12-01,000987,全指材料,行业，原材料,16.13,韭圈儿
2022-12-02,000987,全指材料,行业，原材料,16.07,韭圈儿
2022-12-05,000987,全指材料,行业，原材料,16.31,韭圈儿
2022-12-06,000987,全指材料,行业，原材料,16.35,韭圈儿
2022-12-07,000987,全指材料,行业，原材料,16.25,韭圈儿
2022-12-08,000987,全指材料,行业，原材料,16.25,韭圈儿
2022-12-09,000987,全指材料,行业，原材料,16.46,韭圈儿
2022-12-12,000987,全指材料,行业，原材料,16.13,韭圈儿
2022-12-13,000987,全指材料,行业，原材料,16.14,韭圈儿
2022-12-14,000987,全指材料,行业，原材料,16.1,韭圈儿
2022-12-15,000987,全指材料,行业，原材料,16.03,韭圈儿
2022-12-16,000987,全指材料,行业，原材料,15.94,韭圈儿
2022-12-19,000987,全指材料,行业，原材料,15.66,韭圈儿
2022-12-20,000987,全指材料,行业，原材料,15.53,韭圈儿
2022-12-21,000987,全指材料,行业，原材料,15.5,韭圈儿
2022-12-22,000987,全指材料,行业，原材料,15.22,韭圈儿
2022-12-23,000987,全指材料,行业，原材料,15.1,韭圈儿
2022-12-26,000987,全指材料,行业，原材料,15.29,韭圈儿
2022-12-27,000987,全指材料,行业，原材料,15.5,韭圈儿
2022-12-28,000987,全指材料,行业，原材料,15.4,韭圈儿
2022-12-29,000987,全指材料,行业，原材料,15.31,韭圈儿
2022-12-30,000987,全指材料,行业，原材料,15.29,韭圈儿
2023-01-03,000987,全指材料,行业，原材料,15.53,韭圈儿
2023-01-04,000987,全指材料,行业，原材料,15.47,韭圈儿
2023-01-05,000987,全指材料,行业，原材料,15.62,韭圈儿
2023-01-06,000987,全指材料,行业，原材料,15.8,韭圈儿
2023-01-09,000987,全指材料,行业，原材料,15.99,韭圈儿
2023-01-10,000987,全指材料,行业，原材料,15.91,韭圈儿
2023-01-11,000987,全指材料,行业，原材料,15.86,韭圈儿
2023-01-12,000987,全指材料,行业，原材料,15.83,韭圈儿
2023-01-13,000987,全指材料,行业，原材料,15.9,韭圈儿
2023-01-16,000987,全指材料,行业，原材料,16.1,韭圈儿
2023-01-17,000987,全指材料,行业，原材料,16.11,韭圈儿
2023-01-18,000987,全指材料,行业，原材料,16.18,韭圈儿
2023-01-19,000987,全指材料,行业，原材料,16.27,韭圈儿
2023-01-20,000987,全指材料,行业，原材料,16.57,韭圈儿
2023-01-30,000987,全指材料,行业，原材料,16.71,韭圈儿
2023-01-31,000987,全指材料,行业，原材料,16.85,韭圈儿
2023-02-01,000987,全指材料,行业，原材料,17.18,韭圈儿
2023-02-02,000987,全指材料,行业，原材料,17.18,韭圈儿
2023-02-03,000987,全指材料,行业，原材料,17.06,韭圈儿
2023-02-06,000987,全指材料,行业，原材料,16.84,韭圈儿
2023-02-07,000987,全指材料,行业，原材料,16.91,韭圈儿
2023-02-08,000987,全指材料,行业，原材料,16.85,韭圈儿
2023-02-09,000987,全指材料,行业，原材料,17.02,韭圈儿
2023-02-10,000987,全指材料,行业，原材料,16.91,韭圈儿
2023-02-13,000987,全指材料,行业，原材料,17.06,韭圈儿
2023-02-14,000987,全指材料,行业，原材料,17.3,韭圈儿
2023-02-15,000987,全指材料,行业，原材料,17.19,韭圈儿
2023-02-16,000987,全指材料,行业，原材料,16.83,韭圈儿
2023-02-17,000987,全指材料,行业，原材料,16.84,韭圈儿
2023-02-20,000987,全指材料,行业，原材料,17.19,韭圈儿
2023-02-21,000987,全指材料,行业，原材料,17.44,韭圈儿
2023-02-22,000987,全指材料,行业，原材料,17.33,韭圈儿
2023-02-23,000987,全指材料,行业，原材料,17.33,韭圈儿
2023-02-24,000987,全指材料,行业，原材料,17.19,韭圈儿
2023-02-27,000987,全指材料,行业，原材料,17.15,韭圈儿
2023-02-28,000987,全指材料,行业，原材料,17.2,韭圈儿
2023-03-01,000987,全指材料,行业，原材料,17.34,韭圈儿
2023-03-02,000987,全指材料,行业，原材料,17.29,韭圈儿
2023-03-03,000987,全指材料,行业，原材料,17.26,韭圈儿
2023-03-06,000987,全指材料,行业，原材料,17.18,韭圈儿
2023-03-07,000987,全指材料,行业，原材料,16.93,韭圈儿
2023-03-08,000987,全指材料,行业，原材料,16.87,韭圈儿
2023-03-09,000987,全指材料,行业，原材料,16.82,韭圈儿
2023-03-10,000987,全指材料,行业，原材料,16.53,韭圈儿
2023-03-13,000987,全指材料,行业，原材料,16.52,韭圈儿
2023-03-14,000987,全指材料,行业，原材料,13.76,韭圈儿
2023-03-15,000987,全指材料,行业，原材料,13.79,韭圈儿
2023-03-16,000987,全指材料,行业，原材料,13.44,韭圈儿
2023-03-17,000987,全指材料,行业，原材料,13.42,韭圈儿
2023-03-20,000987,全指材料,行业，原材料,13.49,韭圈儿
2023-03-21,000987,全指材料,行业，原材料,13.67,韭圈儿
2023-03-22,000987,全指材料,行业，原材料,13.66,韭圈儿
2023-03-23,000987,全指材料,行业，原材料,13.7,韭圈儿
2023-03-24,000987,全指材料,行业，原材料,13.66,韭圈儿
2023-03-27,000987,全指材料,行业，原材料,13.64,韭圈儿
2023-03-28,000987,全指材料,行业，原材料,13.83,韭圈儿
2023-03-29,000987,全指材料,行业，原材料,13.88,韭圈儿
2023-03-30,000987,全指材料,行业，原材料,14.07,韭圈儿
2023-03-31,000987,全指材料,行业，原材料,13.99,韭圈儿
2023-04-03,000987,全指材料,行业，原材料,14.05,韭圈儿
2023-04-04,000987,全指材料,行业，原材料,13.97,韭圈儿
2023-04-06,000987,全指材料,行业，原材料,14.03,韭圈儿
2023-04-07,000987,全指材料,行业，原材料,14.06,韭圈儿
2023-04-10,000987,全指材料,行业，原材料,14.06,韭圈儿
2023-04-11,000987,全指材料,行业，原材料,14.22,韭圈儿
2023-04-12,000987,全指材料,行业，原材料,14.25,韭圈儿
2023-04-13,000987,全指材料,行业，原材料,14.13,韭圈儿
2023-04-14,000987,全指材料,行业，原材料,14.35,韭圈儿
2023-04-17,000987,全指材料,行业，原材料,14.68,韭圈儿
2023-04-18,000987,全指材料,行业，原材料,14.83,韭圈儿
2023-04-19,000987,全指材料,行业，原材料,14.76,韭圈儿
2023-04-20,000987,全指材料,行业，原材料,14.79,韭圈儿
2023-04-21,000987,全指材料,行业，原材料,14.83,韭圈儿
2023-04-24,000987,全指材料,行业，原材料,14.78,韭圈儿
2023-04-25,000987,全指材料,行业，原材料,14.59,韭圈儿
2023-04-26,000987,全指材料,行业，原材料,14.88,韭圈儿
2023-04-27,000987,全指材料,行业，原材料,15.23,韭圈儿
2023-04-28,000987,全指材料,行业，原材料,16.62,韭圈儿
2023-05-04,000987,全指材料,行业，原材料,17.23,韭圈儿
2023-05-05,000987,全指材料,行业，原材料,17.03,韭圈儿
2023-05-08,000987,全指材料,行业，原材料,17.23,韭圈儿
2023-05-09,000987,全指材料,行业，原材料,17.07,韭圈儿
2023-05-10,000987,全指材料,行业，原材料,17.12,韭圈儿
2023-05-11,000987,全指材料,行业，原材料,17.0,韭圈儿
2023-05-12,000987,全指材料,行业，原材料,16.63,韭圈儿
2023-05-15,000987,全指材料,行业，原材料,16.95,韭圈儿
2023-05-16,000987,全指材料,行业，原材料,16.84,韭圈儿
2023-05-17,000987,全指材料,行业，原材料,16.74,韭圈儿
2023-05-18,000987,全指材料,行业，原材料,16.65,韭圈儿
2023-05-19,000987,全指材料,行业，原材料,16.58,韭圈儿
2023-05-22,000987,全指材料,行业，原材料,16.68,韭圈儿
2023-05-23,000987,全指材料,行业，原材料,16.49,韭圈儿
2023-05-24,000987,全指材料,行业，原材料,16.39,韭圈儿
2023-05-25,000987,全指材料,行业，原材料,16.21,韭圈儿
2023-05-26,000987,全指材料,行业，原材料,16.22,韭圈儿
2023-05-29,000987,全指材料,行业，原材料,16.11,韭圈儿
2023-05-30,000987,全指材料,行业，原材料,16.05,韭圈儿
2023-05-31,000987,全指材料,行业，原材料,15.97,韭圈儿
2023-06-01,000987,全指材料,行业，原材料,16.03,韭圈儿
2023-06-02,000987,全指材料,行业，原材料,16.49,韭圈儿
2023-06-05,000987,全指材料,行业，原材料,16.37,韭圈儿
2023-06-06,000987,全指材料,行业，原材料,16.2,韭圈儿
2023-06-07,000987,全指材料,行业，原材料,16.07,韭圈儿
2023-06-08,000987,全指材料,行业，原材料,16.19,韭圈儿
2023-06-09,000987,全指材料,行业，原材料,16.21,韭圈儿
2023-06-12,000987,全指材料,行业，原材料,16.17,韭圈儿
2023-06-13,000987,全指材料,行业，原材料,16.14,韭圈儿
2023-06-14,000987,全指材料,行业，原材料,16.2,韭圈儿
2023-06-15,000987,全指材料,行业，原材料,16.38,韭圈儿
2023-06-16,000987,全指材料,行业，原材料,16.44,韭圈儿
2023-06-19,000987,全指材料,行业，原材料,16.22,韭圈儿
2023-06-20,000987,全指材料,行业，原材料,16.09,韭圈儿
2023-06-21,000987,全指材料,行业，原材料,15.85,韭圈儿
2023-06-26,000987,全指材料,行业，原材料,15.74,韭圈儿
2023-06-27,000987,全指材料,行业，原材料,16.02,韭圈儿
2023-06-28,000987,全指材料,行业，原材料,16.0,韭圈儿
2023-06-29,000987,全指材料,行业，原材料,15.86,韭圈儿
2023-06-30,000987,全指材料,行业，原材料,16.03,韭圈儿
2023-07-03,000987,全指材料,行业，原材料,16.25,韭圈儿
2023-07-04,000987,全指材料,行业，原材料,16.23,韭圈儿
2023-07-05,000987,全指材料,行业，原材料,16.34,韭圈儿
2023-07-06,000987,全指材料,行业，原材料,16.14,韭圈儿
2023-07-07,000987,全指材料,行业，原材料,16.08,韭圈儿
2023-07-10,000987,全指材料,行业，原材料,16.22,韭圈儿
2023-07-11,000987,全指材料,行业，原材料,16.34,韭圈儿
2023-07-12,000987,全指材料,行业，原材料,16.33,韭圈儿
2023-07-13,000987,全指材料,行业，原材料,16.54,韭圈儿
2023-07-14,000987,全指材料,行业，原材料,16.5,韭圈儿
2023-07-17,000987,全指材料,行业，原材料,16.37,韭圈儿
2023-07-18,000987,全指材料,行业，原材料,16.45,韭圈儿
2023-07-19,000987,全指材料,行业，原材料,16.48,韭圈儿
2023-07-20,000987,全指材料,行业，原材料,16.5,韭圈儿
2023-07-21,000987,全指材料,行业，原材料,16.45,韭圈儿
2023-07-24,000987,全指材料,行业，原材料,16.25,韭圈儿
2023-07-25,000987,全指材料,行业，原材料,16.72,韭圈儿
2023-07-26,000987,全指材料,行业，原材料,16.82,韭圈儿
2023-07-27,000987,全指材料,行业，原材料,16.74,韭圈儿
2023-07-28,000987,全指材料,行业，原材料,16.97,韭圈儿
2023-07-31,000987,全指材料,行业，原材料,17.13,韭圈儿
2023-08-01,000987,全指材料,行业，原材料,17.18,韭圈儿
2023-08-02,000987,全指材料,行业，原材料,17.07,韭圈儿
2023-08-03,000987,全指材料,行业，原材料,17.04,韭圈儿
2023-08-04,000987,全指材料,行业，原材料,17.03,韭圈儿
2023-08-07,000987,全指材料,行业，原材料,16.93,韭圈儿
2023-08-08,000987,全指材料,行业，原材料,16.97,韭圈儿
2023-08-09,000987,全指材料,行业，原材料,16.89,韭圈儿
2023-08-10,000987,全指材料,行业，原材料,16.94,韭圈儿
2023-08-11,000987,全指材料,行业，原材料,16.63,韭圈儿
2023-08-14,000987,全指材料,行业，原材料,16.58,韭圈儿
2023-08-15,000987,全指材料,行业，原材料,16.48,韭圈儿
2023-08-16,000987,全指材料,行业，原材料,16.36,韭圈儿
2023-08-17,000987,全指材料,行业，原材料,16.42,韭圈儿
2023-08-18,000987,全指材料,行业，原材料,16.31,韭圈儿
2023-08-21,000987,全指材料,行业，原材料,16.23,韭圈儿
2023-08-22,000987,全指材料,行业，原材料,16.54,韭圈儿
2023-08-23,000987,全指材料,行业，原材料,16.46,韭圈儿
2023-08-24,000987,全指材料,行业，原材料,16.65,韭圈儿
2023-08-25,000987,全指材料,行业，原材料,16.74,韭圈儿
2023-08-28,000987,全指材料,行业，原材料,17.45,韭圈儿
2023-08-29,000987,全指材料,行业，原材料,17.81,韭圈儿
2023-08-30,000987,全指材料,行业，原材料,18.5,韭圈儿
2023-08-31,000987,全指材料,行业，原材料,19.52,韭圈儿
2023-09-01,000987,全指材料,行业，原材料,19.89,韭圈儿
2023-09-04,000987,全指材料,行业，原材料,20.43,韭圈儿
2023-09-05,000987,全指材料,行业，原材料,20.31,韭圈儿
2023-09-06,000987,全指材料,行业，原材料,20.27,韭圈儿
2023-09-07,000987,全指材料,行业，原材料,20.0,韭圈儿
2023-09-08,000987,全指材料,行业，原材料,19.88,韭圈儿
2023-09-11,000987,全指材料,行业，原材料,20.04,韭圈儿
2023-09-12,000987,全指材料,行业，原材料,20.01,韭圈儿
2023-09-13,000987,全指材料,行业，原材料,19.94,韭圈儿
2023-09-14,000987,全指材料,行业，原材料,20.02,韭圈儿
2023-09-15,000987,全指材料,行业，原材料,19.98,韭圈儿
2023-09-18,000987,全指材料,行业，原材料,19.97,韭圈儿
2023-09-19,000987,全指材料,行业，原材料,19.96,韭圈儿
2023-09-20,000987,全指材料,行业，原材料,19.86,韭圈儿
2023-09-21,000987,全指材料,行业，原材料,19.65,韭圈儿
2023-09-22,000987,全指材料,行业，原材料,19.74,韭圈儿
2023-09-25,000987,全指材料,行业，原材料,19.61,韭圈儿
2023-09-26,000987,全指材料,行业，原材料,19.43,韭圈儿
2023-09-27,000987,全指材料,行业，原材料,19.43,韭圈儿
2023-09-28,000987,全指材料,行业，原材料,19.4,韭圈儿
2023-10-09,000987,全指材料,行业，原材料,19.35,韭圈儿
2023-10-10,000987,全指材料,行业，原材料,19.28,韭圈儿
2023-10-11,000987,全指材料,行业，原材料,19.16,韭圈儿
2023-10-12,000987,全指材料,行业，原材料,19.48,韭圈儿
2023-10-13,000987,全指材料,行业，原材料,19.19,韭圈儿
2023-10-16,000987,全指材料,行业，原材料,18.94,韭圈儿
2023-10-17,000987,全指材料,行业，原材料,18.98,韭圈儿
2023-10-18,000987,全指材料,行业，原材料,18.72,韭圈儿
2023-10-19,000987,全指材料,行业，原材料,18.42,韭圈儿
2023-10-20,000987,全指材料,行业，原材料,18.46,韭圈儿
2023-10-23,000987,全指材料,行业，原材料,18.04,韭圈儿
2023-10-24,000987,全指材料,行业，原材料,18.39,韭圈儿
2023-10-25,000987,全指材料,行业，原材料,18.42,韭圈儿
2023-10-26,000987,全指材料,行业，原材料,18.33,韭圈儿
2023-10-27,000987,全指材料,行业，原材料,18.87,韭圈儿
2023-10-30,000987,全指材料,行业，原材料,18.69,韭圈儿
2023-10-31,000987,全指材料,行业，原材料,19.29,韭圈儿
2023-11-01,000987,全指材料,行业，原材料,19.26,韭圈儿
2023-11-02,000987,全指材料,行业，原材料,19.09,韭圈儿
2023-11-03,000987,全指材料,行业，原材料,19.15,韭圈儿
2023-11-06,000987,全指材料,行业，原材料,19.24,韭圈儿
2023-11-07,000987,全指材料,行业，原材料,19.16,韭圈儿
2023-11-08,000987,全指材料,行业，原材料,18.95,韭圈儿
2023-11-09,000987,全指材料,行业，原材料,19.03,韭圈儿
2023-11-10,000987,全指材料,行业，原材料,18.92,韭圈儿
2023-11-13,000987,全指材料,行业，原材料,19.04,韭圈儿
2023-11-14,000987,全指材料,行业，原材料,18.99,韭圈儿
2023-11-15,000987,全指材料,行业，原材料,19.25,韭圈儿
2023-11-16,000987,全指材料,行业，原材料,19.06,韭圈儿
2023-11-17,000987,全指材料,行业，原材料,19.05,韭圈儿
2023-11-20,000987,全指材料,行业，原材料,19.08,韭圈儿
2023-11-21,000987,全指材料,行业，原材料,19.13,韭圈儿
2023-11-22,000987,全指材料,行业，原材料,18.86,韭圈儿
2023-11-23,000987,全指材料,行业，原材料,19.0,韭圈儿
2023-11-24,000987,全指材料,行业，原材料,18.87,韭圈儿
2023-11-27,000987,全指材料,行业，原材料,18.76,韭圈儿
2023-11-28,000987,全指材料,行业，原材料,18.82,韭圈儿
2023-11-29,000987,全指材料,行业，原材料,18.75,韭圈儿
2023-11-30,000987,全指材料,行业，原材料,18.66,韭圈儿
2023-12-01,000987,全指材料,行业，原材料,18.59,韭圈儿
2023-12-04,000987,全指材料,行业，原材料,18.66,韭圈儿
2023-12-05,000987,全指材料,行业，原材料,18.34,韭圈儿
2023-12-06,000987,全指材料,行业，原材料,18.49,韭圈儿
2023-12-07,000987,全指材料,行业，原材料,18.37,韭圈儿
2023-12-08,000987,全指材料,行业，原材料,18.32,韭圈儿
2023-12-11,000987,全指材料,行业，原材料,18.29,韭圈儿
2023-12-12,000987,全指材料,行业，原材料,18.27,韭圈儿
2023-12-13,000987,全指材料,行业，原材料,17.96,韭圈儿
2023-12-14,000987,全指材料,行业，原材料,17.94,韭圈儿
2023-12-15,000987,全指材料,行业，原材料,17.94,韭圈儿
2023-12-18,000987,全指材料,行业，原材料,17.74,韭圈儿
2023-12-19,000987,全指材料,行业，原材料,17.72,韭圈儿
2023-12-20,000987,全指材料,行业，原材料,17.65,韭圈儿
2023-12-21,000987,全指材料,行业，原材料,17.75,韭圈儿
2023-12-22,000987,全指材料,行业，原材料,17.93,韭圈儿
2023-12-25,000987,全指材料,行业，原材料,17.98,韭圈儿
2023-12-26,000987,全指材料,行业，原材料,17.93,韭圈儿
2023-12-27,000987,全指材料,行业，原材料,18.0,韭圈儿
2023-12-28,000987,全指材料,行业，原材料,18.4,韭圈儿
2023-12-29,000987,全指材料,行业，原材料,18.46,韭圈儿
2024-01-02,000987,全指材料,行业，原材料,18.44,韭圈儿
2024-01-03,000987,全指材料,行业，原材料,18.48,韭圈儿
2024-01-04,000987,全指材料,行业，原材料,18.36,韭圈儿
2024-01-05,000987,全指材料,行业，原材料,18.22,韭圈儿
2024-01-08,000987,全指材料,行业，原材料,17.94,韭圈儿
2024-01-09,000987,全指材料,行业，原材料,17.97,韭圈儿
2024-01-10,000987,全指材料,行业，原材料,17.92,韭圈儿
2024-01-11,000987,全指材料,行业，原材料,17.97,韭圈儿
2024-01-12,000987,全指材料,行业，原材料,17.97,韭圈儿
2024-01-15,000987,全指材料,行业，原材料,17.82,韭圈儿
2024-01-16,000987,全指材料,行业，原材料,17.81,韭圈儿
2024-01-17,000987,全指材料,行业，原材料,17.32,韭圈儿
2024-01-18,000987,全指材料,行业，原材料,17.31,韭圈儿
2024-01-19,000987,全指材料,行业，原材料,17.25,韭圈儿
2024-01-22,000987,全指材料,行业，原材料,16.57,韭圈儿
2024-01-23,000987,全指材料,行业，原材料,16.74,韭圈儿
2024-01-24,000987,全指材料,行业，原材料,16.98,韭圈儿
2024-01-25,000987,全指材料,行业，原材料,17.46,韭圈儿
2024-01-26,000987,全指材料,行业，原材料,17.5,韭圈儿
2024-01-29,000987,全指材料,行业，原材料,17.29,韭圈儿
2024-01-30,000987,全指材料,行业，原材料,16.94,韭圈儿
2024-01-31,000987,全指材料,行业，原材料,16.56,韭圈儿
2024-02-01,000987,全指材料,行业，原材料,16.52,韭圈儿
2024-02-02,000987,全指材料,行业，原材料,16.18,韭圈儿
2024-02-05,000987,全指材料,行业，原材料,15.88,韭圈儿
2024-02-06,000987,全指材料,行业，原材料,16.74,韭圈儿
2024-02-07,000987,全指材料,行业，原材料,17.38,韭圈儿
2024-02-08,000987,全指材料,行业，原材料,17.59,韭圈儿
2024-02-19,000987,全指材料,行业，原材料,17.66,韭圈儿
2024-02-20,000987,全指材料,行业，原材料,17.74,韭圈儿
2024-02-21,000987,全指材料,行业，原材料,17.84,韭圈儿
2024-02-22,000987,全指材料,行业，原材料,17.98,韭圈儿
2024-02-23,000987,全指材料,行业，原材料,18.06,韭圈儿
2024-02-26,000987,全指材料,行业，原材料,17.93,韭圈儿
2024-02-27,000987,全指材料,行业，原材料,18.13,韭圈儿
2024-02-28,000987,全指材料,行业，原材料,17.87,韭圈儿
2024-02-29,000987,全指材料,行业，原材料,18.25,韭圈儿
2024-03-01,000987,全指材料,行业，原材料,18.35,韭圈儿
2024-03-04,000987,全指材料,行业，原材料,18.3,韭圈儿
2024-03-05,000987,全指材料,行业，原材料,18.31,韭圈儿
2024-03-06,000987,全指材料,行业，原材料,18.37,韭圈儿
2024-03-07,000987,全指材料,行业，原材料,18.59,韭圈儿
2024-03-08,000987,全指材料,行业，原材料,18.72,韭圈儿
2024-03-11,000987,全指材料,行业，原材料,18.84,韭圈儿
2024-03-12,000987,全指材料,行业，原材料,18.55,韭圈儿
2024-03-13,000987,全指材料,行业，原材料,18.26,韭圈儿
2024-03-14,000987,全指材料,行业，原材料,18.32,韭圈儿
2024-03-15,000987,全指材料,行业，原材料,18.73,韭圈儿
2024-03-18,000987,全指材料,行业，原材料,18.84,韭圈儿
2024-03-19,000987,全指材料,行业，原材料,18.74,韭圈儿
2024-03-20,000987,全指材料,行业，原材料,18.84,韭圈儿
2024-03-21,000987,全指材料,行业，原材料,18.88,韭圈儿
2024-03-22,000987,全指材料,行业，原材料,18.55,韭圈儿
2024-03-25,000987,全指材料,行业，原材料,18.44,韭圈儿
2024-03-26,000987,全指材料,行业，原材料,18.44,韭圈儿
2024-03-27,000987,全指材料,行业，原材料,18.14,韭圈儿
2024-03-28,000987,全指材料,行业，原材料,18.89,韭圈儿
2024-03-29,000987,全指材料,行业，原材料,19.66,韭圈儿
2024-04-01,000987,全指材料,行业，原材料,20.13,韭圈儿
2024-04-02,000987,全指材料,行业，原材料,20.29,韭圈儿
2024-04-03,000987,全指材料,行业，原材料,20.62,韭圈儿
2024-04-08,000987,全指材料,行业，原材料,20.5,韭圈儿
2024-04-09,000987,全指材料,行业，原材料,20.56,韭圈儿
2024-04-10,000987,全指材料,行业，原材料,20.23,韭圈儿
2024-04-11,000987,全指材料,行业，原材料,20.26,韭圈儿
2024-04-12,000987,全指材料,行业，原材料,20.28,韭圈儿
2024-04-15,000987,全指材料,行业，原材料,20.41,韭圈儿
2024-04-16,000987,全指材料,行业，原材料,19.83,韭圈儿
2024-04-17,000987,全指材料,行业，原材料,20.3,韭圈儿
2024-04-18,000987,全指材料,行业，原材料,20.54,韭圈儿
2024-04-19,000987,全指材料,行业，原材料,20.67,韭圈儿
2024-04-22,000987,全指材料,行业，原材料,20.43,韭圈儿
2024-04-23,000987,全指材料,行业，原材料,19.58,韭圈儿
2024-04-24,000987,全指材料,行业，原材料,19.65,韭圈儿
2024-04-25,000987,全指材料,行业，原材料,19.69,韭圈儿
2024-04-26,000987,全指材料,行业，原材料,20.43,韭圈儿
2024-04-29,000987,全指材料,行业，原材料,20.65,韭圈儿
2024-04-30,000987,全指材料,行业，原材料,22.18,韭圈儿
2024-05-06,000987,全指材料,行业，原材料,22.6,韭圈儿
2024-05-07,000987,全指材料,行业，原材料,22.73,韭圈儿
2024-05-08,000987,全指材料,行业，原材料,22.51,韭圈儿
2024-05-09,000987,全指材料,行业，原材料,22.86,韭圈儿
2024-05-10,000987,全指材料,行业，原材料,22.95,韭圈儿
2024-05-13,000987,全指材料,行业，原材料,22.78,韭圈儿
2024-05-14,000987,全指材料,行业，原材料,22.76,韭圈儿
2024-05-15,000987,全指材料,行业，原材料,22.59,韭圈儿
2024-05-16,000987,全指材料,行业，原材料,22.49,韭圈儿
2024-05-17,000987,全指材料,行业，原材料,22.81,韭圈儿
2024-05-20,000987,全指材料,行业，原材料,23.19,韭圈儿
2024-05-21,000987,全指材料,行业，原材料,22.71,韭圈儿
2024-05-22,000987,全指材料,行业，原材料,22.63,韭圈儿
2024-05-23,000987,全指材料,行业，原材料,22.05,韭圈儿
2024-05-24,000987,全指材料,行业，原材料,21.98,韭圈儿
2024-05-27,000987,全指材料,行业，原材料,22.22,韭圈儿
2024-05-28,000987,全指材料,行业，原材料,22.09,韭圈儿
2024-05-29,000987,全指材料,行业，原材料,22.35,韭圈儿
2024-05-30,000987,全指材料,行业，原材料,22.02,韭圈儿
2024-05-31,000987,全指材料,行业，原材料,21.83,韭圈儿
2024-06-03,000987,全指材料,行业，原材料,21.51,韭圈儿
2024-06-04,000987,全指材料,行业，原材料,21.75,韭圈儿
2024-06-05,000987,全指材料,行业，原材料,21.39,韭圈儿
2024-06-06,000987,全指材料,行业，原材料,21.43,韭圈儿
2024-06-07,000987,全指材料,行业，原材料,21.43,韭圈儿
2024-06-11,000987,全指材料,行业，原材料,21.15,韭圈儿
2024-06-12,000987,全指材料,行业，原材料,21.23,韭圈儿
2024-06-13,000987,全指材料,行业，原材料,20.86,韭圈儿
2024-06-14,000987,全指材料,行业，原材料,20.93,韭圈儿
2024-06-17,000987,全指材料,行业，原材料,20.28,韭圈儿
2024-06-18,000987,全指材料,行业，原材料,20.4,韭圈儿
2024-06-19,000987,全指材料,行业，原材料,20.35,韭圈儿
2024-06-20,000987,全指材料,行业，原材料,20.2,韭圈儿
2024-06-21,000987,全指材料,行业，原材料,20.17,韭圈儿
2024-06-24,000987,全指材料,行业，原材料,19.89,韭圈儿
2024-06-25,000987,全指材料,行业，原材料,19.99,韭圈儿
2024-06-26,000987,全指材料,行业，原材料,20.17,韭圈儿
2024-06-27,000987,全指材料,行业，原材料,19.74,韭圈儿
2024-06-28,000987,全指材料,行业，原材料,19.93,韭圈儿
2024-07-01,000987,全指材料,行业，原材料,20.33,韭圈儿
2024-07-02,000987,全指材料,行业，原材料,20.08,韭圈儿
2024-07-03,000987,全指材料,行业，原材料,20.03,韭圈儿
2024-07-04,000987,全指材料,行业，原材料,19.9,韭圈儿
2024-07-05,000987,全指材料,行业，原材料,20.18,韭圈儿
2024-07-08,000987,全指材料,行业，原材料,19.91,韭圈儿
2024-07-09,000987,全指材料,行业，原材料,20.12,韭圈儿
2024-07-10,000987,全指材料,行业，原材料,19.87,韭圈儿
2024-07-11,000987,全指材料,行业，原材料,20.45,韭圈儿
2024-07-12,000987,全指材料,行业，原材料,20.28,韭圈儿
2024-07-15,000987,全指材料,行业，原材料,20.29,韭圈儿
2024-07-16,000987,全指材料,行业，原材料,20.28,韭圈儿
2024-07-17,000987,全指材料,行业，原材料,19.98,韭圈儿
2024-07-18,000987,全指材料,行业，原材料,20.04,韭圈儿
2024-07-19,000987,全指材料,行业，原材料,19.86,韭圈儿
2024-07-22,000987,全指材料,行业，原材料,19.62,韭圈儿
2024-07-23,000987,全指材料,行业，原材料,18.86,韭圈儿
2024-07-24,000987,全指材料,行业，原材料,18.68,韭圈儿
2024-07-25,000987,全指材料,行业，原材料,18.44,韭圈儿
2024-07-26,000987,全指材料,行业，原材料,18.73,韭圈儿
2024-07-29,000987,全指材料,行业，原材料,18.62,韭圈儿
2024-07-30,000987,全指材料,行业，原材料,18.45,韭圈儿
2024-07-31,000987,全指材料,行业，原材料,19.09,韭圈儿
2024-08-01,000987,全指材料,行业，原材料,18.93,韭圈儿
2024-08-02,000987,全指材料,行业，原材料,18.67,韭圈儿
2024-08-05,000987,全指材料,行业，原材料,18.31,韭圈儿
2024-08-06,000987,全指材料,行业，原材料,18.37,韭圈儿
2024-08-07,000987,全指材料,行业，原材料,18.41,韭圈儿
2024-08-08,000987,全指材料,行业，原材料,18.43,韭圈儿
2024-08-09,000987,全指材料,行业，原材料,18.37,韭圈儿
2024-08-12,000987,全指材料,行业，原材料,18.34,韭圈儿
2024-08-13,000987,全指材料,行业，原材料,18.36,韭圈儿
2024-08-14,000987,全指材料,行业，原材料,18.02,韭圈儿
2024-08-15,000987,全指材料,行业，原材料,18.13,韭圈儿
2024-08-16,000987,全指材料,行业，原材料,18.06,韭圈儿
2024-08-19,000987,全指材料,行业，原材料,18.22,韭圈儿
2024-08-20,000987,全指材料,行业，原材料,17.89,韭圈儿
2024-08-21,000987,全指材料,行业，原材料,17.88,韭圈儿
2024-08-22,000987,全指材料,行业，原材料,17.76,韭圈儿
2024-08-23,000987,全指材料,行业，原材料,17.83,韭圈儿
2024-08-26,000987,全指材料,行业，原材料,17.58,韭圈儿
2024-08-27,000987,全指材料,行业，原材料,17.54,韭圈儿
2024-08-28,000987,全指材料,行业，原材料,17.6,韭圈儿
2024-08-29,000987,全指材料,行业，原材料,17.79,韭圈儿
2024-08-30,000987,全指材料,行业，原材料,18.24,韭圈儿
2024-09-02,000987,全指材料,行业，原材料,18.09,韭圈儿
2024-09-03,000987,全指材料,行业，原材料,18.18,韭圈儿
2024-09-04,000987,全指材料,行业，原材料,17.9,韭圈儿
2024-09-05,000987,全指材料,行业，原材料,17.86,韭圈儿
2024-09-06,000987,全指材料,行业，原材料,17.67,韭圈儿
2024-09-09,000987,全指材料,行业，原材料,17.41,韭圈儿
2024-09-10,000987,全指材料,行业，原材料,17.33,韭圈儿
2024-09-11,000987,全指材料,行业，原材料,17.38,韭圈儿
2024-09-12,000987,全指材料,行业，原材料,17.36,韭圈儿
2024-09-13,000987,全指材料,行业，原材料,17.3,韭圈儿
2024-09-18,000987,全指材料,行业，原材料,17.43,韭圈儿
2024-09-19,000987,全指材料,行业，原材料,17.87,韭圈儿
2024-09-20,000987,全指材料,行业，原材料,17.92,韭圈儿
2024-09-23,000987,全指材料,行业，原材料,17.92,韭圈儿
2024-09-24,000987,全指材料,行业，原材料,18.75,韭圈儿
2024-09-25,000987,全指材料,行业，原材料,18.94,韭圈儿
2024-09-26,000987,全指材料,行业，原材料,19.74,韭圈儿
2024-09-27,000987,全指材料,行业，原材料,20.54,韭圈儿
2024-09-30,000987,全指材料,行业，原材料,22.18,韭圈儿
2024-10-08,000987,全指材料,行业，原材料,22.76,韭圈儿
2024-10-09,000987,全指材料,行业，原材料,20.97,韭圈儿
2024-10-10,000987,全指材料,行业，原材料,21.23,韭圈儿
2024-10-11,000987,全指材料,行业，原材料,20.73,韭圈儿
2024-10-14,000987,全指材料,行业，原材料,21.22,韭圈儿
2024-10-15,000987,全指材料,行业，原材料,20.56,韭圈儿
2024-10-16,000987,全指材料,行业，原材料,20.67,韭圈儿
2024-10-17,000987,全指材料,行业，原材料,20.29,韭圈儿
2024-10-18,000987,全指材料,行业，原材料,20.78,韭圈儿
2024-10-21,000987,全指材料,行业，原材料,20.68,韭圈儿
2024-10-22,000987,全指材料,行业，原材料,20.86,韭圈儿
2024-10-23,000987,全指材料,行业，原材料,21.02,韭圈儿
2024-10-24,000987,全指材料,行业，原材料,20.7,韭圈儿
2024-10-25,000987,全指材料,行业，原材料,21.09,韭圈儿
2024-10-28,000987,全指材料,行业，原材料,21.57,韭圈儿
2024-10-29,000987,全指材料,行业，原材料,21.26,韭圈儿
2024-10-30,000987,全指材料,行业，原材料,21.66,韭圈儿
2024-10-31,000987,全指材料,行业，原材料,22.92,韭圈儿
2024-11-01,000987,全指材料,行业，原材料,23.3,韭圈儿
2024-11-04,000987,全指材料,行业，原材料,23.46,韭圈儿
2024-11-05,000987,全指材料,行业，原材料,24.06,韭圈儿
2024-11-06,000987,全指材料,行业，原材料,24.16,韭圈儿
2024-11-07,000987,全指材料,行业，原材料,24.38,韭圈儿
2024-11-08,000987,全指材料,行业，原材料,24.2,韭圈儿
2024-11-11,000987,全指材料,行业，原材料,24.21,韭圈儿
2024-11-12,000987,全指材料,行业，原材料,23.94,韭圈儿
2024-11-13,000987,全指材料,行业，原材料,24.02,韭圈儿
2024-11-14,000987,全指材料,行业，原材料,23.43,韭圈儿
2024-11-15,000987,全指材料,行业，原材料,23.1,韭圈儿
2024-11-18,000987,全指材料,行业，原材料,22.91,韭圈儿
2024-11-19,000987,全指材料,行业，原材料,23.35,韭圈儿
2024-11-20,000987,全指材料,行业，原材料,23.51,韭圈儿
2024-11-21,000987,全指材料,行业，原材料,23.53,韭圈儿
2024-11-22,000987,全指材料,行业，原材料,22.77,韭圈儿
2024-11-25,000987,全指材料,行业，原材料,22.73,韭圈儿
2024-11-26,000987,全指材料,行业，原材料,22.56,韭圈儿
2024-11-27,000987,全指材料,行业，原材料,22.86,韭圈儿
2024-11-28,000987,全指材料,行业，原材料,22.63,韭圈儿
2024-11-29,000987,全指材料,行业，原材料,22.86,韭圈儿
2024-12-02,000987,全指材料,行业，原材料,23.16,韭圈儿
2024-12-03,000987,全指材料,行业，原材料,23.15,韭圈儿
2024-12-04,000987,全指材料,行业，原材料,23.02,韭圈儿
2024-12-05,000987,全指材料,行业，原材料,22.92,韭圈儿
2024-12-06,000987,全指材料,行业，原材料,23.2,韭圈儿
2024-12-09,000987,全指材料,行业，原材料,23.24,韭圈儿
2024-12-10,000987,全指材料,行业，原材料,23.34,韭圈儿
2024-12-11,000987,全指材料,行业，原材料,23.56,韭圈儿
2024-12-12,000987,全指材料,行业，原材料,23.69,韭圈儿
2024-12-13,000987,全指材料,行业，原材料,23.08,韭圈儿
2024-12-16,000987,全指材料,行业，原材料,22.56,韭圈儿
2024-12-17,000987,全指材料,行业，原材料,22.5,韭圈儿
2024-12-18,000987,全指材料,行业，原材料,22.53,韭圈儿
2024-12-19,000987,全指材料,行业，原材料,22.43,韭圈儿
2024-12-20,000987,全指材料,行业，原材料,22.23,韭圈儿
2024-12-23,000987,全指材料,行业，原材料,22.18,韭圈儿
2024-12-24,000987,全指材料,行业，原材料,22.43,韭圈儿
2024-12-25,000987,全指材料,行业，原材料,22.23,韭圈儿
2024-12-26,000987,全指材料,行业，原材料,22.27,韭圈儿
2024-12-27,000987,全指材料,行业，原材料,22.24,韭圈儿
2024-12-30,000987,全指材料,行业，原材料,22.31,韭圈儿
2024-12-31,000987,全指材料,行业，原材料,21.86,韭圈儿
2025-01-02,000987,全指材料,行业，原材料,21.49,韭圈儿
2025-01-03,000987,全指材料,行业，原材料,21.48,韭圈儿
2025-01-06,000987,全指材料,行业，原材料,21.63,韭圈儿
2025-01-07,000987,全指材料,行业，原材料,21.83,韭圈儿
2025-01-08,000987,全指材料,行业，原材料,21.55,韭圈儿
2025-01-09,000987,全指材料,行业，原材料,21.58,韭圈儿
2025-01-10,000987,全指材料,行业，原材料,21.4,韭圈儿
2025-01-13,000987,全指材料,行业，原材料,21.67,韭圈儿
2025-01-14,000987,全指材料,行业，原材料,22.08,韭圈儿
2025-01-15,000987,全指材料,行业，原材料,21.86,韭圈儿
2025-01-16,000987,全指材料,行业，原材料,22.13,韭圈儿
2025-01-17,000987,全指材料,行业，原材料,22.29,韭圈儿
2025-01-20,000987,全指材料,行业，原材料,22.19,韭圈儿
2025-01-21,000987,全指材料,行业，原材料,22.07,韭圈儿
2025-01-22,000987,全指材料,行业，原材料,22.03,韭圈儿
2025-01-23,000987,全指材料,行业，原材料,21.92,韭圈儿
2025-01-24,000987,全指材料,行业，原材料,22.15,韭圈儿
2025-01-27,000987,全指材料,行业，原材料,22.29,韭圈儿
2025-02-05,000987,全指材料,行业，原材料,22.21,韭圈儿
2025-02-06,000987,全指材料,行业，原材料,22.34,韭圈儿
2025-02-07,000987,全指材料,行业，原材料,22.66,韭圈儿
2025-02-10,000987,全指材料,行业，原材料,22.78,韭圈儿
2025-02-11,000987,全指材料,行业，原材料,22.83,韭圈儿
2025-02-12,000987,全指材料,行业，原材料,22.85,韭圈儿
2025-02-13,000987,全指材料,行业，原材料,22.79,韭圈儿
2025-02-14,000987,全指材料,行业，原材料,22.81,韭圈儿
2025-02-17,000987,全指材料,行业，原材料,22.56,韭圈儿
2025-02-18,000987,全指材料,行业，原材料,22.39,韭圈儿
2025-02-19,000987,全指材料,行业，原材料,22.5,韭圈儿
2025-02-20,000987,全指材料,行业，原材料,22.58,韭圈儿
2025-02-21,000987,全指材料,行业，原材料,22.53,韭圈儿
2025-02-24,000987,全指材料,行业，原材料,22.58,韭圈儿
2025-02-25,000987,全指材料,行业，原材料,22.33,韭圈儿
2025-02-26,000987,全指材料,行业，原材料,22.56,韭圈儿
2025-02-27,000987,全指材料,行业，原材料,22.61,韭圈儿
2025-02-28,000987,全指材料,行业，原材料,22.31,韭圈儿
2025-03-03,000987,全指材料,行业，原材料,22.65,韭圈儿
2025-03-04,000987,全指材料,行业，原材料,22.71,韭圈儿
2025-03-05,000987,全指材料,行业，原材料,22.78,韭圈儿
2025-03-06,000987,全指材料,行业，原材料,22.98,韭圈儿
2025-03-07,000987,全指材料,行业，原材料,23.2,韭圈儿
2025-03-10,000987,全指材料,行业，原材料,23.36,韭圈儿
2025-03-11,000987,全指材料,行业，原材料,23.53,韭圈儿
2025-03-12,000987,全指材料,行业，原材料,23.43,韭圈儿
2025-03-13,000987,全指材料,行业，原材料,23.5,韭圈儿
2025-03-14,000987,全指材料,行业，原材料,23.76,韭圈儿
2025-03-17,000987,全指材料,行业，原材料,23.69,韭圈儿
2025-03-18,000987,全指材料,行业，原材料,24.02,韭圈儿
2025-03-19,000987,全指材料,行业，原材料,23.98,韭圈儿
2025-03-20,000987,全指材料,行业，原材料,23.89,韭圈儿
2025-03-21,000987,全指材料,行业，原材料,23.58,韭圈儿
2025-03-24,000987,全指材料,行业，原材料,23.67,韭圈儿
2025-03-25,000987,全指材料,行业，原材料,23.86,韭圈儿
2025-03-26,000987,全指材料,行业，原材料,23.8,韭圈儿
2025-03-27,000987,全指材料,行业，原材料,23.59,韭圈儿
2025-03-28,000987,全指材料,行业，原材料,23.35,韭圈儿
2025-03-31,000987,全指材料,行业，原材料,23.51,韭圈儿
2025-04-01,000987,全指材料,行业，原材料,23.65,韭圈儿
2025-04-02,000987,全指材料,行业，原材料,23.48,韭圈儿
2025-04-03,000987,全指材料,行业，原材料,23.3,韭圈儿
2025-04-07,000987,全指材料,行业，原材料,21.31,韭圈儿
2025-04-08,000987,全指材料,行业，原材料,21.68,韭圈儿
2025-04-09,000987,全指材料,行业，原材料,21.88,韭圈儿
2025-04-10,000987,全指材料,行业，原材料,22.37,韭圈儿
2025-04-11,000987,全指材料,行业，原材料,22.5,韭圈儿
2025-04-14,000987,全指材料,行业，原材料,22.53,韭圈儿
2025-04-15,000987,全指材料,行业，原材料,22.47,韭圈儿
2025-04-16,000987,全指材料,行业，原材料,22.43,韭圈儿
2025-04-17,000987,全指材料,行业，原材料,22.3,韭圈儿
2025-04-18,000987,全指材料,行业，原材料,22.12,韭圈儿
2025-04-21,000987,全指材料,行业，原材料,22.39,韭圈儿
2025-04-22,000987,全指材料,行业，原材料,22.3,韭圈儿
2025-04-23,000987,全指材料,行业，原材料,22.06,韭圈儿
2025-04-24,000987,全指材料,行业，原材料,22.03,韭圈儿
2025-04-25,000987,全指材料,行业，原材料,22.08,韭圈儿
2025-04-28,000987,全指材料,行业，原材料,21.99,韭圈儿
2025-04-29,000987,全指材料,行业，原材料,21.67,韭圈儿
2025-04-30,000987,全指材料,行业，原材料,21.07,韭圈儿
2025-05-06,000987,全指材料,行业，原材料,21.48,韭圈儿
2025-05-07,000987,全指材料,行业，原材料,21.61,韭圈儿
2025-05-08,000987,全指材料,行业，原材料,21.47,韭圈儿
2025-05-09,000987,全指材料,行业，原材料,21.36,韭圈儿
2025-05-12,000987,全指材料,行业，原材料,21.53,韭圈儿
2025-05-13,000987,全指材料,行业，原材料,21.57,韭圈儿
2025-05-14,000987,全指材料,行业，原材料,21.72,韭圈儿
2025-05-15,000987,全指材料,行业，原材料,21.5,韭圈儿
2025-05-16,000987,全指材料,行业，原材料,21.45,韭圈儿
2025-05-19,000987,全指材料,行业，原材料,21.43,韭圈儿
2025-05-20,000987,全指材料,行业，原材料,21.47,韭圈儿
2025-05-21,000987,全指材料,行业，原材料,21.73,韭圈儿
2025-05-22,000987,全指材料,行业，原材料,21.51,韭圈儿
2025-05-23,000987,全指材料,行业，原材料,21.45,韭圈儿
2025-05-26,000987,全指材料,行业，原材料,21.45,韭圈儿
2025-05-27,000987,全指材料,行业，原材料,21.22,韭圈儿
2025-05-28,000987,全指材料,行业，原材料,21.16,韭圈儿
2025-05-29,000987,全指材料,行业，原材料,21.27,韭圈儿
2025-05-30,000987,全指材料,行业，原材料,21.13,韭圈儿
2025-06-03,000987,全指材料,行业，原材料,21.21,韭圈儿
2025-06-04,000987,全指材料,行业，原材料,21.42,韭圈儿
2025-06-05,000987,全指材料,行业，原材料,21.37,韭圈儿
2025-06-06,000987,全指材料,行业，原材料,21.57,韭圈儿
2025-06-09,000987,全指材料,行业，原材料,21.61,韭圈儿
2025-06-10,000987,全指材料,行业，原材料,21.54,韭圈儿
2025-06-11,000987,全指材料,行业，原材料,21.79,韭圈儿
2025-06-12,000987,全指材料,行业，原材料,21.92,韭圈儿
2025-06-13,000987,全指材料,行业，原材料,21.87,韭圈儿
2025-06-16,000987,全指材料,行业，原材料,21.72,韭圈儿
2025-06-17,000987,全指材料,行业，原材料,21.72,韭圈儿
2025-06-18,000987,全指材料,行业，原材料,21.62,韭圈儿
2025-06-19,000987,全指材料,行业，原材料,21.34,韭圈儿
2025-06-20,000987,全指材料,行业，原材料,21.26,韭圈儿
2025-06-23,000987,全指材料,行业，原材料,21.32,韭圈儿
2025-06-24,000987,全指材料,行业，原材料,21.5,韭圈儿
2025-06-25,000987,全指材料,行业，原材料,21.66,韭圈儿
2025-06-26,000987,全指材料,行业，原材料,21.67,韭圈儿
2025-06-27,000987,全指材料,行业，原材料,21.93,韭圈儿
2025-06-30,000987,全指材料,行业，原材料,21.99,韭圈儿
2025-07-01,000987,全指材料,行业，原材料,22.22,韭圈儿
2025-07-02,000987,全指材料,行业，原材料,22.48,韭圈儿
2025-07-03,000987,全指材料,行业，原材料,22.51,韭圈儿
2025-07-04,000987,全指材料,行业，原材料,22.34,韭圈儿
2025-07-07,000987,全指材料,行业，原材料,22.27,韭圈儿
2025-07-08,000987,全指材料,行业，原材料,22.54,韭圈儿
2025-07-09,000987,全指材料,行业，原材料,22.19,韭圈儿
2025-07-10,000987,全指材料,行业，原材料,22.41,韭圈儿
2025-07-11,000987,全指材料,行业，原材料,22.62,韭圈儿
2025-07-14,000987,全指材料,行业，原材料,22.73,韭圈儿
2025-07-15,000987,全指材料,行业，原材料,22.54,韭圈儿
2025-07-16,000987,全指材料,行业，原材料,22.45,韭圈儿
2025-07-17,000987,全指材料,行业，原材料,22.59,韭圈儿
2025-07-18,000987,全指材料,行业，原材料,22.99,韭圈儿
2025-07-21,000987,全指材料,行业，原材料,23.7,韭圈儿
2025-07-22,000987,全指材料,行业，原材料,24.34,韭圈儿
2025-07-23,000987,全指材料,行业，原材料,24.17,韭圈儿
2025-07-24,000987,全指材料,行业，原材料,24.62,韭圈儿
2025-07-25,000987,全指材料,行业，原材料,24.52,韭圈儿
2025-07-28,000987,全指材料,行业，原材料,24.39,韭圈儿
2025-07-29,000987,全指材料,行业，原材料,24.44,韭圈儿
2025-07-30,000987,全指材料,行业，原材料,24.52,韭圈儿
2025-07-31,000987,全指材料,行业，原材料,23.78,韭圈儿
2025-08-01,000987,全指材料,行业，原材料,23.67,韭圈儿
2025-08-04,000987,全指材料,行业，原材料,23.84,韭圈儿
2025-08-05,000987,全指材料,行业，原材料,23.99,韭圈儿
2025-08-06,000987,全指材料,行业，原材料,24.21,韭圈儿
2025-08-07,000987,全指材料,行业，原材料,24.32,韭圈儿
2025-08-08,000987,全指材料,行业，原材料,24.55,韭圈儿
2025-08-11,000987,全指材料,行业，原材料,24.67,韭圈儿
2025-08-12,000987,全指材料,行业，原材料,24.72,韭圈儿
2025-08-13,000987,全指材料,行业，原材料,25.08,韭圈儿
2025-08-14,000987,全指材料,行业，原材料,24.81,韭圈儿
2025-08-15,000987,全指材料,行业，原材料,25.32,韭圈儿
2025-08-18,000987,全指材料,行业，原材料,25.42,韭圈儿
2025-08-19,000987,全指材料,行业，原材料,25.0,韭圈儿
2025-08-20,000987,全指材料,行业，原材料,25.31,韭圈儿
2025-08-21,000987,全指材料,行业，原材料,25.41,韭圈儿
2025-08-22,000987,全指材料,行业，原材料,25.51,韭圈儿
2025-08-25,000987,全指材料,行业，原材料,26.47,韭圈儿
2025-08-26,000987,全指材料,行业，原材料,26.55,韭圈儿
2025-08-27,000987,全指材料,行业，原材料,25.5,韭圈儿
2025-08-28,000987,全指材料,行业，原材料,25.83,韭圈儿
2025-08-29,000987,全指材料,行业，原材料,26.19,韭圈儿
2025-09-01,000987,全指材料,行业，原材料,26.53,韭圈儿
2025-09-02,000987,全指材料,行业，原材料,26.19,韭圈儿
2025-09-03,000987,全指材料,行业，原材料,26.03,韭圈儿
2025-09-04,000987,全指材料,行业，原材料,25.29,韭圈儿
2025-09-05,000987,全指材料,行业，原材料,26.11,韭圈儿
2025-09-08,000987,全指材料,行业，原材料,26.38,韭圈儿
2025-09-09,000987,全指材料,行业，原材料,26.46,韭圈儿
2025-09-10,000987,全指材料,行业，原材料,26.21,韭圈儿
2025-09-11,000987,全指材料,行业，原材料,26.65,韭圈儿
2025-09-12,000987,全指材料,行业，原材料,26.87,韭圈儿
2025-09-15,000987,全指材料,行业，原材料,26.71,韭圈儿
2025-09-16,000987,全指材料,行业，原材料,26.52,韭圈儿
2025-09-17,000987,全指材料,行业，原材料,26.58,韭圈儿
2025-09-18,000987,全指材料,行业，原材料,25.92,韭圈儿
2025-09-19,000987,全指材料,行业，原材料,26.15,韭圈儿
2025-09-22,000987,全指材料,行业，原材料,26.17,韭圈儿
2025-09-23,000987,全指材料,行业，原材料,25.94,韭圈儿
2025-09-24,000987,全指材料,行业，原材料,26.2,韭圈儿
2025-09-25,000987,全指材料,行业，原材料,26.46,韭圈儿
2025-09-26,000987,全指材料,行业，原材料,26.52,韭圈儿
2025-09-29,000987,全指材料,行业，原材料,27.27,韭圈儿
2025-09-30,000987,全指材料,行业，原材料,27.9,韭圈儿
2025-10-09,000987,全指材料,行业，原材料,29.39,韭圈儿
2025-10-10,000987,全指材料,行业，原材料,29.04,韭圈儿
2025-10-13,000987,全指材料,行业，原材料,29.37,韭圈儿
2025-10-14,000987,全指材料,行业，原材料,28.54,韭圈儿
2025-10-15,000987,全指材料,行业，原材料,28.8,韭圈儿
2025-10-16,000987,全指材料,行业，原材料,28.21,韭圈儿
2025-10-17,000987,全指材料,行业，原材料,27.62,韭圈儿
2025-10-20,000987,全指材料,行业，原材料,26.89,韭圈儿
2025-10-21,000987,全指材料,行业，原材料,27.17,韭圈儿
2025-10-22,000987,全指材料,行业，原材料,26.91,韭圈儿
2025-10-23,000987,全指材料,行业，原材料,27.19,韭圈儿
2025-10-24,000987,全指材料,行业，原材料,27.08,韭圈儿
2025-10-27,000987,全指材料,行业，原材料,26.92,韭圈儿
2025-10-28,000987,全指材料,行业，原材料,26.1,韭圈儿
2025-10-29,000987,全指材料,行业，原材料,26.81,韭圈儿
2025-10-30,000987,全指材料,行业，原材料,26.61,韭圈儿
2025-10-31,000987,全指材料,行业，原材料,25.61,韭圈儿
2025-11-03,000987,全指材料,行业，原材料,25.46,韭圈儿
2025-11-04,000987,全指材料,行业，原材料,24.83,韭圈儿
2025-11-05,000987,全指材料,行业，原材料,24.96,韭圈儿
2025-11-06,000987,全指材料,行业，原材料,25.65,韭圈儿
2025-11-07,000987,全指材料,行业，原材料,25.99,韭圈儿
2025-11-10,000987,全指材料,行业，原材料,26.22,韭圈儿
2025-11-11,000987,全指材料,行业，原材料,26.05,韭圈儿
2025-11-12,000987,全指材料,行业，原材料,26.0,韭圈儿
2025-11-13,000987,全指材料,行业，原材料,26.83,韭圈儿
2025-11-14,000987,全指材料,行业，原材料,26.37,韭圈儿
2025-11-17,000987,全指材料,行业，原材料,26.31,韭圈儿
2025-11-18,000987,全指材料,行业，原材料,25.63,韭圈儿
2025-11-19,000987,全指材料,行业，原材料,26.03,韭圈儿
2025-11-20,000987,全指材料,行业，原材料,25.87,韭圈儿
2025-11-21,000987,全指材料,行业，原材料,24.74,韭圈儿
2025-11-24,000987,全指材料,行业，原材料,24.62,韭圈儿
2025-11-25,000987,全指材料,行业，原材料,25.02,韭圈儿
2025-11-26,000987,全指材料,行业，原材料,24.96,韭圈儿
2025-11-27,000987,全指材料,行业，原材料,25.05,韭圈儿
2025-11-28,000987,全指材料,行业，原材料,25.34,韭圈儿
2025-12-01,000987,全指材料,行业，原材料,25.86,韭圈儿
2025-12-02,000987,全指材料,行业，原材料,25.62,韭圈儿
2025-12-03,000987,全指材料,行业，原材料,25.74,韭圈儿
2025-12-04,000987,全指材料,行业，原材料,25.72,韭圈儿
2025-12-05,000987,全指材料,行业，原材料,26.28,韭圈儿
2025-12-08,000987,全指材料,行业，原材料,26.37,韭圈儿
2025-12-09,000987,全指材料,行业，原材料,25.73,韭圈儿
2025-12-10,000987,全指材料,行业，原材料,25.91,韭圈儿
2025-12-11,000987,全指材料,行业，原材料,25.67,韭圈儿
2025-12-12,000987,全指材料,行业，原材料,25.9,韭圈儿
2025-12-15,000987,全指材料,行业，原材料,26.25,韭圈儿
2025-12-16,000987,全指材料,行业，原材料,25.69,韭圈儿
2025-12-17,000987,全指材料,行业，原材料,26.38,韭圈儿
2025-12-18,000987,全指材料,行业，原材料,26.35,韭圈儿
2025-12-19,000987,全指材料,行业，原材料,26.76,韭圈儿
2025-12-22,000987,全指材料,行业，原材料,27.31,韭圈儿
2025-12-23,000987,全指材料,行业，原材料,27.42,韭圈儿
2025-12-24,000987,全指材料,行业，原材料,27.67,韭圈儿
2025-12-25,000987,全指材料,行业，原材料,27.64,韭圈儿
2025-12-26,000987,全指材料,行业，原材料,28.35,韭圈儿
2025-12-29,000987,全指材料,行业，原材料,27.99,韭圈儿
2025-12-30,000987,全指材料,行业，原材料,28.37,韭圈儿
2025-12-31,000987,全指材料,行业，原材料,28.55,韭圈儿
2026-01-05,000987,全指材料,行业，原材料,29.05,韭圈儿
2026-01-06,000987,全指材料,行业，原材料,30.14,韭圈儿
2026-01-07,000987,全指材料,行业，原材料,30.2,韭圈儿
2026-01-08,000987,全指材料,行业，原材料,29.9,韭圈儿
2026-01-09,000987,全指材料,行业，原材料,30.44,韭圈儿
2026-01-12,000987,全指材料,行业，原材料,30.63,韭圈儿
2026-01-13,000987,全指材料,行业，原材料,30.78,韭圈儿
2026-01-14,000987,全指材料,行业，原材料,30.98,韭圈儿
2026-01-15,000987,全指材料,行业，原材料,31.32,韭圈儿
2026-01-16,000987,全指材料,行业，原材料,31.05,韭圈儿
2026-01-19,000987,全指材料,行业，原材料,31.42,韭圈儿
2026-01-20,000987,全指材料,行业，原材料,31.69,韭圈儿
2026-01-21,000987,全指材料,行业，原材料,32.29,韭圈儿
2026-01-22,000987,全指材料,行业，原材料,32.45,韭圈儿
2026-01-23,000987,全指材料,行业，原材料,32.99,韭圈儿
2026-01-26,000987,全指材料,行业，原材料,33.84,韭圈儿
2026-01-27,000987,全指材料,行业，原材料,33.64,韭圈儿
2026-01-28,000987,全指材料,行业，原材料,35.12,韭圈儿
2026-01-29,000987,全指材料,行业，原材料,35.45,韭圈儿
2026-01-30,000987,全指材料,行业，原材料,33.68,韭圈儿
2026-02-02,000987,全指材料,行业，原材料,31.24,韭圈儿
2026-02-03,000987,全指材料,行业，原材料,32.27,韭圈儿
2026-02-04,000987,全指材料,行业，原材料,32.49,韭圈儿
2026-02-05,000987,全指材料,行业，原材料,31.37,韭圈儿
2026-02-06,000987,全指材料,行业，原材料,31.55,韭圈儿
2026-02-09,000987,全指材料,行业，原材料,32.16,韭圈儿
2026-02-10,000987,全指材料,行业，原材料,32.18,韭圈儿
2026-02-11,000987,全指材料,行业，原材料,32.99,韭圈儿
2026-02-12,000987,全指材料,行业，原材料,33.18,韭圈儿
2026-02-13,000987,全指材料,行业，原材料,32.19,韭圈儿
2026-02-24,000987,全指材料,行业，原材料,33.32,韭圈儿
2026-02-25,000987,全指材料,行业，原材料,34.28,韭圈儿
2026-02-26,000987,全指材料,行业，原材料,34.25,韭圈儿
2026-02-27,000987,全指材料,行业，原材料,34.98,韭圈儿
2026-03-02,000987,全指材料,行业，原材料,35.83,韭圈儿
2026-03-03,000987,全指材料,行业，原材料,34.25,韭圈儿
2026-03-04,000987,全指材料,行业，原材料,33.86,韭圈儿
2026-03-05,000987,全指材料,行业，原材料,33.89,韭圈儿
2026-03-06,000987,全指材料,行业，原材料,33.74,韭圈儿
2026-03-09,000987,全指材料,行业，原材料,33.31,韭圈儿
2026-03-10,000987,全指材料,行业，原材料,33.45,韭圈儿
2026-03-11,000987,全指材料,行业，原材料,33.61,韭圈儿
2026-03-12,000987,全指材料,行业，原材料,33.56,韭圈儿
2026-03-13,000987,全指材料,行业，原材料,32.9,韭圈儿
2026-03-16,000987,全指材料,行业，原材料,32.86,韭圈儿
2026-03-17,000987,全指材料,行业，原材料,31.2,韭圈儿
2026-03-18,000987,全指材料,行业，原材料,31.07,韭圈儿
2026-03-19,000987,全指材料,行业，原材料,29.47,韭圈儿
2026-03-20,000987,全指材料,行业，原材料,29.0,韭圈儿
2026-03-23,000987,全指材料,行业，原材料,27.43,韭圈儿
2026-03-24,000987,全指材料,行业，原材料,28.21,韭圈儿
2026-03-25,000987,全指材料,行业，原材料,28.96,韭圈儿
2026-03-26,000987,全指材料,行业，原材料,28.32,韭圈儿
2026-03-27,000987,全指材料,行业，原材料,29.02,韭圈儿
2026-03-30,000987,全指材料,行业，原材料,29.07,韭圈儿
2026-03-31,000987,全指材料,行业，原材料,28.81,韭圈儿
2026-04-01,000987,全指材料,行业，原材料,29.44,韭圈儿
2026-04-02,000987,全指材料,行业，原材料,28.98,韭圈儿
2026-04-03,000987,全指材料,行业，原材料,28.7,韭圈儿
2026-04-07,000987,全指材料,行业，原材料,29.18,韭圈儿
2026-04-08,000987,全指材料,行业，原材料,30.33,韭圈儿
2026-04-09,000987,全指材料,行业，原材料,30.21,韭圈儿
2026-04-10,000987,全指材料,行业，原材料,30.24,韭圈儿
2026-04-13,000987,全指材料,行业，原材料,30.46,韭圈儿
2026-04-14,000987,全指材料,行业，原材料,30.41,韭圈儿
2026-04-15,000987,全指材料,行业，原材料,29.73,韭圈儿
2026-04-16,000987,全指材料,行业，原材料,30.31,韭圈儿
2026-04-17,000987,全指材料,行业，原材料,30.28,韭圈儿
2026-04-20,000987,全指材料,行业，原材料,30.12,韭圈儿
2026-04-21,000987,全指材料,行业，原材料,30.45,韭圈儿
2026-04-22,000987,全指材料,行业，原材料,29.34,韭圈儿
2026-04-23,000987,全指材料,行业，原材料,28.67,韭圈儿
2026-04-24,000987,全指材料,行业，原材料,28.3,韭圈儿
2026-04-27,000987,全指材料,行业，原材料,27.66,韭圈儿
2026-04-28,000987,全指材料,行业，原材料,27.15,韭圈儿
2026-04-29,000987,全指材料,行业，原材料,27.34,韭圈儿
2026-04-30,000987,全指材料,行业，原材料,26.72,韭圈儿
2026-05-06,000987,全指材料,行业，原材料,27.5,韭圈儿
2026-05-07,000987,全指材料,行业，原材料,27.4,韭圈儿
2026-05-08,000987,全指材料,行业，原材料,27.32,韭圈儿
2026-05-11,000987,全指材料,行业，原材料,27.37,韭圈儿
2026-05-12,000987,全指材料,行业，原材料,27.29,韭圈儿
2026-05-13,000987,全指材料,行业，原材料,27.45,韭圈儿
2026-05-14,000987,全指材料,行业，原材料,26.7,韭圈儿
2026-05-15,000987,全指材料,行业，原材料,25.89,韭圈儿
2026-05-18,000987,全指材料,行业，原材料,25.52,韭圈儿
2026-05-19,000987,全指材料,行业，原材料,25.29,韭圈儿
2026-05-20,000987,全指材料,行业，原材料,25.37,韭圈儿
2026-05-21,000987,全指材料,行业，原材料,24.79,韭圈儿
2026-05-22,000987,全指材料,行业，原材料,25.51,韭圈儿
2026-05-25,000987,全指材料,行业，原材料,25.56,韭圈儿
2026-05-26,000987,全指材料,行业，原材料,26.21,韭圈儿
2026-05-27,000987,全指材料,行业，原材料,25.34,韭圈儿
2026-05-28,000987,全指材料,行业，原材料,25.33,韭圈儿
2026-05-29,000987,全指材料,行业，原材料,24.86,韭圈儿
2026-06-01,000987,全指材料,行业，原材料,24.75,韭圈儿
2026-06-02,000987,全指材料,行业，原材料,25.25,韭圈儿
2026-06-03,000987,全指材料,行业，原材料,25.34,韭圈儿
2026-06-04,000987,全指材料,行业，原材料,24.72,韭圈儿
2026-06-05,000987,全指材料,行业，原材料,24.47,韭圈儿
2026-06-08,000987,全指材料,行业，原材料,23.42,韭圈儿
2026-06-09,000987,全指材料,行业，原材料,24.02,韭圈儿
2026-06-10,000987,全指材料,行业，原材料,23.83,韭圈儿
2026-06-11,000987,全指材料,行业，原材料,24.19,韭圈儿
2026-06-12,000987,全指材料,行业，原材料,25.02,韭圈儿
2026-06-15,000987,全指材料,行业，原材料,25.88,韭圈儿
2026-06-16,000987,全指材料,行业，原材料,25.83,韭圈儿
2026-06-17,000987,全指材料,行业，原材料,25.89,韭圈儿
2026-06-18,000987,全指材料,行业，原材料,25.7,韭圈儿
2026-06-22,000987,全指材料,行业，原材料,26.88,韭圈儿
2026-06-23,000987,全指材料,行业，原材料,25.37,韭圈儿
2026-06-24,000987,全指材料,行业，原材料,25.87,韭圈儿
2026-06-25,000987,全指材料,行业，原材料,25.58,韭圈儿
2026-06-26,000987,全指材料,行业，原材料,24.96,韭圈儿
2026-06-29,000987,全指材料,行业，原材料,25.0,韭圈儿
2026-06-30,000987,全指材料,行业，原材料,24.85,韭圈儿
2026-07-01,000987,全指材料,行业，原材料,25.04,韭圈儿
2026-07-02,000987,全指材料,行业，原材料,24.91,韭圈儿
2026-07-03,000987,全指材料,行业，原材料,25.03,韭圈儿
2026-07-06,000987,全指材料,行业，原材料,24.65,韭圈儿
2026-07-07,000987,全指材料,行业，原材料,23.91,韭圈儿
2026-07-08,000987,全指材料,行业，原材料,23.19,韭圈儿
2026-07-09,000987,全指材料,行业，原材料,23.22,韭圈儿
2026-07-10,000987,全指材料,行业，原材料,23.1,韭圈儿
