日期,指数代码,指数名称,标签,市盈率,数据源
2011-08-02,000986,全指能源,行业，资源，能源,13.97,韭圈儿
2011-08-03,000986,全指能源,行业，资源，能源,13.95,韭圈儿
2011-08-04,000986,全指能源,行业，资源，能源,13.96,韭圈儿
2011-08-05,000986,全指能源,行业，资源，能源,13.6,韭圈儿
2011-08-08,000986,全指能源,行业，资源，能源,13.03,韭圈儿
2011-08-09,000986,全指能源,行业，资源，能源,12.92,韭圈儿
2011-08-10,000986,全指能源,行业，资源，能源,13.03,韭圈儿
2011-08-11,000986,全指能源,行业，资源，能源,13.14,韭圈儿
2011-08-12,000986,全指能源,行业，资源，能源,13.19,韭圈儿
2011-08-15,000986,全指能源,行业，资源，能源,13.31,韭圈儿
2011-08-16,000986,全指能源,行业，资源，能源,13.25,韭圈儿
2011-08-17,000986,全指能源,行业，资源，能源,13.17,韭圈儿
2011-08-18,000986,全指能源,行业，资源，能源,12.87,韭圈儿
2011-08-19,000986,全指能源,行业，资源，能源,12.72,韭圈儿
2011-08-22,000986,全指能源,行业，资源，能源,12.58,韭圈儿
2011-08-23,000986,全指能源,行业，资源，能源,12.76,韭圈儿
2011-08-24,000986,全指能源,行业，资源，能源,12.71,韭圈儿
2011-08-25,000986,全指能源,行业，资源，能源,13.13,韭圈儿
2011-08-26,000986,全指能源,行业，资源，能源,13.24,韭圈儿
2011-08-29,000986,全指能源,行业，资源，能源,13.11,韭圈儿
2011-08-30,000986,全指能源,行业，资源，能源,13.1,韭圈儿
2011-08-31,000986,全指能源,行业，资源，能源,13.09,韭圈儿
2011-09-01,000986,全指能源,行业，资源，能源,13.03,韭圈儿
2011-09-02,000986,全指能源,行业，资源，能源,12.87,韭圈儿
2011-09-05,000986,全指能源,行业，资源，能源,12.55,韭圈儿
2011-09-06,000986,全指能源,行业，资源，能源,12.58,韭圈儿
2011-09-07,000986,全指能源,行业，资源，能源,12.79,韭圈儿
2011-09-08,000986,全指能源,行业，资源，能源,12.74,韭圈儿
2011-09-09,000986,全指能源,行业，资源，能源,12.74,韭圈儿
2011-09-13,000986,全指能源,行业，资源，能源,12.63,韭圈儿
2011-09-14,000986,全指能源,行业，资源，能源,12.72,韭圈儿
2011-09-15,000986,全指能源,行业，资源，能源,12.65,韭圈儿
2011-09-16,000986,全指能源,行业，资源，能源,12.68,韭圈儿
2011-09-19,000986,全指能源,行业，资源，能源,12.44,韭圈儿
2011-09-20,000986,全指能源,行业，资源，能源,12.5,韭圈儿
2011-09-21,000986,全指能源,行业，资源，能源,12.87,韭圈儿
2011-09-22,000986,全指能源,行业，资源，能源,12.55,韭圈儿
2011-09-23,000986,全指能源,行业，资源，能源,12.57,韭圈儿
2011-09-26,000986,全指能源,行业，资源，能源,12.52,韭圈儿
2011-09-27,000986,全指能源,行业，资源，能源,12.67,韭圈儿
2011-09-28,000986,全指能源,行业，资源，能源,12.67,韭圈儿
2011-09-29,000986,全指能源,行业，资源，能源,12.7,韭圈儿
2011-09-30,000986,全指能源,行业，资源，能源,12.69,韭圈儿
2011-10-10,000986,全指能源,行业，资源，能源,12.6,韭圈儿
2011-10-11,000986,全指能源,行业，资源，能源,12.4,韭圈儿
2011-10-12,000986,全指能源,行业，资源，能源,12.72,韭圈儿
2011-10-13,000986,全指能源,行业，资源，能源,12.79,韭圈儿
2011-10-14,000986,全指能源,行业，资源，能源,12.75,韭圈儿
2011-10-17,000986,全指能源,行业，资源，能源,12.8,韭圈儿
2011-10-18,000986,全指能源,行业，资源，能源,12.49,韭圈儿
2011-10-19,000986,全指能源,行业，资源，能源,12.5,韭圈儿
2011-10-20,000986,全指能源,行业，资源，能源,12.33,韭圈儿
2011-10-21,000986,全指能源,行业，资源，能源,12.21,韭圈儿
2011-10-24,000986,全指能源,行业，资源，能源,12.48,韭圈儿
2011-10-25,000986,全指能源,行业，资源，能源,12.67,韭圈儿
2011-10-26,000986,全指能源,行业，资源，能源,12.7,韭圈儿
2011-10-27,000986,全指能源,行业，资源，能源,12.71,韭圈儿
2011-10-28,000986,全指能源,行业，资源，能源,12.91,韭圈儿
2011-10-31,000986,全指能源,行业，资源，能源,12.69,韭圈儿
2011-11-01,000986,全指能源,行业，资源，能源,12.68,韭圈儿
2011-11-02,000986,全指能源,行业，资源，能源,12.79,韭圈儿
2011-11-03,000986,全指能源,行业，资源，能源,12.79,韭圈儿
2011-11-04,000986,全指能源,行业，资源，能源,12.96,韭圈儿
2011-11-07,000986,全指能源,行业，资源，能源,12.92,韭圈儿
2011-11-08,000986,全指能源,行业，资源，能源,13.05,韭圈儿
2011-11-09,000986,全指能源,行业，资源，能源,13.12,韭圈儿
2011-11-10,000986,全指能源,行业，资源，能源,12.9,韭圈儿
2011-11-11,000986,全指能源,行业，资源，能源,12.94,韭圈儿
2011-11-14,000986,全指能源,行业，资源，能源,13.2,韭圈儿
2011-11-15,000986,全指能源,行业，资源，能源,13.19,韭圈儿
2011-11-16,000986,全指能源,行业，资源，能源,12.82,韭圈儿
2011-11-17,000986,全指能源,行业，资源，能源,12.83,韭圈儿
2011-11-18,000986,全指能源,行业，资源，能源,12.58,韭圈儿
2011-11-21,000986,全指能源,行业，资源，能源,12.54,韭圈儿
2011-11-22,000986,全指能源,行业，资源，能源,12.5,韭圈儿
2011-11-23,000986,全指能源,行业，资源，能源,12.37,韭圈儿
2011-11-24,000986,全指能源,行业，资源，能源,12.37,韭圈儿
2011-11-25,000986,全指能源,行业，资源，能源,12.3,韭圈儿
2011-11-28,000986,全指能源,行业，资源，能源,12.37,韭圈儿
2011-11-29,000986,全指能源,行业，资源，能源,12.51,韭圈儿
2011-11-30,000986,全指能源,行业，资源，能源,12.09,韭圈儿
2011-12-01,000986,全指能源,行业，资源，能源,12.34,韭圈儿
2011-12-02,000986,全指能源,行业，资源，能源,12.23,韭圈儿
2011-12-05,000986,全指能源,行业，资源，能源,12.2,韭圈儿
2011-12-06,000986,全指能源,行业，资源，能源,12.26,韭圈儿
2011-12-07,000986,全指能源,行业，资源，能源,12.29,韭圈儿
2011-12-08,000986,全指能源,行业，资源，能源,12.26,韭圈儿
2011-12-09,000986,全指能源,行业，资源，能源,12.19,韭圈儿
2011-12-12,000986,全指能源,行业，资源，能源,12.03,韭圈儿
2011-12-13,000986,全指能源,行业，资源，能源,11.9,韭圈儿
2011-12-14,000986,全指能源,行业，资源，能源,11.87,韭圈儿
2011-12-15,000986,全指能源,行业，资源，能源,11.6,韭圈儿
2011-12-16,000986,全指能源,行业，资源，能源,11.8,韭圈儿
2011-12-19,000986,全指能源,行业，资源，能源,11.75,韭圈儿
2011-12-20,000986,全指能源,行业，资源，能源,11.78,韭圈儿
2011-12-21,000986,全指能源,行业，资源，能源,11.74,韭圈儿
2011-12-22,000986,全指能源,行业，资源，能源,11.78,韭圈儿
2011-12-23,000986,全指能源,行业，资源，能源,11.9,韭圈儿
2011-12-26,000986,全指能源,行业，资源，能源,11.79,韭圈儿
2011-12-27,000986,全指能源,行业，资源，能源,11.71,韭圈儿
2011-12-28,000986,全指能源,行业，资源，能源,11.8,韭圈儿
2011-12-29,000986,全指能源,行业，资源，能源,11.85,韭圈儿
2011-12-30,000986,全指能源,行业，资源，能源,11.91,韭圈儿
2012-01-04,000986,全指能源,行业，资源，能源,11.85,韭圈儿
2012-01-05,000986,全指能源,行业，资源，能源,11.83,韭圈儿
2012-01-06,000986,全指能源,行业，资源，能源,11.97,韭圈儿
2012-01-09,000986,全指能源,行业，资源，能源,12.38,韭圈儿
2012-01-10,000986,全指能源,行业，资源，能源,12.63,韭圈儿
2012-01-11,000986,全指能源,行业，资源，能源,12.46,韭圈儿
2012-01-12,000986,全指能源,行业，资源，能源,12.44,韭圈儿
2012-01-13,000986,全指能源,行业，资源，能源,12.44,韭圈儿
2012-01-16,000986,全指能源,行业，资源，能源,12.28,韭圈儿
2012-01-17,000986,全指能源,行业，资源，能源,12.75,韭圈儿
2012-01-18,000986,全指能源,行业，资源，能源,12.54,韭圈儿
2012-01-19,000986,全指能源,行业，资源，能源,12.65,韭圈儿
2012-01-20,000986,全指能源,行业，资源，能源,12.7,韭圈儿
2012-01-30,000986,全指能源,行业，资源，能源,12.52,韭圈儿
2012-01-31,000986,全指能源,行业，资源，能源,12.6,韭圈儿
2012-02-01,000986,全指能源,行业，资源，能源,12.51,韭圈儿
2012-02-02,000986,全指能源,行业，资源，能源,12.67,韭圈儿
2012-02-03,000986,全指能源,行业，资源，能源,12.68,韭圈儿
2012-02-06,000986,全指能源,行业，资源，能源,12.7,韭圈儿
2012-02-07,000986,全指能源,行业，资源，能源,12.5,韭圈儿
2012-02-08,000986,全指能源,行业，资源，能源,12.79,韭圈儿
2012-02-09,000986,全指能源,行业，资源，能源,12.78,韭圈儿
2012-02-10,000986,全指能源,行业，资源，能源,12.78,韭圈儿
2012-02-13,000986,全指能源,行业，资源，能源,12.73,韭圈儿
2012-02-14,000986,全指能源,行业，资源，能源,12.73,韭圈儿
2012-02-15,000986,全指能源,行业，资源，能源,12.8,韭圈儿
2012-02-16,000986,全指能源,行业，资源，能源,12.69,韭圈儿
2012-02-17,000986,全指能源,行业，资源，能源,12.66,韭圈儿
2012-02-20,000986,全指能源,行业，资源，能源,12.75,韭圈儿
2012-02-21,000986,全指能源,行业，资源，能源,12.76,韭圈儿
2012-02-22,000986,全指能源,行业，资源，能源,12.83,韭圈儿
2012-02-23,000986,全指能源,行业，资源，能源,12.9,韭圈儿
2012-02-24,000986,全指能源,行业，资源，能源,13.07,韭圈儿
2012-02-27,000986,全指能源,行业，资源，能源,13.15,韭圈儿
2012-02-28,000986,全指能源,行业，资源，能源,13.15,韭圈儿
2012-02-29,000986,全指能源,行业，资源，能源,13.03,韭圈儿
2012-03-01,000986,全指能源,行业，资源，能源,12.97,韭圈儿
2012-03-02,000986,全指能源,行业，资源，能源,13.16,韭圈儿
2012-03-05,000986,全指能源,行业，资源，能源,13.05,韭圈儿
2012-03-06,000986,全指能源,行业，资源，能源,12.83,韭圈儿
2012-03-07,000986,全指能源,行业，资源，能源,12.73,韭圈儿
2012-03-08,000986,全指能源,行业，资源，能源,12.85,韭圈儿
2012-03-09,000986,全指能源,行业，资源，能源,12.97,韭圈儿
2012-03-12,000986,全指能源,行业，资源，能源,12.9,韭圈儿
2012-03-13,000986,全指能源,行业，资源，能源,13.03,韭圈儿
2012-03-14,000986,全指能源,行业，资源，能源,12.72,韭圈儿
2012-03-15,000986,全指能源,行业，资源，能源,12.72,韭圈儿
2012-03-16,000986,全指能源,行业，资源，能源,12.84,韭圈儿
2012-03-19,000986,全指能源,行业，资源，能源,12.84,韭圈儿
2012-03-20,000986,全指能源,行业，资源，能源,12.74,韭圈儿
2012-03-21,000986,全指能源,行业，资源，能源,12.72,韭圈儿
2012-03-22,000986,全指能源,行业，资源，能源,12.63,韭圈儿
2012-03-23,000986,全指能源,行业，资源，能源,12.54,韭圈儿
2012-03-26,000986,全指能源,行业，资源，能源,12.59,韭圈儿
2012-03-27,000986,全指能源,行业，资源，能源,12.59,韭圈儿
2012-03-28,000986,全指能源,行业，资源，能源,12.29,韭圈儿
2012-03-29,000986,全指能源,行业，资源，能源,12.08,韭圈儿
2012-03-30,000986,全指能源,行业，资源，能源,12.52,韭圈儿
2012-04-05,000986,全指能源,行业，资源，能源,12.65,韭圈儿
2012-04-06,000986,全指能源,行业，资源，能源,12.65,韭圈儿
2012-04-09,000986,全指能源,行业，资源，能源,12.52,韭圈儿
2012-04-10,000986,全指能源,行业，资源，能源,12.6,韭圈儿
2012-04-11,000986,全指能源,行业，资源，能源,12.61,韭圈儿
2012-04-12,000986,全指能源,行业，资源，能源,12.86,韭圈儿
2012-04-13,000986,全指能源,行业，资源，能源,12.87,韭圈儿
2012-04-16,000986,全指能源,行业，资源，能源,12.86,韭圈儿
2012-04-17,000986,全指能源,行业，资源，能源,12.76,韭圈儿
2012-04-18,000986,全指能源,行业，资源，能源,12.99,韭圈儿
2012-04-19,000986,全指能源,行业，资源，能源,12.94,韭圈儿
2012-04-20,000986,全指能源,行业，资源，能源,13.07,韭圈儿
2012-04-23,000986,全指能源,行业，资源，能源,12.91,韭圈儿
2012-04-24,000986,全指能源,行业，资源，能源,12.92,韭圈儿
2012-04-25,000986,全指能源,行业，资源，能源,13.02,韭圈儿
2012-04-26,000986,全指能源,行业，资源，能源,13.04,韭圈儿
2012-04-27,000986,全指能源,行业，资源，能源,13.27,韭圈儿
2012-05-02,000986,全指能源,行业，资源，能源,13.59,韭圈儿
2012-05-03,000986,全指能源,行业，资源，能源,13.58,韭圈儿
2012-05-04,000986,全指能源,行业，资源，能源,13.56,韭圈儿
2012-05-07,000986,全指能源,行业，资源，能源,13.47,韭圈儿
2012-05-08,000986,全指能源,行业，资源，能源,13.41,韭圈儿
2012-05-09,000986,全指能源,行业，资源，能源,13.15,韭圈儿
2012-05-10,000986,全指能源,行业，资源，能源,13.13,韭圈儿
2012-05-11,000986,全指能源,行业，资源，能源,13.07,韭圈儿
2012-05-14,000986,全指能源,行业，资源，能源,12.98,韭圈儿
2012-05-15,000986,全指能源,行业，资源，能源,12.9,韭圈儿
2012-05-16,000986,全指能源,行业，资源，能源,12.76,韭圈儿
2012-05-17,000986,全指能源,行业，资源，能源,12.91,韭圈儿
2012-05-18,000986,全指能源,行业，资源，能源,12.73,韭圈儿
2012-05-21,000986,全指能源,行业，资源，能源,12.83,韭圈儿
2012-05-22,000986,全指能源,行业，资源，能源,12.93,韭圈儿
2012-05-23,000986,全指能源,行业，资源，能源,12.89,韭圈儿
2012-05-24,000986,全指能源,行业，资源，能源,12.83,韭圈儿
2012-05-25,000986,全指能源,行业，资源，能源,12.77,韭圈儿
2012-05-28,000986,全指能源,行业，资源，能源,12.84,韭圈儿
2012-05-29,000986,全指能源,行业，资源，能源,12.94,韭圈儿
2012-05-30,000986,全指能源,行业，资源，能源,12.87,韭圈儿
2012-05-31,000986,全指能源,行业，资源，能源,12.72,韭圈儿
2012-06-01,000986,全指能源,行业，资源，能源,12.7,韭圈儿
2012-06-04,000986,全指能源,行业，资源，能源,12.35,韭圈儿
2012-06-05,000986,全指能源,行业，资源，能源,12.37,韭圈儿
2012-06-06,000986,全指能源,行业，资源，能源,12.29,韭圈儿
2012-06-07,000986,全指能源,行业，资源，能源,12.14,韭圈儿
2012-06-08,000986,全指能源,行业，资源，能源,12.09,韭圈儿
2012-06-11,000986,全指能源,行业，资源，能源,12.2,韭圈儿
2012-06-12,000986,全指能源,行业，资源，能源,12.07,韭圈儿
2012-06-13,000986,全指能源,行业，资源，能源,12.1,韭圈儿
2012-06-14,000986,全指能源,行业，资源，能源,12.01,韭圈儿
2012-06-15,000986,全指能源,行业，资源，能源,12.08,韭圈儿
2012-06-18,000986,全指能源,行业，资源，能源,12.14,韭圈儿
2012-06-19,000986,全指能源,行业，资源，能源,12.04,韭圈儿
2012-06-20,000986,全指能源,行业，资源，能源,12.1,韭圈儿
2012-06-21,000986,全指能源,行业，资源，能源,11.87,韭圈儿
2012-06-25,000986,全指能源,行业，资源，能源,11.67,韭圈儿
2012-06-26,000986,全指能源,行业，资源，能源,11.62,韭圈儿
2012-06-27,000986,全指能源,行业，资源，能源,11.62,韭圈儿
2012-06-28,000986,全指能源,行业，资源，能源,11.52,韭圈儿
2012-06-29,000986,全指能源,行业，资源，能源,11.63,韭圈儿
2012-07-02,000986,全指能源,行业，资源，能源,11.57,韭圈儿
2012-07-03,000986,全指能源,行业，资源，能源,11.63,韭圈儿
2012-07-04,000986,全指能源,行业，资源，能源,11.64,韭圈儿
2012-07-05,000986,全指能源,行业，资源，能源,11.54,韭圈儿
2012-07-06,000986,全指能源,行业，资源，能源,11.61,韭圈儿
2012-07-09,000986,全指能源,行业，资源，能源,11.21,韭圈儿
2012-07-10,000986,全指能源,行业，资源，能源,11.27,韭圈儿
2012-07-11,000986,全指能源,行业，资源，能源,11.31,韭圈儿
2012-07-12,000986,全指能源,行业，资源，能源,11.46,韭圈儿
2012-07-13,000986,全指能源,行业，资源，能源,11.46,韭圈儿
2012-07-16,000986,全指能源,行业，资源，能源,11.35,韭圈儿
2012-07-17,000986,全指能源,行业，资源，能源,11.43,韭圈儿
2012-07-18,000986,全指能源,行业，资源，能源,11.49,韭圈儿
2012-07-19,000986,全指能源,行业，资源，能源,11.56,韭圈儿
2012-07-20,000986,全指能源,行业，资源，能源,11.47,韭圈儿
2012-07-23,000986,全指能源,行业，资源，能源,11.32,韭圈儿
2012-07-24,000986,全指能源,行业，资源，能源,11.34,韭圈儿
2012-07-25,000986,全指能源,行业，资源，能源,11.28,韭圈儿
2012-07-26,000986,全指能源,行业，资源，能源,11.25,韭圈儿
2012-07-27,000986,全指能源,行业，资源，能源,11.32,韭圈儿
2012-07-30,000986,全指能源,行业，资源，能源,11.3,韭圈儿
2012-07-31,000986,全指能源,行业，资源，能源,11.24,韭圈儿
2012-08-01,000986,全指能源,行业，资源，能源,11.33,韭圈儿
2012-08-02,000986,全指能源,行业，资源，能源,11.25,韭圈儿
2012-08-03,000986,全指能源,行业，资源，能源,11.43,韭圈儿
2012-08-06,000986,全指能源,行业，资源，能源,11.52,韭圈儿
2012-08-07,000986,全指能源,行业，资源，能源,11.53,韭圈儿
2012-08-08,000986,全指能源,行业，资源，能源,11.56,韭圈儿
2012-08-09,000986,全指能源,行业，资源，能源,11.6,韭圈儿
2012-08-10,000986,全指能源,行业，资源，能源,11.54,韭圈儿
2012-08-13,000986,全指能源,行业，资源，能源,11.44,韭圈儿
2012-08-14,000986,全指能源,行业，资源，能源,11.52,韭圈儿
2012-08-15,000986,全指能源,行业，资源，能源,11.39,韭圈儿
2012-08-16,000986,全指能源,行业，资源，能源,11.37,韭圈儿
2012-08-17,000986,全指能源,行业，资源，能源,11.43,韭圈儿
2012-08-20,000986,全指能源,行业，资源，能源,11.37,韭圈儿
2012-08-21,000986,全指能源,行业，资源，能源,11.4,韭圈儿
2012-08-22,000986,全指能源,行业，资源，能源,11.38,韭圈儿
2012-08-23,000986,全指能源,行业，资源，能源,11.39,韭圈儿
2012-08-24,000986,全指能源,行业，资源，能源,11.48,韭圈儿
2012-08-27,000986,全指能源,行业，资源，能源,11.53,韭圈儿
2012-08-28,000986,全指能源,行业，资源，能源,11.78,韭圈儿
2012-08-29,000986,全指能源,行业，资源，能源,11.56,韭圈儿
2012-08-30,000986,全指能源,行业，资源，能源,11.61,韭圈儿
2012-08-31,000986,全指能源,行业，资源，能源,11.54,韭圈儿
2012-09-03,000986,全指能源,行业，资源，能源,11.59,韭圈儿
2012-09-04,000986,全指能源,行业，资源，能源,11.55,韭圈儿
2012-09-05,000986,全指能源,行业，资源，能源,11.46,韭圈儿
2012-09-06,000986,全指能源,行业，资源，能源,11.52,韭圈儿
2012-09-07,000986,全指能源,行业，资源，能源,11.95,韭圈儿
2012-09-10,000986,全指能源,行业，资源，能源,11.99,韭圈儿
2012-09-11,000986,全指能源,行业，资源，能源,11.87,韭圈儿
2012-09-12,000986,全指能源,行业，资源，能源,11.94,韭圈儿
2012-09-13,000986,全指能源,行业，资源，能源,11.86,韭圈儿
2012-09-14,000986,全指能源,行业，资源，能源,11.96,韭圈儿
2012-09-17,000986,全指能源,行业，资源，能源,11.75,韭圈儿
2012-09-18,000986,全指能源,行业，资源，能源,11.59,韭圈儿
2012-09-19,000986,全指能源,行业，资源，能源,11.61,韭圈儿
2012-09-20,000986,全指能源,行业，资源，能源,11.35,韭圈儿
2012-09-21,000986,全指能源,行业，资源，能源,11.44,韭圈儿
2012-09-24,000986,全指能源,行业，资源，能源,11.45,韭圈儿
2012-09-25,000986,全指能源,行业，资源，能源,11.48,韭圈儿
2012-09-26,000986,全指能源,行业，资源，能源,11.32,韭圈儿
2012-09-27,000986,全指能源,行业，资源，能源,11.65,韭圈儿
2012-09-28,000986,全指能源,行业，资源，能源,11.78,韭圈儿
2012-10-08,000986,全指能源,行业，资源，能源,11.67,韭圈儿
2012-10-09,000986,全指能源,行业，资源，能源,11.89,韭圈儿
2012-10-10,000986,全指能源,行业，资源，能源,11.92,韭圈儿
2012-10-11,000986,全指能源,行业，资源，能源,11.83,韭圈儿
2012-10-12,000986,全指能源,行业，资源，能源,11.85,韭圈儿
2012-10-15,000986,全指能源,行业，资源，能源,11.83,韭圈儿
2012-10-16,000986,全指能源,行业，资源，能源,11.82,韭圈儿
2012-10-17,000986,全指能源,行业，资源，能源,11.94,韭圈儿
2012-10-18,000986,全指能源,行业，资源，能源,12.09,韭圈儿
2012-10-19,000986,全指能源,行业，资源，能源,12.04,韭圈儿
2012-10-22,000986,全指能源,行业，资源，能源,12.06,韭圈儿
2012-10-23,000986,全指能源,行业，资源，能源,11.97,韭圈儿
2012-10-24,000986,全指能源,行业，资源，能源,11.99,韭圈儿
2012-10-25,000986,全指能源,行业，资源，能源,11.93,韭圈儿
2012-10-26,000986,全指能源,行业，资源，能源,11.8,韭圈儿
2012-10-29,000986,全指能源,行业，资源，能源,11.96,韭圈儿
2012-10-30,000986,全指能源,行业，资源，能源,12.01,韭圈儿
2012-10-31,000986,全指能源,行业，资源，能源,12.62,韭圈儿
2012-11-01,000986,全指能源,行业，资源，能源,12.78,韭圈儿
2012-11-02,000986,全指能源,行业，资源，能源,12.83,韭圈儿
2012-11-05,000986,全指能源,行业，资源，能源,12.86,韭圈儿
2012-11-06,000986,全指能源,行业，资源，能源,12.8,韭圈儿
2012-11-07,000986,全指能源,行业，资源，能源,12.83,韭圈儿
2012-11-08,000986,全指能源,行业，资源，能源,12.59,韭圈儿
2012-11-09,000986,全指能源,行业，资源，能源,12.56,韭圈儿
2012-11-12,000986,全指能源,行业，资源，能源,12.62,韭圈儿
2012-11-13,000986,全指能源,行业，资源，能源,12.44,韭圈儿
2012-11-14,000986,全指能源,行业，资源，能源,12.49,韭圈儿
2012-11-15,000986,全指能源,行业，资源，能源,12.35,韭圈儿
2012-11-16,000986,全指能源,行业，资源，能源,12.22,韭圈儿
2012-11-19,000986,全指能源,行业，资源，能源,12.24,韭圈儿
2012-11-20,000986,全指能源,行业，资源，能源,12.17,韭圈儿
2012-11-21,000986,全指能源,行业，资源，能源,12.31,韭圈儿
2012-11-22,000986,全指能源,行业，资源，能源,12.17,韭圈儿
2012-11-23,000986,全指能源,行业，资源，能源,12.22,韭圈儿
2012-11-26,000986,全指能源,行业，资源，能源,12.17,韭圈儿
2012-11-27,000986,全指能源,行业，资源，能源,12.11,韭圈儿
2012-11-28,000986,全指能源,行业，资源，能源,12.09,韭圈儿
2012-11-29,000986,全指能源,行业，资源，能源,12.01,韭圈儿
2012-11-30,000986,全指能源,行业，资源，能源,12.03,韭圈儿
2012-12-03,000986,全指能源,行业，资源，能源,11.95,韭圈儿
2012-12-04,000986,全指能源,行业，资源，能源,12.07,韭圈儿
2012-12-05,000986,全指能源,行业，资源，能源,12.35,韭圈儿
2012-12-06,000986,全指能源,行业，资源，能源,12.31,韭圈儿
2012-12-07,000986,全指能源,行业，资源，能源,12.51,韭圈儿
2012-12-10,000986,全指能源,行业，资源，能源,12.57,韭圈儿
2012-12-11,000986,全指能源,行业，资源，能源,12.52,韭圈儿
2012-12-12,000986,全指能源,行业，资源，能源,12.53,韭圈儿
2012-12-13,000986,全指能源,行业，资源，能源,12.43,韭圈儿
2012-12-14,000986,全指能源,行业，资源，能源,12.85,韭圈儿
2012-12-17,000986,全指能源,行业，资源，能源,12.97,韭圈儿
2012-12-18,000986,全指能源,行业，资源，能源,12.94,韭圈儿
2012-12-19,000986,全指能源,行业，资源，能源,12.98,韭圈儿
2012-12-20,000986,全指能源,行业，资源，能源,13.03,韭圈儿
2012-12-21,000986,全指能源,行业，资源，能源,12.94,韭圈儿
2012-12-24,000986,全指能源,行业，资源，能源,12.91,韭圈儿
2012-12-25,000986,全指能源,行业，资源，能源,13.2,韭圈儿
2012-12-26,000986,全指能源,行业，资源，能源,13.25,韭圈儿
2012-12-27,000986,全指能源,行业，资源，能源,13.2,韭圈儿
2012-12-28,000986,全指能源,行业，资源，能源,13.3,韭圈儿
2012-12-31,000986,全指能源,行业，资源，能源,13.45,韭圈儿
2013-01-04,000986,全指能源,行业，资源，能源,13.43,韭圈儿
2013-01-07,000986,全指能源,行业，资源，能源,13.42,韭圈儿
2013-01-08,000986,全指能源,行业，资源，能源,13.38,韭圈儿
2013-01-09,000986,全指能源,行业，资源，能源,13.48,韭圈儿
2013-01-10,000986,全指能源,行业，资源，能源,13.45,韭圈儿
2013-01-11,000986,全指能源,行业，资源，能源,13.24,韭圈儿
2013-01-14,000986,全指能源,行业，资源，能源,13.52,韭圈儿
2013-01-15,000986,全指能源,行业，资源，能源,13.54,韭圈儿
2013-01-16,000986,全指能源,行业，资源，能源,13.43,韭圈儿
2013-01-17,000986,全指能源,行业，资源，能源,13.29,韭圈儿
2013-01-18,000986,全指能源,行业，资源，能源,13.48,韭圈儿
2013-01-21,000986,全指能源,行业，资源，能源,13.64,韭圈儿
2013-01-22,000986,全指能源,行业，资源，能源,13.45,韭圈儿
2013-01-23,000986,全指能源,行业，资源，能源,13.46,韭圈儿
2013-01-24,000986,全指能源,行业，资源，能源,13.36,韭圈儿
2013-01-25,000986,全指能源,行业，资源，能源,13.31,韭圈儿
2013-01-28,000986,全指能源,行业，资源，能源,13.52,韭圈儿
2013-01-29,000986,全指能源,行业，资源，能源,13.56,韭圈儿
2013-01-30,000986,全指能源,行业，资源，能源,13.81,韭圈儿
2013-01-31,000986,全指能源,行业，资源，能源,13.77,韭圈儿
2013-02-01,000986,全指能源,行业，资源，能源,13.81,韭圈儿
2013-02-04,000986,全指能源,行业，资源，能源,13.98,韭圈儿
2013-02-05,000986,全指能源,行业，资源，能源,13.96,韭圈儿
2013-02-06,000986,全指能源,行业，资源，能源,13.87,韭圈儿
2013-02-07,000986,全指能源,行业，资源，能源,13.84,韭圈儿
2013-02-08,000986,全指能源,行业，资源，能源,13.96,韭圈儿
2013-02-18,000986,全指能源,行业，资源，能源,14.04,韭圈儿
2013-02-19,000986,全指能源,行业，资源，能源,13.82,韭圈儿
2013-02-20,000986,全指能源,行业，资源，能源,13.92,韭圈儿
2013-02-21,000986,全指能源,行业，资源，能源,13.46,韭圈儿
2013-02-22,000986,全指能源,行业，资源，能源,13.37,韭圈儿
2013-02-25,000986,全指能源,行业，资源，能源,13.46,韭圈儿
2013-02-26,000986,全指能源,行业，资源，能源,13.25,韭圈儿
2013-02-27,000986,全指能源,行业，资源，能源,13.33,韭圈儿
2013-02-28,000986,全指能源,行业，资源，能源,13.53,韭圈儿
2013-03-01,000986,全指能源,行业，资源，能源,13.45,韭圈儿
2013-03-04,000986,全指能源,行业，资源，能源,13.09,韭圈儿
2013-03-05,000986,全指能源,行业，资源，能源,13.16,韭圈儿
2013-03-06,000986,全指能源,行业，资源，能源,13.26,韭圈儿
2013-03-07,000986,全指能源,行业，资源，能源,13.29,韭圈儿
2013-03-08,000986,全指能源,行业，资源，能源,13.36,韭圈儿
2013-03-11,000986,全指能源,行业，资源，能源,13.3,韭圈儿
2013-03-12,000986,全指能源,行业，资源，能源,13.35,韭圈儿
2013-03-13,000986,全指能源,行业，资源，能源,13.27,韭圈儿
2013-03-14,000986,全指能源,行业，资源，能源,13.32,韭圈儿
2013-03-15,000986,全指能源,行业，资源，能源,13.37,韭圈儿
2013-03-18,000986,全指能源,行业，资源，能源,13.1,韭圈儿
2013-03-19,000986,全指能源,行业，资源，能源,13.24,韭圈儿
2013-03-20,000986,全指能源,行业，资源，能源,13.4,韭圈儿
2013-03-21,000986,全指能源,行业，资源，能源,13.42,韭圈儿
2013-03-22,000986,全指能源,行业，资源，能源,13.52,韭圈儿
2013-03-25,000986,全指能源,行业，资源，能源,13.09,韭圈儿
2013-03-26,000986,全指能源,行业，资源，能源,12.89,韭圈儿
2013-03-27,000986,全指能源,行业，资源，能源,12.88,韭圈儿
2013-03-28,000986,全指能源,行业，资源，能源,12.73,韭圈儿
2013-03-29,000986,全指能源,行业，资源，能源,12.69,韭圈儿
2013-04-01,000986,全指能源,行业，资源，能源,12.67,韭圈儿
2013-04-02,000986,全指能源,行业，资源，能源,12.66,韭圈儿
2013-04-03,000986,全指能源,行业，资源，能源,12.64,韭圈儿
2013-04-08,000986,全指能源,行业，资源，能源,12.5,韭圈儿
2013-04-09,000986,全指能源,行业，资源，能源,12.53,韭圈儿
2013-04-10,000986,全指能源,行业，资源，能源,12.6,韭圈儿
2013-04-11,000986,全指能源,行业，资源，能源,12.55,韭圈儿
2013-04-12,000986,全指能源,行业，资源，能源,12.46,韭圈儿
2013-04-15,000986,全指能源,行业，资源，能源,12.22,韭圈儿
2013-04-16,000986,全指能源,行业，资源，能源,12.22,韭圈儿
2013-04-17,000986,全指能源,行业，资源，能源,12.21,韭圈儿
2013-04-18,000986,全指能源,行业，资源，能源,12.18,韭圈儿
2013-04-19,000986,全指能源,行业，资源，能源,12.38,韭圈儿
2013-04-22,000986,全指能源,行业，资源，能源,12.38,韭圈儿
2013-04-23,000986,全指能源,行业，资源，能源,12.13,韭圈儿
2013-04-24,000986,全指能源,行业，资源，能源,12.26,韭圈儿
2013-04-25,000986,全指能源,行业，资源，能源,12.26,韭圈儿
2013-04-26,000986,全指能源,行业，资源，能源,12.31,韭圈儿
2013-05-02,000986,全指能源,行业，资源，能源,12.25,韭圈儿
2013-05-03,000986,全指能源,行业，资源，能源,12.37,韭圈儿
2013-05-06,000986,全指能源,行业，资源，能源,12.5,韭圈儿
2013-05-07,000986,全指能源,行业，资源，能源,12.51,韭圈儿
2013-05-08,000986,全指能源,行业，资源，能源,12.53,韭圈儿
2013-05-09,000986,全指能源,行业，资源，能源,12.4,韭圈儿
2013-05-10,000986,全指能源,行业，资源，能源,12.47,韭圈儿
2013-05-13,000986,全指能源,行业，资源，能源,12.43,韭圈儿
2013-05-14,000986,全指能源,行业，资源，能源,12.29,韭圈儿
2013-05-15,000986,全指能源,行业，资源，能源,12.29,韭圈儿
2013-05-16,000986,全指能源,行业，资源，能源,12.41,韭圈儿
2013-05-17,000986,全指能源,行业，资源，能源,12.64,韭圈儿
2013-05-20,000986,全指能源,行业，资源，能源,12.7,韭圈儿
2013-05-21,000986,全指能源,行业，资源，能源,12.68,韭圈儿
2013-05-22,000986,全指能源,行业，资源，能源,12.66,韭圈儿
2013-05-23,000986,全指能源,行业，资源，能源,12.52,韭圈儿
2013-05-24,000986,全指能源,行业，资源，能源,12.55,韭圈儿
2013-05-27,000986,全指能源,行业，资源，能源,12.54,韭圈儿
2013-05-28,000986,全指能源,行业，资源，能源,12.66,韭圈儿
2013-05-29,000986,全指能源,行业，资源，能源,12.63,韭圈儿
2013-05-30,000986,全指能源,行业，资源，能源,12.56,韭圈儿
2013-05-31,000986,全指能源,行业，资源，能源,12.51,韭圈儿
2013-06-03,000986,全指能源,行业，资源，能源,12.51,韭圈儿
2013-06-04,000986,全指能源,行业，资源，能源,12.41,韭圈儿
2013-06-05,000986,全指能源,行业，资源，能源,12.43,韭圈儿
2013-06-06,000986,全指能源,行业，资源，能源,12.31,韭圈儿
2013-06-07,000986,全指能源,行业，资源，能源,12.14,韭圈儿
2013-06-13,000986,全指能源,行业，资源，能源,11.77,韭圈儿
2013-06-14,000986,全指能源,行业，资源，能源,11.75,韭圈儿
2013-06-17,000986,全指能源,行业，资源，能源,11.74,韭圈儿
2013-06-18,000986,全指能源,行业，资源，能源,11.71,韭圈儿
2013-06-19,000986,全指能源,行业，资源，能源,11.6,韭圈儿
2013-06-20,000986,全指能源,行业，资源，能源,11.31,韭圈儿
2013-06-21,000986,全指能源,行业，资源，能源,11.16,韭圈儿
2013-06-24,000986,全指能源,行业，资源，能源,10.6,韭圈儿
2013-06-25,000986,全指能源,行业，资源，能源,10.46,韭圈儿
2013-06-26,000986,全指能源,行业，资源，能源,10.32,韭圈儿
2013-06-27,000986,全指能源,行业，资源，能源,10.29,韭圈儿
2013-06-28,000986,全指能源,行业，资源，能源,10.53,韭圈儿
2013-07-01,000986,全指能源,行业，资源，能源,10.87,韭圈儿
2013-07-02,000986,全指能源,行业，资源，能源,10.97,韭圈儿
2013-07-03,000986,全指能源,行业，资源，能源,11.04,韭圈儿
2013-07-04,000986,全指能源,行业，资源，能源,11.12,韭圈儿
2013-07-05,000986,全指能源,行业，资源，能源,11.08,韭圈儿
2013-07-08,000986,全指能源,行业，资源，能源,10.82,韭圈儿
2013-07-09,000986,全指能源,行业，资源，能源,10.94,韭圈儿
2013-07-10,000986,全指能源,行业，资源，能源,11.19,韭圈儿
2013-07-11,000986,全指能源,行业，资源，能源,11.39,韭圈儿
2013-07-12,000986,全指能源,行业，资源，能源,11.25,韭圈儿
2013-07-15,000986,全指能源,行业，资源，能源,11.23,韭圈儿
2013-07-16,000986,全指能源,行业，资源，能源,11.15,韭圈儿
2013-07-17,000986,全指能源,行业，资源，能源,11.07,韭圈儿
2013-07-18,000986,全指能源,行业，资源，能源,10.97,韭圈儿
2013-07-19,000986,全指能源,行业，资源，能源,11.0,韭圈儿
2013-07-22,000986,全指能源,行业，资源，能源,11.04,韭圈儿
2013-07-23,000986,全指能源,行业，资源，能源,11.19,韭圈儿
2013-07-24,000986,全指能源,行业，资源，能源,11.08,韭圈儿
2013-07-25,000986,全指能源,行业，资源，能源,11.03,韭圈儿
2013-07-26,000986,全指能源,行业，资源，能源,10.96,韭圈儿
2013-07-29,000986,全指能源,行业，资源，能源,10.8,韭圈儿
2013-07-30,000986,全指能源,行业，资源，能源,10.98,韭圈儿
2013-07-31,000986,全指能源,行业，资源，能源,11.03,韭圈儿
2013-08-01,000986,全指能源,行业，资源，能源,11.15,韭圈儿
2013-08-02,000986,全指能源,行业，资源，能源,11.17,韭圈儿
2013-08-05,000986,全指能源,行业，资源，能源,11.23,韭圈儿
2013-08-06,000986,全指能源,行业，资源，能源,11.25,韭圈儿
2013-08-07,000986,全指能源,行业，资源，能源,11.15,韭圈儿
2013-08-08,000986,全指能源,行业，资源，能源,11.13,韭圈儿
2013-08-09,000986,全指能源,行业，资源，能源,11.18,韭圈儿
2013-08-12,000986,全指能源,行业，资源，能源,11.59,韭圈儿
2013-08-13,000986,全指能源,行业，资源，能源,11.55,韭圈儿
2013-08-14,000986,全指能源,行业，资源，能源,11.51,韭圈儿
2013-08-15,000986,全指能源,行业，资源，能源,11.39,韭圈儿
2013-08-16,000986,全指能源,行业，资源，能源,11.36,韭圈儿
2013-08-19,000986,全指能源,行业，资源，能源,11.4,韭圈儿
2013-08-20,000986,全指能源,行业，资源，能源,11.48,韭圈儿
2013-08-21,000986,全指能源,行业，资源，能源,11.58,韭圈儿
2013-08-22,000986,全指能源,行业，资源，能源,11.54,韭圈儿
2013-08-23,000986,全指能源,行业，资源，能源,11.18,韭圈儿
2013-08-26,000986,全指能源,行业，资源，能源,11.28,韭圈儿
2013-08-27,000986,全指能源,行业，资源，能源,11.27,韭圈儿
2013-08-28,000986,全指能源,行业，资源，能源,11.33,韭圈儿
2013-08-29,000986,全指能源,行业，资源，能源,11.26,韭圈儿
2013-08-30,000986,全指能源,行业，资源，能源,11.16,韭圈儿
2013-09-02,000986,全指能源,行业，资源，能源,11.19,韭圈儿
2013-09-03,000986,全指能源,行业，资源，能源,11.29,韭圈儿
2013-09-04,000986,全指能源,行业，资源，能源,11.35,韭圈儿
2013-09-05,000986,全指能源,行业，资源，能源,11.28,韭圈儿
2013-09-06,000986,全指能源,行业，资源，能源,11.32,韭圈儿
2013-09-09,000986,全指能源,行业，资源，能源,11.54,韭圈儿
2013-09-10,000986,全指能源,行业，资源，能源,11.76,韭圈儿
2013-09-11,000986,全指能源,行业，资源，能源,11.84,韭圈儿
2013-09-12,000986,全指能源,行业，资源，能源,11.71,韭圈儿
2013-09-13,000986,全指能源,行业，资源，能源,11.6,韭圈儿
2013-09-16,000986,全指能源,行业，资源，能源,11.57,韭圈儿
2013-09-17,000986,全指能源,行业，资源，能源,11.4,韭圈儿
2013-09-18,000986,全指能源,行业，资源，能源,11.33,韭圈儿
2013-09-23,000986,全指能源,行业，资源，能源,11.44,韭圈儿
2013-09-24,000986,全指能源,行业，资源，能源,11.36,韭圈儿
2013-09-25,000986,全指能源,行业，资源，能源,11.3,韭圈儿
2013-09-26,000986,全指能源,行业，资源，能源,11.2,韭圈儿
2013-09-27,000986,全指能源,行业，资源，能源,11.23,韭圈儿
2013-09-30,000986,全指能源,行业，资源，能源,11.23,韭圈儿
2013-10-08,000986,全指能源,行业，资源，能源,11.34,韭圈儿
2013-10-09,000986,全指能源,行业，资源，能源,11.35,韭圈儿
2013-10-10,000986,全指能源,行业，资源，能源,11.25,韭圈儿
2013-10-11,000986,全指能源,行业，资源，能源,11.4,韭圈儿
2013-10-14,000986,全指能源,行业，资源，能源,11.44,韭圈儿
2013-10-15,000986,全指能源,行业，资源，能源,11.4,韭圈儿
2013-10-16,000986,全指能源,行业，资源，能源,11.27,韭圈儿
2013-10-17,000986,全指能源,行业，资源，能源,11.33,韭圈儿
2013-10-18,000986,全指能源,行业，资源，能源,11.32,韭圈儿
2013-10-21,000986,全指能源,行业，资源，能源,11.44,韭圈儿
2013-10-22,000986,全指能源,行业，资源，能源,11.43,韭圈儿
2013-10-23,000986,全指能源,行业，资源，能源,11.3,韭圈儿
2013-10-24,000986,全指能源,行业，资源，能源,11.11,韭圈儿
2013-10-25,000986,全指能源,行业，资源，能源,10.98,韭圈儿
2013-10-28,000986,全指能源,行业，资源，能源,11.06,韭圈儿
2013-10-29,000986,全指能源,行业，资源，能源,11.13,韭圈儿
2013-10-30,000986,全指能源,行业，资源，能源,11.04,韭圈儿
2013-10-31,000986,全指能源,行业，资源，能源,11.07,韭圈儿
2013-11-01,000986,全指能源,行业，资源，能源,11.1,韭圈儿
2013-11-04,000986,全指能源,行业，资源，能源,11.1,韭圈儿
2013-11-05,000986,全指能源,行业，资源，能源,11.14,韭圈儿
2013-11-06,000986,全指能源,行业，资源，能源,11.3,韭圈儿
2013-11-07,000986,全指能源,行业，资源，能源,11.28,韭圈儿
2013-11-08,000986,全指能源,行业，资源，能源,11.13,韭圈儿
2013-11-11,000986,全指能源,行业，资源，能源,11.1,韭圈儿
2013-11-12,000986,全指能源,行业，资源，能源,11.14,韭圈儿
2013-11-13,000986,全指能源,行业，资源，能源,10.95,韭圈儿
2013-11-14,000986,全指能源,行业，资源，能源,10.94,韭圈儿
2013-11-15,000986,全指能源,行业，资源，能源,11.09,韭圈儿
2013-11-18,000986,全指能源,行业，资源，能源,11.36,韭圈儿
2013-11-19,000986,全指能源,行业，资源，能源,11.37,韭圈儿
2013-11-20,000986,全指能源,行业，资源，能源,11.39,韭圈儿
2013-11-21,000986,全指能源,行业，资源，能源,11.54,韭圈儿
2013-11-22,000986,全指能源,行业，资源，能源,11.6,韭圈儿
2013-11-25,000986,全指能源,行业，资源，能源,11.37,韭圈儿
2013-11-26,000986,全指能源,行业，资源，能源,11.25,韭圈儿
2013-11-27,000986,全指能源,行业，资源，能源,11.3,韭圈儿
2013-11-28,000986,全指能源,行业，资源，能源,11.43,韭圈儿
2013-11-29,000986,全指能源,行业，资源，能源,11.37,韭圈儿
2013-12-02,000986,全指能源,行业，资源，能源,11.64,韭圈儿
2013-12-03,000986,全指能源,行业，资源，能源,11.6,韭圈儿
2013-12-04,000986,全指能源,行业，资源，能源,11.66,韭圈儿
2013-12-05,000986,全指能源,行业，资源，能源,11.62,韭圈儿
2013-12-06,000986,全指能源,行业，资源，能源,11.59,韭圈儿
2013-12-09,000986,全指能源,行业，资源，能源,11.58,韭圈儿
2013-12-10,000986,全指能源,行业，资源，能源,11.48,韭圈儿
2013-12-11,000986,全指能源,行业，资源，能源,11.3,韭圈儿
2013-12-12,000986,全指能源,行业，资源，能源,11.32,韭圈儿
2013-12-13,000986,全指能源,行业，资源，能源,11.22,韭圈儿
2013-12-16,000986,全指能源,行业，资源，能源,11.16,韭圈儿
2013-12-17,000986,全指能源,行业，资源，能源,11.11,韭圈儿
2013-12-18,000986,全指能源,行业，资源，能源,11.11,韭圈儿
2013-12-19,000986,全指能源,行业，资源，能源,11.07,韭圈儿
2013-12-20,000986,全指能源,行业，资源，能源,10.86,韭圈儿
2013-12-23,000986,全指能源,行业，资源，能源,10.9,韭圈儿
2013-12-24,000986,全指能源,行业，资源，能源,10.89,韭圈儿
2013-12-25,000986,全指能源,行业，资源，能源,10.95,韭圈儿
2013-12-26,000986,全指能源,行业，资源，能源,10.8,韭圈儿
2013-12-27,000986,全指能源,行业，资源，能源,10.84,韭圈儿
2013-12-30,000986,全指能源,行业，资源，能源,10.8,韭圈儿
2013-12-31,000986,全指能源,行业，资源，能源,10.86,韭圈儿
2014-01-02,000986,全指能源,行业，资源，能源,10.77,韭圈儿
2014-01-03,000986,全指能源,行业，资源，能源,10.67,韭圈儿
2014-01-06,000986,全指能源,行业，资源，能源,10.68,韭圈儿
2014-01-07,000986,全指能源,行业，资源，能源,10.64,韭圈儿
2014-01-08,000986,全指能源,行业，资源，能源,10.53,韭圈儿
2014-01-09,000986,全指能源,行业，资源，能源,10.52,韭圈儿
2014-01-10,000986,全指能源,行业，资源，能源,10.46,韭圈儿
2014-01-13,000986,全指能源,行业，资源，能源,10.46,韭圈儿
2014-01-14,000986,全指能源,行业，资源，能源,10.59,韭圈儿
2014-01-15,000986,全指能源,行业，资源，能源,10.58,韭圈儿
2014-01-16,000986,全指能源,行业，资源，能源,10.57,韭圈儿
2014-01-17,000986,全指能源,行业，资源，能源,10.67,韭圈儿
2014-01-20,000986,全指能源,行业，资源，能源,10.52,韭圈儿
2014-01-21,000986,全指能源,行业，资源，能源,10.55,韭圈儿
2014-01-22,000986,全指能源,行业，资源，能源,10.69,韭圈儿
2014-01-23,000986,全指能源,行业，资源，能源,10.59,韭圈儿
2014-01-24,000986,全指能源,行业，资源，能源,10.64,韭圈儿
2014-01-27,000986,全指能源,行业，资源，能源,10.51,韭圈儿
2014-01-28,000986,全指能源,行业，资源，能源,10.49,韭圈儿
2014-01-29,000986,全指能源,行业，资源，能源,10.47,韭圈儿
2014-01-30,000986,全指能源,行业，资源，能源,10.38,韭圈儿
2014-02-07,000986,全指能源,行业，资源，能源,10.4,韭圈儿
2014-02-10,000986,全指能源,行业，资源，能源,10.53,韭圈儿
2014-02-11,000986,全指能源,行业，资源，能源,10.61,韭圈儿
2014-02-12,000986,全指能源,行业，资源，能源,10.58,韭圈儿
2014-02-13,000986,全指能源,行业，资源，能源,10.5,韭圈儿
2014-02-14,000986,全指能源,行业，资源，能源,10.55,韭圈儿
2014-02-17,000986,全指能源,行业，资源，能源,10.65,韭圈儿
2014-02-18,000986,全指能源,行业，资源，能源,10.56,韭圈儿
2014-02-19,000986,全指能源,行业，资源，能源,10.74,韭圈儿
2014-02-20,000986,全指能源,行业，资源，能源,11.21,韭圈儿
2014-02-21,000986,全指能源,行业，资源，能源,10.86,韭圈儿
2014-02-24,000986,全指能源,行业，资源，能源,10.57,韭圈儿
2014-02-25,000986,全指能源,行业，资源，能源,10.49,韭圈儿
2014-02-26,000986,全指能源,行业，资源，能源,10.63,韭圈儿
2014-02-27,000986,全指能源,行业，资源，能源,10.89,韭圈儿
2014-02-28,000986,全指能源,行业，资源，能源,10.87,韭圈儿
2014-03-03,000986,全指能源,行业，资源，能源,10.93,韭圈儿
2014-03-04,000986,全指能源,行业，资源，能源,10.83,韭圈儿
2014-03-05,000986,全指能源,行业，资源，能源,10.66,韭圈儿
2014-03-06,000986,全指能源,行业，资源，能源,10.75,韭圈儿
2014-03-07,000986,全指能源,行业，资源，能源,10.86,韭圈儿
2014-03-10,000986,全指能源,行业，资源，能源,10.66,韭圈儿
2014-03-11,000986,全指能源,行业，资源，能源,10.63,韭圈儿
2014-03-12,000986,全指能源,行业，资源，能源,10.41,韭圈儿
2014-03-13,000986,全指能源,行业，资源，能源,10.48,韭圈儿
2014-03-14,000986,全指能源,行业，资源，能源,10.41,韭圈儿
2014-03-17,000986,全指能源,行业，资源，能源,10.54,韭圈儿
2014-03-18,000986,全指能源,行业，资源，能源,10.45,韭圈儿
2014-03-19,000986,全指能源,行业，资源，能源,10.53,韭圈儿
2014-03-20,000986,全指能源,行业，资源，能源,10.46,韭圈儿
2014-03-21,000986,全指能源,行业，资源，能源,10.49,韭圈儿
2014-03-24,000986,全指能源,行业，资源，能源,10.71,韭圈儿
2014-03-25,000986,全指能源,行业，资源，能源,10.68,韭圈儿
2014-03-26,000986,全指能源,行业，资源，能源,10.63,韭圈儿
2014-03-27,000986,全指能源,行业，资源，能源,10.49,韭圈儿
2014-03-28,000986,全指能源,行业，资源，能源,10.45,韭圈儿
2014-03-31,000986,全指能源,行业，资源，能源,10.43,韭圈儿
2014-04-01,000986,全指能源,行业，资源，能源,10.45,韭圈儿
2014-04-02,000986,全指能源,行业，资源，能源,10.51,韭圈儿
2014-04-03,000986,全指能源,行业，资源，能源,10.46,韭圈儿
2014-04-04,000986,全指能源,行业，资源，能源,10.46,韭圈儿
2014-04-08,000986,全指能源,行业，资源，能源,10.63,韭圈儿
2014-04-09,000986,全指能源,行业，资源，能源,10.75,韭圈儿
2014-04-10,000986,全指能源,行业，资源，能源,10.84,韭圈儿
2014-04-11,000986,全指能源,行业，资源，能源,10.77,韭圈儿
2014-04-14,000986,全指能源,行业，资源，能源,10.81,韭圈儿
2014-04-15,000986,全指能源,行业，资源，能源,10.65,韭圈儿
2014-04-16,000986,全指能源,行业，资源，能源,10.67,韭圈儿
2014-04-17,000986,全指能源,行业，资源，能源,10.64,韭圈儿
2014-04-18,000986,全指能源,行业，资源，能源,10.61,韭圈儿
2014-04-21,000986,全指能源,行业，资源，能源,10.5,韭圈儿
2014-04-22,000986,全指能源,行业，资源，能源,10.57,韭圈儿
2014-04-23,000986,全指能源,行业，资源，能源,10.58,韭圈儿
2014-04-24,000986,全指能源,行业，资源，能源,10.58,韭圈儿
2014-04-25,000986,全指能源,行业，资源，能源,10.57,韭圈儿
2014-04-28,000986,全指能源,行业，资源，能源,10.55,韭圈儿
2014-04-29,000986,全指能源,行业，资源，能源,10.68,韭圈儿
2014-04-30,000986,全指能源,行业，资源，能源,10.71,韭圈儿
2014-05-05,000986,全指能源,行业，资源，能源,10.71,韭圈儿
2014-05-06,000986,全指能源,行业，资源，能源,10.69,韭圈儿
2014-05-07,000986,全指能源,行业，资源，能源,10.61,韭圈儿
2014-05-08,000986,全指能源,行业，资源，能源,10.66,韭圈儿
2014-05-09,000986,全指能源,行业，资源，能源,10.7,韭圈儿
2014-05-12,000986,全指能源,行业，资源，能源,10.98,韭圈儿
2014-05-13,000986,全指能源,行业，资源，能源,11.0,韭圈儿
2014-05-14,000986,全指能源,行业，资源，能源,11.01,韭圈儿
2014-05-15,000986,全指能源,行业，资源，能源,10.87,韭圈儿
2014-05-16,000986,全指能源,行业，资源，能源,10.89,韭圈儿
2014-05-19,000986,全指能源,行业，资源，能源,10.8,韭圈儿
2014-05-20,000986,全指能源,行业，资源，能源,10.82,韭圈儿
2014-05-21,000986,全指能源,行业，资源，能源,10.95,韭圈儿
2014-05-22,000986,全指能源,行业，资源，能源,10.9,韭圈儿
2014-05-23,000986,全指能源,行业，资源，能源,10.92,韭圈儿
2014-05-26,000986,全指能源,行业，资源，能源,10.91,韭圈儿
2014-05-27,000986,全指能源,行业，资源，能源,10.85,韭圈儿
2014-05-28,000986,全指能源,行业，资源，能源,10.9,韭圈儿
2014-05-29,000986,全指能源,行业，资源，能源,10.89,韭圈儿
2014-05-30,000986,全指能源,行业，资源，能源,10.87,韭圈儿
2014-06-03,000986,全指能源,行业，资源，能源,10.88,韭圈儿
2014-06-04,000986,全指能源,行业，资源，能源,10.88,韭圈儿
2014-06-05,000986,全指能源,行业，资源，能源,10.79,韭圈儿
2014-06-06,000986,全指能源,行业，资源，能源,10.74,韭圈儿
2014-06-09,000986,全指能源,行业，资源，能源,10.72,韭圈儿
2014-06-10,000986,全指能源,行业，资源，能源,10.82,韭圈儿
2014-06-11,000986,全指能源,行业，资源，能源,10.83,韭圈儿
2014-06-12,000986,全指能源,行业，资源，能源,10.79,韭圈儿
2014-06-13,000986,全指能源,行业，资源，能源,10.87,韭圈儿
2014-06-16,000986,全指能源,行业，资源，能源,11.01,韭圈儿
2014-06-17,000986,全指能源,行业，资源，能源,10.95,韭圈儿
2014-06-18,000986,全指能源,行业，资源，能源,10.91,韭圈儿
2014-06-19,000986,全指能源,行业，资源，能源,10.79,韭圈儿
2014-06-20,000986,全指能源,行业，资源，能源,10.85,韭圈儿
2014-06-23,000986,全指能源,行业，资源，能源,10.83,韭圈儿
2014-06-24,000986,全指能源,行业，资源，能源,10.86,韭圈儿
2014-06-25,000986,全指能源,行业，资源，能源,10.91,韭圈儿
2014-06-26,000986,全指能源,行业，资源，能源,10.94,韭圈儿
2014-06-27,000986,全指能源,行业，资源，能源,10.94,韭圈儿
2014-06-30,000986,全指能源,行业，资源，能源,10.97,韭圈儿
2014-07-01,000986,全指能源,行业，资源，能源,10.88,韭圈儿
2014-07-02,000986,全指能源,行业，资源，能源,10.93,韭圈儿
2014-07-03,000986,全指能源,行业，资源，能源,10.93,韭圈儿
2014-07-04,000986,全指能源,行业，资源，能源,10.91,韭圈儿
2014-07-07,000986,全指能源,行业，资源，能源,10.9,韭圈儿
2014-07-08,000986,全指能源,行业，资源，能源,10.9,韭圈儿
2014-07-09,000986,全指能源,行业，资源，能源,10.77,韭圈儿
2014-07-10,000986,全指能源,行业，资源，能源,10.76,韭圈儿
2014-07-11,000986,全指能源,行业，资源，能源,10.81,韭圈儿
2014-07-14,000986,全指能源,行业，资源，能源,10.78,韭圈儿
2014-07-15,000986,全指能源,行业，资源，能源,10.79,韭圈儿
2014-07-16,000986,全指能源,行业，资源，能源,10.81,韭圈儿
2014-07-17,000986,全指能源,行业，资源，能源,10.79,韭圈儿
2014-07-18,000986,全指能源,行业，资源，能源,10.79,韭圈儿
2014-07-21,000986,全指能源,行业，资源，能源,10.69,韭圈儿
2014-07-22,000986,全指能源,行业，资源，能源,10.8,韭圈儿
2014-07-23,000986,全指能源,行业，资源，能源,10.84,韭圈儿
2014-07-24,000986,全指能源,行业，资源，能源,11.01,韭圈儿
2014-07-25,000986,全指能源,行业，资源，能源,11.13,韭圈儿
2014-07-28,000986,全指能源,行业，资源，能源,11.4,韭圈儿
2014-07-29,000986,全指能源,行业，资源，能源,11.34,韭圈儿
2014-07-30,000986,全指能源,行业，资源，能源,11.58,韭圈儿
2014-07-31,000986,全指能源,行业，资源，能源,11.59,韭圈儿
2014-08-01,000986,全指能源,行业，资源，能源,11.55,韭圈儿
2014-08-04,000986,全指能源,行业，资源，能源,11.75,韭圈儿
2014-08-05,000986,全指能源,行业，资源，能源,11.71,韭圈儿
2014-08-06,000986,全指能源,行业，资源，能源,11.66,韭圈儿
2014-08-07,000986,全指能源,行业，资源，能源,11.48,韭圈儿
2014-08-08,000986,全指能源,行业，资源，能源,11.54,韭圈儿
2014-08-11,000986,全指能源,行业，资源，能源,11.68,韭圈儿
2014-08-12,000986,全指能源,行业，资源，能源,11.67,韭圈儿
2014-08-13,000986,全指能源,行业，资源，能源,11.68,韭圈儿
2014-08-14,000986,全指能源,行业，资源，能源,11.55,韭圈儿
2014-08-15,000986,全指能源,行业，资源，能源,11.63,韭圈儿
2014-08-18,000986,全指能源,行业，资源，能源,11.7,韭圈儿
2014-08-19,000986,全指能源,行业，资源，能源,11.85,韭圈儿
2014-08-20,000986,全指能源,行业，资源，能源,11.75,韭圈儿
2014-08-21,000986,全指能源,行业，资源，能源,11.65,韭圈儿
2014-08-22,000986,全指能源,行业，资源，能源,11.71,韭圈儿
2014-08-25,000986,全指能源,行业，资源，能源,11.48,韭圈儿
2014-08-26,000986,全指能源,行业，资源，能源,11.43,韭圈儿
2014-08-27,000986,全指能源,行业，资源，能源,11.44,韭圈儿
2014-08-28,000986,全指能源,行业，资源，能源,11.51,韭圈儿
2014-08-29,000986,全指能源,行业，资源，能源,11.35,韭圈儿
2014-09-01,000986,全指能源,行业，资源，能源,11.35,韭圈儿
2014-09-02,000986,全指能源,行业，资源，能源,11.44,韭圈儿
2014-09-03,000986,全指能源,行业，资源，能源,11.6,韭圈儿
2014-09-04,000986,全指能源,行业，资源，能源,11.64,韭圈儿
2014-09-05,000986,全指能源,行业，资源，能源,11.72,韭圈儿
2014-09-09,000986,全指能源,行业，资源，能源,11.69,韭圈儿
2014-09-10,000986,全指能源,行业，资源，能源,11.59,韭圈儿
2014-09-11,000986,全指能源,行业，资源，能源,11.54,韭圈儿
2014-09-12,000986,全指能源,行业，资源，能源,11.63,韭圈儿
2014-09-15,000986,全指能源,行业，资源，能源,11.66,韭圈儿
2014-09-16,000986,全指能源,行业，资源，能源,11.46,韭圈儿
2014-09-17,000986,全指能源,行业，资源，能源,11.49,韭圈儿
2014-09-18,000986,全指能源,行业，资源，能源,11.5,韭圈儿
2014-09-19,000986,全指能源,行业，资源，能源,11.44,韭圈儿
2014-09-22,000986,全指能源,行业，资源，能源,11.23,韭圈儿
2014-09-23,000986,全指能源,行业，资源，能源,11.26,韭圈儿
2014-09-24,000986,全指能源,行业，资源，能源,11.4,韭圈儿
2014-09-25,000986,全指能源,行业，资源，能源,11.37,韭圈儿
2014-09-26,000986,全指能源,行业，资源，能源,11.34,韭圈儿
2014-09-29,000986,全指能源,行业，资源，能源,11.4,韭圈儿
2014-09-30,000986,全指能源,行业，资源，能源,11.42,韭圈儿
2014-10-08,000986,全指能源,行业，资源，能源,11.42,韭圈儿
2014-10-09,000986,全指能源,行业，资源，能源,11.48,韭圈儿
2014-10-10,000986,全指能源,行业，资源，能源,11.41,韭圈儿
2014-10-13,000986,全指能源,行业，资源，能源,11.4,韭圈儿
2014-10-14,000986,全指能源,行业，资源，能源,11.36,韭圈儿
2014-10-15,000986,全指能源,行业，资源，能源,11.34,韭圈儿
2014-10-16,000986,全指能源,行业，资源，能源,11.26,韭圈儿
2014-10-17,000986,全指能源,行业，资源，能源,11.15,韭圈儿
2014-10-20,000986,全指能源,行业，资源，能源,11.19,韭圈儿
2014-10-21,000986,全指能源,行业，资源，能源,11.11,韭圈儿
2014-10-22,000986,全指能源,行业，资源，能源,11.08,韭圈儿
2014-10-23,000986,全指能源,行业，资源，能源,10.93,韭圈儿
2014-10-24,000986,全指能源,行业，资源，能源,10.94,韭圈儿
2014-10-27,000986,全指能源,行业，资源，能源,10.97,韭圈儿
2014-10-28,000986,全指能源,行业，资源，能源,11.16,韭圈儿
2014-10-29,000986,全指能源,行业，资源，能源,11.28,韭圈儿
2014-10-30,000986,全指能源,行业，资源，能源,11.44,韭圈儿
2014-10-31,000986,全指能源,行业，资源，能源,11.73,韭圈儿
2014-11-03,000986,全指能源,行业，资源，能源,11.72,韭圈儿
2014-11-04,000986,全指能源,行业，资源，能源,11.72,韭圈儿
2014-11-05,000986,全指能源,行业，资源，能源,11.64,韭圈儿
2014-11-06,000986,全指能源,行业，资源，能源,11.64,韭圈儿
2014-11-07,000986,全指能源,行业，资源，能源,11.56,韭圈儿
2014-11-10,000986,全指能源,行业，资源，能源,11.77,韭圈儿
2014-11-11,000986,全指能源,行业，资源，能源,11.82,韭圈儿
2014-11-12,000986,全指能源,行业，资源，能源,11.85,韭圈儿
2014-11-13,000986,全指能源,行业，资源，能源,11.83,韭圈儿
2014-11-14,000986,全指能源,行业，资源，能源,11.74,韭圈儿
2014-11-17,000986,全指能源,行业，资源，能源,11.69,韭圈儿
2014-11-18,000986,全指能源,行业，资源，能源,11.52,韭圈儿
2014-11-19,000986,全指能源,行业，资源，能源,11.48,韭圈儿
2014-11-20,000986,全指能源,行业，资源，能源,11.49,韭圈儿
2014-11-21,000986,全指能源,行业，资源，能源,11.57,韭圈儿
2014-11-24,000986,全指能源,行业，资源，能源,11.72,韭圈儿
2014-11-25,000986,全指能源,行业，资源，能源,11.83,韭圈儿
2014-11-26,000986,全指能源,行业，资源，能源,11.98,韭圈儿
2014-11-27,000986,全指能源,行业，资源，能源,12.05,韭圈儿
2014-11-28,000986,全指能源,行业，资源，能源,12.2,韭圈儿
2014-12-01,000986,全指能源,行业，资源，能源,12.31,韭圈儿
2014-12-02,000986,全指能源,行业，资源，能源,12.63,韭圈儿
2014-12-03,000986,全指能源,行业，资源，能源,12.76,韭圈儿
2014-12-04,000986,全指能源,行业，资源，能源,13.9,韭圈儿
2014-12-05,000986,全指能源,行业，资源，能源,14.49,韭圈儿
2014-12-08,000986,全指能源,行业，资源，能源,14.66,韭圈儿
2014-12-09,000986,全指能源,行业，资源，能源,13.59,韭圈儿
2014-12-10,000986,全指能源,行业，资源，能源,13.69,韭圈儿
2014-12-11,000986,全指能源,行业，资源，能源,13.5,韭圈儿
2014-12-12,000986,全指能源,行业，资源，能源,13.54,韭圈儿
2014-12-15,000986,全指能源,行业，资源，能源,13.43,韭圈儿
2014-12-16,000986,全指能源,行业，资源，能源,13.85,韭圈儿
2014-12-17,000986,全指能源,行业，资源，能源,13.96,韭圈儿
2014-12-18,000986,全指能源,行业，资源，能源,14.02,韭圈儿
2014-12-19,000986,全指能源,行业，资源，能源,14.5,韭圈儿
2014-12-22,000986,全指能源,行业，资源，能源,14.92,韭圈儿
2014-12-23,000986,全指能源,行业，资源，能源,14.09,韭圈儿
2014-12-24,000986,全指能源,行业，资源，能源,13.74,韭圈儿
2014-12-25,000986,全指能源,行业，资源，能源,14.16,韭圈儿
2014-12-26,000986,全指能源,行业，资源，能源,14.51,韭圈儿
2014-12-29,000986,全指能源,行业，资源，能源,14.65,韭圈儿
2014-12-30,000986,全指能源,行业，资源，能源,14.67,韭圈儿
2014-12-31,000986,全指能源,行业，资源，能源,15.15,韭圈儿
2015-01-05,000986,全指能源,行业，资源，能源,16.59,韭圈儿
2015-01-06,000986,全指能源,行业，资源，能源,16.45,韭圈儿
2015-01-07,000986,全指能源,行业，资源，能源,17.02,韭圈儿
2015-01-08,000986,全指能源,行业，资源，能源,16.67,韭圈儿
2015-01-09,000986,全指能源,行业，资源，能源,16.38,韭圈儿
2015-01-12,000986,全指能源,行业，资源，能源,15.86,韭圈儿
2015-01-13,000986,全指能源,行业，资源，能源,15.87,韭圈儿
2015-01-14,000986,全指能源,行业，资源，能源,15.57,韭圈儿
2015-01-15,000986,全指能源,行业，资源，能源,16.54,韭圈儿
2015-01-16,000986,全指能源,行业，资源，能源,16.79,韭圈儿
2015-01-19,000986,全指能源,行业，资源，能源,15.25,韭圈儿
2015-01-20,000986,全指能源,行业，资源，能源,15.63,韭圈儿
2015-01-21,000986,全指能源,行业，资源，能源,16.57,韭圈儿
2015-01-22,000986,全指能源,行业，资源，能源,16.58,韭圈儿
2015-01-23,000986,全指能源,行业，资源，能源,16.67,韭圈儿
2015-01-26,000986,全指能源,行业，资源，能源,16.94,韭圈儿
2015-01-27,000986,全指能源,行业，资源，能源,16.46,韭圈儿
2015-01-28,000986,全指能源,行业，资源，能源,16.07,韭圈儿
2015-01-29,000986,全指能源,行业，资源，能源,15.78,韭圈儿
2015-01-30,000986,全指能源,行业，资源，能源,15.41,韭圈儿
2015-02-02,000986,全指能源,行业，资源，能源,14.98,韭圈儿
2015-02-03,000986,全指能源,行业，资源，能源,15.48,韭圈儿
2015-02-04,000986,全指能源,行业，资源，能源,15.23,韭圈儿
2015-02-05,000986,全指能源,行业，资源，能源,14.92,韭圈儿
2015-02-06,000986,全指能源,行业，资源，能源,14.54,韭圈儿
2015-02-09,000986,全指能源,行业，资源，能源,14.63,韭圈儿
2015-02-10,000986,全指能源,行业，资源，能源,14.87,韭圈儿
2015-02-11,000986,全指能源,行业，资源，能源,15.09,韭圈儿
2015-02-12,000986,全指能源,行业，资源，能源,15.17,韭圈儿
2015-02-13,000986,全指能源,行业，资源，能源,15.28,韭圈儿
2015-02-16,000986,全指能源,行业，资源，能源,15.25,韭圈儿
2015-02-17,000986,全指能源,行业，资源，能源,15.35,韭圈儿
2015-02-25,000986,全指能源,行业，资源，能源,15.52,韭圈儿
2015-02-26,000986,全指能源,行业，资源，能源,15.74,韭圈儿
2015-02-27,000986,全指能源,行业，资源，能源,15.91,韭圈儿
2015-03-02,000986,全指能源,行业，资源，能源,15.88,韭圈儿
2015-03-03,000986,全指能源,行业，资源，能源,15.37,韭圈儿
2015-03-04,000986,全指能源,行业，资源，能源,15.45,韭圈儿
2015-03-05,000986,全指能源,行业，资源，能源,15.18,韭圈儿
2015-03-06,000986,全指能源,行业，资源，能源,15.24,韭圈儿
2015-03-09,000986,全指能源,行业，资源，能源,15.44,韭圈儿
2015-03-10,000986,全指能源,行业，资源，能源,15.32,韭圈儿
2015-03-11,000986,全指能源,行业，资源，能源,15.26,韭圈儿
2015-03-12,000986,全指能源,行业，资源，能源,15.58,韭圈儿
2015-03-13,000986,全指能源,行业，资源，能源,15.71,韭圈儿
2015-03-16,000986,全指能源,行业，资源，能源,15.9,韭圈儿
2015-03-17,000986,全指能源,行业，资源，能源,16.2,韭圈儿
2015-03-18,000986,全指能源,行业，资源，能源,16.48,韭圈儿
2015-03-19,000986,全指能源,行业，资源，能源,16.52,韭圈儿
2015-03-20,000986,全指能源,行业，资源，能源,16.52,韭圈儿
2015-03-23,000986,全指能源,行业，资源，能源,18.17,韭圈儿
2015-03-24,000986,全指能源,行业，资源，能源,17.92,韭圈儿
2015-03-25,000986,全指能源,行业，资源，能源,17.64,韭圈儿
2015-03-26,000986,全指能源,行业，资源，能源,18.4,韭圈儿
2015-03-27,000986,全指能源,行业，资源，能源,20.1,韭圈儿
2015-03-30,000986,全指能源,行业，资源，能源,20.69,韭圈儿
2015-03-31,000986,全指能源,行业，资源，能源,20.42,韭圈儿
2015-04-01,000986,全指能源,行业，资源，能源,20.69,韭圈儿
2015-04-02,000986,全指能源,行业，资源，能源,20.86,韭圈儿
2015-04-03,000986,全指能源,行业，资源，能源,20.79,韭圈儿
2015-04-07,000986,全指能源,行业，资源，能源,21.47,韭圈儿
2015-04-08,000986,全指能源,行业，资源，能源,21.71,韭圈儿
2015-04-09,000986,全指能源,行业，资源，能源,21.45,韭圈儿
2015-04-10,000986,全指能源,行业，资源，能源,21.68,韭圈儿
2015-04-13,000986,全指能源,行业，资源，能源,22.09,韭圈儿
2015-04-14,000986,全指能源,行业，资源，能源,22.03,韭圈儿
2015-04-15,000986,全指能源,行业，资源，能源,21.86,韭圈儿
2015-04-16,000986,全指能源,行业，资源，能源,22.74,韭圈儿
2015-04-17,000986,全指能源,行业，资源，能源,23.58,韭圈儿
2015-04-20,000986,全指能源,行业，资源，能源,23.0,韭圈儿
2015-04-21,000986,全指能源,行业，资源，能源,23.45,韭圈儿
2015-04-22,000986,全指能源,行业，资源，能源,24.01,韭圈儿
2015-04-23,000986,全指能源,行业，资源，能源,24.36,韭圈儿
2015-04-24,000986,全指能源,行业，资源，能源,24.33,韭圈儿
2015-04-27,000986,全指能源,行业，资源，能源,27.25,韭圈儿
2015-04-28,000986,全指能源,行业，资源，能源,31.09,韭圈儿
2015-04-29,000986,全指能源,行业，资源，能源,30.37,韭圈儿
2015-04-30,000986,全指能源,行业，资源，能源,32.14,韭圈儿
2015-05-04,000986,全指能源,行业，资源，能源,32.39,韭圈儿
2015-05-05,000986,全指能源,行业，资源，能源,31.29,韭圈儿
2015-05-06,000986,全指能源,行业，资源，能源,30.33,韭圈儿
2015-05-07,000986,全指能源,行业，资源，能源,29.2,韭圈儿
2015-05-08,000986,全指能源,行业，资源，能源,29.77,韭圈儿
2015-05-11,000986,全指能源,行业，资源，能源,30.49,韭圈儿
2015-05-12,000986,全指能源,行业，资源，能源,30.58,韭圈儿
2015-05-13,000986,全指能源,行业，资源，能源,29.98,韭圈儿
2015-05-14,000986,全指能源,行业，资源，能源,30.22,韭圈儿
2015-05-15,000986,全指能源,行业，资源，能源,29.21,韭圈儿
2015-05-18,000986,全指能源,行业，资源，能源,28.63,韭圈儿
2015-05-19,000986,全指能源,行业，资源，能源,29.54,韭圈儿
2015-05-20,000986,全指能源,行业，资源，能源,29.49,韭圈儿
2015-05-21,000986,全指能源,行业，资源，能源,29.79,韭圈儿
2015-05-22,000986,全指能源,行业，资源，能源,30.91,韭圈儿
2015-05-25,000986,全指能源,行业，资源，能源,31.85,韭圈儿
2015-05-26,000986,全指能源,行业，资源，能源,32.18,韭圈儿
2015-05-27,000986,全指能源,行业，资源，能源,32.94,韭圈儿
2015-05-28,000986,全指能源,行业，资源，能源,30.09,韭圈儿
2015-05-29,000986,全指能源,行业，资源，能源,29.53,韭圈儿
2015-06-01,000986,全指能源,行业，资源，能源,31.11,韭圈儿
2015-06-02,000986,全指能源,行业，资源，能源,31.28,韭圈儿
2015-06-03,000986,全指能源,行业，资源，能源,31.14,韭圈儿
2015-06-04,000986,全指能源,行业，资源，能源,32.04,韭圈儿
2015-06-05,000986,全指能源,行业，资源，能源,32.56,韭圈儿
2015-06-08,000986,全指能源,行业，资源，能源,33.67,韭圈儿
2015-06-09,000986,全指能源,行业，资源，能源,33.91,韭圈儿
2015-06-10,000986,全指能源,行业，资源，能源,33.4,韭圈儿
2015-06-11,000986,全指能源,行业，资源，能源,33.11,韭圈儿
2015-06-12,000986,全指能源,行业，资源，能源,33.54,韭圈儿
2015-06-15,000986,全指能源,行业，资源，能源,32.17,韭圈儿
2015-06-16,000986,全指能源,行业，资源，能源,31.07,韭圈儿
2015-06-17,000986,全指能源,行业，资源，能源,31.81,韭圈儿
2015-06-18,000986,全指能源,行业，资源，能源,30.59,韭圈儿
2015-06-19,000986,全指能源,行业，资源，能源,28.68,韭圈儿
2015-06-23,000986,全指能源,行业，资源，能源,29.54,韭圈儿
2015-06-24,000986,全指能源,行业，资源，能源,30.75,韭圈儿
2015-06-25,000986,全指能源,行业，资源，能源,29.44,韭圈儿
2015-06-26,000986,全指能源,行业，资源，能源,27.43,韭圈儿
2015-06-29,000986,全指能源,行业，资源，能源,27.89,韭圈儿
2015-06-30,000986,全指能源,行业，资源，能源,28.86,韭圈儿
2015-07-01,000986,全指能源,行业，资源，能源,27.38,韭圈儿
2015-07-02,000986,全指能源,行业，资源，能源,27.91,韭圈儿
2015-07-03,000986,全指能源,行业，资源，能源,26.96,韭圈儿
2015-07-06,000986,全指能源,行业，资源，能源,28.52,韭圈儿
2015-07-07,000986,全指能源,行业，资源，能源,29.16,韭圈儿
2015-07-08,000986,全指能源,行业，资源，能源,26.66,韭圈儿
2015-07-09,000986,全指能源,行业，资源，能源,28.2,韭圈儿
2015-07-10,000986,全指能源,行业，资源，能源,29.17,韭圈儿
2015-07-13,000986,全指能源,行业，资源，能源,28.81,韭圈儿
2015-07-14,000986,全指能源,行业，资源，能源,27.92,韭圈儿
2015-07-15,000986,全指能源,行业，资源，能源,29.07,韭圈儿
2015-07-16,000986,全指能源,行业，资源，能源,28.89,韭圈儿
2015-07-17,000986,全指能源,行业，资源，能源,28.99,韭圈儿
2015-07-20,000986,全指能源,行业，资源，能源,29.67,韭圈儿
2015-07-21,000986,全指能源,行业，资源，能源,29.35,韭圈儿
2015-07-22,000986,全指能源,行业，资源，能源,29.65,韭圈儿
2015-07-23,000986,全指能源,行业，资源，能源,29.88,韭圈儿
2015-07-24,000986,全指能源,行业，资源，能源,29.95,韭圈儿
2015-07-27,000986,全指能源,行业，资源，能源,27.2,韭圈儿
2015-07-28,000986,全指能源,行业，资源，能源,26.26,韭圈儿
2015-07-29,000986,全指能源,行业，资源，能源,26.46,韭圈儿
2015-07-30,000986,全指能源,行业，资源，能源,27.02,韭圈儿
2015-07-31,000986,全指能源,行业，资源，能源,26.22,韭圈儿
2015-08-03,000986,全指能源,行业，资源，能源,25.61,韭圈儿
2015-08-04,000986,全指能源,行业，资源，能源,26.33,韭圈儿
2015-08-05,000986,全指能源,行业，资源，能源,25.83,韭圈儿
2015-08-06,000986,全指能源,行业，资源，能源,25.6,韭圈儿
2015-08-07,000986,全指能源,行业，资源，能源,26.08,韭圈儿
2015-08-10,000986,全指能源,行业，资源，能源,27.34,韭圈儿
2015-08-11,000986,全指能源,行业，资源，能源,27.65,韭圈儿
2015-08-12,000986,全指能源,行业，资源，能源,27.5,韭圈儿
2015-08-13,000986,全指能源,行业，资源，能源,27.61,韭圈儿
2015-08-14,000986,全指能源,行业，资源，能源,27.62,韭圈儿
2015-08-17,000986,全指能源,行业，资源，能源,27.4,韭圈儿
2015-08-18,000986,全指能源,行业，资源，能源,26.72,韭圈儿
2015-08-19,000986,全指能源,行业，资源，能源,26.35,韭圈儿
2015-08-20,000986,全指能源,行业，资源，能源,25.29,韭圈儿
2015-08-21,000986,全指能源,行业，资源，能源,24.43,韭圈儿
2015-08-24,000986,全指能源,行业，资源，能源,22.86,韭圈儿
2015-08-25,000986,全指能源,行业，资源，能源,20.72,韭圈儿
2015-08-26,000986,全指能源,行业，资源，能源,20.48,韭圈儿
2015-08-27,000986,全指能源,行业，资源，能源,20.56,韭圈儿
2015-08-28,000986,全指能源,行业，资源，能源,24.16,韭圈儿
2015-08-31,000986,全指能源,行业，资源，能源,24.12,韭圈儿
2015-09-01,000986,全指能源,行业，资源，能源,24.64,韭圈儿
2015-09-02,000986,全指能源,行业，资源，能源,23.81,韭圈儿
2015-09-07,000986,全指能源,行业，资源，能源,23.41,韭圈儿
2015-09-08,000986,全指能源,行业，资源，能源,23.8,韭圈儿
2015-09-09,000986,全指能源,行业，资源，能源,24.55,韭圈儿
2015-09-10,000986,全指能源,行业，资源，能源,24.11,韭圈儿
2015-09-11,000986,全指能源,行业，资源，能源,23.99,韭圈儿
2015-09-14,000986,全指能源,行业，资源，能源,23.17,韭圈儿
2015-09-15,000986,全指能源,行业，资源，能源,22.77,韭圈儿
2015-09-16,000986,全指能源,行业，资源，能源,23.79,韭圈儿
2015-09-17,000986,全指能源,行业，资源，能源,23.3,韭圈儿
2015-09-18,000986,全指能源,行业，资源，能源,23.16,韭圈儿
2015-09-21,000986,全指能源,行业，资源，能源,23.43,韭圈儿
2015-09-22,000986,全指能源,行业，资源，能源,23.68,韭圈儿
2015-09-23,000986,全指能源,行业，资源，能源,22.96,韭圈儿
2015-09-24,000986,全指能源,行业，资源，能源,23.14,韭圈儿
2015-09-25,000986,全指能源,行业，资源，能源,23.14,韭圈儿
2015-09-28,000986,全指能源,行业，资源，能源,22.97,韭圈儿
2015-09-29,000986,全指能源,行业，资源，能源,22.38,韭圈儿
2015-09-30,000986,全指能源,行业，资源，能源,22.37,韭圈儿
2015-10-08,000986,全指能源,行业，资源，能源,23.07,韭圈儿
2015-10-09,000986,全指能源,行业，资源，能源,23.41,韭圈儿
2015-10-12,000986,全指能源,行业，资源，能源,24.16,韭圈儿
2015-10-13,000986,全指能源,行业，资源，能源,23.93,韭圈儿
2015-10-14,000986,全指能源,行业，资源，能源,23.94,韭圈儿
2015-10-15,000986,全指能源,行业，资源，能源,24.33,韭圈儿
2015-10-16,000986,全指能源,行业，资源，能源,24.71,韭圈儿
2015-10-19,000986,全指能源,行业，资源，能源,24.54,韭圈儿
2015-10-20,000986,全指能源,行业，资源，能源,24.75,韭圈儿
2015-10-21,000986,全指能源,行业，资源，能源,24.17,韭圈儿
2015-10-22,000986,全指能源,行业，资源，能源,24.18,韭圈儿
2015-10-23,000986,全指能源,行业，资源，能源,24.33,韭圈儿
2015-10-26,000986,全指能源,行业，资源，能源,25.05,韭圈儿
2015-10-27,000986,全指能源,行业，资源，能源,25.16,韭圈儿
2015-10-28,000986,全指能源,行业，资源，能源,25.19,韭圈儿
2015-10-29,000986,全指能源,行业，资源，能源,25.35,韭圈儿
2015-10-30,000986,全指能源,行业，资源，能源,37.29,韭圈儿
2015-11-02,000986,全指能源,行业，资源，能源,36.94,韭圈儿
2015-11-03,000986,全指能源,行业，资源，能源,36.75,韭圈儿
2015-11-04,000986,全指能源,行业，资源，能源,38.13,韭圈儿
2015-11-05,000986,全指能源,行业，资源，能源,39.12,韭圈儿
2015-11-06,000986,全指能源,行业，资源，能源,39.61,韭圈儿
2015-11-09,000986,全指能源,行业，资源，能源,40.24,韭圈儿
2015-11-10,000986,全指能源,行业，资源，能源,40.48,韭圈儿
2015-11-11,000986,全指能源,行业，资源，能源,40.3,韭圈儿
2015-11-12,000986,全指能源,行业，资源，能源,39.87,韭圈儿
2015-11-13,000986,全指能源,行业，资源，能源,39.04,韭圈儿
2015-11-16,000986,全指能源,行业，资源，能源,39.28,韭圈儿
2015-11-17,000986,全指能源,行业，资源，能源,39.46,韭圈儿
2015-11-18,000986,全指能源,行业，资源，能源,39.25,韭圈儿
2015-11-19,000986,全指能源,行业，资源，能源,39.44,韭圈儿
2015-11-20,000986,全指能源,行业，资源，能源,39.34,韭圈儿
2015-11-23,000986,全指能源,行业，资源，能源,38.92,韭圈儿
2015-11-24,000986,全指能源,行业，资源，能源,38.87,韭圈儿
2015-11-25,000986,全指能源,行业，资源，能源,39.16,韭圈儿
2015-11-26,000986,全指能源,行业，资源，能源,39.23,韭圈儿
2015-11-27,000986,全指能源,行业，资源，能源,36.86,韭圈儿
2015-11-30,000986,全指能源,行业，资源，能源,36.7,韭圈儿
2015-12-01,000986,全指能源,行业，资源，能源,36.8,韭圈儿
2015-12-02,000986,全指能源,行业，资源，能源,37.73,韭圈儿
2015-12-03,000986,全指能源,行业，资源，能源,38.34,韭圈儿
2015-12-04,000986,全指能源,行业，资源，能源,37.51,韭圈儿
2015-12-07,000986,全指能源,行业，资源，能源,37.41,韭圈儿
2015-12-08,000986,全指能源,行业，资源，能源,36.49,韭圈儿
2015-12-09,000986,全指能源,行业，资源，能源,36.39,韭圈儿
2015-12-10,000986,全指能源,行业，资源，能源,36.3,韭圈儿
2015-12-11,000986,全指能源,行业，资源，能源,36.08,韭圈儿
2015-12-14,000986,全指能源,行业，资源，能源,35.45,韭圈儿
2015-12-15,000986,全指能源,行业，资源，能源,35.18,韭圈儿
2015-12-16,000986,全指能源,行业，资源，能源,35.65,韭圈儿
2015-12-17,000986,全指能源,行业，资源，能源,35.92,韭圈儿
2015-12-18,000986,全指能源,行业，资源，能源,35.87,韭圈儿
2015-12-21,000986,全指能源,行业，资源，能源,36.28,韭圈儿
2015-12-22,000986,全指能源,行业，资源，能源,36.32,韭圈儿
2015-12-23,000986,全指能源,行业，资源，能源,36.25,韭圈儿
2015-12-24,000986,全指能源,行业，资源，能源,36.02,韭圈儿
2015-12-25,000986,全指能源,行业，资源，能源,36.09,韭圈儿
2015-12-28,000986,全指能源,行业，资源，能源,35.37,韭圈儿
2015-12-29,000986,全指能源,行业，资源，能源,35.69,韭圈儿
2015-12-30,000986,全指能源,行业，资源，能源,35.7,韭圈儿
2015-12-31,000986,全指能源,行业，资源，能源,35.41,韭圈儿
2016-01-04,000986,全指能源,行业，资源，能源,33.8,韭圈儿
2016-01-05,000986,全指能源,行业，资源，能源,33.7,韭圈儿
2016-01-06,000986,全指能源,行业，资源，能源,35.27,韭圈儿
2016-01-07,000986,全指能源,行业，资源，能源,32.92,韭圈儿
2016-01-08,000986,全指能源,行业，资源，能源,34.24,韭圈儿
2016-01-11,000986,全指能源,行业，资源，能源,32.7,韭圈儿
2016-01-12,000986,全指能源,行业，资源，能源,32.7,韭圈儿
2016-01-13,000986,全指能源,行业，资源，能源,32.11,韭圈儿
2016-01-14,000986,全指能源,行业，资源，能源,32.43,韭圈儿
2016-01-15,000986,全指能源,行业，资源，能源,31.0,韭圈儿
2016-01-18,000986,全指能源,行业，资源，能源,30.72,韭圈儿
2016-01-19,000986,全指能源,行业，资源，能源,31.45,韭圈儿
2016-01-20,000986,全指能源,行业，资源，能源,31.31,韭圈儿
2016-01-21,000986,全指能源,行业，资源，能源,30.53,韭圈儿
2016-01-22,000986,全指能源,行业，资源，能源,31.07,韭圈儿
2016-01-25,000986,全指能源,行业，资源，能源,31.62,韭圈儿
2016-01-26,000986,全指能源,行业，资源，能源,29.81,韭圈儿
2016-01-27,000986,全指能源,行业，资源，能源,30.45,韭圈儿
2016-01-28,000986,全指能源,行业，资源，能源,30.4,韭圈儿
2016-01-29,000986,全指能源,行业，资源，能源,30.77,韭圈儿
2016-02-01,000986,全指能源,行业，资源，能源,32.55,韭圈儿
2016-02-02,000986,全指能源,行业，资源，能源,32.96,韭圈儿
2016-02-03,000986,全指能源,行业，资源，能源,32.51,韭圈儿
2016-02-04,000986,全指能源,行业，资源，能源,32.85,韭圈儿
2016-02-05,000986,全指能源,行业，资源，能源,32.82,韭圈儿
2016-02-15,000986,全指能源,行业，资源，能源,32.64,韭圈儿
2016-02-16,000986,全指能源,行业，资源，能源,33.53,韭圈儿
2016-02-17,000986,全指能源,行业，资源，能源,34.04,韭圈儿
2016-02-18,000986,全指能源,行业，资源，能源,33.87,韭圈儿
2016-02-19,000986,全指能源,行业，资源，能源,33.76,韭圈儿
2016-02-22,000986,全指能源,行业，资源，能源,34.52,韭圈儿
2016-02-23,000986,全指能源,行业，资源，能源,34.53,韭圈儿
2016-02-24,000986,全指能源,行业，资源，能源,34.74,韭圈儿
2016-02-25,000986,全指能源,行业，资源，能源,32.65,韭圈儿
2016-02-26,000986,全指能源,行业，资源，能源,33.58,韭圈儿
2016-02-29,000986,全指能源,行业，资源，能源,34.17,韭圈儿
2016-03-01,000986,全指能源,行业，资源，能源,34.58,韭圈儿
2016-03-02,000986,全指能源,行业，资源，能源,35.91,韭圈儿
2016-03-03,000986,全指能源,行业，资源，能源,35.96,韭圈儿
2016-03-04,000986,全指能源,行业，资源，能源,36.69,韭圈儿
2016-03-07,000986,全指能源,行业，资源，能源,36.81,韭圈儿
2016-03-08,000986,全指能源,行业，资源，能源,36.91,韭圈儿
2016-03-09,000986,全指能源,行业，资源，能源,36.18,韭圈儿
2016-03-10,000986,全指能源,行业，资源，能源,35.46,韭圈儿
2016-03-11,000986,全指能源,行业，资源，能源,35.61,韭圈儿
2016-03-14,000986,全指能源,行业，资源，能源,36.04,韭圈儿
2016-03-15,000986,全指能源,行业，资源，能源,35.96,韭圈儿
2016-03-16,000986,全指能源,行业，资源，能源,36.3,韭圈儿
2016-03-17,000986,全指能源,行业，资源，能源,35.95,韭圈儿
2016-03-18,000986,全指能源,行业，资源，能源,36.18,韭圈儿
2016-03-21,000986,全指能源,行业，资源，能源,36.25,韭圈儿
2016-03-22,000986,全指能源,行业，资源，能源,35.97,韭圈儿
2016-03-23,000986,全指能源,行业，资源，能源,36.39,韭圈儿
2016-03-24,000986,全指能源,行业，资源，能源,38.3,韭圈儿
2016-03-25,000986,全指能源,行业，资源，能源,38.35,韭圈儿
2016-03-28,000986,全指能源,行业，资源，能源,38.15,韭圈儿
2016-03-29,000986,全指能源,行业，资源，能源,38.15,韭圈儿
2016-03-30,000986,全指能源,行业，资源，能源,35.52,韭圈儿
2016-03-31,000986,全指能源,行业，资源，能源,35.43,韭圈儿
2016-04-01,000986,全指能源,行业，资源，能源,35.91,韭圈儿
2016-04-05,000986,全指能源,行业，资源，能源,36.02,韭圈儿
2016-04-06,000986,全指能源,行业，资源，能源,36.26,韭圈儿
2016-04-07,000986,全指能源,行业，资源，能源,35.92,韭圈儿
2016-04-08,000986,全指能源,行业，资源，能源,35.54,韭圈儿
2016-04-11,000986,全指能源,行业，资源，能源,36.4,韭圈儿
2016-04-12,000986,全指能源,行业，资源，能源,36.57,韭圈儿
2016-04-13,000986,全指能源,行业，资源，能源,37.53,韭圈儿
2016-04-14,000986,全指能源,行业，资源，能源,37.4,韭圈儿
2016-04-15,000986,全指能源,行业，资源，能源,37.42,韭圈儿
2016-04-18,000986,全指能源,行业，资源，能源,36.8,韭圈儿
2016-04-19,000986,全指能源,行业，资源，能源,37.02,韭圈儿
2016-04-20,000986,全指能源,行业，资源，能源,36.4,韭圈儿
2016-04-21,000986,全指能源,行业，资源，能源,36.61,韭圈儿
2016-04-22,000986,全指能源,行业，资源，能源,36.53,韭圈儿
2016-04-25,000986,全指能源,行业，资源，能源,36.52,韭圈儿
2016-04-26,000986,全指能源,行业，资源，能源,36.88,韭圈儿
2016-04-27,000986,全指能源,行业，资源，能源,36.73,韭圈儿
2016-04-28,000986,全指能源,行业，资源，能源,36.73,韭圈儿
2016-04-29,000986,全指能源,行业，资源，能源,45.94,韭圈儿
2016-05-03,000986,全指能源,行业，资源，能源,47.3,韭圈儿
2016-05-04,000986,全指能源,行业，资源，能源,46.95,韭圈儿
2016-05-05,000986,全指能源,行业，资源，能源,46.92,韭圈儿
2016-05-06,000986,全指能源,行业，资源，能源,45.74,韭圈儿
2016-05-09,000986,全指能源,行业，资源，能源,44.41,韭圈儿
2016-05-10,000986,全指能源,行业，资源，能源,44.38,韭圈儿
2016-05-11,000986,全指能源,行业，资源，能源,44.47,韭圈儿
2016-05-12,000986,全指能源,行业，资源，能源,44.4,韭圈儿
2016-05-13,000986,全指能源,行业，资源，能源,44.34,韭圈儿
2016-05-16,000986,全指能源,行业，资源，能源,44.51,韭圈儿
2016-05-17,000986,全指能源,行业，资源，能源,44.93,韭圈儿
2016-05-18,000986,全指能源,行业，资源，能源,44.4,韭圈儿
2016-05-19,000986,全指能源,行业，资源，能源,44.23,韭圈儿
2016-05-20,000986,全指能源,行业，资源，能源,44.42,韭圈儿
2016-05-23,000986,全指能源,行业，资源，能源,44.47,韭圈儿
2016-05-24,000986,全指能源,行业，资源，能源,44.36,韭圈儿
2016-05-25,000986,全指能源,行业，资源，能源,44.44,韭圈儿
2016-05-26,000986,全指能源,行业，资源，能源,44.62,韭圈儿
2016-05-27,000986,全指能源,行业，资源，能源,44.44,韭圈儿
2016-05-30,000986,全指能源,行业，资源，能源,44.44,韭圈儿
2016-05-31,000986,全指能源,行业，资源，能源,45.47,韭圈儿
2016-06-01,000986,全指能源,行业，资源，能源,45.46,韭圈儿
2016-06-02,000986,全指能源,行业，资源，能源,45.53,韭圈儿
2016-06-03,000986,全指能源,行业，资源，能源,45.58,韭圈儿
2016-06-06,000986,全指能源,行业，资源，能源,45.45,韭圈儿
2016-06-07,000986,全指能源,行业，资源，能源,45.43,韭圈儿
2016-06-08,000986,全指能源,行业，资源，能源,45.45,韭圈儿
2016-06-13,000986,全指能源,行业，资源，能源,44.25,韭圈儿
2016-06-14,000986,全指能源,行业，资源，能源,44.21,韭圈儿
2016-06-15,000986,全指能源,行业，资源，能源,44.58,韭圈儿
2016-06-16,000986,全指能源,行业，资源，能源,44.19,韭圈儿
2016-06-17,000986,全指能源,行业，资源，能源,44.58,韭圈儿
2016-06-20,000986,全指能源,行业，资源，能源,44.53,韭圈儿
2016-06-21,000986,全指能源,行业，资源，能源,44.45,韭圈儿
2016-06-22,000986,全指能源,行业，资源，能源,45.06,韭圈儿
2016-06-23,000986,全指能源,行业，资源，能源,44.93,韭圈儿
2016-06-24,000986,全指能源,行业，资源，能源,44.3,韭圈儿
2016-06-27,000986,全指能源,行业，资源，能源,44.91,韭圈儿
2016-06-28,000986,全指能源,行业，资源，能源,45.12,韭圈儿
2016-06-29,000986,全指能源,行业，资源，能源,45.33,韭圈儿
2016-06-30,000986,全指能源,行业，资源，能源,45.41,韭圈儿
2016-07-01,000986,全指能源,行业，资源，能源,45.39,韭圈儿
2016-07-04,000986,全指能源,行业，资源，能源,46.25,韭圈儿
2016-07-05,000986,全指能源,行业，资源，能源,46.41,韭圈儿
2016-07-06,000986,全指能源,行业，资源，能源,46.29,韭圈儿
2016-07-07,000986,全指能源,行业，资源，能源,46.41,韭圈儿
2016-07-08,000986,全指能源,行业，资源，能源,45.98,韭圈儿
2016-07-11,000986,全指能源,行业，资源，能源,46.48,韭圈儿
2016-07-12,000986,全指能源,行业，资源，能源,47.69,韭圈儿
2016-07-13,000986,全指能源,行业，资源，能源,47.82,韭圈儿
2016-07-14,000986,全指能源,行业，资源，能源,47.52,韭圈儿
2016-07-15,000986,全指能源,行业，资源，能源,47.6,韭圈儿
2016-07-18,000986,全指能源,行业，资源，能源,47.22,韭圈儿
2016-07-19,000986,全指能源,行业，资源，能源,47.19,韭圈儿
2016-07-20,000986,全指能源,行业，资源，能源,46.98,韭圈儿
2016-07-21,000986,全指能源,行业，资源，能源,47.06,韭圈儿
2016-07-22,000986,全指能源,行业，资源，能源,46.7,韭圈儿
2016-07-25,000986,全指能源,行业，资源，能源,46.65,韭圈儿
2016-07-26,000986,全指能源,行业，资源，能源,47.15,韭圈儿
2016-07-27,000986,全指能源,行业，资源，能源,46.29,韭圈儿
2016-07-28,000986,全指能源,行业，资源，能源,46.2,韭圈儿
2016-07-29,000986,全指能源,行业，资源，能源,46.06,韭圈儿
2016-08-01,000986,全指能源,行业，资源，能源,46.2,韭圈儿
2016-08-02,000986,全指能源,行业，资源，能源,46.41,韭圈儿
2016-08-03,000986,全指能源,行业，资源，能源,46.31,韭圈儿
2016-08-04,000986,全指能源,行业，资源，能源,46.4,韭圈儿
2016-08-05,000986,全指能源,行业，资源，能源,46.35,韭圈儿
2016-08-08,000986,全指能源,行业，资源，能源,47.07,韭圈儿
2016-08-09,000986,全指能源,行业，资源，能源,47.25,韭圈儿
2016-08-10,000986,全指能源,行业，资源，能源,47.88,韭圈儿
2016-08-11,000986,全指能源,行业，资源，能源,47.34,韭圈儿
2016-08-12,000986,全指能源,行业，资源，能源,47.78,韭圈儿
2016-08-15,000986,全指能源,行业，资源，能源,48.57,韭圈儿
2016-08-16,000986,全指能源,行业，资源，能源,48.67,韭圈儿
2016-08-17,000986,全指能源,行业，资源，能源,48.65,韭圈儿
2016-08-18,000986,全指能源,行业，资源，能源,48.35,韭圈儿
2016-08-19,000986,全指能源,行业，资源，能源,48.31,韭圈儿
2016-08-22,000986,全指能源,行业，资源，能源,48.4,韭圈儿
2016-08-23,000986,全指能源,行业，资源，能源,49.55,韭圈儿
2016-08-24,000986,全指能源,行业，资源，能源,49.28,韭圈儿
2016-08-25,000986,全指能源,行业，资源，能源,51.42,韭圈儿
2016-08-26,000986,全指能源,行业，资源，能源,51.47,韭圈儿
2016-08-29,000986,全指能源,行业，资源，能源,60.11,韭圈儿
2016-08-30,000986,全指能源,行业，资源，能源,69.4,韭圈儿
2016-08-31,000986,全指能源,行业，资源，能源,72.0,韭圈儿
2016-09-01,000986,全指能源,行业，资源，能源,71.36,韭圈儿
2016-09-02,000986,全指能源,行业，资源，能源,71.35,韭圈儿
2016-09-05,000986,全指能源,行业，资源，能源,71.83,韭圈儿
2016-09-06,000986,全指能源,行业，资源，能源,72.02,韭圈儿
2016-09-07,000986,全指能源,行业，资源，能源,71.8,韭圈儿
2016-09-08,000986,全指能源,行业，资源，能源,71.91,韭圈儿
2016-09-09,000986,全指能源,行业，资源，能源,71.53,韭圈儿
2016-09-12,000986,全指能源,行业，资源，能源,70.29,韭圈儿
2016-09-13,000986,全指能源,行业，资源，能源,70.18,韭圈儿
2016-09-14,000986,全指能源,行业，资源，能源,69.76,韭圈儿
2016-09-19,000986,全指能源,行业，资源，能源,69.99,韭圈儿
2016-09-20,000986,全指能源,行业，资源，能源,70.08,韭圈儿
2016-09-21,000986,全指能源,行业，资源，能源,69.8,韭圈儿
2016-09-22,000986,全指能源,行业，资源，能源,70.15,韭圈儿
2016-09-23,000986,全指能源,行业，资源，能源,70.2,韭圈儿
2016-09-26,000986,全指能源,行业，资源，能源,69.39,韭圈儿
2016-09-27,000986,全指能源,行业，资源，能源,69.56,韭圈儿
2016-09-28,000986,全指能源,行业，资源，能源,69.26,韭圈儿
2016-09-29,000986,全指能源,行业，资源，能源,70.17,韭圈儿
2016-09-30,000986,全指能源,行业，资源，能源,70.24,韭圈儿
2016-10-10,000986,全指能源,行业，资源，能源,71.2,韭圈儿
2016-10-11,000986,全指能源,行业，资源，能源,71.66,韭圈儿
2016-10-12,000986,全指能源,行业，资源，能源,71.44,韭圈儿
2016-10-13,000986,全指能源,行业，资源，能源,71.14,韭圈儿
2016-10-14,000986,全指能源,行业，资源，能源,71.38,韭圈儿
2016-10-17,000986,全指能源,行业，资源，能源,70.78,韭圈儿
2016-10-18,000986,全指能源,行业，资源，能源,71.33,韭圈儿
2016-10-19,000986,全指能源,行业，资源，能源,71.57,韭圈儿
2016-10-20,000986,全指能源,行业，资源，能源,71.61,韭圈儿
2016-10-21,000986,全指能源,行业，资源，能源,71.51,韭圈儿
2016-10-24,000986,全指能源,行业，资源，能源,73.36,韭圈儿
2016-10-25,000986,全指能源,行业，资源，能源,72.81,韭圈儿
2016-10-26,000986,全指能源,行业，资源，能源,72.91,韭圈儿
2016-10-27,000986,全指能源,行业，资源，能源,75.21,韭圈儿
2016-10-28,000986,全指能源,行业，资源，能源,62.07,韭圈儿
2016-10-31,000986,全指能源,行业，资源，能源,62.33,韭圈儿
2016-11-01,000986,全指能源,行业，资源，能源,62.36,韭圈儿
2016-11-02,000986,全指能源,行业，资源，能源,61.76,韭圈儿
2016-11-03,000986,全指能源,行业，资源，能源,61.95,韭圈儿
2016-11-04,000986,全指能源,行业，资源，能源,62.02,韭圈儿
2016-11-07,000986,全指能源,行业，资源，能源,62.72,韭圈儿
2016-11-08,000986,全指能源,行业，资源，能源,62.49,韭圈儿
2016-11-09,000986,全指能源,行业，资源，能源,62.24,韭圈儿
2016-11-10,000986,全指能源,行业，资源，能源,62.8,韭圈儿
2016-11-11,000986,全指能源,行业，资源，能源,63.47,韭圈儿
2016-11-14,000986,全指能源,行业，资源，能源,64.01,韭圈儿
2016-11-15,000986,全指能源,行业，资源，能源,63.43,韭圈儿
2016-11-16,000986,全指能源,行业，资源，能源,63.41,韭圈儿
2016-11-17,000986,全指能源,行业，资源，能源,63.42,韭圈儿
2016-11-18,000986,全指能源,行业，资源，能源,62.9,韭圈儿
2016-11-21,000986,全指能源,行业，资源，能源,63.47,韭圈儿
2016-11-22,000986,全指能源,行业，资源，能源,65.03,韭圈儿
2016-11-23,000986,全指能源,行业，资源，能源,64.36,韭圈儿
2016-11-24,000986,全指能源,行业，资源，能源,64.15,韭圈儿
2016-11-25,000986,全指能源,行业，资源，能源,64.4,韭圈儿
2016-11-28,000986,全指能源,行业，资源，能源,64.99,韭圈儿
2016-11-29,000986,全指能源,行业，资源，能源,65.02,韭圈儿
2016-11-30,000986,全指能源,行业，资源，能源,63.55,韭圈儿
2016-12-01,000986,全指能源,行业，资源，能源,64.71,韭圈儿
2016-12-02,000986,全指能源,行业，资源，能源,65.41,韭圈儿
2016-12-05,000986,全指能源,行业，资源，能源,64.21,韭圈儿
2016-12-06,000986,全指能源,行业，资源，能源,63.89,韭圈儿
2016-12-07,000986,全指能源,行业，资源，能源,64.3,韭圈儿
2016-12-08,000986,全指能源,行业，资源，能源,63.98,韭圈儿
2016-12-09,000986,全指能源,行业，资源，能源,64.45,韭圈儿
2016-12-12,000986,全指能源,行业，资源，能源,64.42,韭圈儿
2016-12-13,000986,全指能源,行业，资源，能源,65.29,韭圈儿
2016-12-14,000986,全指能源,行业，资源，能源,65.55,韭圈儿
2016-12-15,000986,全指能源,行业，资源，能源,64.56,韭圈儿
2016-12-16,000986,全指能源,行业，资源，能源,64.6,韭圈儿
2016-12-19,000986,全指能源,行业，资源，能源,65.02,韭圈儿
2016-12-20,000986,全指能源,行业，资源，能源,64.36,韭圈儿
2016-12-21,000986,全指能源,行业，资源，能源,66.0,韭圈儿
2016-12-22,000986,全指能源,行业，资源，能源,66.9,韭圈儿
2016-12-23,000986,全指能源,行业，资源，能源,66.35,韭圈儿
2016-12-26,000986,全指能源,行业，资源，能源,66.17,韭圈儿
2016-12-27,000986,全指能源,行业，资源，能源,65.65,韭圈儿
2016-12-28,000986,全指能源,行业，资源，能源,65.57,韭圈儿
2016-12-29,000986,全指能源,行业，资源，能源,65.06,韭圈儿
2016-12-30,000986,全指能源,行业，资源，能源,65.14,韭圈儿
2017-01-03,000986,全指能源,行业，资源，能源,65.64,韭圈儿
2017-01-04,000986,全指能源,行业，资源，能源,66.06,韭圈儿
2017-01-05,000986,全指能源,行业，资源，能源,67.29,韭圈儿
2017-01-06,000986,全指能源,行业，资源，能源,68.28,韭圈儿
2017-01-09,000986,全指能源,行业，资源，能源,68.4,韭圈儿
2017-01-10,000986,全指能源,行业，资源，能源,68.64,韭圈儿
2017-01-11,000986,全指能源,行业，资源，能源,67.75,韭圈儿
2017-01-12,000986,全指能源,行业，资源，能源,67.78,韭圈儿
2017-01-13,000986,全指能源,行业，资源，能源,68.04,韭圈儿
2017-01-16,000986,全指能源,行业，资源，能源,68.49,韭圈儿
2017-01-17,000986,全指能源,行业，资源，能源,68.68,韭圈儿
2017-01-18,000986,全指能源,行业，资源，能源,68.86,韭圈儿
2017-01-19,000986,全指能源,行业，资源，能源,68.19,韭圈儿
2017-01-20,000986,全指能源,行业，资源，能源,68.18,韭圈儿
2017-01-23,000986,全指能源,行业，资源，能源,68.68,韭圈儿
2017-01-24,000986,全指能源,行业，资源，能源,70.17,韭圈儿
2017-01-25,000986,全指能源,行业，资源，能源,69.95,韭圈儿
2017-01-26,000986,全指能源,行业，资源，能源,69.79,韭圈儿
2017-02-03,000986,全指能源,行业，资源，能源,69.07,韭圈儿
2017-02-06,000986,全指能源,行业，资源，能源,69.02,韭圈儿
2017-02-07,000986,全指能源,行业，资源，能源,68.63,韭圈儿
2017-02-08,000986,全指能源,行业，资源，能源,68.42,韭圈儿
2017-02-09,000986,全指能源,行业，资源，能源,68.48,韭圈儿
2017-02-10,000986,全指能源,行业，资源，能源,68.99,韭圈儿
2017-02-13,000986,全指能源,行业，资源，能源,69.12,韭圈儿
2017-02-14,000986,全指能源,行业，资源，能源,69.06,韭圈儿
2017-02-15,000986,全指能源,行业，资源，能源,68.94,韭圈儿
2017-02-16,000986,全指能源,行业，资源，能源,68.86,韭圈儿
2017-02-17,000986,全指能源,行业，资源，能源,68.19,韭圈儿
2017-02-20,000986,全指能源,行业，资源，能源,69.0,韭圈儿
2017-02-21,000986,全指能源,行业，资源，能源,69.08,韭圈儿
2017-02-22,000986,全指能源,行业，资源，能源,69.48,韭圈儿
2017-02-23,000986,全指能源,行业，资源，能源,68.62,韭圈儿
2017-02-24,000986,全指能源,行业，资源，能源,68.0,韭圈儿
2017-02-27,000986,全指能源,行业，资源，能源,67.52,韭圈儿
2017-02-28,000986,全指能源,行业，资源，能源,68.7,韭圈儿
2017-03-01,000986,全指能源,行业，资源，能源,68.84,韭圈儿
2017-03-02,000986,全指能源,行业，资源，能源,68.38,韭圈儿
2017-03-03,000986,全指能源,行业，资源，能源,67.46,韭圈儿
2017-03-06,000986,全指能源,行业，资源，能源,67.8,韭圈儿
2017-03-07,000986,全指能源,行业，资源，能源,67.76,韭圈儿
2017-03-08,000986,全指能源,行业，资源，能源,67.71,韭圈儿
2017-03-09,000986,全指能源,行业，资源，能源,66.69,韭圈儿
2017-03-10,000986,全指能源,行业，资源，能源,66.25,韭圈儿
2017-03-13,000986,全指能源,行业，资源，能源,66.7,韭圈儿
2017-03-14,000986,全指能源,行业，资源，能源,66.79,韭圈儿
2017-03-15,000986,全指能源,行业，资源，能源,67.02,韭圈儿
2017-03-16,000986,全指能源,行业，资源，能源,66.45,韭圈儿
2017-03-17,000986,全指能源,行业，资源，能源,65.03,韭圈儿
2017-03-20,000986,全指能源,行业，资源，能源,59.71,韭圈儿
2017-03-21,000986,全指能源,行业，资源，能源,60.58,韭圈儿
2017-03-22,000986,全指能源,行业，资源，能源,62.67,韭圈儿
2017-03-23,000986,全指能源,行业，资源，能源,60.17,韭圈儿
2017-03-24,000986,全指能源,行业，资源，能源,60.5,韭圈儿
2017-03-27,000986,全指能源,行业，资源，能源,50.49,韭圈儿
2017-03-28,000986,全指能源,行业，资源，能源,50.14,韭圈儿
2017-03-29,000986,全指能源,行业，资源，能源,58.23,韭圈儿
2017-03-30,000986,全指能源,行业，资源，能源,58.11,韭圈儿
2017-03-31,000986,全指能源,行业，资源，能源,56.6,韭圈儿
2017-04-05,000986,全指能源,行业，资源，能源,55.93,韭圈儿
2017-04-06,000986,全指能源,行业，资源，能源,55.67,韭圈儿
2017-04-07,000986,全指能源,行业，资源，能源,56.16,韭圈儿
2017-04-10,000986,全指能源,行业，资源，能源,55.66,韭圈儿
2017-04-11,000986,全指能源,行业，资源，能源,55.53,韭圈儿
2017-04-12,000986,全指能源,行业，资源，能源,55.6,韭圈儿
2017-04-13,000986,全指能源,行业，资源，能源,54.99,韭圈儿
2017-04-14,000986,全指能源,行业，资源，能源,54.2,韭圈儿
2017-04-17,000986,全指能源,行业，资源，能源,54.21,韭圈儿
2017-04-18,000986,全指能源,行业，资源，能源,54.01,韭圈儿
2017-04-19,000986,全指能源,行业，资源，能源,53.08,韭圈儿
2017-04-20,000986,全指能源,行业，资源，能源,52.49,韭圈儿
2017-04-21,000986,全指能源,行业，资源，能源,52.33,韭圈儿
2017-04-24,000986,全指能源,行业，资源，能源,51.63,韭圈儿
2017-04-25,000986,全指能源,行业，资源，能源,49.59,韭圈儿
2017-04-26,000986,全指能源,行业，资源，能源,50.43,韭圈儿
2017-04-27,000986,全指能源,行业，资源，能源,50.09,韭圈儿
2017-04-28,000986,全指能源,行业，资源，能源,31.48,韭圈儿
2017-05-02,000986,全指能源,行业，资源，能源,28.69,韭圈儿
2017-05-03,000986,全指能源,行业，资源，能源,28.53,韭圈儿
2017-05-04,000986,全指能源,行业，资源，能源,28.39,韭圈儿
2017-05-05,000986,全指能源,行业，资源，能源,28.04,韭圈儿
2017-05-08,000986,全指能源,行业，资源，能源,27.94,韭圈儿
2017-05-09,000986,全指能源,行业，资源，能源,27.98,韭圈儿
2017-05-10,000986,全指能源,行业，资源，能源,27.78,韭圈儿
2017-05-11,000986,全指能源,行业，资源，能源,28.13,韭圈儿
2017-05-12,000986,全指能源,行业，资源，能源,28.17,韭圈儿
2017-05-15,000986,全指能源,行业，资源，能源,28.49,韭圈儿
2017-05-16,000986,全指能源,行业，资源，能源,28.52,韭圈儿
2017-05-17,000986,全指能源,行业，资源，能源,28.3,韭圈儿
2017-05-18,000986,全指能源,行业，资源，能源,28.43,韭圈儿
2017-05-19,000986,全指能源,行业，资源，能源,28.6,韭圈儿
2017-05-22,000986,全指能源,行业，资源，能源,28.86,韭圈儿
2017-05-23,000986,全指能源,行业，资源，能源,28.96,韭圈儿
2017-05-24,000986,全指能源,行业，资源，能源,28.93,韭圈儿
2017-05-25,000986,全指能源,行业，资源，能源,29.5,韭圈儿
2017-05-26,000986,全指能源,行业，资源，能源,29.4,韭圈儿
2017-05-31,000986,全指能源,行业，资源，能源,29.47,韭圈儿
2017-06-01,000986,全指能源,行业，资源，能源,29.47,韭圈儿
2017-06-02,000986,全指能源,行业，资源，能源,29.42,韭圈儿
2017-06-05,000986,全指能源,行业，资源，能源,29.27,韭圈儿
2017-06-06,000986,全指能源,行业，资源，能源,29.21,韭圈儿
2017-06-07,000986,全指能源,行业，资源，能源,29.37,韭圈儿
2017-06-08,000986,全指能源,行业，资源，能源,29.35,韭圈儿
2017-06-09,000986,全指能源,行业，资源，能源,29.32,韭圈儿
2017-06-12,000986,全指能源,行业，资源，能源,25.81,韭圈儿
2017-06-13,000986,全指能源,行业，资源，能源,25.9,韭圈儿
2017-06-14,000986,全指能源,行业，资源，能源,25.81,韭圈儿
2017-06-15,000986,全指能源,行业，资源，能源,25.75,韭圈儿
2017-06-16,000986,全指能源,行业，资源，能源,25.74,韭圈儿
2017-06-19,000986,全指能源,行业，资源，能源,25.83,韭圈儿
2017-06-20,000986,全指能源,行业，资源，能源,25.87,韭圈儿
2017-06-21,000986,全指能源,行业，资源，能源,25.89,韭圈儿
2017-06-22,000986,全指能源,行业，资源，能源,25.81,韭圈儿
2017-06-23,000986,全指能源,行业，资源，能源,25.91,韭圈儿
2017-06-26,000986,全指能源,行业，资源，能源,25.98,韭圈儿
2017-06-27,000986,全指能源,行业，资源，能源,25.91,韭圈儿
2017-06-28,000986,全指能源,行业，资源，能源,25.9,韭圈儿
2017-06-29,000986,全指能源,行业，资源，能源,25.97,韭圈儿
2017-06-30,000986,全指能源,行业，资源，能源,25.97,韭圈儿
2017-07-03,000986,全指能源,行业，资源，能源,26.16,韭圈儿
2017-07-04,000986,全指能源,行业，资源，能源,26.34,韭圈儿
2017-07-05,000986,全指能源,行业，资源，能源,26.39,韭圈儿
2017-07-06,000986,全指能源,行业，资源，能源,26.5,韭圈儿
2017-07-07,000986,全指能源,行业，资源，能源,26.53,韭圈儿
2017-07-10,000986,全指能源,行业，资源，能源,26.23,韭圈儿
2017-07-11,000986,全指能源,行业，资源，能源,26.09,韭圈儿
2017-07-12,000986,全指能源,行业，资源，能源,26.01,韭圈儿
2017-07-13,000986,全指能源,行业，资源，能源,26.25,韭圈儿
2017-07-14,000986,全指能源,行业，资源，能源,26.29,韭圈儿
2017-07-17,000986,全指能源,行业，资源，能源,26.56,韭圈儿
2017-07-18,000986,全指能源,行业，资源，能源,26.59,韭圈儿
2017-07-19,000986,全指能源,行业，资源，能源,26.82,韭圈儿
2017-07-20,000986,全指能源,行业，资源，能源,26.87,韭圈儿
2017-07-21,000986,全指能源,行业，资源，能源,26.8,韭圈儿
2017-07-24,000986,全指能源,行业，资源，能源,26.59,韭圈儿
2017-07-25,000986,全指能源,行业，资源，能源,26.66,韭圈儿
2017-07-26,000986,全指能源,行业，资源，能源,26.88,韭圈儿
2017-07-27,000986,全指能源,行业，资源，能源,26.68,韭圈儿
2017-07-28,000986,全指能源,行业，资源，能源,26.63,韭圈儿
2017-07-31,000986,全指能源,行业，资源，能源,26.89,韭圈儿
2017-08-01,000986,全指能源,行业，资源，能源,26.93,韭圈儿
2017-08-02,000986,全指能源,行业，资源，能源,26.74,韭圈儿
2017-08-03,000986,全指能源,行业，资源，能源,26.72,韭圈儿
2017-08-04,000986,全指能源,行业，资源，能源,26.84,韭圈儿
2017-08-07,000986,全指能源,行业，资源，能源,26.92,韭圈儿
2017-08-08,000986,全指能源,行业，资源，能源,26.82,韭圈儿
2017-08-09,000986,全指能源,行业，资源，能源,26.96,韭圈儿
2017-08-10,000986,全指能源,行业，资源，能源,26.84,韭圈儿
2017-08-11,000986,全指能源,行业，资源，能源,26.25,韭圈儿
2017-08-14,000986,全指能源,行业，资源，能源,26.26,韭圈儿
2017-08-15,000986,全指能源,行业，资源，能源,26.11,韭圈儿
2017-08-16,000986,全指能源,行业，资源，能源,26.0,韭圈儿
2017-08-17,000986,全指能源,行业，资源，能源,26.2,韭圈儿
2017-08-18,000986,全指能源,行业，资源，能源,26.08,韭圈儿
2017-08-21,000986,全指能源,行业，资源，能源,26.25,韭圈儿
2017-08-22,000986,全指能源,行业，资源，能源,26.15,韭圈儿
2017-08-23,000986,全指能源,行业，资源，能源,25.96,韭圈儿
2017-08-24,000986,全指能源,行业，资源，能源,26.21,韭圈儿
2017-08-25,000986,全指能源,行业，资源，能源,28.07,韭圈儿
2017-08-28,000986,全指能源,行业，资源，能源,26.69,韭圈儿
2017-08-29,000986,全指能源,行业，资源，能源,26.42,韭圈儿
2017-08-30,000986,全指能源,行业，资源，能源,26.06,韭圈儿
2017-08-31,000986,全指能源,行业，资源，能源,26.04,韭圈儿
2017-09-01,000986,全指能源,行业，资源，能源,26.47,韭圈儿
2017-09-04,000986,全指能源,行业，资源，能源,26.6,韭圈儿
2017-09-05,000986,全指能源,行业，资源，能源,26.4,韭圈儿
2017-09-06,000986,全指能源,行业，资源，能源,26.55,韭圈儿
2017-09-07,000986,全指能源,行业，资源，能源,26.24,韭圈儿
2017-09-08,000986,全指能源,行业，资源，能源,26.31,韭圈儿
2017-09-11,000986,全指能源,行业，资源，能源,26.42,韭圈儿
2017-09-12,000986,全指能源,行业，资源，能源,26.44,韭圈儿
2017-09-13,000986,全指能源,行业，资源，能源,26.48,韭圈儿
2017-09-14,000986,全指能源,行业，资源，能源,26.28,韭圈儿
2017-09-15,000986,全指能源,行业，资源，能源,25.91,韭圈儿
2017-09-18,000986,全指能源,行业，资源，能源,25.96,韭圈儿
2017-09-19,000986,全指能源,行业，资源，能源,25.93,韭圈儿
2017-09-20,000986,全指能源,行业，资源，能源,25.89,韭圈儿
2017-09-21,000986,全指能源,行业，资源，能源,25.83,韭圈儿
2017-09-22,000986,全指能源,行业，资源，能源,25.8,韭圈儿
2017-09-25,000986,全指能源,行业，资源，能源,25.9,韭圈儿
2017-09-26,000986,全指能源,行业，资源，能源,26.14,韭圈儿
2017-09-27,000986,全指能源,行业，资源，能源,26.12,韭圈儿
2017-09-28,000986,全指能源,行业，资源，能源,25.95,韭圈儿
2017-09-29,000986,全指能源,行业，资源，能源,25.91,韭圈儿
2017-10-09,000986,全指能源,行业，资源，能源,25.85,韭圈儿
2017-10-10,000986,全指能源,行业，资源，能源,25.76,韭圈儿
2017-10-11,000986,全指能源,行业，资源，能源,25.79,韭圈儿
2017-10-12,000986,全指能源,行业，资源，能源,25.58,韭圈儿
2017-10-13,000986,全指能源,行业，资源，能源,25.65,韭圈儿
2017-10-16,000986,全指能源,行业，资源，能源,25.69,韭圈儿
2017-10-17,000986,全指能源,行业，资源，能源,25.6,韭圈儿
2017-10-18,000986,全指能源,行业，资源，能源,25.9,韭圈儿
2017-10-19,000986,全指能源,行业，资源，能源,25.85,韭圈儿
2017-10-20,000986,全指能源,行业，资源，能源,25.68,韭圈儿
2017-10-23,000986,全指能源,行业，资源，能源,25.65,韭圈儿
2017-10-24,000986,全指能源,行业，资源，能源,25.78,韭圈儿
2017-10-25,000986,全指能源,行业，资源，能源,25.62,韭圈儿
2017-10-26,000986,全指能源,行业，资源，能源,25.69,韭圈儿
2017-10-27,000986,全指能源,行业，资源，能源,25.28,韭圈儿
2017-10-30,000986,全指能源,行业，资源，能源,24.1,韭圈儿
2017-10-31,000986,全指能源,行业，资源，能源,22.64,韭圈儿
2017-11-01,000986,全指能源,行业，资源，能源,22.86,韭圈儿
2017-11-02,000986,全指能源,行业，资源，能源,22.86,韭圈儿
2017-11-03,000986,全指能源,行业，资源，能源,22.73,韭圈儿
2017-11-06,000986,全指能源,行业，资源，能源,22.87,韭圈儿
2017-11-07,000986,全指能源,行业，资源，能源,23.31,韭圈儿
2017-11-08,000986,全指能源,行业，资源，能源,23.16,韭圈儿
2017-11-09,000986,全指能源,行业，资源，能源,23.43,韭圈儿
2017-11-10,000986,全指能源,行业，资源，能源,23.03,韭圈儿
2017-11-13,000986,全指能源,行业，资源，能源,23.21,韭圈儿
2017-11-14,000986,全指能源,行业，资源，能源,23.28,韭圈儿
2017-11-15,000986,全指能源,行业，资源，能源,22.91,韭圈儿
2017-11-16,000986,全指能源,行业，资源，能源,22.68,韭圈儿
2017-11-17,000986,全指能源,行业，资源，能源,22.65,韭圈儿
2017-11-20,000986,全指能源,行业，资源，能源,22.81,韭圈儿
2017-11-21,000986,全指能源,行业，资源，能源,22.79,韭圈儿
2017-11-22,000986,全指能源,行业，资源，能源,23.37,韭圈儿
2017-11-23,000986,全指能源,行业，资源，能源,23.02,韭圈儿
2017-11-24,000986,全指能源,行业，资源，能源,23.17,韭圈儿
2017-11-27,000986,全指能源,行业，资源，能源,23.05,韭圈儿
2017-11-28,000986,全指能源,行业，资源，能源,22.92,韭圈儿
2017-11-29,000986,全指能源,行业，资源，能源,23.08,韭圈儿
2017-11-30,000986,全指能源,行业，资源，能源,22.96,韭圈儿
2017-12-01,000986,全指能源,行业，资源，能源,22.83,韭圈儿
2017-12-04,000986,全指能源,行业，资源，能源,22.8,韭圈儿
2017-12-05,000986,全指能源,行业，资源，能源,22.88,韭圈儿
2017-12-06,000986,全指能源,行业，资源，能源,22.66,韭圈儿
2017-12-07,000986,全指能源,行业，资源，能源,22.41,韭圈儿
2017-12-08,000986,全指能源,行业，资源，能源,22.41,韭圈儿
2017-12-11,000986,全指能源,行业，资源，能源,22.22,韭圈儿
2017-12-12,000986,全指能源,行业，资源，能源,21.98,韭圈儿
2017-12-13,000986,全指能源,行业，资源，能源,22.05,韭圈儿
2017-12-14,000986,全指能源,行业，资源，能源,21.9,韭圈儿
2017-12-15,000986,全指能源,行业，资源，能源,21.71,韭圈儿
2017-12-18,000986,全指能源,行业，资源，能源,21.95,韭圈儿
2017-12-19,000986,全指能源,行业，资源，能源,21.99,韭圈儿
2017-12-20,000986,全指能源,行业，资源，能源,22.04,韭圈儿
2017-12-21,000986,全指能源,行业，资源，能源,22.1,韭圈儿
2017-12-22,000986,全指能源,行业，资源，能源,22.4,韭圈儿
2017-12-25,000986,全指能源,行业，资源，能源,22.25,韭圈儿
2017-12-26,000986,全指能源,行业，资源，能源,22.32,韭圈儿
2017-12-27,000986,全指能源,行业，资源，能源,22.45,韭圈儿
2017-12-28,000986,全指能源,行业，资源，能源,22.56,韭圈儿
2017-12-29,000986,全指能源,行业，资源，能源,22.51,韭圈儿
2018-01-02,000986,全指能源,行业，资源，能源,23.16,韭圈儿
2018-01-03,000986,全指能源,行业，资源，能源,23.23,韭圈儿
2018-01-04,000986,全指能源,行业，资源，能源,23.99,韭圈儿
2018-01-05,000986,全指能源,行业，资源，能源,24.15,韭圈儿
2018-01-08,000986,全指能源,行业，资源，能源,24.42,韭圈儿
2018-01-09,000986,全指能源,行业，资源，能源,24.3,韭圈儿
2018-01-10,000986,全指能源,行业，资源，能源,24.67,韭圈儿
2018-01-11,000986,全指能源,行业，资源，能源,24.45,韭圈儿
2018-01-12,000986,全指能源,行业，资源，能源,24.49,韭圈儿
2018-01-15,000986,全指能源,行业，资源，能源,24.41,韭圈儿
2018-01-16,000986,全指能源,行业，资源，能源,24.14,韭圈儿
2018-01-17,000986,全指能源,行业，资源，能源,24.27,韭圈儿
2018-01-18,000986,全指能源,行业，资源，能源,24.18,韭圈儿
2018-01-19,000986,全指能源,行业，资源，能源,24.58,韭圈儿
2018-01-22,000986,全指能源,行业，资源，能源,24.5,韭圈儿
2018-01-23,000986,全指能源,行业，资源，能源,24.97,韭圈儿
2018-01-24,000986,全指能源,行业，资源，能源,25.32,韭圈儿
2018-01-25,000986,全指能源,行业，资源，能源,25.3,韭圈儿
2018-01-26,000986,全指能源,行业，资源，能源,25.45,韭圈儿
2018-01-29,000986,全指能源,行业，资源，能源,25.79,韭圈儿
2018-01-30,000986,全指能源,行业，资源，能源,25.37,韭圈儿
2018-01-31,000986,全指能源,行业，资源，能源,25.07,韭圈儿
2018-02-01,000986,全指能源,行业，资源，能源,24.96,韭圈儿
2018-02-02,000986,全指能源,行业，资源，能源,26.05,韭圈儿
2018-02-05,000986,全指能源,行业，资源，能源,26.25,韭圈儿
2018-02-06,000986,全指能源,行业，资源，能源,25.07,韭圈儿
2018-02-07,000986,全指能源,行业，资源，能源,24.43,韭圈儿
2018-02-08,000986,全指能源,行业，资源，能源,23.56,韭圈儿
2018-02-09,000986,全指能源,行业，资源，能源,22.31,韭圈儿
2018-02-12,000986,全指能源,行业，资源，能源,22.27,韭圈儿
2018-02-13,000986,全指能源,行业，资源，能源,22.41,韭圈儿
2018-02-14,000986,全指能源,行业，资源，能源,22.51,韭圈儿
2018-02-22,000986,全指能源,行业，资源，能源,22.98,韭圈儿
2018-02-23,000986,全指能源,行业，资源，能源,23.22,韭圈儿
2018-02-26,000986,全指能源,行业，资源，能源,23.51,韭圈儿
2018-02-27,000986,全指能源,行业，资源，能源,22.9,韭圈儿
2018-02-28,000986,全指能源,行业，资源，能源,22.56,韭圈儿
2018-03-01,000986,全指能源,行业，资源，能源,22.52,韭圈儿
2018-03-02,000986,全指能源,行业，资源，能源,22.28,韭圈儿
2018-03-05,000986,全指能源,行业，资源，能源,22.33,韭圈儿
2018-03-06,000986,全指能源,行业，资源，能源,22.71,韭圈儿
2018-03-07,000986,全指能源,行业，资源，能源,22.43,韭圈儿
2018-03-08,000986,全指能源,行业，资源，能源,22.45,韭圈儿
2018-03-09,000986,全指能源,行业，资源，能源,22.4,韭圈儿
2018-03-12,000986,全指能源,行业，资源，能源,22.54,韭圈儿
2018-03-13,000986,全指能源,行业，资源，能源,22.39,韭圈儿
2018-03-14,000986,全指能源,行业，资源，能源,22.45,韭圈儿
2018-03-15,000986,全指能源,行业，资源，能源,22.4,韭圈儿
2018-03-16,000986,全指能源,行业，资源，能源,22.22,韭圈儿
2018-03-19,000986,全指能源,行业，资源，能源,22.17,韭圈儿
2018-03-20,000986,全指能源,行业，资源，能源,22.52,韭圈儿
2018-03-21,000986,全指能源,行业，资源，能源,22.63,韭圈儿
2018-03-22,000986,全指能源,行业，资源，能源,22.65,韭圈儿
2018-03-23,000986,全指能源,行业，资源，能源,22.22,韭圈儿
2018-03-26,000986,全指能源,行业，资源，能源,21.76,韭圈儿
2018-03-27,000986,全指能源,行业，资源，能源,21.87,韭圈儿
2018-03-28,000986,全指能源,行业，资源，能源,21.4,韭圈儿
2018-03-29,000986,全指能源,行业，资源，能源,21.79,韭圈儿
2018-03-30,000986,全指能源,行业，资源，能源,21.49,韭圈儿
2018-04-02,000986,全指能源,行业，资源，能源,21.45,韭圈儿
2018-04-03,000986,全指能源,行业，资源，能源,21.16,韭圈儿
2018-04-04,000986,全指能源,行业，资源，能源,21.1,韭圈儿
2018-04-09,000986,全指能源,行业，资源，能源,21.24,韭圈儿
2018-04-10,000986,全指能源,行业，资源，能源,21.67,韭圈儿
2018-04-11,000986,全指能源,行业，资源，能源,21.83,韭圈儿
2018-04-12,000986,全指能源,行业，资源，能源,21.79,韭圈儿
2018-04-13,000986,全指能源,行业，资源，能源,21.58,韭圈儿
2018-04-16,000986,全指能源,行业，资源，能源,21.25,韭圈儿
2018-04-17,000986,全指能源,行业，资源，能源,21.04,韭圈儿
2018-04-18,000986,全指能源,行业，资源，能源,21.42,韭圈儿
2018-04-19,000986,全指能源,行业，资源，能源,21.71,韭圈儿
2018-04-20,000986,全指能源,行业，资源，能源,21.44,韭圈儿
2018-04-23,000986,全指能源,行业，资源，能源,21.4,韭圈儿
2018-04-24,000986,全指能源,行业，资源，能源,21.72,韭圈儿
2018-04-25,000986,全指能源,行业，资源，能源,21.5,韭圈儿
2018-04-26,000986,全指能源,行业，资源，能源,21.15,韭圈儿
2018-04-27,000986,全指能源,行业，资源，能源,21.08,韭圈儿
2018-05-02,000986,全指能源,行业，资源，能源,20.49,韭圈儿
2018-05-03,000986,全指能源,行业，资源，能源,20.74,韭圈儿
2018-05-04,000986,全指能源,行业，资源，能源,20.73,韭圈儿
2018-05-07,000986,全指能源,行业，资源，能源,21.2,韭圈儿
2018-05-08,000986,全指能源,行业，资源，能源,21.17,韭圈儿
2018-05-09,000986,全指能源,行业，资源，能源,21.34,韭圈儿
2018-05-10,000986,全指能源,行业，资源，能源,21.6,韭圈儿
2018-05-11,000986,全指能源,行业，资源，能源,21.56,韭圈儿
2018-05-14,000986,全指能源,行业，资源，能源,21.47,韭圈儿
2018-05-15,000986,全指能源,行业，资源，能源,21.47,韭圈儿
2018-05-16,000986,全指能源,行业，资源，能源,21.28,韭圈儿
2018-05-17,000986,全指能源,行业，资源，能源,21.38,韭圈儿
2018-05-18,000986,全指能源,行业，资源，能源,22.57,韭圈儿
2018-05-21,000986,全指能源,行业，资源，能源,22.46,韭圈儿
2018-05-22,000986,全指能源,行业，资源，能源,22.46,韭圈儿
2018-05-23,000986,全指能源,行业，资源，能源,21.55,韭圈儿
2018-05-24,000986,全指能源,行业，资源，能源,21.54,韭圈儿
2018-05-25,000986,全指能源,行业，资源，能源,21.33,韭圈儿
2018-05-28,000986,全指能源,行业，资源，能源,21.25,韭圈儿
2018-05-29,000986,全指能源,行业，资源，能源,21.21,韭圈儿
2018-05-30,000986,全指能源,行业，资源，能源,20.58,韭圈儿
2018-05-31,000986,全指能源,行业，资源，能源,21.04,韭圈儿
2018-06-01,000986,全指能源,行业，资源，能源,21.07,韭圈儿
2018-06-04,000986,全指能源,行业，资源，能源,21.1,韭圈儿
2018-06-05,000986,全指能源,行业，资源，能源,20.78,韭圈儿
2018-06-06,000986,全指能源,行业，资源，能源,20.8,韭圈儿
2018-06-07,000986,全指能源,行业，资源，能源,20.79,韭圈儿
2018-06-08,000986,全指能源,行业，资源，能源,20.61,韭圈儿
2018-06-11,000986,全指能源,行业，资源，能源,19.3,韭圈儿
2018-06-12,000986,全指能源,行业，资源，能源,19.55,韭圈儿
2018-06-13,000986,全指能源,行业，资源，能源,19.47,韭圈儿
2018-06-14,000986,全指能源,行业，资源，能源,19.44,韭圈儿
2018-06-15,000986,全指能源,行业，资源，能源,19.48,韭圈儿
2018-06-19,000986,全指能源,行业，资源，能源,18.87,韭圈儿
2018-06-20,000986,全指能源,行业，资源，能源,18.82,韭圈儿
2018-06-21,000986,全指能源,行业，资源，能源,18.69,韭圈儿
2018-06-22,000986,全指能源,行业，资源，能源,18.66,韭圈儿
2018-06-25,000986,全指能源,行业，资源，能源,18.53,韭圈儿
2018-06-26,000986,全指能源,行业，资源，能源,18.38,韭圈儿
2018-06-27,000986,全指能源,行业，资源，能源,18.69,韭圈儿
2018-06-28,000986,全指能源,行业，资源，能源,18.91,韭圈儿
2018-06-29,000986,全指能源,行业，资源，能源,19.05,韭圈儿
2018-07-02,000986,全指能源,行业，资源，能源,18.48,韭圈儿
2018-07-03,000986,全指能源,行业，资源，能源,18.47,韭圈儿
2018-07-04,000986,全指能源,行业，资源，能源,18.38,韭圈儿
2018-07-05,000986,全指能源,行业，资源，能源,18.26,韭圈儿
2018-07-06,000986,全指能源,行业，资源，能源,18.26,韭圈儿
2018-07-09,000986,全指能源,行业，资源，能源,18.55,韭圈儿
2018-07-10,000986,全指能源,行业，资源，能源,18.75,韭圈儿
2018-07-11,000986,全指能源,行业，资源，能源,18.3,韭圈儿
2018-07-12,000986,全指能源,行业，资源，能源,18.44,韭圈儿
2018-07-13,000986,全指能源,行业，资源，能源,18.35,韭圈儿
2018-07-16,000986,全指能源,行业，资源，能源,18.29,韭圈儿
2018-07-17,000986,全指能源,行业，资源，能源,17.9,韭圈儿
2018-07-18,000986,全指能源,行业，资源，能源,17.85,韭圈儿
2018-07-19,000986,全指能源,行业，资源，能源,17.82,韭圈儿
2018-07-20,000986,全指能源,行业，资源，能源,18.1,韭圈儿
2018-07-23,000986,全指能源,行业，资源，能源,18.37,韭圈儿
2018-07-24,000986,全指能源,行业，资源，能源,18.72,韭圈儿
2018-07-25,000986,全指能源,行业，资源，能源,18.73,韭圈儿
2018-07-26,000986,全指能源,行业，资源，能源,18.72,韭圈儿
2018-07-27,000986,全指能源,行业，资源，能源,18.77,韭圈儿
2018-07-30,000986,全指能源,行业，资源，能源,18.79,韭圈儿
2018-07-31,000986,全指能源,行业，资源，能源,19.01,韭圈儿
2018-08-01,000986,全指能源,行业，资源，能源,18.6,韭圈儿
2018-08-02,000986,全指能源,行业，资源，能源,18.37,韭圈儿
2018-08-03,000986,全指能源,行业，资源，能源,18.53,韭圈儿
2018-08-06,000986,全指能源,行业，资源，能源,18.42,韭圈儿
2018-08-07,000986,全指能源,行业，资源，能源,19.19,韭圈儿
2018-08-08,000986,全指能源,行业，资源，能源,19.29,韭圈儿
2018-08-09,000986,全指能源,行业，资源，能源,19.31,韭圈儿
2018-08-10,000986,全指能源,行业，资源，能源,19.14,韭圈儿
2018-08-13,000986,全指能源,行业，资源，能源,19.06,韭圈儿
2018-08-14,000986,全指能源,行业，资源，能源,19.22,韭圈儿
2018-08-15,000986,全指能源,行业，资源，能源,18.93,韭圈儿
2018-08-16,000986,全指能源,行业，资源，能源,18.65,韭圈儿
2018-08-17,000986,全指能源,行业，资源，能源,18.61,韭圈儿
2018-08-20,000986,全指能源,行业，资源，能源,18.91,韭圈儿
2018-08-21,000986,全指能源,行业，资源，能源,18.92,韭圈儿
2018-08-22,000986,全指能源,行业，资源，能源,18.57,韭圈儿
2018-08-23,000986,全指能源,行业，资源，能源,18.62,韭圈儿
2018-08-24,000986,全指能源,行业，资源，能源,18.7,韭圈儿
2018-08-27,000986,全指能源,行业，资源，能源,17.89,韭圈儿
2018-08-28,000986,全指能源,行业，资源，能源,17.88,韭圈儿
2018-08-29,000986,全指能源,行业，资源，能源,17.87,韭圈儿
2018-08-30,000986,全指能源,行业，资源，能源,17.79,韭圈儿
2018-08-31,000986,全指能源,行业，资源，能源,16.83,韭圈儿
2018-09-03,000986,全指能源,行业，资源，能源,16.83,韭圈儿
2018-09-04,000986,全指能源,行业，资源，能源,17.09,韭圈儿
2018-09-05,000986,全指能源,行业，资源，能源,16.84,韭圈儿
2018-09-06,000986,全指能源,行业，资源，能源,16.87,韭圈儿
2018-09-07,000986,全指能源,行业，资源，能源,16.97,韭圈儿
2018-09-10,000986,全指能源,行业，资源，能源,16.93,韭圈儿
2018-09-11,000986,全指能源,行业，资源，能源,16.97,韭圈儿
2018-09-12,000986,全指能源,行业，资源，能源,16.92,韭圈儿
2018-09-13,000986,全指能源,行业，资源，能源,17.34,韭圈儿
2018-09-14,000986,全指能源,行业，资源，能源,17.41,韭圈儿
2018-09-17,000986,全指能源,行业，资源，能源,17.32,韭圈儿
2018-09-18,000986,全指能源,行业，资源，能源,17.42,韭圈儿
2018-09-19,000986,全指能源,行业，资源，能源,17.9,韭圈儿
2018-09-20,000986,全指能源,行业，资源，能源,17.86,韭圈儿
2018-09-21,000986,全指能源,行业，资源，能源,17.94,韭圈儿
2018-09-25,000986,全指能源,行业，资源，能源,17.95,韭圈儿
2018-09-26,000986,全指能源,行业，资源，能源,18.26,韭圈儿
2018-09-27,000986,全指能源,行业，资源，能源,18.3,韭圈儿
2018-09-28,000986,全指能源,行业，资源，能源,18.44,韭圈儿
2018-10-08,000986,全指能源,行业，资源，能源,17.73,韭圈儿
2018-10-09,000986,全指能源,行业，资源，能源,18.28,韭圈儿
2018-10-10,000986,全指能源,行业，资源，能源,18.45,韭圈儿
2018-10-11,000986,全指能源,行业，资源，能源,17.5,韭圈儿
2018-10-12,000986,全指能源,行业，资源，能源,17.76,韭圈儿
2018-10-15,000986,全指能源,行业，资源，能源,17.51,韭圈儿
2018-10-16,000986,全指能源,行业，资源，能源,17.58,韭圈儿
2018-10-17,000986,全指能源,行业，资源，能源,17.72,韭圈儿
2018-10-18,000986,全指能源,行业，资源，能源,16.62,韭圈儿
2018-10-19,000986,全指能源,行业，资源，能源,16.87,韭圈儿
2018-10-22,000986,全指能源,行业，资源，能源,17.36,韭圈儿
2018-10-23,000986,全指能源,行业，资源，能源,16.96,韭圈儿
2018-10-24,000986,全指能源,行业，资源，能源,16.71,韭圈儿
2018-10-25,000986,全指能源,行业，资源，能源,16.65,韭圈儿
2018-10-26,000986,全指能源,行业，资源，能源,16.68,韭圈儿
2018-10-29,000986,全指能源,行业，资源，能源,16.5,韭圈儿
2018-10-30,000986,全指能源,行业，资源，能源,16.52,韭圈儿
2018-10-31,000986,全指能源,行业，资源，能源,14.92,韭圈儿
2018-11-01,000986,全指能源,行业，资源，能源,14.77,韭圈儿
2018-11-02,000986,全指能源,行业，资源，能源,14.98,韭圈儿
2018-11-05,000986,全指能源,行业，资源，能源,14.99,韭圈儿
2018-11-06,000986,全指能源,行业，资源，能源,15.06,韭圈儿
2018-11-07,000986,全指能源,行业，资源，能源,14.83,韭圈儿
2018-11-08,000986,全指能源,行业，资源，能源,14.91,韭圈儿
2018-11-09,000986,全指能源,行业，资源，能源,14.67,韭圈儿
2018-11-12,000986,全指能源,行业，资源，能源,14.72,韭圈儿
2018-11-13,000986,全指能源,行业，资源，能源,14.67,韭圈儿
2018-11-14,000986,全指能源,行业，资源，能源,14.32,韭圈儿
2018-11-15,000986,全指能源,行业，资源，能源,14.42,韭圈儿
2018-11-16,000986,全指能源,行业，资源，能源,14.42,韭圈儿
2018-11-19,000986,全指能源,行业，资源，能源,14.55,韭圈儿
2018-11-20,000986,全指能源,行业，资源，能源,14.33,韭圈儿
2018-11-21,000986,全指能源,行业，资源，能源,14.15,韭圈儿
2018-11-22,000986,全指能源,行业，资源，能源,14.12,韭圈儿
2018-11-23,000986,全指能源,行业，资源，能源,13.88,韭圈儿
2018-11-26,000986,全指能源,行业，资源，能源,13.77,韭圈儿
2018-11-27,000986,全指能源,行业，资源，能源,13.71,韭圈儿
2018-11-28,000986,全指能源,行业，资源，能源,13.85,韭圈儿
2018-11-29,000986,全指能源,行业，资源，能源,13.72,韭圈儿
2018-11-30,000986,全指能源,行业，资源，能源,13.84,韭圈儿
2018-12-03,000986,全指能源,行业，资源，能源,14.13,韭圈儿
2018-12-04,000986,全指能源,行业，资源，能源,14.14,韭圈儿
2018-12-05,000986,全指能源,行业，资源，能源,14.03,韭圈儿
2018-12-06,000986,全指能源,行业，资源，能源,13.83,韭圈儿
2018-12-07,000986,全指能源,行业，资源，能源,13.87,韭圈儿
2018-12-10,000986,全指能源,行业，资源，能源,13.92,韭圈儿
2018-12-11,000986,全指能源,行业，资源，能源,13.84,韭圈儿
2018-12-12,000986,全指能源,行业，资源，能源,13.9,韭圈儿
2018-12-13,000986,全指能源,行业，资源，能源,14.03,韭圈儿
2018-12-14,000986,全指能源,行业，资源，能源,13.94,韭圈儿
2018-12-17,000986,全指能源,行业，资源，能源,13.91,韭圈儿
2018-12-18,000986,全指能源,行业，资源，能源,13.7,韭圈儿
2018-12-19,000986,全指能源,行业，资源，能源,13.43,韭圈儿
2018-12-20,000986,全指能源,行业，资源，能源,13.39,韭圈儿
2018-12-21,000986,全指能源,行业，资源，能源,13.33,韭圈儿
2018-12-24,000986,全指能源,行业，资源，能源,13.41,韭圈儿
2018-12-25,000986,全指能源,行业，资源，能源,13.12,韭圈儿
2018-12-26,000986,全指能源,行业，资源，能源,13.05,韭圈儿
2018-12-27,000986,全指能源,行业，资源，能源,12.83,韭圈儿
2018-12-28,000986,全指能源,行业，资源，能源,12.71,韭圈儿
2019-01-02,000986,全指能源,行业，资源，能源,12.59,韭圈儿
2019-01-03,000986,全指能源,行业，资源，能源,12.64,韭圈儿
2019-01-04,000986,全指能源,行业，资源，能源,12.82,韭圈儿
2019-01-07,000986,全指能源,行业，资源，能源,12.93,韭圈儿
2019-01-08,000986,全指能源,行业，资源，能源,13.0,韭圈儿
2019-01-09,000986,全指能源,行业，资源，能源,13.07,韭圈儿
2019-01-10,000986,全指能源,行业，资源，能源,13.06,韭圈儿
2019-01-11,000986,全指能源,行业，资源，能源,13.14,韭圈儿
2019-01-14,000986,全指能源,行业，资源，能源,13.09,韭圈儿
2019-01-15,000986,全指能源,行业，资源，能源,13.14,韭圈儿
2019-01-16,000986,全指能源,行业，资源，能源,13.19,韭圈儿
2019-01-17,000986,全指能源,行业，资源，能源,13.16,韭圈儿
2019-01-18,000986,全指能源,行业，资源，能源,13.29,韭圈儿
2019-01-21,000986,全指能源,行业，资源，能源,13.42,韭圈儿
2019-01-22,000986,全指能源,行业，资源，能源,13.24,韭圈儿
2019-01-23,000986,全指能源,行业，资源，能源,13.19,韭圈儿
2019-01-24,000986,全指能源,行业，资源，能源,13.25,韭圈儿
2019-01-25,000986,全指能源,行业，资源，能源,13.28,韭圈儿
2019-01-28,000986,全指能源,行业，资源，能源,13.94,韭圈儿
2019-01-29,000986,全指能源,行业，资源，能源,13.98,韭圈儿
2019-01-30,000986,全指能源,行业，资源，能源,13.93,韭圈儿
2019-01-31,000986,全指能源,行业，资源，能源,14.06,韭圈儿
2019-02-01,000986,全指能源,行业，资源，能源,14.16,韭圈儿
2019-02-11,000986,全指能源,行业，资源，能源,14.19,韭圈儿
2019-02-12,000986,全指能源,行业，资源，能源,14.28,韭圈儿
2019-02-13,000986,全指能源,行业，资源，能源,14.5,韭圈儿
2019-02-14,000986,全指能源,行业，资源，能源,14.46,韭圈儿
2019-02-15,000986,全指能源,行业，资源，能源,14.3,韭圈儿
2019-02-18,000986,全指能源,行业，资源，能源,14.6,韭圈儿
2019-02-19,000986,全指能源,行业，资源，能源,14.57,韭圈儿
2019-02-20,000986,全指能源,行业，资源，能源,14.64,韭圈儿
2019-02-21,000986,全指能源,行业，资源，能源,14.54,韭圈儿
2019-02-22,000986,全指能源,行业，资源，能源,14.61,韭圈儿
2019-02-25,000986,全指能源,行业，资源，能源,15.2,韭圈儿
2019-02-26,000986,全指能源,行业，资源，能源,15.16,韭圈儿
2019-02-27,000986,全指能源,行业，资源，能源,15.21,韭圈儿
2019-02-28,000986,全指能源,行业，资源，能源,15.14,韭圈儿
2019-03-01,000986,全指能源,行业，资源，能源,15.3,韭圈儿
2019-03-04,000986,全指能源,行业，资源，能源,15.38,韭圈儿
2019-03-05,000986,全指能源,行业，资源，能源,15.36,韭圈儿
2019-03-06,000986,全指能源,行业，资源，能源,15.55,韭圈儿
2019-03-07,000986,全指能源,行业，资源，能源,15.51,韭圈儿
2019-03-08,000986,全指能源,行业，资源，能源,14.85,韭圈儿
2019-03-11,000986,全指能源,行业，资源，能源,14.99,韭圈儿
2019-03-12,000986,全指能源,行业，资源，能源,15.13,韭圈儿
2019-03-13,000986,全指能源,行业，资源，能源,14.96,韭圈儿
2019-03-14,000986,全指能源,行业，资源，能源,14.94,韭圈儿
2019-03-15,000986,全指能源,行业，资源，能源,15.04,韭圈儿
2019-03-18,000986,全指能源,行业，资源，能源,15.39,韭圈儿
2019-03-19,000986,全指能源,行业，资源，能源,15.36,韭圈儿
2019-03-20,000986,全指能源,行业，资源，能源,15.39,韭圈儿
2019-03-21,000986,全指能源,行业，资源，能源,15.45,韭圈儿
2019-03-22,000986,全指能源,行业，资源，能源,15.49,韭圈儿
2019-03-25,000986,全指能源,行业，资源，能源,15.1,韭圈儿
2019-03-26,000986,全指能源,行业，资源，能源,14.88,韭圈儿
2019-03-27,000986,全指能源,行业，资源，能源,14.94,韭圈儿
2019-03-28,000986,全指能源,行业，资源，能源,14.7,韭圈儿
2019-03-29,000986,全指能源,行业，资源，能源,15.01,韭圈儿
2019-04-01,000986,全指能源,行业，资源，能源,15.35,韭圈儿
2019-04-02,000986,全指能源,行业，资源，能源,15.31,韭圈儿
2019-04-03,000986,全指能源,行业，资源，能源,15.5,韭圈儿
2019-04-04,000986,全指能源,行业，资源，能源,15.65,韭圈儿
2019-04-08,000986,全指能源,行业，资源，能源,15.82,韭圈儿
2019-04-09,000986,全指能源,行业，资源，能源,15.7,韭圈儿
2019-04-10,000986,全指能源,行业，资源，能源,15.61,韭圈儿
2019-04-11,000986,全指能源,行业，资源，能源,15.41,韭圈儿
2019-04-12,000986,全指能源,行业，资源，能源,15.4,韭圈儿
2019-04-15,000986,全指能源,行业，资源，能源,15.41,韭圈儿
2019-04-16,000986,全指能源,行业，资源，能源,15.7,韭圈儿
2019-04-17,000986,全指能源,行业，资源，能源,15.71,韭圈儿
2019-04-18,000986,全指能源,行业，资源，能源,15.68,韭圈儿
2019-04-19,000986,全指能源,行业，资源，能源,15.82,韭圈儿
2019-04-22,000986,全指能源,行业，资源，能源,15.8,韭圈儿
2019-04-23,000986,全指能源,行业，资源，能源,15.62,韭圈儿
2019-04-24,000986,全指能源,行业，资源，能源,15.57,韭圈儿
2019-04-25,000986,全指能源,行业，资源，能源,15.16,韭圈儿
2019-04-26,000986,全指能源,行业，资源，能源,14.92,韭圈儿
2019-04-29,000986,全指能源,行业，资源，能源,14.77,韭圈儿
2019-04-30,000986,全指能源,行业，资源，能源,15.19,韭圈儿
2019-05-06,000986,全指能源,行业，资源，能源,14.67,韭圈儿
2019-05-07,000986,全指能源,行业，资源，能源,14.69,韭圈儿
2019-05-08,000986,全指能源,行业，资源，能源,14.52,韭圈儿
2019-05-09,000986,全指能源,行业，资源，能源,14.41,韭圈儿
2019-05-10,000986,全指能源,行业，资源，能源,14.65,韭圈儿
2019-05-13,000986,全指能源,行业，资源，能源,14.57,韭圈儿
2019-05-14,000986,全指能源,行业，资源，能源,14.49,韭圈儿
2019-05-15,000986,全指能源,行业，资源，能源,14.67,韭圈儿
2019-05-16,000986,全指能源,行业，资源，能源,14.74,韭圈儿
2019-05-17,000986,全指能源,行业，资源，能源,14.49,韭圈儿
2019-05-20,000986,全指能源,行业，资源，能源,14.47,韭圈儿
2019-05-21,000986,全指能源,行业，资源，能源,14.58,韭圈儿
2019-05-22,000986,全指能源,行业，资源，能源,14.5,韭圈儿
2019-05-23,000986,全指能源,行业，资源，能源,14.47,韭圈儿
2019-05-24,000986,全指能源,行业，资源，能源,14.39,韭圈儿
2019-05-27,000986,全指能源,行业，资源，能源,14.49,韭圈儿
2019-05-28,000986,全指能源,行业，资源，能源,14.5,韭圈儿
2019-05-29,000986,全指能源,行业，资源，能源,14.42,韭圈儿
2019-05-30,000986,全指能源,行业，资源，能源,14.56,韭圈儿
2019-05-31,000986,全指能源,行业，资源，能源,14.44,韭圈儿
2019-06-03,000986,全指能源,行业，资源，能源,14.34,韭圈儿
2019-06-04,000986,全指能源,行业，资源，能源,14.31,韭圈儿
2019-06-05,000986,全指能源,行业，资源，能源,14.34,韭圈儿
2019-06-06,000986,全指能源,行业，资源，能源,14.22,韭圈儿
2019-06-10,000986,全指能源,行业，资源，能源,14.34,韭圈儿
2019-06-11,000986,全指能源,行业，资源，能源,14.36,韭圈儿
2019-06-12,000986,全指能源,行业，资源，能源,14.28,韭圈儿
2019-06-13,000986,全指能源,行业，资源，能源,14.32,韭圈儿
2019-06-14,000986,全指能源,行业，资源，能源,14.19,韭圈儿
2019-06-17,000986,全指能源,行业，资源，能源,14.22,韭圈儿
2019-06-18,000986,全指能源,行业，资源，能源,14.16,韭圈儿
2019-06-19,000986,全指能源,行业，资源，能源,14.21,韭圈儿
2019-06-20,000986,全指能源,行业，资源，能源,14.37,韭圈儿
2019-06-21,000986,全指能源,行业，资源，能源,14.47,韭圈儿
2019-06-24,000986,全指能源,行业，资源，能源,14.49,韭圈儿
2019-06-25,000986,全指能源,行业，资源，能源,14.43,韭圈儿
2019-06-26,000986,全指能源,行业，资源，能源,14.49,韭圈儿
2019-06-27,000986,全指能源,行业，资源，能源,14.48,韭圈儿
2019-06-28,000986,全指能源,行业，资源，能源,14.37,韭圈儿
2019-07-01,000986,全指能源,行业，资源，能源,14.51,韭圈儿
2019-07-02,000986,全指能源,行业，资源，能源,14.48,韭圈儿
2019-07-03,000986,全指能源,行业，资源，能源,14.37,韭圈儿
2019-07-04,000986,全指能源,行业，资源，能源,14.41,韭圈儿
2019-07-05,000986,全指能源,行业，资源，能源,14.36,韭圈儿
2019-07-08,000986,全指能源,行业，资源，能源,13.97,韭圈儿
2019-07-09,000986,全指能源,行业，资源，能源,13.89,韭圈儿
2019-07-10,000986,全指能源,行业，资源，能源,13.8,韭圈儿
2019-07-11,000986,全指能源,行业，资源，能源,13.83,韭圈儿
2019-07-12,000986,全指能源,行业，资源，能源,13.85,韭圈儿
2019-07-15,000986,全指能源,行业，资源，能源,13.79,韭圈儿
2019-07-16,000986,全指能源,行业，资源，能源,13.82,韭圈儿
2019-07-17,000986,全指能源,行业，资源，能源,13.79,韭圈儿
2019-07-18,000986,全指能源,行业，资源，能源,13.66,韭圈儿
2019-07-19,000986,全指能源,行业，资源，能源,13.75,韭圈儿
2019-07-22,000986,全指能源,行业，资源，能源,13.6,韭圈儿
2019-07-23,000986,全指能源,行业，资源，能源,13.61,韭圈儿
2019-07-24,000986,全指能源,行业，资源，能源,13.69,韭圈儿
2019-07-25,000986,全指能源,行业，资源，能源,13.69,韭圈儿
2019-07-26,000986,全指能源,行业，资源，能源,13.73,韭圈儿
2019-07-29,000986,全指能源,行业，资源，能源,13.69,韭圈儿
2019-07-30,000986,全指能源,行业，资源，能源,13.75,韭圈儿
2019-07-31,000986,全指能源,行业，资源，能源,13.72,韭圈儿
2019-08-01,000986,全指能源,行业，资源，能源,13.62,韭圈儿
2019-08-02,000986,全指能源,行业，资源，能源,13.34,韭圈儿
2019-08-05,000986,全指能源,行业，资源，能源,13.08,韭圈儿
2019-08-06,000986,全指能源,行业，资源，能源,12.85,韭圈儿
2019-08-07,000986,全指能源,行业，资源，能源,12.9,韭圈儿
2019-08-08,000986,全指能源,行业，资源，能源,12.89,韭圈儿
2019-08-09,000986,全指能源,行业，资源，能源,12.85,韭圈儿
2019-08-12,000986,全指能源,行业，资源，能源,12.95,韭圈儿
2019-08-13,000986,全指能源,行业，资源，能源,12.83,韭圈儿
2019-08-14,000986,全指能源,行业，资源，能源,12.88,韭圈儿
2019-08-15,000986,全指能源,行业，资源，能源,12.84,韭圈儿
2019-08-16,000986,全指能源,行业，资源，能源,12.84,韭圈儿
2019-08-19,000986,全指能源,行业，资源，能源,13.05,韭圈儿
2019-08-20,000986,全指能源,行业，资源，能源,13.12,韭圈儿
2019-08-21,000986,全指能源,行业，资源，能源,13.18,韭圈儿
2019-08-22,000986,全指能源,行业，资源，能源,13.09,韭圈儿
2019-08-23,000986,全指能源,行业，资源，能源,13.08,韭圈儿
2019-08-26,000986,全指能源,行业，资源，能源,13.3,韭圈儿
2019-08-27,000986,全指能源,行业，资源，能源,13.43,韭圈儿
2019-08-28,000986,全指能源,行业，资源，能源,13.46,韭圈儿
2019-08-29,000986,全指能源,行业，资源，能源,13.45,韭圈儿
2019-08-30,000986,全指能源,行业，资源，能源,13.34,韭圈儿
2019-09-02,000986,全指能源,行业，资源，能源,13.51,韭圈儿
2019-09-03,000986,全指能源,行业，资源，能源,13.51,韭圈儿
2019-09-04,000986,全指能源,行业，资源，能源,13.66,韭圈儿
2019-09-05,000986,全指能源,行业，资源，能源,13.7,韭圈儿
2019-09-06,000986,全指能源,行业，资源，能源,13.77,韭圈儿
2019-09-09,000986,全指能源,行业，资源，能源,13.89,韭圈儿
2019-09-10,000986,全指能源,行业，资源，能源,13.93,韭圈儿
2019-09-11,000986,全指能源,行业，资源，能源,13.94,韭圈儿
2019-09-12,000986,全指能源,行业，资源，能源,13.88,韭圈儿
2019-09-16,000986,全指能源,行业，资源，能源,14.2,韭圈儿
2019-09-17,000986,全指能源,行业，资源，能源,13.95,韭圈儿
2019-09-18,000986,全指能源,行业，资源，能源,13.77,韭圈儿
2019-09-19,000986,全指能源,行业，资源，能源,13.8,韭圈儿
2019-09-20,000986,全指能源,行业，资源，能源,13.8,韭圈儿
2019-09-23,000986,全指能源,行业，资源，能源,13.73,韭圈儿
2019-09-24,000986,全指能源,行业，资源，能源,13.62,韭圈儿
2019-09-25,000986,全指能源,行业，资源，能源,13.44,韭圈儿
2019-09-26,000986,全指能源,行业，资源，能源,13.36,韭圈儿
2019-09-27,000986,全指能源,行业，资源，能源,13.32,韭圈儿
2019-09-30,000986,全指能源,行业，资源，能源,13.4,韭圈儿
2019-10-08,000986,全指能源,行业，资源，能源,13.32,韭圈儿
2019-10-09,000986,全指能源,行业，资源，能源,13.36,韭圈儿
2019-10-10,000986,全指能源,行业，资源，能源,13.37,韭圈儿
2019-10-11,000986,全指能源,行业，资源，能源,13.56,韭圈儿
2019-10-14,000986,全指能源,行业，资源，能源,13.58,韭圈儿
2019-10-15,000986,全指能源,行业，资源，能源,13.44,韭圈儿
2019-10-16,000986,全指能源,行业，资源，能源,13.4,韭圈儿
2019-10-17,000986,全指能源,行业，资源，能源,13.39,韭圈儿
2019-10-18,000986,全指能源,行业，资源，能源,13.24,韭圈儿
2019-10-21,000986,全指能源,行业，资源，能源,13.24,韭圈儿
2019-10-22,000986,全指能源,行业，资源，能源,13.25,韭圈儿
2019-10-23,000986,全指能源,行业，资源，能源,13.18,韭圈儿
2019-10-24,000986,全指能源,行业，资源，能源,13.25,韭圈儿
2019-10-25,000986,全指能源,行业，资源，能源,13.27,韭圈儿
2019-10-28,000986,全指能源,行业，资源，能源,13.38,韭圈儿
2019-10-29,000986,全指能源,行业，资源，能源,13.25,韭圈儿
2019-10-30,000986,全指能源,行业，资源，能源,13.18,韭圈儿
2019-10-31,000986,全指能源,行业，资源，能源,14.16,韭圈儿
2019-11-01,000986,全指能源,行业，资源，能源,14.17,韭圈儿
2019-11-04,000986,全指能源,行业，资源，能源,14.19,韭圈儿
2019-11-05,000986,全指能源,行业，资源，能源,14.25,韭圈儿
2019-11-06,000986,全指能源,行业，资源，能源,14.17,韭圈儿
2019-11-07,000986,全指能源,行业，资源，能源,14.14,韭圈儿
2019-11-08,000986,全指能源,行业，资源，能源,14.08,韭圈儿
2019-11-11,000986,全指能源,行业，资源，能源,13.79,韭圈儿
2019-11-12,000986,全指能源,行业，资源，能源,13.8,韭圈儿
2019-11-13,000986,全指能源,行业，资源，能源,13.68,韭圈儿
2019-11-14,000986,全指能源,行业，资源，能源,13.67,韭圈儿
2019-11-15,000986,全指能源,行业，资源，能源,13.49,韭圈儿
2019-11-18,000986,全指能源,行业，资源，能源,13.63,韭圈儿
2019-11-19,000986,全指能源,行业，资源，能源,13.67,韭圈儿
2019-11-20,000986,全指能源,行业，资源，能源,13.66,韭圈儿
2019-11-21,000986,全指能源,行业，资源，能源,13.76,韭圈儿
2019-11-22,000986,全指能源,行业，资源，能源,13.81,韭圈儿
2019-11-25,000986,全指能源,行业，资源，能源,14.13,韭圈儿
2019-11-26,000986,全指能源,行业，资源，能源,14.04,韭圈儿
2019-11-27,000986,全指能源,行业，资源，能源,13.99,韭圈儿
2019-11-28,000986,全指能源,行业，资源，能源,13.89,韭圈儿
2019-11-29,000986,全指能源,行业，资源，能源,13.86,韭圈儿
2019-12-02,000986,全指能源,行业，资源，能源,13.79,韭圈儿
2019-12-03,000986,全指能源,行业，资源，能源,13.82,韭圈儿
2019-12-04,000986,全指能源,行业，资源，能源,13.77,韭圈儿
2019-12-05,000986,全指能源,行业，资源，能源,13.83,韭圈儿
2019-12-06,000986,全指能源,行业，资源，能源,13.83,韭圈儿
2019-12-09,000986,全指能源,行业，资源，能源,13.94,韭圈儿
2019-12-10,000986,全指能源,行业，资源，能源,13.89,韭圈儿
2019-12-11,000986,全指能源,行业，资源，能源,13.92,韭圈儿
2019-12-12,000986,全指能源,行业，资源，能源,13.86,韭圈儿
2019-12-13,000986,全指能源,行业，资源，能源,13.99,韭圈儿
2019-12-16,000986,全指能源,行业，资源，能源,14.28,韭圈儿
2019-12-17,000986,全指能源,行业，资源，能源,14.47,韭圈儿
2019-12-18,000986,全指能源,行业，资源，能源,14.43,韭圈儿
2019-12-19,000986,全指能源,行业，资源，能源,14.48,韭圈儿
2019-12-20,000986,全指能源,行业，资源，能源,14.43,韭圈儿
2019-12-23,000986,全指能源,行业，资源，能源,14.22,韭圈儿
2019-12-24,000986,全指能源,行业，资源，能源,14.32,韭圈儿
2019-12-25,000986,全指能源,行业，资源，能源,14.29,韭圈儿
2019-12-26,000986,全指能源,行业，资源，能源,14.38,韭圈儿
2019-12-27,000986,全指能源,行业，资源，能源,14.46,韭圈儿
2019-12-30,000986,全指能源,行业，资源，能源,14.62,韭圈儿
2019-12-31,000986,全指能源,行业，资源，能源,14.66,韭圈儿
2020-01-02,000986,全指能源,行业，资源，能源,14.79,韭圈儿
2020-01-03,000986,全指能源,行业，资源，能源,14.97,韭圈儿
2020-01-06,000986,全指能源,行业，资源，能源,15.43,韭圈儿
2020-01-07,000986,全指能源,行业，资源，能源,15.24,韭圈儿
2020-01-08,000986,全指能源,行业，资源，能源,15.27,韭圈儿
2020-01-09,000986,全指能源,行业，资源，能源,15.03,韭圈儿
2020-01-10,000986,全指能源,行业，资源，能源,14.85,韭圈儿
2020-01-13,000986,全指能源,行业，资源，能源,14.85,韭圈儿
2020-01-14,000986,全指能源,行业，资源，能源,14.82,韭圈儿
2020-01-15,000986,全指能源,行业，资源，能源,14.64,韭圈儿
2020-01-16,000986,全指能源,行业，资源，能源,14.56,韭圈儿
2020-01-17,000986,全指能源,行业，资源，能源,14.59,韭圈儿
2020-01-20,000986,全指能源,行业，资源，能源,14.57,韭圈儿
2020-01-21,000986,全指能源,行业，资源，能源,14.39,韭圈儿
2020-01-22,000986,全指能源,行业，资源，能源,14.4,韭圈儿
2020-01-23,000986,全指能源,行业，资源，能源,14.06,韭圈儿
2020-02-03,000986,全指能源,行业，资源，能源,12.9,韭圈儿
2020-02-04,000986,全指能源,行业，资源，能源,12.99,韭圈儿
2020-02-05,000986,全指能源,行业，资源，能源,13.05,韭圈儿
2020-02-06,000986,全指能源,行业，资源，能源,13.22,韭圈儿
2020-02-07,000986,全指能源,行业，资源，能源,13.22,韭圈儿
2020-02-10,000986,全指能源,行业，资源，能源,13.31,韭圈儿
2020-02-11,000986,全指能源,行业，资源，能源,13.39,韭圈儿
2020-02-12,000986,全指能源,行业，资源，能源,13.44,韭圈儿
2020-02-13,000986,全指能源,行业，资源，能源,13.39,韭圈儿
2020-02-14,000986,全指能源,行业，资源，能源,13.4,韭圈儿
2020-02-17,000986,全指能源,行业，资源，能源,13.61,韭圈儿
2020-02-18,000986,全指能源,行业，资源，能源,13.54,韭圈儿
2020-02-19,000986,全指能源,行业，资源，能源,13.47,韭圈儿
2020-02-20,000986,全指能源,行业，资源，能源,13.65,韭圈儿
2020-02-21,000986,全指能源,行业，资源，能源,13.65,韭圈儿
2020-02-24,000986,全指能源,行业，资源，能源,13.46,韭圈儿
2020-02-25,000986,全指能源,行业，资源，能源,13.23,韭圈儿
2020-02-26,000986,全指能源,行业，资源，能源,13.31,韭圈儿
2020-02-27,000986,全指能源,行业，资源，能源,13.21,韭圈儿
2020-02-28,000986,全指能源,行业，资源，能源,12.86,韭圈儿
2020-03-02,000986,全指能源,行业，资源，能源,13.25,韭圈儿
2020-03-03,000986,全指能源,行业，资源，能源,13.33,韭圈儿
2020-03-04,000986,全指能源,行业，资源，能源,13.34,韭圈儿
2020-03-05,000986,全指能源,行业，资源，能源,13.56,韭圈儿
2020-03-06,000986,全指能源,行业，资源，能源,13.48,韭圈儿
2020-03-09,000986,全指能源,行业，资源，能源,13.31,韭圈儿
2020-03-10,000986,全指能源,行业，资源，能源,13.31,韭圈儿
2020-03-11,000986,全指能源,行业，资源，能源,13.17,韭圈儿
2020-03-12,000986,全指能源,行业，资源，能源,12.92,韭圈儿
2020-03-13,000986,全指能源,行业，资源，能源,12.74,韭圈儿
2020-03-16,000986,全指能源,行业，资源，能源,12.68,韭圈儿
2020-03-17,000986,全指能源,行业，资源，能源,12.59,韭圈儿
2020-03-18,000986,全指能源,行业，资源，能源,12.41,韭圈儿
2020-03-19,000986,全指能源,行业，资源，能源,12.17,韭圈儿
2020-03-20,000986,全指能源,行业，资源，能源,12.31,韭圈儿
2020-03-23,000986,全指能源,行业，资源，能源,12.0,韭圈儿
2020-03-24,000986,全指能源,行业，资源，能源,12.19,韭圈儿
2020-03-25,000986,全指能源,行业，资源，能源,12.28,韭圈儿
2020-03-26,000986,全指能源,行业，资源，能源,12.17,韭圈儿
2020-03-27,000986,全指能源,行业，资源，能源,11.93,韭圈儿
2020-03-30,000986,全指能源,行业，资源，能源,11.36,韭圈儿
2020-03-31,000986,全指能源,行业，资源，能源,11.32,韭圈儿
2020-04-01,000986,全指能源,行业，资源，能源,11.18,韭圈儿
2020-04-02,000986,全指能源,行业，资源，能源,11.57,韭圈儿
2020-04-03,000986,全指能源,行业，资源，能源,11.4,韭圈儿
2020-04-07,000986,全指能源,行业，资源，能源,11.53,韭圈儿
2020-04-08,000986,全指能源,行业，资源，能源,11.48,韭圈儿
2020-04-09,000986,全指能源,行业，资源，能源,11.49,韭圈儿
2020-04-10,000986,全指能源,行业，资源，能源,11.41,韭圈儿
2020-04-13,000986,全指能源,行业，资源，能源,11.39,韭圈儿
2020-04-14,000986,全指能源,行业，资源，能源,11.59,韭圈儿
2020-04-15,000986,全指能源,行业，资源，能源,11.53,韭圈儿
2020-04-16,000986,全指能源,行业，资源，能源,11.5,韭圈儿
2020-04-17,000986,全指能源,行业，资源，能源,11.58,韭圈儿
2020-04-20,000986,全指能源,行业，资源，能源,11.6,韭圈儿
2020-04-21,000986,全指能源,行业，资源，能源,11.45,韭圈儿
2020-04-22,000986,全指能源,行业，资源，能源,11.37,韭圈儿
2020-04-23,000986,全指能源,行业，资源，能源,11.49,韭圈儿
2020-04-24,000986,全指能源,行业，资源，能源,11.33,韭圈儿
2020-04-27,000986,全指能源,行业，资源，能源,11.5,韭圈儿
2020-04-28,000986,全指能源,行业，资源，能源,11.4,韭圈儿
2020-04-29,000986,全指能源,行业，资源，能源,11.68,韭圈儿
2020-04-30,000986,全指能源,行业，资源，能源,17.07,韭圈儿
2020-05-06,000986,全指能源,行业，资源，能源,17.08,韭圈儿
2020-05-07,000986,全指能源,行业，资源，能源,17.0,韭圈儿
2020-05-08,000986,全指能源,行业，资源，能源,17.1,韭圈儿
2020-05-11,000986,全指能源,行业，资源，能源,17.13,韭圈儿
2020-05-12,000986,全指能源,行业，资源，能源,17.03,韭圈儿
2020-05-13,000986,全指能源,行业，资源，能源,17.01,韭圈儿
2020-05-14,000986,全指能源,行业，资源，能源,16.89,韭圈儿
2020-05-15,000986,全指能源,行业，资源，能源,16.93,韭圈儿
2020-05-18,000986,全指能源,行业，资源，能源,16.98,韭圈儿
2020-05-19,000986,全指能源,行业，资源，能源,17.16,韭圈儿
2020-05-20,000986,全指能源,行业，资源，能源,17.03,韭圈儿
2020-05-21,000986,全指能源,行业，资源，能源,17.02,韭圈儿
2020-05-22,000986,全指能源,行业，资源，能源,16.66,韭圈儿
2020-05-25,000986,全指能源,行业，资源，能源,16.63,韭圈儿
2020-05-26,000986,全指能源,行业，资源，能源,16.68,韭圈儿
2020-05-27,000986,全指能源,行业，资源，能源,16.67,韭圈儿
2020-05-28,000986,全指能源,行业，资源，能源,16.62,韭圈儿
2020-05-29,000986,全指能源,行业，资源，能源,16.49,韭圈儿
2020-06-01,000986,全指能源,行业，资源，能源,16.7,韭圈儿
2020-06-02,000986,全指能源,行业，资源，能源,16.79,韭圈儿
2020-06-03,000986,全指能源,行业，资源，能源,16.88,韭圈儿
2020-06-04,000986,全指能源,行业，资源，能源,16.73,韭圈儿
2020-06-05,000986,全指能源,行业，资源，能源,16.73,韭圈儿
2020-06-08,000986,全指能源,行业，资源，能源,16.96,韭圈儿
2020-06-09,000986,全指能源,行业，资源，能源,17.01,韭圈儿
2020-06-10,000986,全指能源,行业，资源，能源,16.7,韭圈儿
2020-06-11,000986,全指能源,行业，资源，能源,16.5,韭圈儿
2020-06-12,000986,全指能源,行业，资源，能源,16.44,韭圈儿
2020-06-15,000986,全指能源,行业，资源，能源,15.96,韭圈儿
2020-06-16,000986,全指能源,行业，资源，能源,16.13,韭圈儿
2020-06-17,000986,全指能源,行业，资源，能源,16.14,韭圈儿
2020-06-18,000986,全指能源,行业，资源，能源,16.33,韭圈儿
2020-06-19,000986,全指能源,行业，资源，能源,16.33,韭圈儿
2020-06-22,000986,全指能源,行业，资源，能源,16.21,韭圈儿
2020-06-23,000986,全指能源,行业，资源，能源,16.11,韭圈儿
2020-06-24,000986,全指能源,行业，资源，能源,16.11,韭圈儿
2020-06-29,000986,全指能源,行业，资源，能源,15.91,韭圈儿
2020-06-30,000986,全指能源,行业，资源，能源,15.88,韭圈儿
2020-07-01,000986,全指能源,行业，资源，能源,16.08,韭圈儿
2020-07-02,000986,全指能源,行业，资源，能源,16.46,韭圈儿
2020-07-03,000986,全指能源,行业，资源，能源,16.93,韭圈儿
2020-07-06,000986,全指能源,行业，资源，能源,17.98,韭圈儿
2020-07-07,000986,全指能源,行业，资源，能源,17.82,韭圈儿
2020-07-08,000986,全指能源,行业，资源，能源,17.85,韭圈儿
2020-07-09,000986,全指能源,行业，资源，能源,18.18,韭圈儿
2020-07-10,000986,全指能源,行业，资源，能源,17.57,韭圈儿
2020-07-13,000986,全指能源,行业，资源，能源,17.8,韭圈儿
2020-07-14,000986,全指能源,行业，资源，能源,17.65,韭圈儿
2020-07-15,000986,全指能源,行业，资源，能源,17.3,韭圈儿
2020-07-16,000986,全指能源,行业，资源，能源,16.86,韭圈儿
2020-07-17,000986,全指能源,行业，资源，能源,16.77,韭圈儿
2020-07-20,000986,全指能源,行业，资源，能源,17.29,韭圈儿
2020-07-21,000986,全指能源,行业，资源，能源,17.2,韭圈儿
2020-07-22,000986,全指能源,行业，资源，能源,17.47,韭圈儿
2020-07-23,000986,全指能源,行业，资源，能源,17.25,韭圈儿
2020-07-24,000986,全指能源,行业，资源，能源,16.97,韭圈儿
2020-07-27,000986,全指能源,行业，资源，能源,16.92,韭圈儿
2020-07-28,000986,全指能源,行业，资源，能源,16.98,韭圈儿
2020-07-29,000986,全指能源,行业，资源，能源,17.11,韭圈儿
2020-07-30,000986,全指能源,行业，资源，能源,17.0,韭圈儿
2020-07-31,000986,全指能源,行业，资源，能源,16.96,韭圈儿
2020-08-03,000986,全指能源,行业，资源，能源,17.14,韭圈儿
2020-08-04,000986,全指能源,行业，资源，能源,17.21,韭圈儿
2020-08-05,000986,全指能源,行业，资源，能源,17.14,韭圈儿
2020-08-06,000986,全指能源,行业，资源，能源,17.18,韭圈儿
2020-08-07,000986,全指能源,行业，资源，能源,16.92,韭圈儿
2020-08-10,000986,全指能源,行业，资源，能源,17.04,韭圈儿
2020-08-11,000986,全指能源,行业，资源，能源,16.95,韭圈儿
2020-08-12,000986,全指能源,行业，资源，能源,16.99,韭圈儿
2020-08-13,000986,全指能源,行业，资源，能源,17.06,韭圈儿
2020-08-14,000986,全指能源,行业，资源，能源,17.24,韭圈儿
2020-08-17,000986,全指能源,行业，资源，能源,17.51,韭圈儿
2020-08-18,000986,全指能源,行业，资源，能源,17.5,韭圈儿
2020-08-19,000986,全指能源,行业，资源，能源,17.48,韭圈儿
2020-08-20,000986,全指能源,行业，资源，能源,17.24,韭圈儿
2020-08-21,000986,全指能源,行业，资源，能源,17.31,韭圈儿
2020-08-24,000986,全指能源,行业，资源，能源,17.35,韭圈儿
2020-08-25,000986,全指能源,行业，资源，能源,17.29,韭圈儿
2020-08-26,000986,全指能源,行业，资源，能源,17.24,韭圈儿
2020-08-27,000986,全指能源,行业，资源，能源,17.43,韭圈儿
2020-08-28,000986,全指能源,行业，资源，能源,22.95,韭圈儿
2020-08-31,000986,全指能源,行业，资源，能源,28.93,韭圈儿
2020-09-01,000986,全指能源,行业，资源，能源,28.9,韭圈儿
2020-09-02,000986,全指能源,行业，资源，能源,28.64,韭圈儿
2020-09-03,000986,全指能源,行业，资源，能源,28.55,韭圈儿
2020-09-04,000986,全指能源,行业，资源，能源,28.5,韭圈儿
2020-09-07,000986,全指能源,行业，资源，能源,28.27,韭圈儿
2020-09-08,000986,全指能源,行业，资源，能源,28.71,韭圈儿
2020-09-09,000986,全指能源,行业，资源，能源,28.48,韭圈儿
2020-09-10,000986,全指能源,行业，资源，能源,28.2,韭圈儿
2020-09-11,000986,全指能源,行业，资源，能源,28.06,韭圈儿
2020-09-14,000986,全指能源,行业，资源，能源,28.15,韭圈儿
2020-09-15,000986,全指能源,行业，资源，能源,28.12,韭圈儿
2020-09-16,000986,全指能源,行业，资源，能源,28.27,韭圈儿
2020-09-17,000986,全指能源,行业，资源，能源,28.2,韭圈儿
2020-09-18,000986,全指能源,行业，资源，能源,28.73,韭圈儿
2020-09-21,000986,全指能源,行业，资源，能源,28.68,韭圈儿
2020-09-22,000986,全指能源,行业，资源，能源,28.09,韭圈儿
2020-09-23,000986,全指能源,行业，资源，能源,27.93,韭圈儿
2020-09-24,000986,全指能源,行业，资源，能源,27.61,韭圈儿
2020-09-25,000986,全指能源,行业，资源，能源,27.68,韭圈儿
2020-09-28,000986,全指能源,行业，资源，能源,27.84,韭圈儿
2020-09-29,000986,全指能源,行业，资源，能源,27.78,韭圈儿
2020-09-30,000986,全指能源,行业，资源，能源,27.67,韭圈儿
2020-10-09,000986,全指能源,行业，资源，能源,28.02,韭圈儿
2020-10-12,000986,全指能源,行业，资源，能源,28.28,韭圈儿
2020-10-13,000986,全指能源,行业，资源，能源,28.21,韭圈儿
2020-10-14,000986,全指能源,行业，资源，能源,27.97,韭圈儿
2020-10-15,000986,全指能源,行业，资源，能源,28.07,韭圈儿
2020-10-16,000986,全指能源,行业，资源，能源,28.3,韭圈儿
2020-10-19,000986,全指能源,行业，资源，能源,28.07,韭圈儿
2020-10-20,000986,全指能源,行业，资源，能源,27.93,韭圈儿
2020-10-21,000986,全指能源,行业，资源，能源,27.87,韭圈儿
2020-10-22,000986,全指能源,行业，资源，能源,27.78,韭圈儿
2020-10-23,000986,全指能源,行业，资源，能源,27.71,韭圈儿
2020-10-26,000986,全指能源,行业，资源，能源,27.68,韭圈儿
2020-10-27,000986,全指能源,行业，资源，能源,27.66,韭圈儿
2020-10-28,000986,全指能源,行业，资源，能源,27.66,韭圈儿
2020-10-29,000986,全指能源,行业，资源，能源,19.33,韭圈儿
2020-10-30,000986,全指能源,行业，资源，能源,15.42,韭圈儿
2020-11-02,000986,全指能源,行业，资源，能源,15.22,韭圈儿
2020-11-03,000986,全指能源,行业，资源，能源,15.45,韭圈儿
2020-11-04,000986,全指能源,行业，资源，能源,15.48,韭圈儿
2020-11-05,000986,全指能源,行业，资源，能源,15.55,韭圈儿
2020-11-06,000986,全指能源,行业，资源，能源,15.67,韭圈儿
2020-11-09,000986,全指能源,行业，资源，能源,15.88,韭圈儿
2020-11-10,000986,全指能源,行业，资源，能源,15.94,韭圈儿
2020-11-11,000986,全指能源,行业，资源，能源,16.2,韭圈儿
2020-11-12,000986,全指能源,行业，资源，能源,16.03,韭圈儿
2020-11-13,000986,全指能源,行业，资源，能源,15.88,韭圈儿
2020-11-16,000986,全指能源,行业，资源，能源,16.26,韭圈儿
2020-11-17,000986,全指能源,行业，资源，能源,16.31,韭圈儿
2020-11-18,000986,全指能源,行业，资源，能源,16.28,韭圈儿
2020-11-19,000986,全指能源,行业，资源，能源,16.2,韭圈儿
2020-11-20,000986,全指能源,行业，资源，能源,16.3,韭圈儿
2020-11-23,000986,全指能源,行业，资源，能源,16.84,韭圈儿
2020-11-24,000986,全指能源,行业，资源，能源,16.91,韭圈儿
2020-11-25,000986,全指能源,行业，资源，能源,16.9,韭圈儿
2020-11-26,000986,全指能源,行业，资源，能源,16.89,韭圈儿
2020-11-27,000986,全指能源,行业，资源，能源,16.95,韭圈儿
2020-11-30,000986,全指能源,行业，资源，能源,16.9,韭圈儿
2020-12-01,000986,全指能源,行业，资源，能源,16.99,韭圈儿
2020-12-02,000986,全指能源,行业，资源，能源,17.07,韭圈儿
2020-12-03,000986,全指能源,行业，资源，能源,16.83,韭圈儿
2020-12-04,000986,全指能源,行业，资源，能源,16.78,韭圈儿
2020-12-07,000986,全指能源,行业，资源，能源,16.52,韭圈儿
2020-12-08,000986,全指能源,行业，资源，能源,16.43,韭圈儿
2020-12-09,000986,全指能源,行业，资源，能源,16.41,韭圈儿
2020-12-10,000986,全指能源,行业，资源，能源,16.44,韭圈儿
2020-12-11,000986,全指能源,行业，资源，能源,16.54,韭圈儿
2020-12-14,000986,全指能源,行业，资源，能源,16.07,韭圈儿
2020-12-15,000986,全指能源,行业，资源，能源,15.98,韭圈儿
2020-12-16,000986,全指能源,行业，资源，能源,15.98,韭圈儿
2020-12-17,000986,全指能源,行业，资源，能源,16.3,韭圈儿
2020-12-18,000986,全指能源,行业，资源，能源,16.66,韭圈儿
2020-12-21,000986,全指能源,行业，资源，能源,16.59,韭圈儿
2020-12-22,000986,全指能源,行业，资源，能源,15.98,韭圈儿
2020-12-23,000986,全指能源,行业，资源，能源,16.1,韭圈儿
2020-12-24,000986,全指能源,行业，资源，能源,16.15,韭圈儿
2020-12-25,000986,全指能源,行业，资源，能源,16.35,韭圈儿
2020-12-28,000986,全指能源,行业，资源，能源,16.29,韭圈儿
2020-12-29,000986,全指能源,行业，资源，能源,16.09,韭圈儿
2020-12-30,000986,全指能源,行业，资源，能源,16.15,韭圈儿
2020-12-31,000986,全指能源,行业，资源，能源,16.18,韭圈儿
2021-01-04,000986,全指能源,行业，资源，能源,16.32,韭圈儿
2021-01-05,000986,全指能源,行业，资源，能源,16.15,韭圈儿
2021-01-06,000986,全指能源,行业，资源，能源,16.41,韭圈儿
2021-01-07,000986,全指能源,行业，资源，能源,16.56,韭圈儿
2021-01-08,000986,全指能源,行业，资源，能源,16.71,韭圈儿
2021-01-11,000986,全指能源,行业，资源，能源,16.25,韭圈儿
2021-01-12,000986,全指能源,行业，资源，能源,16.55,韭圈儿
2021-01-13,000986,全指能源,行业，资源，能源,16.79,韭圈儿
2021-01-14,000986,全指能源,行业，资源，能源,16.66,韭圈儿
2021-01-15,000986,全指能源,行业，资源，能源,16.7,韭圈儿
2021-01-18,000986,全指能源,行业，资源，能源,16.72,韭圈儿
2021-01-19,000986,全指能源,行业，资源，能源,16.72,韭圈儿
2021-01-20,000986,全指能源,行业，资源，能源,16.71,韭圈儿
2021-01-21,000986,全指能源,行业，资源，能源,16.59,韭圈儿
2021-01-22,000986,全指能源,行业，资源，能源,16.27,韭圈儿
2021-01-25,000986,全指能源,行业，资源，能源,16.08,韭圈儿
2021-01-26,000986,全指能源,行业，资源，能源,16.08,韭圈儿
2021-01-27,000986,全指能源,行业，资源，能源,16.09,韭圈儿
2021-01-28,000986,全指能源,行业，资源，能源,15.84,韭圈儿
2021-01-29,000986,全指能源,行业，资源，能源,15.58,韭圈儿
2021-02-01,000986,全指能源,行业，资源，能源,15.63,韭圈儿
2021-02-02,000986,全指能源,行业，资源，能源,15.64,韭圈儿
2021-02-03,000986,全指能源,行业，资源，能源,15.67,韭圈儿
2021-02-04,000986,全指能源,行业，资源，能源,15.72,韭圈儿
2021-02-05,000986,全指能源,行业，资源，能源,15.51,韭圈儿
2021-02-08,000986,全指能源,行业，资源，能源,15.69,韭圈儿
2021-02-09,000986,全指能源,行业，资源，能源,16.05,韭圈儿
2021-02-10,000986,全指能源,行业，资源，能源,16.11,韭圈儿
2021-02-18,000986,全指能源,行业，资源，能源,16.99,韭圈儿
2021-02-19,000986,全指能源,行业，资源，能源,17.05,韭圈儿
2021-02-22,000986,全指能源,行业，资源，能源,17.73,韭圈儿
2021-02-23,000986,全指能源,行业，资源，能源,17.61,韭圈儿
2021-02-24,000986,全指能源,行业，资源，能源,17.17,韭圈儿
2021-02-25,000986,全指能源,行业，资源，能源,17.39,韭圈儿
2021-02-26,000986,全指能源,行业，资源，能源,16.9,韭圈儿
2021-03-01,000986,全指能源,行业，资源，能源,17.09,韭圈儿
2021-03-02,000986,全指能源,行业，资源，能源,16.83,韭圈儿
2021-03-03,000986,全指能源,行业，资源，能源,17.2,韭圈儿
2021-03-04,000986,全指能源,行业，资源，能源,17.2,韭圈儿
2021-03-05,000986,全指能源,行业，资源，能源,17.28,韭圈儿
2021-03-08,000986,全指能源,行业，资源，能源,17.35,韭圈儿
2021-03-09,000986,全指能源,行业，资源，能源,17.11,韭圈儿
2021-03-10,000986,全指能源,行业，资源，能源,16.89,韭圈儿
2021-03-11,000986,全指能源,行业，资源，能源,17.17,韭圈儿
2021-03-12,000986,全指能源,行业，资源，能源,17.33,韭圈儿
2021-03-15,000986,全指能源,行业，资源，能源,17.63,韭圈儿
2021-03-16,000986,全指能源,行业，资源，能源,17.38,韭圈儿
2021-03-17,000986,全指能源,行业，资源，能源,17.3,韭圈儿
2021-03-18,000986,全指能源,行业，资源，能源,17.21,韭圈儿
2021-03-19,000986,全指能源,行业，资源，能源,16.84,韭圈儿
2021-03-22,000986,全指能源,行业，资源，能源,16.96,韭圈儿
2021-03-23,000986,全指能源,行业，资源，能源,16.69,韭圈儿
2021-03-24,000986,全指能源,行业，资源，能源,16.42,韭圈儿
2021-03-25,000986,全指能源,行业，资源，能源,16.28,韭圈儿
2021-03-26,000986,全指能源,行业，资源，能源,16.25,韭圈儿
2021-03-29,000986,全指能源,行业，资源，能源,17.39,韭圈儿
2021-03-30,000986,全指能源,行业，资源，能源,17.41,韭圈儿
2021-03-31,000986,全指能源,行业，资源，能源,17.33,韭圈儿
2021-04-01,000986,全指能源,行业，资源，能源,17.25,韭圈儿
2021-04-02,000986,全指能源,行业，资源，能源,17.19,韭圈儿
2021-04-06,000986,全指能源,行业，资源，能源,17.13,韭圈儿
2021-04-07,000986,全指能源,行业，资源，能源,17.24,韭圈儿
2021-04-08,000986,全指能源,行业，资源，能源,17.24,韭圈儿
2021-04-09,000986,全指能源,行业，资源，能源,17.35,韭圈儿
2021-04-12,000986,全指能源,行业，资源，能源,17.25,韭圈儿
2021-04-13,000986,全指能源,行业，资源，能源,17.02,韭圈儿
2021-04-14,000986,全指能源,行业，资源，能源,17.09,韭圈儿
2021-04-15,000986,全指能源,行业，资源，能源,17.24,韭圈儿
2021-04-16,000986,全指能源,行业，资源，能源,17.52,韭圈儿
2021-04-19,000986,全指能源,行业，资源，能源,17.5,韭圈儿
2021-04-20,000986,全指能源,行业，资源，能源,17.4,韭圈儿
2021-04-21,000986,全指能源,行业，资源，能源,17.2,韭圈儿
2021-04-22,000986,全指能源,行业，资源，能源,17.09,韭圈儿
2021-04-23,000986,全指能源,行业，资源，能源,16.64,韭圈儿
2021-04-26,000986,全指能源,行业，资源，能源,16.4,韭圈儿
2021-04-27,000986,全指能源,行业，资源，能源,15.86,韭圈儿
2021-04-28,000986,全指能源,行业，资源，能源,16.08,韭圈儿
2021-04-29,000986,全指能源,行业，资源，能源,12.96,韭圈儿
2021-04-30,000986,全指能源,行业，资源，能源,10.45,韭圈儿
2021-05-06,000986,全指能源,行业，资源，能源,10.81,韭圈儿
2021-05-07,000986,全指能源,行业，资源，能源,11.03,韭圈儿
2021-05-10,000986,全指能源,行业，资源，能源,11.46,韭圈儿
2021-05-11,000986,全指能源,行业，资源，能源,11.28,韭圈儿
2021-05-12,000986,全指能源,行业，资源，能源,11.49,韭圈儿
2021-05-13,000986,全指能源,行业，资源，能源,11.24,韭圈儿
2021-05-14,000986,全指能源,行业，资源，能源,11.14,韭圈儿
2021-05-17,000986,全指能源,行业，资源，能源,11.18,韭圈儿
2021-05-18,000986,全指能源,行业，资源，能源,11.49,韭圈儿
2021-05-19,000986,全指能源,行业，资源，能源,11.27,韭圈儿
2021-05-20,000986,全指能源,行业，资源，能源,10.91,韭圈儿
2021-05-21,000986,全指能源,行业，资源，能源,11.0,韭圈儿
2021-05-24,000986,全指能源,行业，资源，能源,10.94,韭圈儿
2021-05-25,000986,全指能源,行业，资源，能源,11.09,韭圈儿
2021-05-26,000986,全指能源,行业，资源，能源,11.08,韭圈儿
2021-05-27,000986,全指能源,行业，资源，能源,11.11,韭圈儿
2021-05-28,000986,全指能源,行业，资源，能源,11.1,韭圈儿
2021-05-31,000986,全指能源,行业，资源，能源,11.04,韭圈儿
2021-06-01,000986,全指能源,行业，资源，能源,11.25,韭圈儿
2021-06-02,000986,全指能源,行业，资源，能源,11.31,韭圈儿
2021-06-03,000986,全指能源,行业，资源，能源,11.43,韭圈儿
2021-06-04,000986,全指能源,行业，资源，能源,11.29,韭圈儿
2021-06-07,000986,全指能源,行业，资源，能源,11.4,韭圈儿
2021-06-08,000986,全指能源,行业，资源，能源,11.32,韭圈儿
2021-06-09,000986,全指能源,行业，资源，能源,11.68,韭圈儿
2021-06-10,000986,全指能源,行业，资源，能源,11.64,韭圈儿
2021-06-11,000986,全指能源,行业，资源，能源,11.92,韭圈儿
2021-06-15,000986,全指能源,行业，资源，能源,11.93,韭圈儿
2021-06-16,000986,全指能源,行业，资源，能源,12.03,韭圈儿
2021-06-17,000986,全指能源,行业，资源，能源,11.83,韭圈儿
2021-06-18,000986,全指能源,行业，资源，能源,11.57,韭圈儿
2021-06-21,000986,全指能源,行业，资源，能源,11.44,韭圈儿
2021-06-22,000986,全指能源,行业，资源，能源,11.77,韭圈儿
2021-06-23,000986,全指能源,行业，资源，能源,11.91,韭圈儿
2021-06-24,000986,全指能源,行业，资源，能源,11.92,韭圈儿
2021-06-25,000986,全指能源,行业，资源，能源,12.06,韭圈儿
2021-06-28,000986,全指能源,行业，资源，能源,11.75,韭圈儿
2021-06-29,000986,全指能源,行业，资源，能源,11.58,韭圈儿
2021-06-30,000986,全指能源,行业，资源，能源,11.65,韭圈儿
2021-07-01,000986,全指能源,行业，资源，能源,11.51,韭圈儿
2021-07-02,000986,全指能源,行业，资源，能源,11.47,韭圈儿
2021-07-05,000986,全指能源,行业，资源，能源,11.56,韭圈儿
2021-07-06,000986,全指能源,行业，资源，能源,11.63,韭圈儿
2021-07-07,000986,全指能源,行业，资源，能源,11.45,韭圈儿
2021-07-08,000986,全指能源,行业，资源，能源,11.17,韭圈儿
2021-07-09,000986,全指能源,行业，资源，能源,11.25,韭圈儿
2021-07-12,000986,全指能源,行业，资源，能源,11.0,韭圈儿
2021-07-13,000986,全指能源,行业，资源，能源,11.16,韭圈儿
2021-07-14,000986,全指能源,行业，资源，能源,11.12,韭圈儿
2021-07-15,000986,全指能源,行业，资源，能源,11.1,韭圈儿
2021-07-16,000986,全指能源,行业，资源，能源,11.13,韭圈儿
2021-07-19,000986,全指能源,行业，资源，能源,11.04,韭圈儿
2021-07-20,000986,全指能源,行业，资源，能源,10.99,韭圈儿
2021-07-21,000986,全指能源,行业，资源，能源,10.9,韭圈儿
2021-07-22,000986,全指能源,行业，资源，能源,11.04,韭圈儿
2021-07-23,000986,全指能源,行业，资源，能源,11.0,韭圈儿
2021-07-26,000986,全指能源,行业，资源，能源,10.84,韭圈儿
2021-07-27,000986,全指能源,行业，资源，能源,10.79,韭圈儿
2021-07-28,000986,全指能源,行业，资源，能源,10.68,韭圈儿
2021-07-29,000986,全指能源,行业，资源，能源,10.7,韭圈儿
2021-07-30,000986,全指能源,行业，资源，能源,10.79,韭圈儿
2021-08-02,000986,全指能源,行业，资源，能源,10.72,韭圈儿
2021-08-03,000986,全指能源,行业，资源，能源,10.55,韭圈儿
2021-08-04,000986,全指能源,行业，资源，能源,10.73,韭圈儿
2021-08-05,000986,全指能源,行业，资源，能源,10.69,韭圈儿
2021-08-06,000986,全指能源,行业，资源，能源,10.77,韭圈儿
2021-08-09,000986,全指能源,行业，资源，能源,10.79,韭圈儿
2021-08-10,000986,全指能源,行业，资源，能源,10.82,韭圈儿
2021-08-11,000986,全指能源,行业，资源，能源,11.08,韭圈儿
2021-08-12,000986,全指能源,行业，资源，能源,11.12,韭圈儿
2021-08-13,000986,全指能源,行业，资源，能源,11.06,韭圈儿
2021-08-16,000986,全指能源,行业，资源，能源,11.07,韭圈儿
2021-08-17,000986,全指能源,行业，资源，能源,10.84,韭圈儿
2021-08-18,000986,全指能源,行业，资源，能源,10.85,韭圈儿
2021-08-19,000986,全指能源,行业，资源，能源,10.61,韭圈儿
2021-08-20,000986,全指能源,行业，资源，能源,10.53,韭圈儿
2021-08-23,000986,全指能源,行业，资源，能源,10.74,韭圈儿
2021-08-24,000986,全指能源,行业，资源，能源,10.81,韭圈儿
2021-08-25,000986,全指能源,行业，资源，能源,11.05,韭圈儿
2021-08-26,000986,全指能源,行业，资源，能源,11.08,韭圈儿
2021-08-27,000986,全指能源,行业，资源，能源,9.65,韭圈儿
2021-08-30,000986,全指能源,行业，资源，能源,9.06,韭圈儿
2021-08-31,000986,全指能源,行业，资源，能源,9.33,韭圈儿
2021-09-01,000986,全指能源,行业，资源，能源,9.2,韭圈儿
2021-09-02,000986,全指能源,行业，资源，能源,9.43,韭圈儿
2021-09-03,000986,全指能源,行业，资源，能源,9.43,韭圈儿
2021-09-06,000986,全指能源,行业，资源，能源,9.58,韭圈儿
2021-09-07,000986,全指能源,行业，资源，能源,9.9,韭圈儿
2021-09-08,000986,全指能源,行业，资源，能源,10.04,韭圈儿
2021-09-09,000986,全指能源,行业，资源，能源,10.53,韭圈儿
2021-09-10,000986,全指能源,行业，资源，能源,10.2,韭圈儿
2021-09-13,000986,全指能源,行业，资源，能源,10.75,韭圈儿
2021-09-14,000986,全指能源,行业，资源，能源,10.72,韭圈儿
2021-09-15,000986,全指能源,行业，资源，能源,10.96,韭圈儿
2021-09-16,000986,全指能源,行业，资源，能源,10.95,韭圈儿
2021-09-17,000986,全指能源,行业，资源，能源,10.45,韭圈儿
2021-09-22,000986,全指能源,行业，资源，能源,11.1,韭圈儿
2021-09-23,000986,全指能源,行业，资源，能源,10.87,韭圈儿
2021-09-24,000986,全指能源,行业，资源，能源,10.49,韭圈儿
2021-09-27,000986,全指能源,行业，资源，能源,10.5,韭圈儿
2021-09-28,000986,全指能源,行业，资源，能源,11.04,韭圈儿
2021-09-29,000986,全指能源,行业，资源，能源,10.38,韭圈儿
2021-09-30,000986,全指能源,行业，资源，能源,10.5,韭圈儿
2021-10-08,000986,全指能源,行业，资源，能源,10.56,韭圈儿
2021-10-11,000986,全指能源,行业，资源，能源,10.64,韭圈儿
2021-10-12,000986,全指能源,行业，资源，能源,10.42,韭圈儿
2021-10-13,000986,全指能源,行业，资源，能源,9.92,韭圈儿
2021-10-14,000986,全指能源,行业，资源，能源,9.86,韭圈儿
2021-10-15,000986,全指能源,行业，资源，能源,10.21,韭圈儿
2021-10-18,000986,全指能源,行业，资源，能源,10.6,韭圈儿
2021-10-19,000986,全指能源,行业，资源，能源,10.61,韭圈儿
2021-10-20,000986,全指能源,行业，资源，能源,10.16,韭圈儿
2021-10-21,000986,全指能源,行业，资源，能源,10.33,韭圈儿
2021-10-22,000986,全指能源,行业，资源，能源,9.88,韭圈儿
2021-10-25,000986,全指能源,行业，资源，能源,10.13,韭圈儿
2021-10-26,000986,全指能源,行业，资源，能源,9.99,韭圈儿
2021-10-27,000986,全指能源,行业，资源，能源,9.75,韭圈儿
2021-10-28,000986,全指能源,行业，资源，能源,9.07,韭圈儿
2021-10-29,000986,全指能源,行业，资源，能源,10.31,韭圈儿
2021-11-01,000986,全指能源,行业，资源，能源,10.07,韭圈儿
2021-11-02,000986,全指能源,行业，资源，能源,9.83,韭圈儿
2021-11-03,000986,全指能源,行业，资源，能源,9.94,韭圈儿
2021-11-04,000986,全指能源,行业，资源，能源,9.81,韭圈儿
2021-11-05,000986,全指能源,行业，资源，能源,9.49,韭圈儿
2021-11-08,000986,全指能源,行业，资源，能源,9.58,韭圈儿
2021-11-09,000986,全指能源,行业，资源，能源,9.45,韭圈儿
2021-11-10,000986,全指能源,行业，资源，能源,9.39,韭圈儿
2021-11-11,000986,全指能源,行业，资源，能源,9.42,韭圈儿
2021-11-12,000986,全指能源,行业，资源，能源,9.38,韭圈儿
2021-11-15,000986,全指能源,行业，资源，能源,9.36,韭圈儿
2021-11-16,000986,全指能源,行业，资源，能源,9.28,韭圈儿
2021-11-17,000986,全指能源,行业，资源，能源,9.36,韭圈儿
2021-11-18,000986,全指能源,行业，资源，能源,9.32,韭圈儿
2021-11-19,000986,全指能源,行业，资源，能源,9.5,韭圈儿
2021-11-22,000986,全指能源,行业，资源，能源,9.51,韭圈儿
2021-11-23,000986,全指能源,行业，资源，能源,9.57,韭圈儿
2021-11-24,000986,全指能源,行业，资源，能源,9.75,韭圈儿
2021-11-25,000986,全指能源,行业，资源，能源,9.64,韭圈儿
2021-11-26,000986,全指能源,行业，资源，能源,9.46,韭圈儿
2021-11-29,000986,全指能源,行业，资源，能源,9.37,韭圈儿
2021-11-30,000986,全指能源,行业，资源，能源,9.34,韭圈儿
2021-12-01,000986,全指能源,行业，资源，能源,9.61,韭圈儿
2021-12-02,000986,全指能源,行业，资源，能源,9.71,韭圈儿
2021-12-03,000986,全指能源,行业，资源，能源,9.96,韭圈儿
2021-12-06,000986,全指能源,行业，资源，能源,9.88,韭圈儿
2021-12-07,000986,全指能源,行业，资源，能源,9.96,韭圈儿
2021-12-08,000986,全指能源,行业，资源，能源,9.97,韭圈儿
2021-12-09,000986,全指能源,行业，资源，能源,10.0,韭圈儿
2021-12-10,000986,全指能源,行业，资源，能源,9.85,韭圈儿
2021-12-13,000986,全指能源,行业，资源，能源,9.92,韭圈儿
2021-12-14,000986,全指能源,行业，资源，能源,9.72,韭圈儿
2021-12-15,000986,全指能源,行业，资源，能源,9.77,韭圈儿
2021-12-16,000986,全指能源,行业，资源，能源,10.18,韭圈儿
2021-12-17,000986,全指能源,行业，资源，能源,10.08,韭圈儿
2021-12-20,000986,全指能源,行业，资源，能源,9.89,韭圈儿
2021-12-21,000986,全指能源,行业，资源，能源,10.01,韭圈儿
2021-12-22,000986,全指能源,行业，资源，能源,10.02,韭圈儿
2021-12-23,000986,全指能源,行业，资源，能源,10.25,韭圈儿
2021-12-24,000986,全指能源,行业，资源，能源,10.07,韭圈儿
2021-12-27,000986,全指能源,行业，资源，能源,10.11,韭圈儿
2021-12-28,000986,全指能源,行业，资源，能源,9.97,韭圈儿
2021-12-29,000986,全指能源,行业，资源，能源,9.93,韭圈儿
2021-12-30,000986,全指能源,行业，资源，能源,9.87,韭圈儿
2021-12-31,000986,全指能源,行业，资源，能源,9.91,韭圈儿
2022-01-04,000986,全指能源,行业，资源，能源,10.01,韭圈儿
2022-01-05,000986,全指能源,行业，资源，能源,9.97,韭圈儿
2022-01-06,000986,全指能源,行业，资源，能源,9.99,韭圈儿
2022-01-07,000986,全指能源,行业，资源，能源,10.22,韭圈儿
2022-01-10,000986,全指能源,行业，资源，能源,10.31,韭圈儿
2022-01-11,000986,全指能源,行业，资源，能源,10.19,韭圈儿
2022-01-12,000986,全指能源,行业，资源，能源,10.28,韭圈儿
2022-01-13,000986,全指能源,行业，资源，能源,10.46,韭圈儿
2022-01-14,000986,全指能源,行业，资源，能源,10.12,韭圈儿
2022-01-17,000986,全指能源,行业，资源，能源,10.16,韭圈儿
2022-01-18,000986,全指能源,行业，资源，能源,10.43,韭圈儿
2022-01-19,000986,全指能源,行业，资源，能源,10.46,韭圈儿
2022-01-20,000986,全指能源,行业，资源，能源,10.41,韭圈儿
2022-01-21,000986,全指能源,行业，资源，能源,10.29,韭圈儿
2022-01-24,000986,全指能源,行业，资源，能源,10.37,韭圈儿
2022-01-25,000986,全指能源,行业，资源，能源,10.0,韭圈儿
2022-01-26,000986,全指能源,行业，资源，能源,10.12,韭圈儿
2022-01-27,000986,全指能源,行业，资源，能源,10.08,韭圈儿
2022-01-28,000986,全指能源,行业，资源，能源,9.77,韭圈儿
2022-02-07,000986,全指能源,行业，资源，能源,10.36,韭圈儿
2022-02-08,000986,全指能源,行业，资源，能源,10.68,韭圈儿
2022-02-09,000986,全指能源,行业，资源，能源,10.63,韭圈儿
2022-02-10,000986,全指能源,行业，资源，能源,10.82,韭圈儿
2022-02-11,000986,全指能源,行业，资源，能源,11.08,韭圈儿
2022-02-14,000986,全指能源,行业，资源，能源,11.02,韭圈儿
2022-02-15,000986,全指能源,行业，资源，能源,10.76,韭圈儿
2022-02-16,000986,全指能源,行业，资源，能源,10.75,韭圈儿
2022-02-17,000986,全指能源,行业，资源，能源,10.81,韭圈儿
2022-02-18,000986,全指能源,行业，资源，能源,10.93,韭圈儿
2022-02-21,000986,全指能源,行业，资源，能源,10.99,韭圈儿
2022-02-22,000986,全指能源,行业，资源，能源,11.2,韭圈儿
2022-02-23,000986,全指能源,行业，资源，能源,10.96,韭圈儿
2022-02-24,000986,全指能源,行业，资源，能源,11.05,韭圈儿
2022-02-25,000986,全指能源,行业，资源，能源,10.76,韭圈儿
2022-02-28,000986,全指能源,行业，资源，能源,10.93,韭圈儿
2022-03-01,000986,全指能源,行业，资源，能源,11.0,韭圈儿
2022-03-02,000986,全指能源,行业，资源，能源,11.21,韭圈儿
2022-03-03,000986,全指能源,行业，资源，能源,11.46,韭圈儿
2022-03-04,000986,全指能源,行业，资源，能源,11.25,韭圈儿
2022-03-07,000986,全指能源,行业，资源，能源,11.29,韭圈儿
2022-03-08,000986,全指能源,行业，资源，能源,10.92,韭圈儿
2022-03-09,000986,全指能源,行业，资源，能源,10.89,韭圈儿
2022-03-10,000986,全指能源,行业，资源，能源,10.82,韭圈儿
2022-03-11,000986,全指能源,行业，资源，能源,10.79,韭圈儿
2022-03-14,000986,全指能源,行业，资源，能源,10.51,韭圈儿
2022-03-15,000986,全指能源,行业，资源，能源,9.73,韭圈儿
2022-03-16,000986,全指能源,行业，资源，能源,9.93,韭圈儿
2022-03-17,000986,全指能源,行业，资源，能源,10.0,韭圈儿
2022-03-18,000986,全指能源,行业，资源，能源,10.29,韭圈儿
2022-03-21,000986,全指能源,行业，资源，能源,10.41,韭圈儿
2022-03-22,000986,全指能源,行业，资源，能源,10.71,韭圈儿
2022-03-23,000986,全指能源,行业，资源，能源,10.63,韭圈儿
2022-03-24,000986,全指能源,行业，资源，能源,10.71,韭圈儿
2022-03-25,000986,全指能源,行业，资源，能源,10.77,韭圈儿
2022-03-28,000986,全指能源,行业，资源，能源,10.96,韭圈儿
2022-03-29,000986,全指能源,行业，资源，能源,11.1,韭圈儿
2022-03-30,000986,全指能源,行业，资源，能源,10.87,韭圈儿
2022-03-31,000986,全指能源,行业，资源，能源,10.86,韭圈儿
2022-04-01,000986,全指能源,行业，资源，能源,10.56,韭圈儿
2022-04-06,000986,全指能源,行业，资源，能源,10.6,韭圈儿
2022-04-07,000986,全指能源,行业，资源，能源,10.58,韭圈儿
2022-04-08,000986,全指能源,行业，资源，能源,10.69,韭圈儿
2022-04-11,000986,全指能源,行业，资源，能源,10.59,韭圈儿
2022-04-12,000986,全指能源,行业，资源，能源,10.59,韭圈儿
2022-04-13,000986,全指能源,行业，资源，能源,10.85,韭圈儿
2022-04-14,000986,全指能源,行业，资源，能源,11.07,韭圈儿
2022-04-15,000986,全指能源,行业，资源，能源,10.69,韭圈儿
2022-04-18,000986,全指能源,行业，资源，能源,10.4,韭圈儿
2022-04-19,000986,全指能源,行业，资源，能源,10.71,韭圈儿
2022-04-20,000986,全指能源,行业，资源，能源,10.29,韭圈儿
2022-04-21,000986,全指能源,行业，资源，能源,10.02,韭圈儿
2022-04-22,000986,全指能源,行业，资源，能源,10.19,韭圈儿
2022-04-25,000986,全指能源,行业，资源，能源,9.7,韭圈儿
2022-04-26,000986,全指能源,行业，资源，能源,9.55,韭圈儿
2022-04-27,000986,全指能源,行业，资源，能源,9.79,韭圈儿
2022-04-28,000986,全指能源,行业，资源，能源,9.64,韭圈儿
2022-04-29,000986,全指能源,行业，资源，能源,9.65,韭圈儿
2022-05-05,000986,全指能源,行业，资源，能源,9.2,韭圈儿
2022-05-06,000986,全指能源,行业，资源，能源,9.02,韭圈儿
2022-05-09,000986,全指能源,行业，资源，能源,8.97,韭圈儿
2022-05-10,000986,全指能源,行业，资源，能源,8.76,韭圈儿
2022-05-11,000986,全指能源,行业，资源，能源,8.87,韭圈儿
2022-05-12,000986,全指能源,行业，资源，能源,8.76,韭圈儿
2022-05-13,000986,全指能源,行业，资源，能源,8.98,韭圈儿
2022-05-16,000986,全指能源,行业，资源，能源,9.1,韭圈儿
2022-05-17,000986,全指能源,行业，资源，能源,9.21,韭圈儿
2022-05-18,000986,全指能源,行业，资源，能源,9.1,韭圈儿
2022-05-19,000986,全指能源,行业，资源，能源,9.06,韭圈儿
2022-05-20,000986,全指能源,行业，资源，能源,9.33,韭圈儿
2022-05-23,000986,全指能源,行业，资源，能源,9.37,韭圈儿
2022-05-24,000986,全指能源,行业，资源，能源,9.3,韭圈儿
2022-05-25,000986,全指能源,行业，资源，能源,9.52,韭圈儿
2022-05-26,000986,全指能源,行业，资源，能源,9.69,韭圈儿
2022-05-27,000986,全指能源,行业，资源，能源,9.89,韭圈儿
2022-05-30,000986,全指能源,行业，资源，能源,9.82,韭圈儿
2022-05-31,000986,全指能源,行业，资源，能源,9.89,韭圈儿
2022-06-01,000986,全指能源,行业，资源，能源,9.88,韭圈儿
2022-06-02,000986,全指能源,行业，资源，能源,9.69,韭圈儿
2022-06-06,000986,全指能源,行业，资源，能源,9.87,韭圈儿
2022-06-07,000986,全指能源,行业，资源，能源,9.87,韭圈儿
2022-06-08,000986,全指能源,行业，资源，能源,10.24,韭圈儿
2022-06-09,000986,全指能源,行业，资源，能源,10.33,韭圈儿
2022-06-10,000986,全指能源,行业，资源，能源,10.36,韭圈儿
2022-06-13,000986,全指能源,行业，资源，能源,10.23,韭圈儿
2022-06-14,000986,全指能源,行业，资源，能源,10.56,韭圈儿
2022-06-15,000986,全指能源,行业，资源，能源,10.35,韭圈儿
2022-06-16,000986,全指能源,行业，资源，能源,9.97,韭圈儿
2022-06-17,000986,全指能源,行业，资源，能源,9.92,韭圈儿
2022-06-20,000986,全指能源,行业，资源，能源,9.39,韭圈儿
2022-06-21,000986,全指能源,行业，资源，能源,9.41,韭圈儿
2022-06-22,000986,全指能源,行业，资源，能源,9.24,韭圈儿
2022-06-23,000986,全指能源,行业，资源，能源,9.4,韭圈儿
2022-06-24,000986,全指能源,行业，资源，能源,9.34,韭圈儿
2022-06-27,000986,全指能源,行业，资源，能源,9.59,韭圈儿
2022-06-28,000986,全指能源,行业，资源，能源,9.7,韭圈儿
2022-06-29,000986,全指能源,行业，资源，能源,9.63,韭圈儿
2022-06-30,000986,全指能源,行业，资源，能源,9.63,韭圈儿
2022-07-01,000986,全指能源,行业，资源，能源,9.6,韭圈儿
2022-07-04,000986,全指能源,行业，资源，能源,9.63,韭圈儿
2022-07-05,000986,全指能源,行业，资源，能源,9.86,韭圈儿
2022-07-06,000986,全指能源,行业，资源，能源,9.41,韭圈儿
2022-07-07,000986,全指能源,行业，资源，能源,9.45,韭圈儿
2022-07-08,000986,全指能源,行业，资源，能源,9.41,韭圈儿
2022-07-11,000986,全指能源,行业，资源，能源,9.07,韭圈儿
2022-07-12,000986,全指能源,行业，资源，能源,9.11,韭圈儿
2022-07-13,000986,全指能源,行业，资源，能源,9.04,韭圈儿
2022-07-14,000986,全指能源,行业，资源，能源,8.99,韭圈儿
2022-07-15,000986,全指能源,行业，资源，能源,8.92,韭圈儿
2022-07-18,000986,全指能源,行业，资源，能源,9.21,韭圈儿
2022-07-19,000986,全指能源,行业，资源，能源,9.22,韭圈儿
2022-07-20,000986,全指能源,行业，资源，能源,9.23,韭圈儿
2022-07-21,000986,全指能源,行业，资源，能源,8.99,韭圈儿
2022-07-22,000986,全指能源,行业，资源，能源,8.98,韭圈儿
2022-07-25,000986,全指能源,行业，资源，能源,9.0,韭圈儿
2022-07-26,000986,全指能源,行业，资源，能源,9.15,韭圈儿
2022-07-27,000986,全指能源,行业，资源，能源,9.12,韭圈儿
2022-07-28,000986,全指能源,行业，资源，能源,9.2,韭圈儿
2022-07-29,000986,全指能源,行业，资源，能源,9.03,韭圈儿
2022-08-01,000986,全指能源,行业，资源，能源,9.14,韭圈儿
2022-08-02,000986,全指能源,行业，资源，能源,8.96,韭圈儿
2022-08-03,000986,全指能源,行业，资源，能源,8.88,韭圈儿
2022-08-04,000986,全指能源,行业，资源，能源,8.85,韭圈儿
2022-08-05,000986,全指能源,行业，资源，能源,8.8,韭圈儿
2022-08-08,000986,全指能源,行业，资源，能源,8.96,韭圈儿
2022-08-09,000986,全指能源,行业，资源，能源,9.1,韭圈儿
2022-08-10,000986,全指能源,行业，资源，能源,9.06,韭圈儿
2022-08-11,000986,全指能源,行业，资源，能源,9.13,韭圈儿
2022-08-12,000986,全指能源,行业，资源，能源,9.29,韭圈儿
2022-08-15,000986,全指能源,行业，资源，能源,9.35,韭圈儿
2022-08-16,000986,全指能源,行业，资源，能源,9.31,韭圈儿
2022-08-17,000986,全指能源,行业，资源，能源,9.27,韭圈儿
2022-08-18,000986,全指能源,行业，资源，能源,9.18,韭圈儿
2022-08-19,000986,全指能源,行业，资源，能源,9.34,韭圈儿
2022-08-22,000986,全指能源,行业，资源，能源,9.46,韭圈儿
2022-08-23,000986,全指能源,行业，资源，能源,9.61,韭圈儿
2022-08-24,000986,全指能源,行业，资源，能源,9.56,韭圈儿
2022-08-25,000986,全指能源,行业，资源，能源,9.97,韭圈儿
2022-08-26,000986,全指能源,行业，资源，能源,9.28,韭圈儿
2022-08-29,000986,全指能源,行业，资源，能源,9.07,韭圈儿
2022-08-30,000986,全指能源,行业，资源，能源,8.77,韭圈儿
2022-08-31,000986,全指能源,行业，资源，能源,8.28,韭圈儿
2022-09-01,000986,全指能源,行业，资源，能源,8.39,韭圈儿
2022-09-02,000986,全指能源,行业，资源，能源,8.39,韭圈儿
2022-09-05,000986,全指能源,行业，资源，能源,8.76,韭圈儿
2022-09-06,000986,全指能源,行业，资源，能源,8.88,韭圈儿
2022-09-07,000986,全指能源,行业，资源，能源,8.86,韭圈儿
2022-09-08,000986,全指能源,行业，资源，能源,8.75,韭圈儿
2022-09-09,000986,全指能源,行业，资源，能源,8.83,韭圈儿
2022-09-13,000986,全指能源,行业，资源，能源,8.75,韭圈儿
2022-09-14,000986,全指能源,行业，资源，能源,8.68,韭圈儿
2022-09-15,000986,全指能源,行业，资源，能源,8.67,韭圈儿
2022-09-16,000986,全指能源,行业，资源，能源,8.34,韭圈儿
2022-09-19,000986,全指能源,行业，资源，能源,8.35,韭圈儿
2022-09-20,000986,全指能源,行业，资源，能源,8.31,韭圈儿
2022-09-21,000986,全指能源,行业，资源，能源,8.41,韭圈儿
2022-09-22,000986,全指能源,行业，资源，能源,8.62,韭圈儿
2022-09-23,000986,全指能源,行业，资源，能源,8.56,韭圈儿
2022-09-26,000986,全指能源,行业，资源，能源,8.21,韭圈儿
2022-09-27,000986,全指能源,行业，资源，能源,8.18,韭圈儿
2022-09-28,000986,全指能源,行业，资源，能源,8.14,韭圈儿
2022-09-29,000986,全指能源,行业，资源，能源,8.25,韭圈儿
2022-09-30,000986,全指能源,行业，资源，能源,8.28,韭圈儿
2022-10-10,000986,全指能源,行业，资源，能源,8.43,韭圈儿
2022-10-11,000986,全指能源,行业，资源，能源,8.36,韭圈儿
2022-10-12,000986,全指能源,行业，资源，能源,8.39,韭圈儿
2022-10-13,000986,全指能源,行业，资源，能源,8.16,韭圈儿
2022-10-14,000986,全指能源,行业，资源，能源,8.24,韭圈儿
2022-10-17,000986,全指能源,行业，资源，能源,8.19,韭圈儿
2022-10-18,000986,全指能源,行业，资源，能源,8.13,韭圈儿
2022-10-19,000986,全指能源,行业，资源，能源,8.05,韭圈儿
2022-10-20,000986,全指能源,行业，资源，能源,8.0,韭圈儿
2022-10-21,000986,全指能源,行业，资源，能源,8.07,韭圈儿
2022-10-24,000986,全指能源,行业，资源，能源,7.97,韭圈儿
2022-10-25,000986,全指能源,行业，资源，能源,7.89,韭圈儿
2022-10-26,000986,全指能源,行业，资源，能源,7.76,韭圈儿
2022-10-27,000986,全指能源,行业，资源，能源,7.83,韭圈儿
2022-10-28,000986,全指能源,行业，资源，能源,7.49,韭圈儿
2022-10-31,000986,全指能源,行业，资源，能源,7.16,韭圈儿
2022-11-01,000986,全指能源,行业，资源，能源,7.24,韭圈儿
2022-11-02,000986,全指能源,行业，资源，能源,7.35,韭圈儿
2022-11-03,000986,全指能源,行业，资源，能源,7.35,韭圈儿
2022-11-04,000986,全指能源,行业，资源，能源,7.51,韭圈儿
2022-11-07,000986,全指能源,行业，资源，能源,7.64,韭圈儿
2022-11-08,000986,全指能源,行业，资源，能源,7.62,韭圈儿
2022-11-09,000986,全指能源,行业，资源，能源,7.53,韭圈儿
2022-11-10,000986,全指能源,行业，资源，能源,7.48,韭圈儿
2022-11-11,000986,全指能源,行业，资源，能源,7.61,韭圈儿
2022-11-14,000986,全指能源,行业，资源，能源,7.47,韭圈儿
2022-11-15,000986,全指能源,行业，资源，能源,7.48,韭圈儿
2022-11-16,000986,全指能源,行业，资源，能源,7.54,韭圈儿
2022-11-17,000986,全指能源,行业，资源，能源,7.4,韭圈儿
2022-11-18,000986,全指能源,行业，资源，能源,7.34,韭圈儿
2022-11-21,000986,全指能源,行业，资源，能源,7.3,韭圈儿
2022-11-22,000986,全指能源,行业，资源，能源,7.4,韭圈儿
2022-11-23,000986,全指能源,行业，资源，能源,7.52,韭圈儿
2022-11-24,000986,全指能源,行业，资源，能源,7.53,韭圈儿
2022-11-25,000986,全指能源,行业，资源，能源,7.68,韭圈儿
2022-11-28,000986,全指能源,行业，资源，能源,7.59,韭圈儿
2022-11-29,000986,全指能源,行业，资源，能源,7.69,韭圈儿
2022-11-30,000986,全指能源,行业，资源，能源,7.77,韭圈儿
2022-12-01,000986,全指能源,行业，资源，能源,7.68,韭圈儿
2022-12-02,000986,全指能源,行业，资源，能源,7.64,韭圈儿
2022-12-05,000986,全指能源,行业，资源，能源,7.79,韭圈儿
2022-12-06,000986,全指能源,行业，资源，能源,7.77,韭圈儿
2022-12-07,000986,全指能源,行业，资源，能源,7.64,韭圈儿
2022-12-08,000986,全指能源,行业，资源，能源,7.58,韭圈儿
2022-12-09,000986,全指能源,行业，资源，能源,7.58,韭圈儿
2022-12-12,000986,全指能源,行业，资源，能源,7.1,韭圈儿
2022-12-13,000986,全指能源,行业，资源，能源,7.14,韭圈儿
2022-12-14,000986,全指能源,行业，资源，能源,7.16,韭圈儿
2022-12-15,000986,全指能源,行业，资源，能源,7.08,韭圈儿
2022-12-16,000986,全指能源,行业，资源，能源,7.11,韭圈儿
2022-12-19,000986,全指能源,行业，资源，能源,6.93,韭圈儿
2022-12-20,000986,全指能源,行业，资源，能源,6.91,韭圈儿
2022-12-21,000986,全指能源,行业，资源，能源,6.89,韭圈儿
2022-12-22,000986,全指能源,行业，资源，能源,6.82,韭圈儿
2022-12-23,000986,全指能源,行业，资源，能源,6.81,韭圈儿
2022-12-26,000986,全指能源,行业，资源，能源,6.85,韭圈儿
2022-12-27,000986,全指能源,行业，资源，能源,6.93,韭圈儿
2022-12-28,000986,全指能源,行业，资源，能源,6.93,韭圈儿
2022-12-29,000986,全指能源,行业，资源，能源,6.8,韭圈儿
2022-12-30,000986,全指能源,行业，资源，能源,6.81,韭圈儿
2023-01-03,000986,全指能源,行业，资源，能源,6.89,韭圈儿
2023-01-04,000986,全指能源,行业，资源，能源,6.82,韭圈儿
2023-01-05,000986,全指能源,行业，资源，能源,6.81,韭圈儿
2023-01-06,000986,全指能源,行业，资源，能源,6.84,韭圈儿
2023-01-09,000986,全指能源,行业，资源，能源,6.87,韭圈儿
2023-01-10,000986,全指能源,行业，资源，能源,6.82,韭圈儿
2023-01-11,000986,全指能源,行业，资源，能源,6.97,韭圈儿
2023-01-12,000986,全指能源,行业，资源，能源,7.02,韭圈儿
2023-01-13,000986,全指能源,行业，资源，能源,7.05,韭圈儿
2023-01-16,000986,全指能源,行业，资源，能源,7.06,韭圈儿
2023-01-17,000986,全指能源,行业，资源，能源,7.01,韭圈儿
2023-01-18,000986,全指能源,行业，资源，能源,7.06,韭圈儿
2023-01-19,000986,全指能源,行业，资源，能源,7.07,韭圈儿
2023-01-20,000986,全指能源,行业，资源，能源,7.23,韭圈儿
2023-01-30,000986,全指能源,行业，资源，能源,7.15,韭圈儿
2023-01-31,000986,全指能源,行业，资源，能源,7.15,韭圈儿
2023-02-01,000986,全指能源,行业，资源，能源,7.17,韭圈儿
2023-02-02,000986,全指能源,行业，资源，能源,7.2,韭圈儿
2023-02-03,000986,全指能源,行业，资源，能源,7.13,韭圈儿
2023-02-06,000986,全指能源,行业，资源，能源,7.11,韭圈儿
2023-02-07,000986,全指能源,行业，资源，能源,7.14,韭圈儿
2023-02-08,000986,全指能源,行业，资源，能源,7.11,韭圈儿
2023-02-09,000986,全指能源,行业，资源，能源,7.15,韭圈儿
2023-02-10,000986,全指能源,行业，资源，能源,7.08,韭圈儿
2023-02-13,000986,全指能源,行业，资源，能源,7.08,韭圈儿
2023-02-14,000986,全指能源,行业，资源，能源,7.11,韭圈儿
2023-02-15,000986,全指能源,行业，资源，能源,7.06,韭圈儿
2023-02-16,000986,全指能源,行业，资源，能源,7.0,韭圈儿
2023-02-17,000986,全指能源,行业，资源，能源,7.05,韭圈儿
2023-02-20,000986,全指能源,行业，资源，能源,7.19,韭圈儿
2023-02-21,000986,全指能源,行业，资源，能源,7.27,韭圈儿
2023-02-22,000986,全指能源,行业，资源，能源,7.27,韭圈儿
2023-02-23,000986,全指能源,行业，资源，能源,7.3,韭圈儿
2023-02-24,000986,全指能源,行业，资源，能源,7.26,韭圈儿
2023-02-27,000986,全指能源,行业，资源，能源,7.27,韭圈儿
2023-02-28,000986,全指能源,行业，资源，能源,7.27,韭圈儿
2023-03-01,000986,全指能源,行业，资源，能源,7.34,韭圈儿
2023-03-02,000986,全指能源,行业，资源，能源,7.44,韭圈儿
2023-03-03,000986,全指能源,行业，资源，能源,7.57,韭圈儿
2023-03-06,000986,全指能源,行业，资源，能源,7.53,韭圈儿
2023-03-07,000986,全指能源,行业，资源，能源,7.75,韭圈儿
2023-03-08,000986,全指能源,行业，资源，能源,7.63,韭圈儿
2023-03-09,000986,全指能源,行业，资源，能源,7.63,韭圈儿
2023-03-10,000986,全指能源,行业，资源，能源,7.45,韭圈儿
2023-03-13,000986,全指能源,行业，资源，能源,7.72,韭圈儿
2023-03-14,000986,全指能源,行业，资源，能源,7.58,韭圈儿
2023-03-15,000986,全指能源,行业，资源，能源,7.63,韭圈儿
2023-03-16,000986,全指能源,行业，资源，能源,7.37,韭圈儿
2023-03-17,000986,全指能源,行业，资源，能源,7.61,韭圈儿
2023-03-20,000986,全指能源,行业，资源，能源,7.54,韭圈儿
2023-03-21,000986,全指能源,行业，资源，能源,7.46,韭圈儿
2023-03-22,000986,全指能源,行业，资源，能源,7.51,韭圈儿
2023-03-23,000986,全指能源,行业，资源，能源,7.6,韭圈儿
2023-03-24,000986,全指能源,行业，资源，能源,7.47,韭圈儿
2023-03-27,000986,全指能源,行业，资源，能源,7.39,韭圈儿
2023-03-28,000986,全指能源,行业，资源，能源,7.51,韭圈儿
2023-03-29,000986,全指能源,行业，资源，能源,7.43,韭圈儿
2023-03-30,000986,全指能源,行业，资源，能源,7.36,韭圈儿
2023-03-31,000986,全指能源,行业，资源，能源,7.32,韭圈儿
2023-04-03,000986,全指能源,行业，资源，能源,7.38,韭圈儿
2023-04-04,000986,全指能源,行业，资源，能源,7.53,韭圈儿
2023-04-06,000986,全指能源,行业，资源，能源,7.47,韭圈儿
2023-04-07,000986,全指能源,行业，资源，能源,7.4,韭圈儿
2023-04-10,000986,全指能源,行业，资源，能源,7.53,韭圈儿
2023-04-11,000986,全指能源,行业，资源，能源,7.55,韭圈儿
2023-04-12,000986,全指能源,行业，资源，能源,7.72,韭圈儿
2023-04-13,000986,全指能源,行业，资源，能源,7.75,韭圈儿
2023-04-14,000986,全指能源,行业，资源，能源,7.81,韭圈儿
2023-04-17,000986,全指能源,行业，资源，能源,8.15,韭圈儿
2023-04-18,000986,全指能源,行业，资源，能源,8.14,韭圈儿
2023-04-19,000986,全指能源,行业，资源，能源,8.07,韭圈儿
2023-04-20,000986,全指能源,行业，资源，能源,8.13,韭圈儿
2023-04-21,000986,全指能源,行业，资源，能源,8.03,韭圈儿
2023-04-24,000986,全指能源,行业，资源，能源,7.99,韭圈儿
2023-04-25,000986,全指能源,行业，资源，能源,8.11,韭圈儿
2023-04-26,000986,全指能源,行业，资源，能源,8.05,韭圈儿
2023-04-27,000986,全指能源,行业，资源，能源,8.01,韭圈儿
2023-04-28,000986,全指能源,行业，资源，能源,8.29,韭圈儿
2023-05-04,000986,全指能源,行业，资源，能源,8.27,韭圈儿
2023-05-05,000986,全指能源,行业，资源，能源,8.19,韭圈儿
2023-05-08,000986,全指能源,行业，资源，能源,8.67,韭圈儿
2023-05-09,000986,全指能源,行业，资源，能源,8.49,韭圈儿
2023-05-10,000986,全指能源,行业，资源，能源,8.23,韭圈儿
2023-05-11,000986,全指能源,行业，资源，能源,8.17,韭圈儿
2023-05-12,000986,全指能源,行业，资源，能源,8.06,韭圈儿
2023-05-15,000986,全指能源,行业，资源，能源,8.12,韭圈儿
2023-05-16,000986,全指能源,行业，资源，能源,8.13,韭圈儿
2023-05-17,000986,全指能源,行业，资源，能源,8.09,韭圈儿
2023-05-18,000986,全指能源,行业，资源，能源,8.21,韭圈儿
2023-05-19,000986,全指能源,行业，资源，能源,8.11,韭圈儿
2023-05-22,000986,全指能源,行业，资源，能源,8.07,韭圈儿
2023-05-23,000986,全指能源,行业，资源，能源,7.94,韭圈儿
2023-05-24,000986,全指能源,行业，资源，能源,7.82,韭圈儿
2023-05-25,000986,全指能源,行业，资源，能源,7.75,韭圈儿
2023-05-26,000986,全指能源,行业，资源，能源,7.66,韭圈儿
2023-05-29,000986,全指能源,行业，资源，能源,7.9,韭圈儿
2023-05-30,000986,全指能源,行业，资源，能源,7.88,韭圈儿
2023-05-31,000986,全指能源,行业，资源，能源,7.66,韭圈儿
2023-06-01,000986,全指能源,行业，资源，能源,7.73,韭圈儿
2023-06-02,000986,全指能源,行业，资源，能源,7.79,韭圈儿
2023-06-05,000986,全指能源,行业，资源，能源,7.85,韭圈儿
2023-06-06,000986,全指能源,行业，资源，能源,7.84,韭圈儿
2023-06-07,000986,全指能源,行业，资源，能源,7.84,韭圈儿
2023-06-08,000986,全指能源,行业，资源，能源,7.95,韭圈儿
2023-06-09,000986,全指能源,行业，资源，能源,7.99,韭圈儿
2023-06-12,000986,全指能源,行业，资源，能源,7.94,韭圈儿
2023-06-13,000986,全指能源,行业，资源，能源,7.82,韭圈儿
2023-06-14,000986,全指能源,行业，资源，能源,7.85,韭圈儿
2023-06-15,000986,全指能源,行业，资源，能源,7.83,韭圈儿
2023-06-16,000986,全指能源,行业，资源，能源,7.87,韭圈儿
2023-06-19,000986,全指能源,行业，资源，能源,7.81,韭圈儿
2023-06-20,000986,全指能源,行业，资源，能源,7.69,韭圈儿
2023-06-21,000986,全指能源,行业，资源，能源,7.67,韭圈儿
2023-06-26,000986,全指能源,行业，资源，能源,7.6,韭圈儿
2023-06-27,000986,全指能源,行业，资源，能源,7.78,韭圈儿
2023-06-28,000986,全指能源,行业，资源，能源,7.8,韭圈儿
2023-06-29,000986,全指能源,行业，资源，能源,7.73,韭圈儿
2023-06-30,000986,全指能源,行业，资源，能源,7.79,韭圈儿
2023-07-03,000986,全指能源,行业，资源，能源,8.02,韭圈儿
2023-07-04,000986,全指能源,行业，资源，能源,8.04,韭圈儿
2023-07-05,000986,全指能源,行业，资源，能源,7.98,韭圈儿
2023-07-06,000986,全指能源,行业，资源，能源,7.97,韭圈儿
2023-07-07,000986,全指能源,行业，资源，能源,8.0,韭圈儿
2023-07-10,000986,全指能源,行业，资源，能源,7.94,韭圈儿
2023-07-11,000986,全指能源,行业，资源，能源,7.92,韭圈儿
2023-07-12,000986,全指能源,行业，资源，能源,7.96,韭圈儿
2023-07-13,000986,全指能源,行业，资源，能源,8.19,韭圈儿
2023-07-14,000986,全指能源,行业，资源，能源,8.15,韭圈儿
2023-07-17,000986,全指能源,行业，资源，能源,8.0,韭圈儿
2023-07-18,000986,全指能源,行业，资源，能源,7.95,韭圈儿
2023-07-19,000986,全指能源,行业，资源，能源,8.01,韭圈儿
2023-07-20,000986,全指能源,行业，资源，能源,7.91,韭圈儿
2023-07-21,000986,全指能源,行业，资源，能源,7.87,韭圈儿
2023-07-24,000986,全指能源,行业，资源，能源,7.83,韭圈儿
2023-07-25,000986,全指能源,行业，资源，能源,7.96,韭圈儿
2023-07-26,000986,全指能源,行业，资源，能源,7.86,韭圈儿
2023-07-27,000986,全指能源,行业，资源，能源,7.84,韭圈儿
2023-07-28,000986,全指能源,行业，资源，能源,7.91,韭圈儿
2023-07-31,000986,全指能源,行业，资源，能源,7.87,韭圈儿
2023-08-01,000986,全指能源,行业，资源，能源,7.96,韭圈儿
2023-08-02,000986,全指能源,行业，资源，能源,7.72,韭圈儿
2023-08-03,000986,全指能源,行业，资源，能源,7.68,韭圈儿
2023-08-04,000986,全指能源,行业，资源，能源,7.7,韭圈儿
2023-08-07,000986,全指能源,行业，资源，能源,7.74,韭圈儿
2023-08-08,000986,全指能源,行业，资源，能源,7.8,韭圈儿
2023-08-09,000986,全指能源,行业，资源，能源,7.77,韭圈儿
2023-08-10,000986,全指能源,行业，资源，能源,7.91,韭圈儿
2023-08-11,000986,全指能源,行业，资源，能源,7.76,韭圈儿
2023-08-14,000986,全指能源,行业，资源，能源,7.77,韭圈儿
2023-08-15,000986,全指能源,行业，资源，能源,7.79,韭圈儿
2023-08-16,000986,全指能源,行业，资源，能源,7.66,韭圈儿
2023-08-17,000986,全指能源,行业，资源，能源,7.69,韭圈儿
2023-08-18,000986,全指能源,行业，资源，能源,7.8,韭圈儿
2023-08-21,000986,全指能源,行业，资源，能源,7.71,韭圈儿
2023-08-22,000986,全指能源,行业，资源，能源,7.87,韭圈儿
2023-08-23,000986,全指能源,行业，资源，能源,7.91,韭圈儿
2023-08-24,000986,全指能源,行业，资源，能源,7.84,韭圈儿
2023-08-25,000986,全指能源,行业，资源，能源,7.9,韭圈儿
2023-08-28,000986,全指能源,行业，资源，能源,8.34,韭圈儿
2023-08-29,000986,全指能源,行业，资源，能源,8.31,韭圈儿
2023-08-30,000986,全指能源,行业，资源，能源,8.3,韭圈儿
2023-08-31,000986,全指能源,行业，资源，能源,8.53,韭圈儿
2023-09-01,000986,全指能源,行业，资源，能源,8.66,韭圈儿
2023-09-04,000986,全指能源,行业，资源，能源,8.9,韭圈儿
2023-09-05,000986,全指能源,行业，资源，能源,8.92,韭圈儿
2023-09-06,000986,全指能源,行业，资源，能源,8.98,韭圈儿
2023-09-07,000986,全指能源,行业，资源，能源,9.04,韭圈儿
2023-09-08,000986,全指能源,行业，资源，能源,8.89,韭圈儿
2023-09-11,000986,全指能源,行业，资源，能源,8.96,韭圈儿
2023-09-12,000986,全指能源,行业，资源，能源,8.93,韭圈儿
2023-09-13,000986,全指能源,行业，资源，能源,9.05,韭圈儿
2023-09-14,000986,全指能源,行业，资源，能源,9.23,韭圈儿
2023-09-15,000986,全指能源,行业，资源，能源,9.17,韭圈儿
2023-09-18,000986,全指能源,行业，资源，能源,9.14,韭圈儿
2023-09-19,000986,全指能源,行业，资源，能源,9.24,韭圈儿
2023-09-20,000986,全指能源,行业，资源，能源,9.18,韭圈儿
2023-09-21,000986,全指能源,行业，资源，能源,9.11,韭圈儿
2023-09-22,000986,全指能源,行业，资源，能源,9.16,韭圈儿
2023-09-25,000986,全指能源,行业，资源，能源,9.08,韭圈儿
2023-09-26,000986,全指能源,行业，资源，能源,9.05,韭圈儿
2023-09-27,000986,全指能源,行业，资源，能源,9.07,韭圈儿
2023-09-28,000986,全指能源,行业，资源，能源,9.11,韭圈儿
2023-10-09,000986,全指能源,行业，资源，能源,9.1,韭圈儿
2023-10-10,000986,全指能源,行业，资源，能源,8.91,韭圈儿
2023-10-11,000986,全指能源,行业，资源，能源,8.81,韭圈儿
2023-10-12,000986,全指能源,行业，资源，能源,8.82,韭圈儿
2023-10-13,000986,全指能源,行业，资源，能源,8.87,韭圈儿
2023-10-16,000986,全指能源,行业，资源，能源,8.99,韭圈儿
2023-10-17,000986,全指能源,行业，资源，能源,9.09,韭圈儿
2023-10-18,000986,全指能源,行业，资源，能源,9.02,韭圈儿
2023-10-19,000986,全指能源,行业，资源，能源,8.83,韭圈儿
2023-10-20,000986,全指能源,行业，资源，能源,8.77,韭圈儿
2023-10-23,000986,全指能源,行业，资源，能源,8.69,韭圈儿
2023-10-24,000986,全指能源,行业，资源，能源,8.78,韭圈儿
2023-10-25,000986,全指能源,行业，资源，能源,8.63,韭圈儿
2023-10-26,000986,全指能源,行业，资源，能源,8.73,韭圈儿
2023-10-27,000986,全指能源,行业，资源，能源,8.69,韭圈儿
2023-10-30,000986,全指能源,行业，资源，能源,8.63,韭圈儿
2023-10-31,000986,全指能源,行业，资源，能源,8.55,韭圈儿
2023-11-01,000986,全指能源,行业，资源，能源,8.56,韭圈儿
2023-11-02,000986,全指能源,行业，资源，能源,8.6,韭圈儿
2023-11-03,000986,全指能源,行业，资源，能源,8.62,韭圈儿
2023-11-06,000986,全指能源,行业，资源，能源,8.38,韭圈儿
2023-11-07,000986,全指能源,行业，资源，能源,8.43,韭圈儿
2023-11-08,000986,全指能源,行业，资源，能源,8.37,韭圈儿
2023-11-09,000986,全指能源,行业，资源，能源,8.5,韭圈儿
2023-11-10,000986,全指能源,行业，资源，能源,8.54,韭圈儿
2023-11-13,000986,全指能源,行业，资源，能源,8.6,韭圈儿
2023-11-14,000986,全指能源,行业，资源，能源,8.52,韭圈儿
2023-11-15,000986,全指能源,行业，资源，能源,8.61,韭圈儿
2023-11-16,000986,全指能源,行业，资源，能源,8.59,韭圈儿
2023-11-17,000986,全指能源,行业，资源，能源,8.53,韭圈儿
2023-11-20,000986,全指能源,行业，资源，能源,8.55,韭圈儿
2023-11-21,000986,全指能源,行业，资源，能源,8.56,韭圈儿
2023-11-22,000986,全指能源,行业，资源，能源,8.55,韭圈儿
2023-11-23,000986,全指能源,行业，资源，能源,8.6,韭圈儿
2023-11-24,000986,全指能源,行业，资源，能源,8.64,韭圈儿
2023-11-27,000986,全指能源,行业，资源，能源,8.65,韭圈儿
2023-11-28,000986,全指能源,行业，资源，能源,8.63,韭圈儿
2023-11-29,000986,全指能源,行业，资源，能源,8.66,韭圈儿
2023-11-30,000986,全指能源,行业，资源，能源,8.76,韭圈儿
2023-12-01,000986,全指能源,行业，资源，能源,8.78,韭圈儿
2023-12-04,000986,全指能源,行业，资源，能源,8.81,韭圈儿
2023-12-05,000986,全指能源,行业，资源，能源,8.66,韭圈儿
2023-12-06,000986,全指能源,行业，资源，能源,8.56,韭圈儿
2023-12-07,000986,全指能源,行业，资源，能源,8.51,韭圈儿
2023-12-08,000986,全指能源,行业，资源，能源,8.6,韭圈儿
2023-12-11,000986,全指能源,行业，资源，能源,8.72,韭圈儿
2023-12-12,000986,全指能源,行业，资源，能源,8.78,韭圈儿
2023-12-13,000986,全指能源,行业，资源，能源,8.63,韭圈儿
2023-12-14,000986,全指能源,行业，资源，能源,8.64,韭圈儿
2023-12-15,000986,全指能源,行业，资源，能源,8.58,韭圈儿
2023-12-18,000986,全指能源,行业，资源，能源,8.62,韭圈儿
2023-12-19,000986,全指能源,行业，资源，能源,8.63,韭圈儿
2023-12-20,000986,全指能源,行业，资源，能源,8.65,韭圈儿
2023-12-21,000986,全指能源,行业，资源，能源,8.63,韭圈儿
2023-12-22,000986,全指能源,行业，资源，能源,8.73,韭圈儿
2023-12-25,000986,全指能源,行业，资源，能源,8.81,韭圈儿
2023-12-26,000986,全指能源,行业，资源，能源,8.79,韭圈儿
2023-12-27,000986,全指能源,行业，资源，能源,8.95,韭圈儿
2023-12-28,000986,全指能源,行业，资源，能源,8.87,韭圈儿
2023-12-29,000986,全指能源,行业，资源，能源,8.94,韭圈儿
2024-01-02,000986,全指能源,行业，资源，能源,9.08,韭圈儿
2024-01-03,000986,全指能源,行业，资源，能源,9.21,韭圈儿
2024-01-04,000986,全指能源,行业，资源，能源,9.32,韭圈儿
2024-01-05,000986,全指能源,行业，资源，能源,9.31,韭圈儿
2024-01-08,000986,全指能源,行业，资源，能源,9.27,韭圈儿
2024-01-09,000986,全指能源,行业，资源，能源,9.31,韭圈儿
2024-01-10,000986,全指能源,行业，资源，能源,9.22,韭圈儿
2024-01-11,000986,全指能源,行业，资源，能源,9.06,韭圈儿
2024-01-12,000986,全指能源,行业，资源，能源,9.1,韭圈儿
2024-01-15,000986,全指能源,行业，资源，能源,9.2,韭圈儿
2024-01-16,000986,全指能源,行业，资源，能源,9.21,韭圈儿
2024-01-17,000986,全指能源,行业，资源，能源,9.09,韭圈儿
2024-01-18,000986,全指能源,行业，资源，能源,9.05,韭圈儿
2024-01-19,000986,全指能源,行业，资源，能源,8.97,韭圈儿
2024-01-22,000986,全指能源,行业，资源，能源,8.83,韭圈儿
2024-01-23,000986,全指能源,行业，资源，能源,8.89,韭圈儿
2024-01-24,000986,全指能源,行业，资源，能源,9.15,韭圈儿
2024-01-25,000986,全指能源,行业，资源，能源,9.72,韭圈儿
2024-01-26,000986,全指能源,行业，资源，能源,9.97,韭圈儿
2024-01-29,000986,全指能源,行业，资源，能源,9.94,韭圈儿
2024-01-30,000986,全指能源,行业，资源，能源,9.91,韭圈儿
2024-01-31,000986,全指能源,行业，资源，能源,9.95,韭圈儿
2024-02-01,000986,全指能源,行业，资源，能源,9.72,韭圈儿
2024-02-02,000986,全指能源,行业，资源，能源,9.73,韭圈儿
2024-02-05,000986,全指能源,行业，资源，能源,9.92,韭圈儿
2024-02-06,000986,全指能源,行业，资源，能源,9.84,韭圈儿
2024-02-07,000986,全指能源,行业，资源，能源,10.01,韭圈儿
2024-02-08,000986,全指能源,行业，资源，能源,9.98,韭圈儿
2024-02-19,000986,全指能源,行业，资源，能源,10.49,韭圈儿
2024-02-20,000986,全指能源,行业，资源，能源,10.49,韭圈儿
2024-02-21,000986,全指能源,行业，资源，能源,10.5,韭圈儿
2024-02-22,000986,全指能源,行业，资源，能源,10.94,韭圈儿
2024-02-23,000986,全指能源,行业，资源，能源,10.79,韭圈儿
2024-02-26,000986,全指能源,行业，资源，能源,10.59,韭圈儿
2024-02-27,000986,全指能源,行业，资源，能源,10.67,韭圈儿
2024-02-28,000986,全指能源,行业，资源，能源,10.58,韭圈儿
2024-02-29,000986,全指能源,行业，资源，能源,10.61,韭圈儿
2024-03-01,000986,全指能源,行业，资源，能源,10.58,韭圈儿
2024-03-04,000986,全指能源,行业，资源，能源,10.96,韭圈儿
2024-03-05,000986,全指能源,行业，资源，能源,10.97,韭圈儿
2024-03-06,000986,全指能源,行业，资源，能源,10.97,韭圈儿
2024-03-07,000986,全指能源,行业，资源，能源,11.14,韭圈儿
2024-03-08,000986,全指能源,行业，资源，能源,11.37,韭圈儿
2024-03-11,000986,全指能源,行业，资源，能源,11.04,韭圈儿
2024-03-12,000986,全指能源,行业，资源，能源,10.61,韭圈儿
2024-03-13,000986,全指能源,行业，资源，能源,10.63,韭圈儿
2024-03-14,000986,全指能源,行业，资源，能源,10.81,韭圈儿
2024-03-15,000986,全指能源,行业，资源，能源,10.75,韭圈儿
2024-03-18,000986,全指能源,行业，资源，能源,10.72,韭圈儿
2024-03-19,000986,全指能源,行业，资源，能源,10.79,韭圈儿
2024-03-20,000986,全指能源,行业，资源，能源,10.95,韭圈儿
2024-03-21,000986,全指能源,行业，资源，能源,10.84,韭圈儿
2024-03-22,000986,全指能源,行业，资源，能源,10.84,韭圈儿
2024-03-25,000986,全指能源,行业，资源，能源,11.11,韭圈儿
2024-03-26,000986,全指能源,行业，资源，能源,10.99,韭圈儿
2024-03-27,000986,全指能源,行业，资源，能源,10.97,韭圈儿
2024-03-28,000986,全指能源,行业，资源，能源,11.03,韭圈儿
2024-03-29,000986,全指能源,行业，资源，能源,11.47,韭圈儿
2024-04-01,000986,全指能源,行业，资源，能源,11.39,韭圈儿
2024-04-02,000986,全指能源,行业，资源，能源,11.61,韭圈儿
2024-04-03,000986,全指能源,行业，资源，能源,11.8,韭圈儿
2024-04-08,000986,全指能源,行业，资源，能源,11.79,韭圈儿
2024-04-09,000986,全指能源,行业，资源，能源,11.64,韭圈儿
2024-04-10,000986,全指能源,行业，资源，能源,11.76,韭圈儿
2024-04-11,000986,全指能源,行业，资源，能源,11.8,韭圈儿
2024-04-12,000986,全指能源,行业，资源，能源,11.78,韭圈儿
2024-04-15,000986,全指能源,行业，资源，能源,12.12,韭圈儿
2024-04-16,000986,全指能源,行业，资源，能源,12.25,韭圈儿
2024-04-17,000986,全指能源,行业，资源，能源,12.28,韭圈儿
2024-04-18,000986,全指能源,行业，资源，能源,12.07,韭圈儿
2024-04-19,000986,全指能源,行业，资源，能源,12.42,韭圈儿
2024-04-22,000986,全指能源,行业，资源，能源,11.95,韭圈儿
2024-04-23,000986,全指能源,行业，资源，能源,11.79,韭圈儿
2024-04-24,000986,全指能源,行业，资源，能源,11.84,韭圈儿
2024-04-25,000986,全指能源,行业，资源，能源,11.99,韭圈儿
2024-04-26,000986,全指能源,行业，资源，能源,12.05,韭圈儿
2024-04-29,000986,全指能源,行业，资源，能源,12.0,韭圈儿
2024-04-30,000986,全指能源,行业，资源，能源,12.15,韭圈儿
2024-05-06,000986,全指能源,行业，资源，能源,12.02,韭圈儿
2024-05-07,000986,全指能源,行业，资源，能源,12.1,韭圈儿
2024-05-08,000986,全指能源,行业，资源，能源,12.2,韭圈儿
2024-05-09,000986,全指能源,行业，资源，能源,12.15,韭圈儿
2024-05-10,000986,全指能源,行业，资源，能源,12.19,韭圈儿
2024-05-13,000986,全指能源,行业，资源，能源,12.15,韭圈儿
2024-05-14,000986,全指能源,行业，资源，能源,12.04,韭圈儿
2024-05-15,000986,全指能源,行业，资源，能源,11.98,韭圈儿
2024-05-16,000986,全指能源,行业，资源，能源,11.91,韭圈儿
2024-05-17,000986,全指能源,行业，资源，能源,11.98,韭圈儿
2024-05-20,000986,全指能源,行业，资源，能源,12.32,韭圈儿
2024-05-21,000986,全指能源,行业，资源，能源,12.28,韭圈儿
2024-05-22,000986,全指能源,行业，资源，能源,12.23,韭圈儿
2024-05-23,000986,全指能源,行业，资源，能源,12.11,韭圈儿
2024-05-24,000986,全指能源,行业，资源，能源,12.12,韭圈儿
2024-05-27,000986,全指能源,行业，资源，能源,12.39,韭圈儿
2024-05-28,000986,全指能源,行业，资源，能源,12.54,韭圈儿
2024-05-29,000986,全指能源,行业，资源，能源,12.72,韭圈儿
2024-05-30,000986,全指能源,行业，资源，能源,12.45,韭圈儿
2024-05-31,000986,全指能源,行业，资源，能源,12.39,韭圈儿
2024-06-03,000986,全指能源,行业，资源，能源,12.44,韭圈儿
2024-06-04,000986,全指能源,行业，资源，能源,12.28,韭圈儿
2024-06-05,000986,全指能源,行业，资源，能源,12.09,韭圈儿
2024-06-06,000986,全指能源,行业，资源，能源,12.32,韭圈儿
2024-06-07,000986,全指能源,行业，资源，能源,12.37,韭圈儿
2024-06-11,000986,全指能源,行业，资源，能源,12.2,韭圈儿
2024-06-12,000986,全指能源,行业，资源，能源,12.53,韭圈儿
2024-06-13,000986,全指能源,行业，资源，能源,12.44,韭圈儿
2024-06-14,000986,全指能源,行业，资源，能源,12.34,韭圈儿
2024-06-17,000986,全指能源,行业，资源，能源,12.11,韭圈儿
2024-06-18,000986,全指能源,行业，资源，能源,12.17,韭圈儿
2024-06-19,000986,全指能源,行业，资源，能源,12.3,韭圈儿
2024-06-20,000986,全指能源,行业，资源，能源,12.49,韭圈儿
2024-06-21,000986,全指能源,行业，资源，能源,12.41,韭圈儿
2024-06-24,000986,全指能源,行业，资源，能源,12.4,韭圈儿
2024-06-25,000986,全指能源,行业，资源，能源,12.38,韭圈儿
2024-06-26,000986,全指能源,行业，资源，能源,12.24,韭圈儿
2024-06-27,000986,全指能源,行业，资源，能源,12.19,韭圈儿
2024-06-28,000986,全指能源,行业，资源，能源,12.57,韭圈儿
2024-07-01,000986,全指能源,行业，资源，能源,12.85,韭圈儿
2024-07-02,000986,全指能源,行业，资源，能源,13.04,韭圈儿
2024-07-03,000986,全指能源,行业，资源，能源,12.91,韭圈儿
2024-07-04,000986,全指能源,行业，资源，能源,12.96,韭圈儿
2024-07-05,000986,全指能源,行业，资源，能源,12.81,韭圈儿
2024-07-08,000986,全指能源,行业，资源，能源,12.8,韭圈儿
2024-07-09,000986,全指能源,行业，资源，能源,12.8,韭圈儿
2024-07-10,000986,全指能源,行业，资源，能源,12.43,韭圈儿
2024-07-11,000986,全指能源,行业，资源，能源,12.49,韭圈儿
2024-07-12,000986,全指能源,行业，资源，能源,12.32,韭圈儿
2024-07-15,000986,全指能源,行业，资源，能源,12.54,韭圈儿
2024-07-16,000986,全指能源,行业，资源，能源,12.55,韭圈儿
2024-07-17,000986,全指能源,行业，资源，能源,12.16,韭圈儿
2024-07-18,000986,全指能源,行业，资源，能源,12.3,韭圈儿
2024-07-19,000986,全指能源,行业，资源，能源,12.09,韭圈儿
2024-07-22,000986,全指能源,行业，资源，能源,11.82,韭圈儿
2024-07-23,000986,全指能源,行业，资源，能源,11.67,韭圈儿
2024-07-24,000986,全指能源,行业，资源，能源,11.77,韭圈儿
2024-07-25,000986,全指能源,行业，资源，能源,11.44,韭圈儿
2024-07-26,000986,全指能源,行业，资源，能源,11.42,韭圈儿
2024-07-29,000986,全指能源,行业，资源，能源,11.51,韭圈儿
2024-07-30,000986,全指能源,行业，资源，能源,11.11,韭圈儿
2024-07-31,000986,全指能源,行业，资源，能源,11.33,韭圈儿
2024-08-01,000986,全指能源,行业，资源，能源,11.38,韭圈儿
2024-08-02,000986,全指能源,行业，资源，能源,11.22,韭圈儿
2024-08-05,000986,全指能源,行业，资源，能源,10.83,韭圈儿
2024-08-06,000986,全指能源,行业，资源，能源,10.86,韭圈儿
2024-08-07,000986,全指能源,行业，资源，能源,11.02,韭圈儿
2024-08-08,000986,全指能源,行业，资源，能源,11.0,韭圈儿
2024-08-09,000986,全指能源,行业，资源，能源,11.16,韭圈儿
2024-08-12,000986,全指能源,行业，资源，能源,11.18,韭圈儿
2024-08-13,000986,全指能源,行业，资源，能源,11.25,韭圈儿
2024-08-14,000986,全指能源,行业，资源，能源,11.21,韭圈儿
2024-08-15,000986,全指能源,行业，资源，能源,11.35,韭圈儿
2024-08-16,000986,全指能源,行业，资源，能源,11.46,韭圈儿
2024-08-19,000986,全指能源,行业，资源，能源,11.5,韭圈儿
2024-08-20,000986,全指能源,行业，资源，能源,11.24,韭圈儿
2024-08-21,000986,全指能源,行业，资源，能源,11.25,韭圈儿
2024-08-22,000986,全指能源,行业，资源，能源,11.21,韭圈儿
2024-08-23,000986,全指能源,行业，资源，能源,11.29,韭圈儿
2024-08-26,000986,全指能源,行业，资源，能源,11.37,韭圈儿
2024-08-27,000986,全指能源,行业，资源，能源,11.65,韭圈儿
2024-08-28,000986,全指能源,行业，资源，能源,11.62,韭圈儿
2024-08-29,000986,全指能源,行业，资源，能源,11.22,韭圈儿
2024-08-30,000986,全指能源,行业，资源，能源,11.27,韭圈儿
2024-09-02,000986,全指能源,行业，资源，能源,11.4,韭圈儿
2024-09-03,000986,全指能源,行业，资源，能源,11.11,韭圈儿
2024-09-04,000986,全指能源,行业，资源，能源,10.73,韭圈儿
2024-09-05,000986,全指能源,行业，资源，能源,10.61,韭圈儿
2024-09-06,000986,全指能源,行业，资源，能源,10.52,韭圈儿
2024-09-09,000986,全指能源,行业，资源，能源,10.21,韭圈儿
2024-09-10,000986,全指能源,行业，资源，能源,10.3,韭圈儿
2024-09-11,000986,全指能源,行业，资源，能源,10.09,韭圈儿
2024-09-12,000986,全指能源,行业，资源，能源,10.19,韭圈儿
2024-09-13,000986,全指能源,行业，资源，能源,10.23,韭圈儿
2024-09-18,000986,全指能源,行业，资源，能源,10.42,韭圈儿
2024-09-19,000986,全指能源,行业，资源，能源,10.36,韭圈儿
2024-09-20,000986,全指能源,行业，资源，能源,10.43,韭圈儿
2024-09-23,000986,全指能源,行业，资源，能源,10.58,韭圈儿
2024-09-24,000986,全指能源,行业，资源，能源,11.05,韭圈儿
2024-09-25,000986,全指能源,行业，资源，能源,11.13,韭圈儿
2024-09-26,000986,全指能源,行业，资源，能源,11.21,韭圈儿
2024-09-27,000986,全指能源,行业，资源，能源,11.2,韭圈儿
2024-09-30,000986,全指能源,行业，资源，能源,11.94,韭圈儿
2024-10-08,000986,全指能源,行业，资源，能源,12.17,韭圈儿
2024-10-09,000986,全指能源,行业，资源，能源,11.23,韭圈儿
2024-10-10,000986,全指能源,行业，资源，能源,11.71,韭圈儿
2024-10-11,000986,全指能源,行业，资源，能源,11.59,韭圈儿
2024-10-14,000986,全指能源,行业，资源，能源,11.68,韭圈儿
2024-10-15,000986,全指能源,行业，资源，能源,11.3,韭圈儿
2024-10-16,000986,全指能源,行业，资源，能源,11.32,韭圈儿
2024-10-17,000986,全指能源,行业，资源，能源,11.21,韭圈儿
2024-10-18,000986,全指能源,行业，资源，能源,11.33,韭圈儿
2024-10-21,000986,全指能源,行业，资源，能源,11.26,韭圈儿
2024-10-22,000986,全指能源,行业，资源，能源,11.29,韭圈儿
2024-10-23,000986,全指能源,行业，资源，能源,11.29,韭圈儿
2024-10-24,000986,全指能源,行业，资源，能源,11.25,韭圈儿
2024-10-25,000986,全指能源,行业，资源，能源,11.19,韭圈儿
2024-10-28,000986,全指能源,行业，资源，能源,11.21,韭圈儿
2024-10-29,000986,全指能源,行业，资源，能源,11.14,韭圈儿
2024-10-30,000986,全指能源,行业，资源，能源,11.07,韭圈儿
2024-10-31,000986,全指能源,行业，资源，能源,11.08,韭圈儿
2024-11-01,000986,全指能源,行业，资源，能源,11.3,韭圈儿
2024-11-04,000986,全指能源,行业，资源，能源,11.24,韭圈儿
2024-11-05,000986,全指能源,行业，资源，能源,11.36,韭圈儿
2024-11-06,000986,全指能源,行业，资源，能源,11.28,韭圈儿
2024-11-07,000986,全指能源,行业，资源，能源,11.43,韭圈儿
2024-11-08,000986,全指能源,行业，资源，能源,11.3,韭圈儿
2024-11-11,000986,全指能源,行业，资源，能源,11.12,韭圈儿
2024-11-12,000986,全指能源,行业，资源，能源,11.0,韭圈儿
2024-11-13,000986,全指能源,行业，资源，能源,11.1,韭圈儿
2024-11-14,000986,全指能源,行业，资源，能源,11.03,韭圈儿
2024-11-15,000986,全指能源,行业，资源，能源,11.02,韭圈儿
2024-11-18,000986,全指能源,行业，资源，能源,11.19,韭圈儿
2024-11-19,000986,全指能源,行业，资源，能源,11.19,韭圈儿
2024-11-20,000986,全指能源,行业，资源，能源,11.23,韭圈儿
2024-11-21,000986,全指能源,行业，资源，能源,11.22,韭圈儿
2024-11-22,000986,全指能源,行业，资源，能源,11.0,韭圈儿
2024-11-25,000986,全指能源,行业，资源，能源,11.06,韭圈儿
2024-11-26,000986,全指能源,行业，资源，能源,11.0,韭圈儿
2024-11-27,000986,全指能源,行业，资源，能源,11.06,韭圈儿
2024-11-28,000986,全指能源,行业，资源，能源,11.01,韭圈儿
2024-11-29,000986,全指能源,行业，资源，能源,11.01,韭圈儿
2024-12-02,000986,全指能源,行业，资源，能源,11.02,韭圈儿
2024-12-03,000986,全指能源,行业，资源，能源,11.16,韭圈儿
2024-12-04,000986,全指能源,行业，资源，能源,11.48,韭圈儿
2024-12-05,000986,全指能源,行业，资源，能源,11.35,韭圈儿
2024-12-06,000986,全指能源,行业，资源，能源,11.4,韭圈儿
2024-12-09,000986,全指能源,行业，资源，能源,11.48,韭圈儿
2024-12-10,000986,全指能源,行业，资源，能源,11.42,韭圈儿
2024-12-11,000986,全指能源,行业，资源，能源,11.55,韭圈儿
2024-12-12,000986,全指能源,行业，资源，能源,11.54,韭圈儿
2024-12-13,000986,全指能源,行业，资源，能源,11.33,韭圈儿
2024-12-16,000986,全指能源,行业，资源，能源,11.5,韭圈儿
2024-12-17,000986,全指能源,行业，资源，能源,11.47,韭圈儿
2024-12-18,000986,全指能源,行业，资源，能源,11.53,韭圈儿
2024-12-19,000986,全指能源,行业，资源，能源,11.4,韭圈儿
2024-12-20,000986,全指能源,行业，资源，能源,11.23,韭圈儿
2024-12-23,000986,全指能源,行业，资源，能源,11.44,韭圈儿
2024-12-24,000986,全指能源,行业，资源，能源,11.57,韭圈儿
2024-12-25,000986,全指能源,行业，资源，能源,11.78,韭圈儿
2024-12-26,000986,全指能源,行业，资源，能源,11.66,韭圈儿
2024-12-27,000986,全指能源,行业，资源，能源,11.65,韭圈儿
2024-12-30,000986,全指能源,行业，资源，能源,11.81,韭圈儿
2024-12-31,000986,全指能源,行业，资源，能源,11.78,韭圈儿
2025-01-02,000986,全指能源,行业，资源，能源,11.54,韭圈儿
2025-01-03,000986,全指能源,行业，资源，能源,11.59,韭圈儿
2025-01-06,000986,全指能源,行业，资源，能源,11.55,韭圈儿
2025-01-07,000986,全指能源,行业，资源，能源,11.48,韭圈儿
2025-01-08,000986,全指能源,行业，资源，能源,11.57,韭圈儿
2025-01-09,000986,全指能源,行业，资源，能源,11.3,韭圈儿
2025-01-10,000986,全指能源,行业，资源，能源,11.17,韭圈儿
2025-01-13,000986,全指能源,行业，资源，能源,11.24,韭圈儿
2025-01-14,000986,全指能源,行业，资源，能源,11.34,韭圈儿
2025-01-15,000986,全指能源,行业，资源，能源,11.29,韭圈儿
2025-01-16,000986,全指能源,行业，资源，能源,11.46,韭圈儿
2025-01-17,000986,全指能源,行业，资源，能源,11.35,韭圈儿
2025-01-20,000986,全指能源,行业，资源，能源,11.12,韭圈儿
2025-01-21,000986,全指能源,行业，资源，能源,10.94,韭圈儿
2025-01-22,000986,全指能源,行业，资源，能源,10.81,韭圈儿
2025-01-23,000986,全指能源,行业，资源，能源,10.84,韭圈儿
2025-01-24,000986,全指能源,行业，资源，能源,10.84,韭圈儿
2025-01-27,000986,全指能源,行业，资源，能源,10.98,韭圈儿
2025-02-05,000986,全指能源,行业，资源，能源,10.76,韭圈儿
2025-02-06,000986,全指能源,行业，资源，能源,10.81,韭圈儿
2025-02-07,000986,全指能源,行业，资源，能源,10.85,韭圈儿
2025-02-10,000986,全指能源,行业，资源，能源,10.83,韭圈儿
2025-02-11,000986,全指能源,行业，资源，能源,10.88,韭圈儿
2025-02-12,000986,全指能源,行业，资源，能源,10.83,韭圈儿
2025-02-13,000986,全指能源,行业，资源，能源,10.77,韭圈儿
2025-02-14,000986,全指能源,行业，资源，能源,10.72,韭圈儿
2025-02-17,000986,全指能源,行业，资源，能源,10.61,韭圈儿
2025-02-18,000986,全指能源,行业，资源，能源,10.56,韭圈儿
2025-02-19,000986,全指能源,行业，资源，能源,10.45,韭圈儿
2025-02-20,000986,全指能源,行业，资源，能源,10.47,韭圈儿
2025-02-21,000986,全指能源,行业，资源，能源,10.41,韭圈儿
2025-02-24,000986,全指能源,行业，资源，能源,10.33,韭圈儿
2025-02-25,000986,全指能源,行业，资源，能源,10.26,韭圈儿
2025-02-26,000986,全指能源,行业，资源，能源,10.25,韭圈儿
2025-02-27,000986,全指能源,行业，资源，能源,10.32,韭圈儿
2025-02-28,000986,全指能源,行业，资源，能源,10.28,韭圈儿
2025-03-03,000986,全指能源,行业，资源，能源,10.23,韭圈儿
2025-03-04,000986,全指能源,行业，资源，能源,10.04,韭圈儿
2025-03-05,000986,全指能源,行业，资源，能源,10.05,韭圈儿
2025-03-06,000986,全指能源,行业，资源，能源,10.06,韭圈儿
2025-03-07,000986,全指能源,行业，资源，能源,10.12,韭圈儿
2025-03-10,000986,全指能源,行业，资源，能源,10.15,韭圈儿
2025-03-11,000986,全指能源,行业，资源，能源,10.19,韭圈儿
2025-03-12,000986,全指能源,行业，资源，能源,10.15,韭圈儿
2025-03-13,000986,全指能源,行业，资源，能源,10.37,韭圈儿
2025-03-14,000986,全指能源,行业，资源，能源,10.4,韭圈儿
2025-03-17,000986,全指能源,行业，资源，能源,10.43,韭圈儿
2025-03-18,000986,全指能源,行业，资源，能源,10.39,韭圈儿
2025-03-19,000986,全指能源,行业，资源，能源,10.38,韭圈儿
2025-03-20,000986,全指能源,行业，资源，能源,10.44,韭圈儿
2025-03-21,000986,全指能源,行业，资源，能源,10.46,韭圈儿
2025-03-24,000986,全指能源,行业，资源，能源,10.46,韭圈儿
2025-03-25,000986,全指能源,行业，资源，能源,10.57,韭圈儿
2025-03-26,000986,全指能源,行业，资源，能源,10.56,韭圈儿
2025-03-27,000986,全指能源,行业，资源，能源,10.58,韭圈儿
2025-03-28,000986,全指能源,行业，资源，能源,10.53,韭圈儿
2025-03-31,000986,全指能源,行业，资源，能源,10.56,韭圈儿
2025-04-01,000986,全指能源,行业，资源，能源,10.67,韭圈儿
2025-04-02,000986,全指能源,行业，资源，能源,10.59,韭圈儿
2025-04-03,000986,全指能源,行业，资源，能源,10.56,韭圈儿
2025-04-07,000986,全指能源,行业，资源，能源,9.69,韭圈儿
2025-04-08,000986,全指能源,行业，资源，能源,10.12,韭圈儿
2025-04-09,000986,全指能源,行业，资源，能源,10.05,韭圈儿
2025-04-10,000986,全指能源,行业，资源，能源,10.08,韭圈儿
2025-04-11,000986,全指能源,行业，资源，能源,9.99,韭圈儿
2025-04-14,000986,全指能源,行业，资源，能源,10.17,韭圈儿
2025-04-15,000986,全指能源,行业，资源，能源,10.21,韭圈儿
2025-04-16,000986,全指能源,行业，资源，能源,10.37,韭圈儿
2025-04-17,000986,全指能源,行业，资源，能源,10.36,韭圈儿
2025-04-18,000986,全指能源,行业，资源，能源,10.39,韭圈儿
2025-04-21,000986,全指能源,行业，资源，能源,10.32,韭圈儿
2025-04-22,000986,全指能源,行业，资源，能源,10.35,韭圈儿
2025-04-23,000986,全指能源,行业，资源，能源,10.35,韭圈儿
2025-04-24,000986,全指能源,行业，资源，能源,10.4,韭圈儿
2025-04-25,000986,全指能源,行业，资源，能源,10.41,韭圈儿
2025-04-28,000986,全指能源,行业，资源，能源,10.56,韭圈儿
2025-04-29,000986,全指能源,行业，资源，能源,10.69,韭圈儿
2025-04-30,000986,全指能源,行业，资源，能源,10.76,韭圈儿
2025-05-06,000986,全指能源,行业，资源，能源,10.75,韭圈儿
2025-05-07,000986,全指能源,行业，资源，能源,10.87,韭圈儿
2025-05-08,000986,全指能源,行业，资源，能源,10.83,韭圈儿
2025-05-09,000986,全指能源,行业，资源，能源,10.85,韭圈儿
2025-05-12,000986,全指能源,行业，资源，能源,10.88,韭圈儿
2025-05-13,000986,全指能源,行业，资源，能源,10.95,韭圈儿
2025-05-14,000986,全指能源,行业，资源，能源,11.12,韭圈儿
2025-05-15,000986,全指能源,行业，资源，能源,11.07,韭圈儿
2025-05-16,000986,全指能源,行业，资源，能源,10.93,韭圈儿
2025-05-19,000986,全指能源,行业，资源，能源,10.95,韭圈儿
2025-05-20,000986,全指能源,行业，资源，能源,10.96,韭圈儿
2025-05-21,000986,全指能源,行业，资源，能源,11.13,韭圈儿
2025-05-22,000986,全指能源,行业，资源，能源,11.15,韭圈儿
2025-05-23,000986,全指能源,行业，资源，能源,11.04,韭圈儿
2025-05-26,000986,全指能源,行业，资源，能源,11.03,韭圈儿
2025-05-27,000986,全指能源,行业，资源，能源,11.0,韭圈儿
2025-05-28,000986,全指能源,行业，资源，能源,11.13,韭圈儿
2025-05-29,000986,全指能源,行业，资源，能源,11.12,韭圈儿
2025-05-30,000986,全指能源,行业，资源，能源,11.11,韭圈儿
2025-06-03,000986,全指能源,行业，资源，能源,11.08,韭圈儿
2025-06-04,000986,全指能源,行业，资源，能源,11.13,韭圈儿
2025-06-05,000986,全指能源,行业，资源，能源,11.11,韭圈儿
2025-06-06,000986,全指能源,行业，资源，能源,11.2,韭圈儿
2025-06-09,000986,全指能源,行业，资源，能源,11.29,韭圈儿
2025-06-10,000986,全指能源,行业，资源，能源,11.31,韭圈儿
2025-06-11,000986,全指能源,行业，资源，能源,11.42,韭圈儿
2025-06-12,000986,全指能源,行业，资源，能源,11.42,韭圈儿
2025-06-13,000986,全指能源,行业，资源，能源,11.58,韭圈儿
2025-06-16,000986,全指能源,行业，资源，能源,11.46,韭圈儿
2025-06-17,000986,全指能源,行业，资源，能源,11.56,韭圈儿
2025-06-18,000986,全指能源,行业，资源，能源,11.48,韭圈儿
2025-06-19,000986,全指能源,行业，资源，能源,11.51,韭圈儿
2025-06-20,000986,全指能源,行业，资源，能源,11.42,韭圈儿
2025-06-23,000986,全指能源,行业，资源，能源,11.46,韭圈儿
2025-06-24,000986,全指能源,行业，资源，能源,11.3,韭圈儿
2025-06-25,000986,全指能源,行业，资源，能源,11.19,韭圈儿
2025-06-26,000986,全指能源,行业，资源，能源,11.21,韭圈儿
2025-06-27,000986,全指能源,行业，资源，能源,11.14,韭圈儿
2025-06-30,000986,全指能源,行业，资源，能源,11.14,韭圈儿
2025-07-01,000986,全指能源,行业，资源，能源,11.19,韭圈儿
2025-07-02,000986,全指能源,行业，资源，能源,11.27,韭圈儿
2025-07-03,000986,全指能源,行业，资源，能源,11.18,韭圈儿
2025-07-04,000986,全指能源,行业，资源，能源,11.23,韭圈儿
2025-07-07,000986,全指能源,行业，资源，能源,11.03,韭圈儿
2025-07-08,000986,全指能源,行业，资源，能源,11.07,韭圈儿
2025-07-09,000986,全指能源,行业，资源，能源,11.08,韭圈儿
2025-07-10,000986,全指能源,行业，资源，能源,11.26,韭圈儿
2025-07-11,000986,全指能源,行业，资源，能源,11.08,韭圈儿
2025-07-14,000986,全指能源,行业，资源，能源,11.23,韭圈儿
2025-07-15,000986,全指能源,行业，资源，能源,11.17,韭圈儿
2025-07-16,000986,全指能源,行业，资源，能源,11.18,韭圈儿
2025-07-17,000986,全指能源,行业，资源，能源,11.14,韭圈儿
2025-07-18,000986,全指能源,行业，资源，能源,11.2,韭圈儿
2025-07-21,000986,全指能源,行业，资源，能源,11.32,韭圈儿
2025-07-22,000986,全指能源,行业，资源，能源,11.6,韭圈儿
2025-07-23,000986,全指能源,行业，资源，能源,11.52,韭圈儿
2025-07-24,000986,全指能源,行业，资源，能源,11.49,韭圈儿
2025-07-25,000986,全指能源,行业，资源，能源,11.39,韭圈儿
2025-07-28,000986,全指能源,行业，资源，能源,11.23,韭圈儿
2025-07-29,000986,全指能源,行业，资源，能源,11.33,韭圈儿
2025-07-30,000986,全指能源,行业，资源，能源,11.49,韭圈儿
2025-07-31,000986,全指能源,行业，资源，能源,11.36,韭圈儿
2025-08-01,000986,全指能源,行业，资源，能源,11.1,韭圈儿
2025-08-04,000986,全指能源,行业，资源，能源,11.09,韭圈儿
2025-08-05,000986,全指能源,行业，资源，能源,11.19,韭圈儿
2025-08-06,000986,全指能源,行业，资源，能源,11.27,韭圈儿
2025-08-07,000986,全指能源,行业，资源，能源,11.32,韭圈儿
2025-08-08,000986,全指能源,行业，资源，能源,11.36,韭圈儿
2025-08-11,000986,全指能源,行业，资源，能源,11.23,韭圈儿
2025-08-12,000986,全指能源,行业，资源，能源,11.36,韭圈儿
2025-08-13,000986,全指能源,行业，资源，能源,11.31,韭圈儿
2025-08-14,000986,全指能源,行业，资源，能源,11.23,韭圈儿
2025-08-15,000986,全指能源,行业，资源，能源,11.23,韭圈儿
2025-08-18,000986,全指能源,行业，资源，能源,11.24,韭圈儿
2025-08-19,000986,全指能源,行业，资源，能源,11.17,韭圈儿
2025-08-20,000986,全指能源,行业，资源，能源,11.26,韭圈儿
2025-08-21,000986,全指能源,行业，资源，能源,11.39,韭圈儿
2025-08-22,000986,全指能源,行业，资源，能源,11.6,韭圈儿
2025-08-25,000986,全指能源,行业，资源，能源,11.76,韭圈儿
2025-08-26,000986,全指能源,行业，资源，能源,11.74,韭圈儿
2025-08-27,000986,全指能源,行业，资源，能源,11.67,韭圈儿
2025-08-28,000986,全指能源,行业，资源，能源,11.99,韭圈儿
2025-08-29,000986,全指能源,行业，资源，能源,11.97,韭圈儿
2025-09-01,000986,全指能源,行业，资源，能源,12.11,韭圈儿
2025-09-02,000986,全指能源,行业，资源，能源,12.33,韭圈儿
2025-09-03,000986,全指能源,行业，资源，能源,12.25,韭圈儿
2025-09-04,000986,全指能源,行业，资源，能源,12.16,韭圈儿
2025-09-05,000986,全指能源,行业，资源，能源,12.14,韭圈儿
2025-09-08,000986,全指能源,行业，资源，能源,12.19,韭圈儿
2025-09-09,000986,全指能源,行业，资源，能源,12.12,韭圈儿
2025-09-10,000986,全指能源,行业，资源，能源,12.1,韭圈儿
2025-09-11,000986,全指能源,行业，资源，能源,12.12,韭圈儿
2025-09-12,000986,全指能源,行业，资源，能源,12.07,韭圈儿
2025-09-15,000986,全指能源,行业，资源，能源,12.15,韭圈儿
2025-09-16,000986,全指能源,行业，资源，能源,12.11,韭圈儿
2025-09-17,000986,全指能源,行业，资源，能源,12.15,韭圈儿
2025-09-18,000986,全指能源,行业，资源，能源,11.86,韭圈儿
2025-09-19,000986,全指能源,行业，资源，能源,11.93,韭圈儿
2025-09-22,000986,全指能源,行业，资源，能源,11.84,韭圈儿
2025-09-23,000986,全指能源,行业，资源，能源,11.89,韭圈儿
2025-09-24,000986,全指能源,行业，资源，能源,11.92,韭圈儿
2025-09-25,000986,全指能源,行业，资源，能源,11.93,韭圈儿
2025-09-26,000986,全指能源,行业，资源，能源,11.92,韭圈儿
2025-09-29,000986,全指能源,行业，资源，能源,11.87,韭圈儿
2025-09-30,000986,全指能源,行业，资源，能源,11.78,韭圈儿
2025-10-09,000986,全指能源,行业，资源，能源,12.03,韭圈儿
2025-10-10,000986,全指能源,行业，资源，能源,12.12,韭圈儿
2025-10-13,000986,全指能源,行业，资源，能源,12.04,韭圈儿
2025-10-14,000986,全指能源,行业，资源，能源,12.2,韭圈儿
2025-10-15,000986,全指能源,行业，资源，能源,12.2,韭圈儿
2025-10-16,000986,全指能源,行业，资源，能源,12.38,韭圈儿
2025-10-17,000986,全指能源,行业，资源，能源,12.25,韭圈儿
2025-10-20,000986,全指能源,行业，资源，能源,12.5,韭圈儿
2025-10-21,000986,全指能源,行业，资源，能源,12.53,韭圈儿
2025-10-22,000986,全指能源,行业，资源，能源,12.7,韭圈儿
2025-10-23,000986,全指能源,行业，资源，能源,12.9,韭圈儿
2025-10-24,000986,全指能源,行业，资源，能源,12.8,韭圈儿
2025-10-27,000986,全指能源,行业，资源，能源,12.99,韭圈儿
2025-10-28,000986,全指能源,行业，资源，能源,12.88,韭圈儿
2025-10-29,000986,全指能源,行业，资源，能源,12.86,韭圈儿
2025-10-30,000986,全指能源,行业，资源，能源,12.95,韭圈儿
2025-10-31,000986,全指能源,行业，资源，能源,13.22,韭圈儿
2025-11-03,000986,全指能源,行业，资源，能源,13.69,韭圈儿
2025-11-04,000986,全指能源,行业，资源，能源,13.66,韭圈儿
2025-11-05,000986,全指能源,行业，资源，能源,13.66,韭圈儿
2025-11-06,000986,全指能源,行业，资源，能源,13.78,韭圈儿
2025-11-07,000986,全指能源,行业，资源，能源,13.85,韭圈儿
2025-11-10,000986,全指能源,行业，资源，能源,14.0,韭圈儿
2025-11-11,000986,全指能源,行业，资源，能源,13.88,韭圈儿
2025-11-12,000986,全指能源,行业，资源，能源,14.01,韭圈儿
2025-11-13,000986,全指能源,行业，资源，能源,13.95,韭圈儿
2025-11-14,000986,全指能源,行业，资源，能源,13.87,韭圈儿
2025-11-17,000986,全指能源,行业，资源，能源,13.95,韭圈儿
2025-11-18,000986,全指能源,行业，资源，能源,13.8,韭圈儿
2025-11-19,000986,全指能源,行业，资源，能源,14.19,韭圈儿
2025-11-20,000986,全指能源,行业，资源，能源,13.99,韭圈儿
2025-11-21,000986,全指能源,行业，资源，能源,13.82,韭圈儿
2025-11-24,000986,全指能源,行业，资源，能源,13.52,韭圈儿
2025-11-25,000986,全指能源,行业，资源，能源,13.55,韭圈儿
2025-11-26,000986,全指能源,行业，资源，能源,13.43,韭圈儿
2025-11-27,000986,全指能源,行业，资源，能源,13.57,韭圈儿
2025-11-28,000986,全指能源,行业，资源，能源,13.48,韭圈儿
2025-12-01,000986,全指能源,行业，资源，能源,13.72,韭圈儿
2025-12-02,000986,全指能源,行业，资源，能源,13.8,韭圈儿
2025-12-03,000986,全指能源,行业，资源，能源,13.78,韭圈儿
2025-12-04,000986,全指能源,行业，资源，能源,13.85,韭圈儿
2025-12-05,000986,全指能源,行业，资源，能源,13.78,韭圈儿
2025-12-08,000986,全指能源,行业，资源，能源,13.65,韭圈儿
2025-12-09,000986,全指能源,行业，资源，能源,13.5,韭圈儿
2025-12-10,000986,全指能源,行业，资源，能源,13.42,韭圈儿
2025-12-11,000986,全指能源,行业，资源，能源,13.41,韭圈儿
2025-12-12,000986,全指能源,行业，资源，能源,13.35,韭圈儿
2025-12-15,000986,全指能源,行业，资源，能源,13.28,韭圈儿
2025-12-16,000986,全指能源,行业，资源，能源,13.24,韭圈儿
2025-12-17,000986,全指能源,行业，资源，能源,13.25,韭圈儿
2025-12-18,000986,全指能源,行业，资源，能源,13.47,韭圈儿
2025-12-19,000986,全指能源,行业，资源，能源,13.33,韭圈儿
2025-12-22,000986,全指能源,行业，资源，能源,13.36,韭圈儿
2025-12-23,000986,全指能源,行业，资源，能源,13.49,韭圈儿
2025-12-24,000986,全指能源,行业，资源，能源,13.43,韭圈儿
2025-12-25,000986,全指能源,行业，资源，能源,13.39,韭圈儿
2025-12-26,000986,全指能源,行业，资源，能源,13.42,韭圈儿
2025-12-29,000986,全指能源,行业，资源，能源,13.65,韭圈儿
2025-12-30,000986,全指能源,行业，资源，能源,13.86,韭圈儿
2025-12-31,000986,全指能源,行业，资源，能源,13.94,韭圈儿
2026-01-05,000986,全指能源,行业，资源，能源,13.67,韭圈儿
2026-01-06,000986,全指能源,行业，资源，能源,13.94,韭圈儿
2026-01-07,000986,全指能源,行业，资源，能源,13.72,韭圈儿
2026-01-08,000986,全指能源,行业，资源，能源,13.67,韭圈儿
2026-01-09,000986,全指能源,行业，资源，能源,13.84,韭圈儿
2026-01-12,000986,全指能源,行业，资源，能源,13.73,韭圈儿
2026-01-13,000986,全指能源,行业，资源，能源,13.94,韭圈儿
2026-01-14,000986,全指能源,行业，资源，能源,13.84,韭圈儿
2026-01-15,000986,全指能源,行业，资源，能源,13.9,韭圈儿
2026-01-16,000986,全指能源,行业，资源，能源,13.66,韭圈儿
2026-01-19,000986,全指能源,行业，资源，能源,13.73,韭圈儿
2026-01-20,000986,全指能源,行业，资源，能源,13.85,韭圈儿
2026-01-21,000986,全指能源,行业，资源，能源,13.92,韭圈儿
2026-01-22,000986,全指能源,行业，资源，能源,14.29,韭圈儿
2026-01-23,000986,全指能源,行业，资源，能源,14.04,韭圈儿
2026-01-26,000986,全指能源,行业，资源，能源,14.72,韭圈儿
2026-01-27,000986,全指能源,行业，资源，能源,14.59,韭圈儿
2026-01-28,000986,全指能源,行业，资源，能源,15.15,韭圈儿
2026-01-29,000986,全指能源,行业，资源，能源,15.38,韭圈儿
2026-01-30,000986,全指能源,行业，资源，能源,15.36,韭圈儿
2026-02-02,000986,全指能源,行业，资源，能源,14.68,韭圈儿
2026-02-03,000986,全指能源,行业，资源，能源,14.59,韭圈儿
2026-02-04,000986,全指能源,行业，资源，能源,15.05,韭圈儿
2026-02-05,000986,全指能源,行业，资源，能源,14.88,韭圈儿
2026-02-06,000986,全指能源,行业，资源，能源,15.08,韭圈儿
2026-02-09,000986,全指能源,行业，资源，能源,15.1,韭圈儿
2026-02-10,000986,全指能源,行业，资源，能源,15.16,韭圈儿
2026-02-11,000986,全指能源,行业，资源，能源,15.36,韭圈儿
2026-02-12,000986,全指能源,行业，资源，能源,15.55,韭圈儿
2026-02-13,000986,全指能源,行业，资源，能源,15.03,韭圈儿
2026-02-24,000986,全指能源,行业，资源，能源,15.83,韭圈儿
2026-02-25,000986,全指能源,行业，资源，能源,15.66,韭圈儿
2026-02-26,000986,全指能源,行业，资源，能源,15.47,韭圈儿
2026-02-27,000986,全指能源,行业，资源，能源,15.61,韭圈儿
2026-03-02,000986,全指能源,行业，资源，能源,16.96,韭圈儿
2026-03-03,000986,全指能源,行业，资源，能源,18.32,韭圈儿
2026-03-04,000986,全指能源,行业，资源，能源,18.14,韭圈儿
2026-03-05,000986,全指能源,行业，资源，能源,17.65,韭圈儿
2026-03-06,000986,全指能源,行业，资源，能源,17.24,韭圈儿
2026-03-09,000986,全指能源,行业，资源，能源,18.02,韭圈儿
2026-03-10,000986,全指能源,行业，资源，能源,17.02,韭圈儿
2026-03-11,000986,全指能源,行业，资源，能源,17.4,韭圈儿
2026-03-12,000986,全指能源,行业，资源，能源,17.79,韭圈儿
2026-03-13,000986,全指能源,行业，资源，能源,17.49,韭圈儿
2026-03-16,000986,全指能源,行业，资源，能源,17.49,韭圈儿
2026-03-17,000986,全指能源,行业，资源，能源,17.07,韭圈儿
2026-03-18,000986,全指能源,行业，资源，能源,17.01,韭圈儿
2026-03-19,000986,全指能源,行业，资源，能源,17.81,韭圈儿
2026-03-20,000986,全指能源,行业，资源，能源,17.61,韭圈儿
2026-03-23,000986,全指能源,行业，资源，能源,17.8,韭圈儿
2026-03-24,000986,全指能源,行业，资源，能源,17.56,韭圈儿
2026-03-25,000986,全指能源,行业，资源，能源,17.15,韭圈儿
2026-03-26,000986,全指能源,行业，资源，能源,17.37,韭圈儿
2026-03-27,000986,全指能源,行业，资源，能源,17.48,韭圈儿
2026-03-30,000986,全指能源,行业，资源，能源,17.79,韭圈儿
2026-03-31,000986,全指能源,行业，资源，能源,17.31,韭圈儿
2026-04-01,000986,全指能源,行业，资源，能源,17.09,韭圈儿
2026-04-02,000986,全指能源,行业，资源，能源,17.44,韭圈儿
2026-04-03,000986,全指能源,行业，资源，能源,17.3,韭圈儿
2026-04-07,000986,全指能源,行业，资源，能源,17.61,韭圈儿
2026-04-08,000986,全指能源,行业，资源，能源,16.92,韭圈儿
2026-04-09,000986,全指能源,行业，资源，能源,17.11,韭圈儿
2026-04-10,000986,全指能源,行业，资源，能源,17.03,韭圈儿
2026-04-13,000986,全指能源,行业，资源，能源,17.12,韭圈儿
2026-04-14,000986,全指能源,行业，资源，能源,16.9,韭圈儿
2026-04-15,000986,全指能源,行业，资源，能源,16.69,韭圈儿
2026-04-16,000986,全指能源,行业，资源，能源,16.64,韭圈儿
2026-04-17,000986,全指能源,行业，资源，能源,16.56,韭圈儿
2026-04-20,000986,全指能源,行业，资源，能源,16.48,韭圈儿
2026-04-21,000986,全指能源,行业，资源，能源,16.59,韭圈儿
2026-04-22,000986,全指能源,行业，资源，能源,16.55,韭圈儿
2026-04-23,000986,全指能源,行业，资源，能源,16.96,韭圈儿
2026-04-24,000986,全指能源,行业，资源，能源,17.09,韭圈儿
2026-04-27,000986,全指能源,行业，资源，能源,17.21,韭圈儿
2026-04-28,000986,全指能源,行业，资源，能源,17.61,韭圈儿
2026-04-29,000986,全指能源,行业，资源，能源,17.52,韭圈儿
2026-04-30,000986,全指能源,行业，资源，能源,17.45,韭圈儿
2026-05-06,000986,全指能源,行业，资源，能源,17.12,韭圈儿
2026-05-07,000986,全指能源,行业，资源，能源,16.33,韭圈儿
2026-05-08,000986,全指能源,行业，资源，能源,16.2,韭圈儿
2026-05-11,000986,全指能源,行业，资源，能源,16.16,韭圈儿
2026-05-12,000986,全指能源,行业，资源，能源,16.14,韭圈儿
2026-05-13,000986,全指能源,行业，资源，能源,16.08,韭圈儿
2026-05-14,000986,全指能源,行业，资源，能源,16.07,韭圈儿
2026-05-15,000986,全指能源,行业，资源，能源,16.3,韭圈儿
2026-05-18,000986,全指能源,行业，资源，能源,16.44,韭圈儿
2026-05-19,000986,全指能源,行业，资源，能源,16.44,韭圈儿
2026-05-20,000986,全指能源,行业，资源，能源,16.5,韭圈儿
2026-05-21,000986,全指能源,行业，资源，能源,16.01,韭圈儿
2026-05-22,000986,全指能源,行业，资源，能源,15.81,韭圈儿
2026-05-25,000986,全指能源,行业，资源，能源,15.58,韭圈儿
2026-05-26,000986,全指能源,行业，资源，能源,18.04,韭圈儿
2026-05-27,000986,全指能源,行业，资源，能源,15.63,韭圈儿
2026-05-28,000986,全指能源,行业，资源，能源,15.73,韭圈儿
2026-05-29,000986,全指能源,行业，资源，能源,15.85,韭圈儿
2026-06-01,000986,全指能源,行业，资源，能源,16.19,韭圈儿
2026-06-02,000986,全指能源,行业，资源，能源,16.07,韭圈儿
2026-06-03,000986,全指能源,行业，资源，能源,16.44,韭圈儿
2026-06-04,000986,全指能源,行业，资源，能源,16.36,韭圈儿
2026-06-05,000986,全指能源,行业，资源，能源,16.2,韭圈儿
2026-06-08,000986,全指能源,行业，资源，能源,16.58,韭圈儿
2026-06-09,000986,全指能源,行业，资源，能源,15.95,韭圈儿
2026-06-10,000986,全指能源,行业，资源，能源,15.59,韭圈儿
2026-06-11,000986,全指能源,行业，资源，能源,15.63,韭圈儿
2026-06-12,000986,全指能源,行业，资源，能源,15.59,韭圈儿
2026-06-15,000986,全指能源,行业，资源，能源,15.03,韭圈儿
2026-06-16,000986,全指能源,行业，资源，能源,14.77,韭圈儿
2026-06-17,000986,全指能源,行业，资源，能源,14.58,韭圈儿
2026-06-18,000986,全指能源,行业，资源，能源,14.28,韭圈儿
2026-06-22,000986,全指能源,行业，资源，能源,14.41,韭圈儿
2026-06-23,000986,全指能源,行业，资源，能源,14.03,韭圈儿
2026-06-24,000986,全指能源,行业，资源，能源,13.88,韭圈儿
2026-06-25,000986,全指能源,行业，资源，能源,13.45,韭圈儿
2026-06-26,000986,全指能源,行业，资源，能源,13.26,韭圈儿
2026-06-29,000986,全指能源,行业，资源，能源,13.31,韭圈儿
2026-06-30,000986,全指能源,行业，资源，能源,13.02,韭圈儿
2026-07-01,000986,全指能源,行业，资源，能源,13.15,韭圈儿
2026-07-02,000986,全指能源,行业，资源，能源,13.22,韭圈儿
2026-07-03,000986,全指能源,行业，资源，能源,13.47,韭圈儿
2026-07-06,000986,全指能源,行业，资源，能源,13.81,韭圈儿
2026-07-07,000986,全指能源,行业，资源，能源,13.74,韭圈儿
2026-07-08,000986,全指能源,行业，资源，能源,13.88,韭圈儿
2026-07-09,000986,全指能源,行业，资源，能源,13.86,韭圈儿
2026-07-10,000986,全指能源,行业，资源，能源,13.72,韭圈儿
