日期,指数代码,指数名称,标签,市盈率,数据源
2010-11-08,399610,TMT50,行业，TMT,38.35,韭圈儿
2010-11-09,399610,TMT50,行业，TMT,38.42,韭圈儿
2010-11-10,399610,TMT50,行业，TMT,38.41,韭圈儿
2010-11-11,399610,TMT50,行业，TMT,38.13,韭圈儿
2010-11-12,399610,TMT50,行业，TMT,35.69,韭圈儿
2010-11-15,399610,TMT50,行业，TMT,36.75,韭圈儿
2010-11-16,399610,TMT50,行业，TMT,35.52,韭圈儿
2010-11-17,399610,TMT50,行业，TMT,34.36,韭圈儿
2010-11-18,399610,TMT50,行业，TMT,35.32,韭圈儿
2010-11-19,399610,TMT50,行业，TMT,36.95,韭圈儿
2010-11-22,399610,TMT50,行业，TMT,37.88,韭圈儿
2010-11-23,399610,TMT50,行业，TMT,37.34,韭圈儿
2010-11-24,399610,TMT50,行业，TMT,38.26,韭圈儿
2010-11-25,399610,TMT50,行业，TMT,38.24,韭圈儿
2010-11-26,399610,TMT50,行业，TMT,37.71,韭圈儿
2010-11-29,399610,TMT50,行业，TMT,37.77,韭圈儿
2010-11-30,399610,TMT50,行业，TMT,36.87,韭圈儿
2010-12-01,399610,TMT50,行业，TMT,36.87,韭圈儿
2010-12-02,399610,TMT50,行业，TMT,37.13,韭圈儿
2010-12-03,399610,TMT50,行业，TMT,36.68,韭圈儿
2010-12-06,399610,TMT50,行业，TMT,36.17,韭圈儿
2010-12-07,399610,TMT50,行业，TMT,36.78,韭圈儿
2010-12-08,399610,TMT50,行业，TMT,36.74,韭圈儿
2010-12-09,399610,TMT50,行业，TMT,36.47,韭圈儿
2010-12-10,399610,TMT50,行业，TMT,37.14,韭圈儿
2010-12-13,399610,TMT50,行业，TMT,39.0,韭圈儿
2010-12-14,399610,TMT50,行业，TMT,39.64,韭圈儿
2010-12-15,399610,TMT50,行业，TMT,39.22,韭圈儿
2010-12-16,399610,TMT50,行业，TMT,39.32,韭圈儿
2010-12-17,399610,TMT50,行业，TMT,39.23,韭圈儿
2010-12-20,399610,TMT50,行业，TMT,38.79,韭圈儿
2010-12-21,399610,TMT50,行业，TMT,39.21,韭圈儿
2010-12-22,399610,TMT50,行业，TMT,38.84,韭圈儿
2010-12-23,399610,TMT50,行业，TMT,37.93,韭圈儿
2010-12-24,399610,TMT50,行业，TMT,37.16,韭圈儿
2010-12-27,399610,TMT50,行业，TMT,36.0,韭圈儿
2010-12-28,399610,TMT50,行业，TMT,35.21,韭圈儿
2010-12-29,399610,TMT50,行业，TMT,36.1,韭圈儿
2010-12-30,399610,TMT50,行业，TMT,36.48,韭圈儿
2010-12-31,399610,TMT50,行业，TMT,37.36,韭圈儿
2011-01-04,399610,TMT50,行业，TMT,38.65,韭圈儿
2011-01-05,399610,TMT50,行业，TMT,38.11,韭圈儿
2011-01-06,399610,TMT50,行业，TMT,37.93,韭圈儿
2011-01-07,399610,TMT50,行业，TMT,37.76,韭圈儿
2011-01-10,399610,TMT50,行业，TMT,36.99,韭圈儿
2011-01-11,399610,TMT50,行业，TMT,36.78,韭圈儿
2011-01-12,399610,TMT50,行业，TMT,36.81,韭圈儿
2011-01-13,399610,TMT50,行业，TMT,36.91,韭圈儿
2011-01-14,399610,TMT50,行业，TMT,36.15,韭圈儿
2011-01-17,399610,TMT50,行业，TMT,34.5,韭圈儿
2011-01-18,399610,TMT50,行业，TMT,34.48,韭圈儿
2011-01-19,399610,TMT50,行业，TMT,35.31,韭圈儿
2011-01-20,399610,TMT50,行业，TMT,33.87,韭圈儿
2011-01-21,399610,TMT50,行业，TMT,33.93,韭圈儿
2011-01-24,399610,TMT50,行业，TMT,33.38,韭圈儿
2011-01-25,399610,TMT50,行业，TMT,33.09,韭圈儿
2011-01-26,399610,TMT50,行业，TMT,33.77,韭圈儿
2011-01-27,399610,TMT50,行业，TMT,34.16,韭圈儿
2011-01-28,399610,TMT50,行业，TMT,33.15,韭圈儿
2011-01-31,399610,TMT50,行业，TMT,33.55,韭圈儿
2011-02-01,399610,TMT50,行业，TMT,33.41,韭圈儿
2011-02-09,399610,TMT50,行业，TMT,33.48,韭圈儿
2011-02-10,399610,TMT50,行业，TMT,34.66,韭圈儿
2011-02-11,399610,TMT50,行业，TMT,34.94,韭圈儿
2011-02-14,399610,TMT50,行业，TMT,35.7,韭圈儿
2011-02-15,399610,TMT50,行业，TMT,35.75,韭圈儿
2011-02-16,399610,TMT50,行业，TMT,36.33,韭圈儿
2011-02-17,399610,TMT50,行业，TMT,36.6,韭圈儿
2011-02-18,399610,TMT50,行业，TMT,35.9,韭圈儿
2011-02-21,399610,TMT50,行业，TMT,36.98,韭圈儿
2011-02-22,399610,TMT50,行业，TMT,36.12,韭圈儿
2011-02-23,399610,TMT50,行业，TMT,36.41,韭圈儿
2011-02-24,399610,TMT50,行业，TMT,36.54,韭圈儿
2011-02-25,399610,TMT50,行业，TMT,36.87,韭圈儿
2011-02-28,399610,TMT50,行业，TMT,37.67,韭圈儿
2011-03-01,399610,TMT50,行业，TMT,37.61,韭圈儿
2011-03-02,399610,TMT50,行业，TMT,37.22,韭圈儿
2011-03-03,399610,TMT50,行业，TMT,36.43,韭圈儿
2011-03-04,399610,TMT50,行业，TMT,36.86,韭圈儿
2011-03-07,399610,TMT50,行业，TMT,37.42,韭圈儿
2011-03-08,399610,TMT50,行业，TMT,37.84,韭圈儿
2011-03-09,399610,TMT50,行业，TMT,38.01,韭圈儿
2011-03-10,399610,TMT50,行业，TMT,37.78,韭圈儿
2011-03-11,399610,TMT50,行业，TMT,37.92,韭圈儿
2011-03-14,399610,TMT50,行业，TMT,38.43,韭圈儿
2011-03-15,399610,TMT50,行业，TMT,37.73,韭圈儿
2011-03-16,399610,TMT50,行业，TMT,38.39,韭圈儿
2011-03-17,399610,TMT50,行业，TMT,37.16,韭圈儿
2011-03-18,399610,TMT50,行业，TMT,37.18,韭圈儿
2011-03-21,399610,TMT50,行业，TMT,36.63,韭圈儿
2011-03-22,399610,TMT50,行业，TMT,36.96,韭圈儿
2011-03-23,399610,TMT50,行业，TMT,37.42,韭圈儿
2011-03-24,399610,TMT50,行业，TMT,36.52,韭圈儿
2011-03-25,399610,TMT50,行业，TMT,36.84,韭圈儿
2011-03-28,399610,TMT50,行业，TMT,36.41,韭圈儿
2011-03-29,399610,TMT50,行业，TMT,35.76,韭圈儿
2011-03-30,399610,TMT50,行业，TMT,35.45,韭圈儿
2011-03-31,399610,TMT50,行业，TMT,35.39,韭圈儿
2011-04-01,399610,TMT50,行业，TMT,35.51,韭圈儿
2011-04-06,399610,TMT50,行业，TMT,35.1,韭圈儿
2011-04-07,399610,TMT50,行业，TMT,35.47,韭圈儿
2011-04-08,399610,TMT50,行业，TMT,36.04,韭圈儿
2011-04-11,399610,TMT50,行业，TMT,35.44,韭圈儿
2011-04-12,399610,TMT50,行业，TMT,35.45,韭圈儿
2011-04-13,399610,TMT50,行业，TMT,35.96,韭圈儿
2011-04-14,399610,TMT50,行业，TMT,35.64,韭圈儿
2011-04-15,399610,TMT50,行业，TMT,39.12,韭圈儿
2011-04-18,399610,TMT50,行业，TMT,38.92,韭圈儿
2011-04-19,399610,TMT50,行业，TMT,38.38,韭圈儿
2011-04-20,399610,TMT50,行业，TMT,38.57,韭圈儿
2011-04-21,399610,TMT50,行业，TMT,38.82,韭圈儿
2011-04-22,399610,TMT50,行业，TMT,38.04,韭圈儿
2011-04-25,399610,TMT50,行业，TMT,37.0,韭圈儿
2011-04-26,399610,TMT50,行业，TMT,36.36,韭圈儿
2011-04-27,399610,TMT50,行业，TMT,36.78,韭圈儿
2011-04-28,399610,TMT50,行业，TMT,34.58,韭圈儿
2011-04-29,399610,TMT50,行业，TMT,35.03,韭圈儿
2011-05-03,399610,TMT50,行业，TMT,35.53,韭圈儿
2011-05-04,399610,TMT50,行业，TMT,34.61,韭圈儿
2011-05-05,399610,TMT50,行业，TMT,34.71,韭圈儿
2011-05-06,399610,TMT50,行业，TMT,35.29,韭圈儿
2011-05-09,399610,TMT50,行业，TMT,35.7,韭圈儿
2011-05-10,399610,TMT50,行业，TMT,35.9,韭圈儿
2011-05-11,399610,TMT50,行业，TMT,35.91,韭圈儿
2011-05-12,399610,TMT50,行业，TMT,35.41,韭圈儿
2011-05-13,399610,TMT50,行业，TMT,35.5,韭圈儿
2011-05-16,399610,TMT50,行业，TMT,35.55,韭圈儿
2011-05-17,399610,TMT50,行业，TMT,35.49,韭圈儿
2011-05-18,399610,TMT50,行业，TMT,35.73,韭圈儿
2011-05-19,399610,TMT50,行业，TMT,35.56,韭圈儿
2011-05-20,399610,TMT50,行业，TMT,35.49,韭圈儿
2011-05-23,399610,TMT50,行业，TMT,34.1,韭圈儿
2011-05-24,399610,TMT50,行业，TMT,34.03,韭圈儿
2011-05-25,399610,TMT50,行业，TMT,33.48,韭圈儿
2011-05-26,399610,TMT50,行业，TMT,33.01,韭圈儿
2011-05-27,399610,TMT50,行业，TMT,32.51,韭圈儿
2011-05-30,399610,TMT50,行业，TMT,32.3,韭圈儿
2011-05-31,399610,TMT50,行业，TMT,32.82,韭圈儿
2011-06-01,399610,TMT50,行业，TMT,33.09,韭圈儿
2011-06-02,399610,TMT50,行业，TMT,32.64,韭圈儿
2011-06-03,399610,TMT50,行业，TMT,33.25,韭圈儿
2011-06-07,399610,TMT50,行业，TMT,33.47,韭圈儿
2011-06-08,399610,TMT50,行业，TMT,33.75,韭圈儿
2011-06-09,399610,TMT50,行业，TMT,33.12,韭圈儿
2011-06-10,399610,TMT50,行业，TMT,33.03,韭圈儿
2011-06-13,399610,TMT50,行业，TMT,32.97,韭圈儿
2011-06-14,399610,TMT50,行业，TMT,33.64,韭圈儿
2011-06-15,399610,TMT50,行业，TMT,33.22,韭圈儿
2011-06-16,399610,TMT50,行业，TMT,32.65,韭圈儿
2011-06-17,399610,TMT50,行业，TMT,32.32,韭圈儿
2011-06-20,399610,TMT50,行业，TMT,31.76,韭圈儿
2011-06-21,399610,TMT50,行业，TMT,32.28,韭圈儿
2011-06-22,399610,TMT50,行业，TMT,32.27,韭圈儿
2011-06-23,399610,TMT50,行业，TMT,32.95,韭圈儿
2011-06-24,399610,TMT50,行业，TMT,33.88,韭圈儿
2011-06-27,399610,TMT50,行业，TMT,34.18,韭圈儿
2011-06-28,399610,TMT50,行业，TMT,34.34,韭圈儿
2011-06-29,399610,TMT50,行业，TMT,34.07,韭圈儿
2011-06-30,399610,TMT50,行业，TMT,34.67,韭圈儿
2011-07-01,399610,TMT50,行业，TMT,35.23,韭圈儿
2011-07-04,399610,TMT50,行业，TMT,36.04,韭圈儿
2011-07-05,399610,TMT50,行业，TMT,35.93,韭圈儿
2011-07-06,399610,TMT50,行业，TMT,36.14,韭圈儿
2011-07-07,399610,TMT50,行业，TMT,36.15,韭圈儿
2011-07-08,399610,TMT50,行业，TMT,36.13,韭圈儿
2011-07-11,399610,TMT50,行业，TMT,36.33,韭圈儿
2011-07-12,399610,TMT50,行业，TMT,36.05,韭圈儿
2011-07-13,399610,TMT50,行业，TMT,36.81,韭圈儿
2011-07-14,399610,TMT50,行业，TMT,36.95,韭圈儿
2011-07-15,399610,TMT50,行业，TMT,37.15,韭圈儿
2011-07-18,399610,TMT50,行业，TMT,37.19,韭圈儿
2011-07-19,399610,TMT50,行业，TMT,36.57,韭圈儿
2011-07-20,399610,TMT50,行业，TMT,36.45,韭圈儿
2011-07-21,399610,TMT50,行业，TMT,35.87,韭圈儿
2011-07-22,399610,TMT50,行业，TMT,36.08,韭圈儿
2011-07-25,399610,TMT50,行业，TMT,34.73,韭圈儿
2011-07-26,399610,TMT50,行业，TMT,35.15,韭圈儿
2011-07-27,399610,TMT50,行业，TMT,35.07,韭圈儿
2011-07-28,399610,TMT50,行业，TMT,34.92,韭圈儿
2011-07-29,399610,TMT50,行业，TMT,34.58,韭圈儿
2011-08-01,399610,TMT50,行业，TMT,34.71,韭圈儿
2011-08-02,399610,TMT50,行业，TMT,34.44,韭圈儿
2011-08-03,399610,TMT50,行业，TMT,34.34,韭圈儿
2011-08-04,399610,TMT50,行业，TMT,34.27,韭圈儿
2011-08-05,399610,TMT50,行业，TMT,33.62,韭圈儿
2011-08-08,399610,TMT50,行业，TMT,31.86,韭圈儿
2011-08-09,399610,TMT50,行业，TMT,31.37,韭圈儿
2011-08-10,399610,TMT50,行业，TMT,31.65,韭圈儿
2011-08-11,399610,TMT50,行业，TMT,32.03,韭圈儿
2011-08-12,399610,TMT50,行业，TMT,32.52,韭圈儿
2011-08-15,399610,TMT50,行业，TMT,33.03,韭圈儿
2011-08-16,399610,TMT50,行业，TMT,32.71,韭圈儿
2011-08-17,399610,TMT50,行业，TMT,32.58,韭圈儿
2011-08-18,399610,TMT50,行业，TMT,31.65,韭圈儿
2011-08-19,399610,TMT50,行业，TMT,31.33,韭圈儿
2011-08-22,399610,TMT50,行业，TMT,30.82,韭圈儿
2011-08-23,399610,TMT50,行业，TMT,31.44,韭圈儿
2011-08-24,399610,TMT50,行业，TMT,31.57,韭圈儿
2011-08-25,399610,TMT50,行业，TMT,32.15,韭圈儿
2011-08-26,399610,TMT50,行业，TMT,32.2,韭圈儿
2011-08-29,399610,TMT50,行业，TMT,32.0,韭圈儿
2011-08-30,399610,TMT50,行业，TMT,32.15,韭圈儿
2011-08-31,399610,TMT50,行业，TMT,31.68,韭圈儿
2011-09-01,399610,TMT50,行业，TMT,31.63,韭圈儿
2011-09-02,399610,TMT50,行业，TMT,31.36,韭圈儿
2011-09-05,399610,TMT50,行业，TMT,30.48,韭圈儿
2011-09-06,399610,TMT50,行业，TMT,30.06,韭圈儿
2011-09-07,399610,TMT50,行业，TMT,30.68,韭圈儿
2011-09-08,399610,TMT50,行业，TMT,30.53,韭圈儿
2011-09-09,399610,TMT50,行业，TMT,30.31,韭圈儿
2011-09-13,399610,TMT50,行业，TMT,29.96,韭圈儿
2011-09-14,399610,TMT50,行业，TMT,30.21,韭圈儿
2011-09-15,399610,TMT50,行业，TMT,30.31,韭圈儿
2011-09-16,399610,TMT50,行业，TMT,30.33,韭圈儿
2011-09-19,399610,TMT50,行业，TMT,29.73,韭圈儿
2011-09-20,399610,TMT50,行业，TMT,29.78,韭圈儿
2011-09-21,399610,TMT50,行业，TMT,30.71,韭圈儿
2011-09-22,399610,TMT50,行业，TMT,29.97,韭圈儿
2011-09-23,399610,TMT50,行业，TMT,29.86,韭圈儿
2011-09-26,399610,TMT50,行业，TMT,29.48,韭圈儿
2011-09-27,399610,TMT50,行业，TMT,29.74,韭圈儿
2011-09-28,399610,TMT50,行业，TMT,29.35,韭圈儿
2011-09-29,399610,TMT50,行业，TMT,28.57,韭圈儿
2011-09-30,399610,TMT50,行业，TMT,28.61,韭圈儿
2011-10-10,399610,TMT50,行业，TMT,28.44,韭圈儿
2011-10-11,399610,TMT50,行业，TMT,27.94,韭圈儿
2011-10-12,399610,TMT50,行业，TMT,28.8,韭圈儿
2011-10-13,399610,TMT50,行业，TMT,29.19,韭圈儿
2011-10-14,399610,TMT50,行业，TMT,29.08,韭圈儿
2011-10-17,399610,TMT50,行业，TMT,29.25,韭圈儿
2011-10-18,399610,TMT50,行业，TMT,28.49,韭圈儿
2011-10-19,399610,TMT50,行业，TMT,28.05,韭圈儿
2011-10-20,399610,TMT50,行业，TMT,27.17,韭圈儿
2011-10-21,399610,TMT50,行业，TMT,26.51,韭圈儿
2011-10-24,399610,TMT50,行业，TMT,27.07,韭圈儿
2011-10-25,399610,TMT50,行业，TMT,28.21,韭圈儿
2011-10-26,399610,TMT50,行业，TMT,28.99,韭圈儿
2011-10-27,399610,TMT50,行业，TMT,28.21,韭圈儿
2011-10-28,399610,TMT50,行业，TMT,28.8,韭圈儿
2011-10-31,399610,TMT50,行业，TMT,29.4,韭圈儿
2011-11-01,399610,TMT50,行业，TMT,29.37,韭圈儿
2011-11-02,399610,TMT50,行业，TMT,30.19,韭圈儿
2011-11-03,399610,TMT50,行业，TMT,30.48,韭圈儿
2011-11-04,399610,TMT50,行业，TMT,30.6,韭圈儿
2011-11-07,399610,TMT50,行业，TMT,30.33,韭圈儿
2011-11-08,399610,TMT50,行业，TMT,29.88,韭圈儿
2011-11-09,399610,TMT50,行业，TMT,30.39,韭圈儿
2011-11-10,399610,TMT50,行业，TMT,29.93,韭圈儿
2011-11-11,399610,TMT50,行业，TMT,29.86,韭圈儿
2011-11-14,399610,TMT50,行业，TMT,30.64,韭圈儿
2011-11-15,399610,TMT50,行业，TMT,30.76,韭圈儿
2011-11-16,399610,TMT50,行业，TMT,30.18,韭圈儿
2011-11-17,399610,TMT50,行业，TMT,30.15,韭圈儿
2011-11-18,399610,TMT50,行业，TMT,29.1,韭圈儿
2011-11-21,399610,TMT50,行业，TMT,28.93,韭圈儿
2011-11-22,399610,TMT50,行业，TMT,28.88,韭圈儿
2011-11-23,399610,TMT50,行业，TMT,28.72,韭圈儿
2011-11-24,399610,TMT50,行业，TMT,28.79,韭圈儿
2011-11-25,399610,TMT50,行业，TMT,28.47,韭圈儿
2011-11-28,399610,TMT50,行业，TMT,28.3,韭圈儿
2011-11-29,399610,TMT50,行业，TMT,28.68,韭圈儿
2011-11-30,399610,TMT50,行业，TMT,27.53,韭圈儿
2011-12-01,399610,TMT50,行业，TMT,27.97,韭圈儿
2011-12-02,399610,TMT50,行业，TMT,27.43,韭圈儿
2011-12-05,399610,TMT50,行业，TMT,26.71,韭圈儿
2011-12-06,399610,TMT50,行业，TMT,26.87,韭圈儿
2011-12-07,399610,TMT50,行业，TMT,27.02,韭圈儿
2011-12-08,399610,TMT50,行业，TMT,27.18,韭圈儿
2011-12-09,399610,TMT50,行业，TMT,26.82,韭圈儿
2011-12-12,399610,TMT50,行业，TMT,26.49,韭圈儿
2011-12-13,399610,TMT50,行业，TMT,25.9,韭圈儿
2011-12-14,399610,TMT50,行业，TMT,25.46,韭圈儿
2011-12-15,399610,TMT50,行业，TMT,25.07,韭圈儿
2011-12-16,399610,TMT50,行业，TMT,25.8,韭圈儿
2011-12-19,399610,TMT50,行业，TMT,26.06,韭圈儿
2011-12-20,399610,TMT50,行业，TMT,25.96,韭圈儿
2011-12-21,399610,TMT50,行业，TMT,25.52,韭圈儿
2011-12-22,399610,TMT50,行业，TMT,25.41,韭圈儿
2011-12-23,399610,TMT50,行业，TMT,25.52,韭圈儿
2011-12-26,399610,TMT50,行业，TMT,25.34,韭圈儿
2011-12-27,399610,TMT50,行业，TMT,24.77,韭圈儿
2011-12-28,399610,TMT50,行业，TMT,24.68,韭圈儿
2011-12-29,399610,TMT50,行业，TMT,24.76,韭圈儿
2011-12-30,399610,TMT50,行业，TMT,25.14,韭圈儿
2012-01-04,399610,TMT50,行业，TMT,21.14,韭圈儿
2012-01-05,399610,TMT50,行业，TMT,20.46,韭圈儿
2012-01-06,399610,TMT50,行业，TMT,20.5,韭圈儿
2012-01-09,399610,TMT50,行业，TMT,21.25,韭圈儿
2012-01-10,399610,TMT50,行业，TMT,22.02,韭圈儿
2012-01-11,399610,TMT50,行业，TMT,22.0,韭圈儿
2012-01-12,399610,TMT50,行业，TMT,21.94,韭圈儿
2012-01-13,399610,TMT50,行业，TMT,21.17,韭圈儿
2012-01-16,399610,TMT50,行业，TMT,20.53,韭圈儿
2012-01-17,399610,TMT50,行业，TMT,21.46,韭圈儿
2012-01-18,399610,TMT50,行业，TMT,20.79,韭圈儿
2012-01-19,399610,TMT50,行业，TMT,20.8,韭圈儿
2012-01-20,399610,TMT50,行业，TMT,21.08,韭圈儿
2012-01-30,399610,TMT50,行业，TMT,20.89,韭圈儿
2012-01-31,399610,TMT50,行业，TMT,20.85,韭圈儿
2012-02-01,399610,TMT50,行业，TMT,20.77,韭圈儿
2012-02-02,399610,TMT50,行业，TMT,21.15,韭圈儿
2012-02-03,399610,TMT50,行业，TMT,21.71,韭圈儿
2012-02-06,399610,TMT50,行业，TMT,21.93,韭圈儿
2012-02-07,399610,TMT50,行业，TMT,21.32,韭圈儿
2012-02-08,399610,TMT50,行业，TMT,21.85,韭圈儿
2012-02-09,399610,TMT50,行业，TMT,21.91,韭圈儿
2012-02-10,399610,TMT50,行业，TMT,21.97,韭圈儿
2012-02-13,399610,TMT50,行业，TMT,22.18,韭圈儿
2012-02-14,399610,TMT50,行业，TMT,22.07,韭圈儿
2012-02-15,399610,TMT50,行业，TMT,22.56,韭圈儿
2012-02-16,399610,TMT50,行业，TMT,22.55,韭圈儿
2012-02-17,399610,TMT50,行业，TMT,22.49,韭圈儿
2012-02-20,399610,TMT50,行业，TMT,22.62,韭圈儿
2012-02-21,399610,TMT50,行业，TMT,22.91,韭圈儿
2012-02-22,399610,TMT50,行业，TMT,23.5,韭圈儿
2012-02-23,399610,TMT50,行业，TMT,23.46,韭圈儿
2012-02-24,399610,TMT50,行业，TMT,23.52,韭圈儿
2012-02-27,399610,TMT50,行业，TMT,23.69,韭圈儿
2012-02-28,399610,TMT50,行业，TMT,23.5,韭圈儿
2012-02-29,399610,TMT50,行业，TMT,23.8,韭圈儿
2012-03-01,399610,TMT50,行业，TMT,24.13,韭圈儿
2012-03-02,399610,TMT50,行业，TMT,24.62,韭圈儿
2012-03-05,399610,TMT50,行业，TMT,24.6,韭圈儿
2012-03-06,399610,TMT50,行业，TMT,24.56,韭圈儿
2012-03-07,399610,TMT50,行业，TMT,24.39,韭圈儿
2012-03-08,399610,TMT50,行业，TMT,24.55,韭圈儿
2012-03-09,399610,TMT50,行业，TMT,24.85,韭圈儿
2012-03-12,399610,TMT50,行业，TMT,24.43,韭圈儿
2012-03-13,399610,TMT50,行业，TMT,24.61,韭圈儿
2012-03-14,399610,TMT50,行业，TMT,23.62,韭圈儿
2012-03-15,399610,TMT50,行业，TMT,23.45,韭圈儿
2012-03-16,399610,TMT50,行业，TMT,23.87,韭圈儿
2012-03-19,399610,TMT50,行业，TMT,24.09,韭圈儿
2012-03-20,399610,TMT50,行业，TMT,23.54,韭圈儿
2012-03-21,399610,TMT50,行业，TMT,23.47,韭圈儿
2012-03-22,399610,TMT50,行业，TMT,23.36,韭圈儿
2012-03-23,399610,TMT50,行业，TMT,23.01,韭圈儿
2012-03-26,399610,TMT50,行业，TMT,23.02,韭圈儿
2012-03-27,399610,TMT50,行业，TMT,23.05,韭圈儿
2012-03-28,399610,TMT50,行业，TMT,22.13,韭圈儿
2012-03-29,399610,TMT50,行业，TMT,22.81,韭圈儿
2012-03-30,399610,TMT50,行业，TMT,23.04,韭圈儿
2012-04-05,399610,TMT50,行业，TMT,23.72,韭圈儿
2012-04-06,399610,TMT50,行业，TMT,23.81,韭圈儿
2012-04-09,399610,TMT50,行业，TMT,23.47,韭圈儿
2012-04-10,399610,TMT50,行业，TMT,23.66,韭圈儿
2012-04-11,399610,TMT50,行业，TMT,23.69,韭圈儿
2012-04-12,399610,TMT50,行业，TMT,24.09,韭圈儿
2012-04-13,399610,TMT50,行业，TMT,24.32,韭圈儿
2012-04-16,399610,TMT50,行业，TMT,24.22,韭圈儿
2012-04-17,399610,TMT50,行业，TMT,24.13,韭圈儿
2012-04-18,399610,TMT50,行业，TMT,24.64,韭圈儿
2012-04-19,399610,TMT50,行业，TMT,24.62,韭圈儿
2012-04-20,399610,TMT50,行业，TMT,24.83,韭圈儿
2012-04-23,399610,TMT50,行业，TMT,25.12,韭圈儿
2012-04-24,399610,TMT50,行业，TMT,24.71,韭圈儿
2012-04-25,399610,TMT50,行业，TMT,24.97,韭圈儿
2012-04-26,399610,TMT50,行业，TMT,24.98,韭圈儿
2012-04-27,399610,TMT50,行业，TMT,24.3,韭圈儿
2012-05-02,399610,TMT50,行业，TMT,24.63,韭圈儿
2012-05-03,399610,TMT50,行业，TMT,24.65,韭圈儿
2012-05-04,399610,TMT50,行业，TMT,25.06,韭圈儿
2012-05-07,399610,TMT50,行业，TMT,25.49,韭圈儿
2012-05-08,399610,TMT50,行业，TMT,25.43,韭圈儿
2012-05-09,399610,TMT50,行业，TMT,25.01,韭圈儿
2012-05-10,399610,TMT50,行业，TMT,25.25,韭圈儿
2012-05-11,399610,TMT50,行业，TMT,24.94,韭圈儿
2012-05-14,399610,TMT50,行业，TMT,24.62,韭圈儿
2012-05-15,399610,TMT50,行业，TMT,24.98,韭圈儿
2012-05-16,399610,TMT50,行业，TMT,24.65,韭圈儿
2012-05-17,399610,TMT50,行业，TMT,24.98,韭圈儿
2012-05-18,399610,TMT50,行业，TMT,24.67,韭圈儿
2012-05-21,399610,TMT50,行业，TMT,24.68,韭圈儿
2012-05-22,399610,TMT50,行业，TMT,24.9,韭圈儿
2012-05-23,399610,TMT50,行业，TMT,24.82,韭圈儿
2012-05-24,399610,TMT50,行业，TMT,24.75,韭圈儿
2012-05-25,399610,TMT50,行业，TMT,24.47,韭圈儿
2012-05-28,399610,TMT50,行业，TMT,24.5,韭圈儿
2012-05-29,399610,TMT50,行业，TMT,24.91,韭圈儿
2012-05-30,399610,TMT50,行业，TMT,24.9,韭圈儿
2012-05-31,399610,TMT50,行业，TMT,25.11,韭圈儿
2012-06-01,399610,TMT50,行业，TMT,25.09,韭圈儿
2012-06-04,399610,TMT50,行业，TMT,24.53,韭圈儿
2012-06-05,399610,TMT50,行业，TMT,24.4,韭圈儿
2012-06-06,399610,TMT50,行业，TMT,24.44,韭圈儿
2012-06-07,399610,TMT50,行业，TMT,24.23,韭圈儿
2012-06-08,399610,TMT50,行业，TMT,24.18,韭圈儿
2012-06-11,399610,TMT50,行业，TMT,24.72,韭圈儿
2012-06-12,399610,TMT50,行业，TMT,24.53,韭圈儿
2012-06-13,399610,TMT50,行业，TMT,24.88,韭圈儿
2012-06-14,399610,TMT50,行业，TMT,24.75,韭圈儿
2012-06-15,399610,TMT50,行业，TMT,24.74,韭圈儿
2012-06-18,399610,TMT50,行业，TMT,24.98,韭圈儿
2012-06-19,399610,TMT50,行业，TMT,24.74,韭圈儿
2012-06-20,399610,TMT50,行业，TMT,24.72,韭圈儿
2012-06-21,399610,TMT50,行业，TMT,24.52,韭圈儿
2012-06-25,399610,TMT50,行业，TMT,23.95,韭圈儿
2012-06-26,399610,TMT50,行业，TMT,23.88,韭圈儿
2012-06-27,399610,TMT50,行业，TMT,23.99,韭圈儿
2012-06-28,399610,TMT50,行业，TMT,23.77,韭圈儿
2012-06-29,399610,TMT50,行业，TMT,24.01,韭圈儿
2012-07-02,399610,TMT50,行业，TMT,24.16,韭圈儿
2012-07-03,399610,TMT50,行业，TMT,24.37,韭圈儿
2012-07-04,399610,TMT50,行业，TMT,24.1,韭圈儿
2012-07-05,399610,TMT50,行业，TMT,23.79,韭圈儿
2012-07-06,399610,TMT50,行业，TMT,24.24,韭圈儿
2012-07-09,399610,TMT50,行业，TMT,23.75,韭圈儿
2012-07-10,399610,TMT50,行业，TMT,23.49,韭圈儿
2012-07-11,399610,TMT50,行业，TMT,23.54,韭圈儿
2012-07-12,399610,TMT50,行业，TMT,23.9,韭圈儿
2012-07-13,399610,TMT50,行业，TMT,23.64,韭圈儿
2012-07-16,399610,TMT50,行业，TMT,22.66,韭圈儿
2012-07-17,399610,TMT50,行业，TMT,22.41,韭圈儿
2012-07-18,399610,TMT50,行业，TMT,22.27,韭圈儿
2012-07-19,399610,TMT50,行业，TMT,22.42,韭圈儿
2012-07-20,399610,TMT50,行业，TMT,22.28,韭圈儿
2012-07-23,399610,TMT50,行业，TMT,22.06,韭圈儿
2012-07-24,399610,TMT50,行业，TMT,22.15,韭圈儿
2012-07-25,399610,TMT50,行业，TMT,22.14,韭圈儿
2012-07-26,399610,TMT50,行业，TMT,22.12,韭圈儿
2012-07-27,399610,TMT50,行业，TMT,21.86,韭圈儿
2012-07-30,399610,TMT50,行业，TMT,21.38,韭圈儿
2012-07-31,399610,TMT50,行业，TMT,21.22,韭圈儿
2012-08-01,399610,TMT50,行业，TMT,21.68,韭圈儿
2012-08-02,399610,TMT50,行业，TMT,21.6,韭圈儿
2012-08-03,399610,TMT50,行业，TMT,22.03,韭圈儿
2012-08-06,399610,TMT50,行业，TMT,22.55,韭圈儿
2012-08-07,399610,TMT50,行业，TMT,22.8,韭圈儿
2012-08-08,399610,TMT50,行业，TMT,22.58,韭圈儿
2012-08-09,399610,TMT50,行业，TMT,23.03,韭圈儿
2012-08-10,399610,TMT50,行业，TMT,23.02,韭圈儿
2012-08-13,399610,TMT50,行业，TMT,22.63,韭圈儿
2012-08-14,399610,TMT50,行业，TMT,22.51,韭圈儿
2012-08-15,399610,TMT50,行业，TMT,22.65,韭圈儿
2012-08-16,399610,TMT50,行业，TMT,22.44,韭圈儿
2012-08-17,399610,TMT50,行业，TMT,22.34,韭圈儿
2012-08-20,399610,TMT50,行业，TMT,22.44,韭圈儿
2012-08-21,399610,TMT50,行业，TMT,22.91,韭圈儿
2012-08-22,399610,TMT50,行业，TMT,22.61,韭圈儿
2012-08-23,399610,TMT50,行业，TMT,23.3,韭圈儿
2012-08-24,399610,TMT50,行业，TMT,23.0,韭圈儿
2012-08-27,399610,TMT50,行业，TMT,22.81,韭圈儿
2012-08-28,399610,TMT50,行业，TMT,22.86,韭圈儿
2012-08-29,399610,TMT50,行业，TMT,22.83,韭圈儿
2012-08-30,399610,TMT50,行业，TMT,22.47,韭圈儿
2012-08-31,399610,TMT50,行业，TMT,22.66,韭圈儿
2012-09-03,399610,TMT50,行业，TMT,23.16,韭圈儿
2012-09-04,399610,TMT50,行业，TMT,23.04,韭圈儿
2012-09-05,399610,TMT50,行业，TMT,23.23,韭圈儿
2012-09-06,399610,TMT50,行业，TMT,23.45,韭圈儿
2012-09-07,399610,TMT50,行业，TMT,24.09,韭圈儿
2012-09-10,399610,TMT50,行业，TMT,24.11,韭圈儿
2012-09-11,399610,TMT50,行业，TMT,24.1,韭圈儿
2012-09-12,399610,TMT50,行业，TMT,24.2,韭圈儿
2012-09-13,399610,TMT50,行业，TMT,23.9,韭圈儿
2012-09-14,399610,TMT50,行业，TMT,23.82,韭圈儿
2012-09-17,399610,TMT50,行业，TMT,23.3,韭圈儿
2012-09-18,399610,TMT50,行业，TMT,23.31,韭圈儿
2012-09-19,399610,TMT50,行业，TMT,23.56,韭圈儿
2012-09-20,399610,TMT50,行业，TMT,23.01,韭圈儿
2012-09-21,399610,TMT50,行业，TMT,22.72,韭圈儿
2012-09-24,399610,TMT50,行业，TMT,22.96,韭圈儿
2012-09-25,399610,TMT50,行业，TMT,22.76,韭圈儿
2012-09-26,399610,TMT50,行业，TMT,22.3,韭圈儿
2012-09-27,399610,TMT50,行业，TMT,22.78,韭圈儿
2012-09-28,399610,TMT50,行业，TMT,23.2,韭圈儿
2012-10-08,399610,TMT50,行业，TMT,23.06,韭圈儿
2012-10-09,399610,TMT50,行业，TMT,23.6,韭圈儿
2012-10-10,399610,TMT50,行业，TMT,23.86,韭圈儿
2012-10-11,399610,TMT50,行业，TMT,23.52,韭圈儿
2012-10-12,399610,TMT50,行业，TMT,23.35,韭圈儿
2012-10-15,399610,TMT50,行业，TMT,23.07,韭圈儿
2012-10-16,399610,TMT50,行业，TMT,23.07,韭圈儿
2012-10-17,399610,TMT50,行业，TMT,23.05,韭圈儿
2012-10-18,399610,TMT50,行业，TMT,23.35,韭圈儿
2012-10-19,399610,TMT50,行业，TMT,23.34,韭圈儿
2012-10-22,399610,TMT50,行业，TMT,23.39,韭圈儿
2012-10-23,399610,TMT50,行业，TMT,23.03,韭圈儿
2012-10-24,399610,TMT50,行业，TMT,23.0,韭圈儿
2012-10-25,399610,TMT50,行业，TMT,22.47,韭圈儿
2012-10-26,399610,TMT50,行业，TMT,25.03,韭圈儿
2012-10-29,399610,TMT50,行业，TMT,25.05,韭圈儿
2012-10-30,399610,TMT50,行业，TMT,25.16,韭圈儿
2012-10-31,399610,TMT50,行业，TMT,24.34,韭圈儿
2012-11-01,399610,TMT50,行业，TMT,24.63,韭圈儿
2012-11-02,399610,TMT50,行业，TMT,24.59,韭圈儿
2012-11-05,399610,TMT50,行业，TMT,24.39,韭圈儿
2012-11-06,399610,TMT50,行业，TMT,24.28,韭圈儿
2012-11-07,399610,TMT50,行业，TMT,24.32,韭圈儿
2012-11-08,399610,TMT50,行业，TMT,23.81,韭圈儿
2012-11-09,399610,TMT50,行业，TMT,23.65,韭圈儿
2012-11-12,399610,TMT50,行业，TMT,23.69,韭圈儿
2012-11-13,399610,TMT50,行业，TMT,23.29,韭圈儿
2012-11-14,399610,TMT50,行业，TMT,23.4,韭圈儿
2012-11-15,399610,TMT50,行业，TMT,23.12,韭圈儿
2012-11-16,399610,TMT50,行业，TMT,22.96,韭圈儿
2012-11-19,399610,TMT50,行业，TMT,22.98,韭圈儿
2012-11-20,399610,TMT50,行业，TMT,23.01,韭圈儿
2012-11-21,399610,TMT50,行业，TMT,23.22,韭圈儿
2012-11-22,399610,TMT50,行业，TMT,22.91,韭圈儿
2012-11-23,399610,TMT50,行业，TMT,22.88,韭圈儿
2012-11-26,399610,TMT50,行业，TMT,22.5,韭圈儿
2012-11-27,399610,TMT50,行业，TMT,22.09,韭圈儿
2012-11-28,399610,TMT50,行业，TMT,21.89,韭圈儿
2012-11-29,399610,TMT50,行业，TMT,21.84,韭圈儿
2012-11-30,399610,TMT50,行业，TMT,22.14,韭圈儿
2012-12-03,399610,TMT50,行业，TMT,21.75,韭圈儿
2012-12-04,399610,TMT50,行业，TMT,22.04,韭圈儿
2012-12-05,399610,TMT50,行业，TMT,22.83,韭圈儿
2012-12-06,399610,TMT50,行业，TMT,22.85,韭圈儿
2012-12-07,399610,TMT50,行业，TMT,22.96,韭圈儿
2012-12-10,399610,TMT50,行业，TMT,23.28,韭圈儿
2012-12-11,399610,TMT50,行业，TMT,23.15,韭圈儿
2012-12-12,399610,TMT50,行业，TMT,23.07,韭圈儿
2012-12-13,399610,TMT50,行业，TMT,22.99,韭圈儿
2012-12-14,399610,TMT50,行业，TMT,23.8,韭圈儿
2012-12-17,399610,TMT50,行业，TMT,23.67,韭圈儿
2012-12-18,399610,TMT50,行业，TMT,23.56,韭圈儿
2012-12-19,399610,TMT50,行业，TMT,23.7,韭圈儿
2012-12-20,399610,TMT50,行业，TMT,23.95,韭圈儿
2012-12-21,399610,TMT50,行业，TMT,24.18,韭圈儿
2012-12-24,399610,TMT50,行业，TMT,24.29,韭圈儿
2012-12-25,399610,TMT50,行业，TMT,24.68,韭圈儿
2012-12-26,399610,TMT50,行业，TMT,24.98,韭圈儿
2012-12-27,399610,TMT50,行业，TMT,24.82,韭圈儿
2012-12-28,399610,TMT50,行业，TMT,25.0,韭圈儿
2012-12-31,399610,TMT50,行业，TMT,25.25,韭圈儿
2013-01-04,399610,TMT50,行业，TMT,25.02,韭圈儿
2013-01-07,399610,TMT50,行业，TMT,25.22,韭圈儿
2013-01-08,399610,TMT50,行业，TMT,25.46,韭圈儿
2013-01-09,399610,TMT50,行业，TMT,25.71,韭圈儿
2013-01-10,399610,TMT50,行业，TMT,25.77,韭圈儿
2013-01-11,399610,TMT50,行业，TMT,25.57,韭圈儿
2013-01-14,399610,TMT50,行业，TMT,26.57,韭圈儿
2013-01-15,399610,TMT50,行业，TMT,27.22,韭圈儿
2013-01-16,399610,TMT50,行业，TMT,27.32,韭圈儿
2013-01-17,399610,TMT50,行业，TMT,26.96,韭圈儿
2013-01-18,399610,TMT50,行业，TMT,26.69,韭圈儿
2013-01-21,399610,TMT50,行业，TMT,26.63,韭圈儿
2013-01-22,399610,TMT50,行业，TMT,26.18,韭圈儿
2013-01-23,399610,TMT50,行业，TMT,26.42,韭圈儿
2013-01-24,399610,TMT50,行业，TMT,25.85,韭圈儿
2013-01-25,399610,TMT50,行业，TMT,25.77,韭圈儿
2013-01-28,399610,TMT50,行业，TMT,26.27,韭圈儿
2013-01-29,399610,TMT50,行业，TMT,26.56,韭圈儿
2013-01-30,399610,TMT50,行业，TMT,26.59,韭圈儿
2013-01-31,399610,TMT50,行业，TMT,26.29,韭圈儿
2013-02-01,399610,TMT50,行业，TMT,26.42,韭圈儿
2013-02-04,399610,TMT50,行业，TMT,25.92,韭圈儿
2013-02-05,399610,TMT50,行业，TMT,26.35,韭圈儿
2013-02-06,399610,TMT50,行业，TMT,26.42,韭圈儿
2013-02-07,399610,TMT50,行业，TMT,26.87,韭圈儿
2013-02-08,399610,TMT50,行业，TMT,27.41,韭圈儿
2013-02-18,399610,TMT50,行业，TMT,27.54,韭圈儿
2013-02-19,399610,TMT50,行业，TMT,27.04,韭圈儿
2013-02-20,399610,TMT50,行业，TMT,27.53,韭圈儿
2013-02-21,399610,TMT50,行业，TMT,27.15,韭圈儿
2013-02-22,399610,TMT50,行业，TMT,27.15,韭圈儿
2013-02-25,399610,TMT50,行业，TMT,27.43,韭圈儿
2013-02-26,399610,TMT50,行业，TMT,27.29,韭圈儿
2013-02-27,399610,TMT50,行业，TMT,27.1,韭圈儿
2013-02-28,399610,TMT50,行业，TMT,28.68,韭圈儿
2013-03-01,399610,TMT50,行业，TMT,29.32,韭圈儿
2013-03-04,399610,TMT50,行业，TMT,28.85,韭圈儿
2013-03-05,399610,TMT50,行业，TMT,29.72,韭圈儿
2013-03-06,399610,TMT50,行业，TMT,30.53,韭圈儿
2013-03-07,399610,TMT50,行业，TMT,30.01,韭圈儿
2013-03-08,399610,TMT50,行业，TMT,29.58,韭圈儿
2013-03-11,399610,TMT50,行业，TMT,29.81,韭圈儿
2013-03-12,399610,TMT50,行业，TMT,29.02,韭圈儿
2013-03-13,399610,TMT50,行业，TMT,28.87,韭圈儿
2013-03-14,399610,TMT50,行业，TMT,29.58,韭圈儿
2013-03-15,399610,TMT50,行业，TMT,29.95,韭圈儿
2013-03-18,399610,TMT50,行业，TMT,29.96,韭圈儿
2013-03-19,399610,TMT50,行业，TMT,29.72,韭圈儿
2013-03-20,399610,TMT50,行业，TMT,30.4,韭圈儿
2013-03-21,399610,TMT50,行业，TMT,31.24,韭圈儿
2013-03-22,399610,TMT50,行业，TMT,31.25,韭圈儿
2013-03-25,399610,TMT50,行业，TMT,31.21,韭圈儿
2013-03-26,399610,TMT50,行业，TMT,31.28,韭圈儿
2013-03-27,399610,TMT50,行业，TMT,31.29,韭圈儿
2013-03-28,399610,TMT50,行业，TMT,34.06,韭圈儿
2013-03-29,399610,TMT50,行业，TMT,34.22,韭圈儿
2013-04-01,399610,TMT50,行业，TMT,35.4,韭圈儿
2013-04-02,399610,TMT50,行业，TMT,34.56,韭圈儿
2013-04-03,399610,TMT50,行业，TMT,34.5,韭圈儿
2013-04-08,399610,TMT50,行业，TMT,35.65,韭圈儿
2013-04-09,399610,TMT50,行业，TMT,35.7,韭圈儿
2013-04-10,399610,TMT50,行业，TMT,35.19,韭圈儿
2013-04-11,399610,TMT50,行业，TMT,34.95,韭圈儿
2013-04-12,399610,TMT50,行业，TMT,35.7,韭圈儿
2013-04-15,399610,TMT50,行业，TMT,35.31,韭圈儿
2013-04-16,399610,TMT50,行业，TMT,35.84,韭圈儿
2013-04-17,399610,TMT50,行业，TMT,36.61,韭圈儿
2013-04-18,399610,TMT50,行业，TMT,36.11,韭圈儿
2013-04-19,399610,TMT50,行业，TMT,36.58,韭圈儿
2013-04-22,399610,TMT50,行业，TMT,37.01,韭圈儿
2013-04-23,399610,TMT50,行业，TMT,36.04,韭圈儿
2013-04-24,399610,TMT50,行业，TMT,37.07,韭圈儿
2013-04-25,399610,TMT50,行业，TMT,35.52,韭圈儿
2013-04-26,399610,TMT50,行业，TMT,34.13,韭圈儿
2013-05-02,399610,TMT50,行业，TMT,35.79,韭圈儿
2013-05-03,399610,TMT50,行业，TMT,36.33,韭圈儿
2013-05-06,399610,TMT50,行业，TMT,37.04,韭圈儿
2013-05-07,399610,TMT50,行业，TMT,36.74,韭圈儿
2013-05-08,399610,TMT50,行业，TMT,37.41,韭圈儿
2013-05-09,399610,TMT50,行业，TMT,37.47,韭圈儿
2013-05-10,399610,TMT50,行业，TMT,37.23,韭圈儿
2013-05-13,399610,TMT50,行业，TMT,37.6,韭圈儿
2013-05-14,399610,TMT50,行业，TMT,37.02,韭圈儿
2013-05-15,399610,TMT50,行业，TMT,38.23,韭圈儿
2013-05-16,399610,TMT50,行业，TMT,38.49,韭圈儿
2013-05-17,399610,TMT50,行业，TMT,39.08,韭圈儿
2013-05-20,399610,TMT50,行业，TMT,40.02,韭圈儿
2013-05-21,399610,TMT50,行业，TMT,41.23,韭圈儿
2013-05-22,399610,TMT50,行业，TMT,40.23,韭圈儿
2013-05-23,399610,TMT50,行业，TMT,39.92,韭圈儿
2013-05-24,399610,TMT50,行业，TMT,40.7,韭圈儿
2013-05-27,399610,TMT50,行业，TMT,40.77,韭圈儿
2013-05-28,399610,TMT50,行业，TMT,40.1,韭圈儿
2013-05-29,399610,TMT50,行业，TMT,40.2,韭圈儿
2013-05-30,399610,TMT50,行业，TMT,40.03,韭圈儿
2013-05-31,399610,TMT50,行业，TMT,39.75,韭圈儿
2013-06-03,399610,TMT50,行业，TMT,39.43,韭圈儿
2013-06-04,399610,TMT50,行业，TMT,38.33,韭圈儿
2013-06-05,399610,TMT50,行业，TMT,38.86,韭圈儿
2013-06-06,399610,TMT50,行业，TMT,38.47,韭圈儿
2013-06-07,399610,TMT50,行业，TMT,38.1,韭圈儿
2013-06-13,399610,TMT50,行业，TMT,37.67,韭圈儿
2013-06-14,399610,TMT50,行业，TMT,38.95,韭圈儿
2013-06-17,399610,TMT50,行业，TMT,38.96,韭圈儿
2013-06-18,399610,TMT50,行业，TMT,39.19,韭圈儿
2013-06-19,399610,TMT50,行业，TMT,39.05,韭圈儿
2013-06-20,399610,TMT50,行业，TMT,37.79,韭圈儿
2013-06-21,399610,TMT50,行业，TMT,37.61,韭圈儿
2013-06-24,399610,TMT50,行业，TMT,35.57,韭圈儿
2013-06-25,399610,TMT50,行业，TMT,36.12,韭圈儿
2013-06-26,399610,TMT50,行业，TMT,37.85,韭圈儿
2013-06-27,399610,TMT50,行业，TMT,37.05,韭圈儿
2013-06-28,399610,TMT50,行业，TMT,36.73,韭圈儿
2013-07-01,399610,TMT50,行业，TMT,33.78,韭圈儿
2013-07-02,399610,TMT50,行业，TMT,34.42,韭圈儿
2013-07-03,399610,TMT50,行业，TMT,35.23,韭圈儿
2013-07-04,399610,TMT50,行业，TMT,35.19,韭圈儿
2013-07-05,399610,TMT50,行业，TMT,34.57,韭圈儿
2013-07-08,399610,TMT50,行业，TMT,33.53,韭圈儿
2013-07-09,399610,TMT50,行业，TMT,33.67,韭圈儿
2013-07-10,399610,TMT50,行业，TMT,34.53,韭圈儿
2013-07-11,399610,TMT50,行业，TMT,35.26,韭圈儿
2013-07-12,399610,TMT50,行业，TMT,35.17,韭圈儿
2013-07-15,399610,TMT50,行业，TMT,35.72,韭圈儿
2013-07-16,399610,TMT50,行业，TMT,36.32,韭圈儿
2013-07-17,399610,TMT50,行业，TMT,35.78,韭圈儿
2013-07-18,399610,TMT50,行业，TMT,35.58,韭圈儿
2013-07-19,399610,TMT50,行业，TMT,34.94,韭圈儿
2013-07-22,399610,TMT50,行业，TMT,35.73,韭圈儿
2013-07-23,399610,TMT50,行业，TMT,36.9,韭圈儿
2013-07-24,399610,TMT50,行业，TMT,37.64,韭圈儿
2013-07-25,399610,TMT50,行业，TMT,36.39,韭圈儿
2013-07-26,399610,TMT50,行业，TMT,36.5,韭圈儿
2013-07-29,399610,TMT50,行业，TMT,35.98,韭圈儿
2013-07-30,399610,TMT50,行业，TMT,35.26,韭圈儿
2013-07-31,399610,TMT50,行业，TMT,35.21,韭圈儿
2013-08-01,399610,TMT50,行业，TMT,36.52,韭圈儿
2013-08-02,399610,TMT50,行业，TMT,36.53,韭圈儿
2013-08-05,399610,TMT50,行业，TMT,36.98,韭圈儿
2013-08-06,399610,TMT50,行业，TMT,37.59,韭圈儿
2013-08-07,399610,TMT50,行业，TMT,36.72,韭圈儿
2013-08-08,399610,TMT50,行业，TMT,37.13,韭圈儿
2013-08-09,399610,TMT50,行业，TMT,36.97,韭圈儿
2013-08-12,399610,TMT50,行业，TMT,36.97,韭圈儿
2013-08-13,399610,TMT50,行业，TMT,37.25,韭圈儿
2013-08-14,399610,TMT50,行业，TMT,37.42,韭圈儿
2013-08-15,399610,TMT50,行业，TMT,36.78,韭圈儿
2013-08-16,399610,TMT50,行业，TMT,35.62,韭圈儿
2013-08-19,399610,TMT50,行业，TMT,36.95,韭圈儿
2013-08-20,399610,TMT50,行业，TMT,35.79,韭圈儿
2013-08-21,399610,TMT50,行业，TMT,34.58,韭圈儿
2013-08-22,399610,TMT50,行业，TMT,34.91,韭圈儿
2013-08-23,399610,TMT50,行业，TMT,34.95,韭圈儿
2013-08-26,399610,TMT50,行业，TMT,35.79,韭圈儿
2013-08-27,399610,TMT50,行业，TMT,35.85,韭圈儿
2013-08-28,399610,TMT50,行业，TMT,34.87,韭圈儿
2013-08-29,399610,TMT50,行业，TMT,34.54,韭圈儿
2013-08-30,399610,TMT50,行业，TMT,33.74,韭圈儿
2013-09-02,399610,TMT50,行业，TMT,34.34,韭圈儿
2013-09-03,399610,TMT50,行业，TMT,34.86,韭圈儿
2013-09-04,399610,TMT50,行业，TMT,34.88,韭圈儿
2013-09-05,399610,TMT50,行业，TMT,35.05,韭圈儿
2013-09-06,399610,TMT50,行业，TMT,35.29,韭圈儿
2013-09-09,399610,TMT50,行业，TMT,35.37,韭圈儿
2013-09-10,399610,TMT50,行业，TMT,35.17,韭圈儿
2013-09-11,399610,TMT50,行业，TMT,34.07,韭圈儿
2013-09-12,399610,TMT50,行业，TMT,34.1,韭圈儿
2013-09-13,399610,TMT50,行业，TMT,34.68,韭圈儿
2013-09-16,399610,TMT50,行业，TMT,34.91,韭圈儿
2013-09-17,399610,TMT50,行业，TMT,34.64,韭圈儿
2013-09-18,399610,TMT50,行业，TMT,35.49,韭圈儿
2013-09-23,399610,TMT50,行业，TMT,36.95,韭圈儿
2013-09-24,399610,TMT50,行业，TMT,36.89,韭圈儿
2013-09-25,399610,TMT50,行业，TMT,37.12,韭圈儿
2013-09-26,399610,TMT50,行业，TMT,36.5,韭圈儿
2013-09-27,399610,TMT50,行业，TMT,36.86,韭圈儿
2013-09-30,399610,TMT50,行业，TMT,37.46,韭圈儿
2013-10-08,399610,TMT50,行业，TMT,38.07,韭圈儿
2013-10-09,399610,TMT50,行业，TMT,38.26,韭圈儿
2013-10-10,399610,TMT50,行业，TMT,38.08,韭圈儿
2013-10-11,399610,TMT50,行业，TMT,37.76,韭圈儿
2013-10-14,399610,TMT50,行业，TMT,37.71,韭圈儿
2013-10-15,399610,TMT50,行业，TMT,37.51,韭圈儿
2013-10-16,399610,TMT50,行业，TMT,36.47,韭圈儿
2013-10-17,399610,TMT50,行业，TMT,36.32,韭圈儿
2013-10-18,399610,TMT50,行业，TMT,36.71,韭圈儿
2013-10-21,399610,TMT50,行业，TMT,37.56,韭圈儿
2013-10-22,399610,TMT50,行业，TMT,36.6,韭圈儿
2013-10-23,399610,TMT50,行业，TMT,33.14,韭圈儿
2013-10-24,399610,TMT50,行业，TMT,33.16,韭圈儿
2013-10-25,399610,TMT50,行业，TMT,31.82,韭圈儿
2013-10-28,399610,TMT50,行业，TMT,30.88,韭圈儿
2013-10-29,399610,TMT50,行业，TMT,30.07,韭圈儿
2013-10-30,399610,TMT50,行业，TMT,30.38,韭圈儿
2013-10-31,399610,TMT50,行业，TMT,29.13,韭圈儿
2013-11-01,399610,TMT50,行业，TMT,28.96,韭圈儿
2013-11-04,399610,TMT50,行业，TMT,29.25,韭圈儿
2013-11-05,399610,TMT50,行业，TMT,29.65,韭圈儿
2013-11-06,399610,TMT50,行业，TMT,29.1,韭圈儿
2013-11-07,399610,TMT50,行业，TMT,28.62,韭圈儿
2013-11-08,399610,TMT50,行业，TMT,28.23,韭圈儿
2013-11-11,399610,TMT50,行业，TMT,28.36,韭圈儿
2013-11-12,399610,TMT50,行业，TMT,28.71,韭圈儿
2013-11-13,399610,TMT50,行业，TMT,28.42,韭圈儿
2013-11-14,399610,TMT50,行业，TMT,29.03,韭圈儿
2013-11-15,399610,TMT50,行业，TMT,29.4,韭圈儿
2013-11-18,399610,TMT50,行业，TMT,29.92,韭圈儿
2013-11-19,399610,TMT50,行业，TMT,29.97,韭圈儿
2013-11-20,399610,TMT50,行业，TMT,30.22,韭圈儿
2013-11-21,399610,TMT50,行业，TMT,30.17,韭圈儿
2013-11-22,399610,TMT50,行业，TMT,29.96,韭圈儿
2013-11-25,399610,TMT50,行业，TMT,29.73,韭圈儿
2013-11-26,399610,TMT50,行业，TMT,29.88,韭圈儿
2013-11-27,399610,TMT50,行业，TMT,30.55,韭圈儿
2013-11-28,399610,TMT50,行业，TMT,30.81,韭圈儿
2013-11-29,399610,TMT50,行业，TMT,30.99,韭圈儿
2013-12-02,399610,TMT50,行业，TMT,29.4,韭圈儿
2013-12-03,399610,TMT50,行业，TMT,29.85,韭圈儿
2013-12-04,399610,TMT50,行业，TMT,30.05,韭圈儿
2013-12-05,399610,TMT50,行业，TMT,29.49,韭圈儿
2013-12-06,399610,TMT50,行业，TMT,29.4,韭圈儿
2013-12-09,399610,TMT50,行业，TMT,29.91,韭圈儿
2013-12-10,399610,TMT50,行业，TMT,30.11,韭圈儿
2013-12-11,399610,TMT50,行业，TMT,29.96,韭圈儿
2013-12-12,399610,TMT50,行业，TMT,30.34,韭圈儿
2013-12-13,399610,TMT50,行业，TMT,30.56,韭圈儿
2013-12-16,399610,TMT50,行业，TMT,30.29,韭圈儿
2013-12-17,399610,TMT50,行业，TMT,29.95,韭圈儿
2013-12-18,399610,TMT50,行业，TMT,29.88,韭圈儿
2013-12-19,399610,TMT50,行业，TMT,29.62,韭圈儿
2013-12-20,399610,TMT50,行业，TMT,29.33,韭圈儿
2013-12-23,399610,TMT50,行业，TMT,29.09,韭圈儿
2013-12-24,399610,TMT50,行业，TMT,29.55,韭圈儿
2013-12-25,399610,TMT50,行业，TMT,30.01,韭圈儿
2013-12-26,399610,TMT50,行业，TMT,29.44,韭圈儿
2013-12-27,399610,TMT50,行业，TMT,30.01,韭圈儿
2013-12-30,399610,TMT50,行业，TMT,29.93,韭圈儿
2013-12-31,399610,TMT50,行业，TMT,30.07,韭圈儿
2014-01-02,399610,TMT50,行业，TMT,31.84,韭圈儿
2014-01-03,399610,TMT50,行业，TMT,31.98,韭圈儿
2014-01-06,399610,TMT50,行业，TMT,31.1,韭圈儿
2014-01-07,399610,TMT50,行业，TMT,31.29,韭圈儿
2014-01-08,399610,TMT50,行业，TMT,31.8,韭圈儿
2014-01-09,399610,TMT50,行业，TMT,31.3,韭圈儿
2014-01-10,399610,TMT50,行业，TMT,30.84,韭圈儿
2014-01-13,399610,TMT50,行业，TMT,30.63,韭圈儿
2014-01-14,399610,TMT50,行业，TMT,31.21,韭圈儿
2014-01-15,399610,TMT50,行业，TMT,31.68,韭圈儿
2014-01-16,399610,TMT50,行业，TMT,31.28,韭圈儿
2014-01-17,399610,TMT50,行业，TMT,31.07,韭圈儿
2014-01-20,399610,TMT50,行业，TMT,29.74,韭圈儿
2014-01-21,399610,TMT50,行业，TMT,30.29,韭圈儿
2014-01-22,399610,TMT50,行业，TMT,30.93,韭圈儿
2014-01-23,399610,TMT50,行业，TMT,31.48,韭圈儿
2014-01-24,399610,TMT50,行业，TMT,31.35,韭圈儿
2014-01-27,399610,TMT50,行业，TMT,30.92,韭圈儿
2014-01-28,399610,TMT50,行业，TMT,30.62,韭圈儿
2014-01-29,399610,TMT50,行业，TMT,30.82,韭圈儿
2014-01-30,399610,TMT50,行业，TMT,30.61,韭圈儿
2014-02-07,399610,TMT50,行业，TMT,31.13,韭圈儿
2014-02-10,399610,TMT50,行业，TMT,31.86,韭圈儿
2014-02-11,399610,TMT50,行业，TMT,31.41,韭圈儿
2014-02-12,399610,TMT50,行业，TMT,31.66,韭圈儿
2014-02-13,399610,TMT50,行业，TMT,31.12,韭圈儿
2014-02-14,399610,TMT50,行业，TMT,31.36,韭圈儿
2014-02-17,399610,TMT50,行业，TMT,31.55,韭圈儿
2014-02-18,399610,TMT50,行业，TMT,31.31,韭圈儿
2014-02-19,399610,TMT50,行业，TMT,31.31,韭圈儿
2014-02-20,399610,TMT50,行业，TMT,30.72,韭圈儿
2014-02-21,399610,TMT50,行业，TMT,30.84,韭圈儿
2014-02-24,399610,TMT50,行业，TMT,30.86,韭圈儿
2014-02-25,399610,TMT50,行业，TMT,29.23,韭圈儿
2014-02-26,399610,TMT50,行业，TMT,29.29,韭圈儿
2014-02-27,399610,TMT50,行业，TMT,28.11,韭圈儿
2014-02-28,399610,TMT50,行业，TMT,28.21,韭圈儿
2014-03-03,399610,TMT50,行业，TMT,28.65,韭圈儿
2014-03-04,399610,TMT50,行业，TMT,28.36,韭圈儿
2014-03-05,399610,TMT50,行业，TMT,28.06,韭圈儿
2014-03-06,399610,TMT50,行业，TMT,27.98,韭圈儿
2014-03-07,399610,TMT50,行业，TMT,27.8,韭圈儿
2014-03-10,399610,TMT50,行业，TMT,27.0,韭圈儿
2014-03-11,399610,TMT50,行业，TMT,27.13,韭圈儿
2014-03-12,399610,TMT50,行业，TMT,27.24,韭圈儿
2014-03-13,399610,TMT50,行业，TMT,27.49,韭圈儿
2014-03-14,399610,TMT50,行业，TMT,27.45,韭圈儿
2014-03-17,399610,TMT50,行业，TMT,27.93,韭圈儿
2014-03-18,399610,TMT50,行业，TMT,27.87,韭圈儿
2014-03-19,399610,TMT50,行业，TMT,27.26,韭圈儿
2014-03-20,399610,TMT50,行业，TMT,26.39,韭圈儿
2014-03-21,399610,TMT50,行业，TMT,26.82,韭圈儿
2014-03-24,399610,TMT50,行业，TMT,26.63,韭圈儿
2014-03-25,399610,TMT50,行业，TMT,26.65,韭圈儿
2014-03-26,399610,TMT50,行业，TMT,26.94,韭圈儿
2014-03-27,399610,TMT50,行业，TMT,24.84,韭圈儿
2014-03-28,399610,TMT50,行业，TMT,24.53,韭圈儿
2014-03-31,399610,TMT50,行业，TMT,24.25,韭圈儿
2014-04-01,399610,TMT50,行业，TMT,24.71,韭圈儿
2014-04-02,399610,TMT50,行业，TMT,24.62,韭圈儿
2014-04-03,399610,TMT50,行业，TMT,24.71,韭圈儿
2014-04-04,399610,TMT50,行业，TMT,25.09,韭圈儿
2014-04-08,399610,TMT50,行业，TMT,26.62,韭圈儿
2014-04-09,399610,TMT50,行业，TMT,26.87,韭圈儿
2014-04-10,399610,TMT50,行业，TMT,26.95,韭圈儿
2014-04-11,399610,TMT50,行业，TMT,26.95,韭圈儿
2014-04-14,399610,TMT50,行业，TMT,26.99,韭圈儿
2014-04-15,399610,TMT50,行业，TMT,26.71,韭圈儿
2014-04-16,399610,TMT50,行业，TMT,26.69,韭圈儿
2014-04-17,399610,TMT50,行业，TMT,26.78,韭圈儿
2014-04-18,399610,TMT50,行业，TMT,26.49,韭圈儿
2014-04-21,399610,TMT50,行业，TMT,26.23,韭圈儿
2014-04-22,399610,TMT50,行业，TMT,25.86,韭圈儿
2014-04-23,399610,TMT50,行业，TMT,25.72,韭圈儿
2014-04-24,399610,TMT50,行业，TMT,25.38,韭圈儿
2014-04-25,399610,TMT50,行业，TMT,24.38,韭圈儿
2014-04-28,399610,TMT50,行业，TMT,23.55,韭圈儿
2014-04-29,399610,TMT50,行业，TMT,22.73,韭圈儿
2014-04-30,399610,TMT50,行业，TMT,22.91,韭圈儿
2014-05-05,399610,TMT50,行业，TMT,23.11,韭圈儿
2014-05-06,399610,TMT50,行业，TMT,23.32,韭圈儿
2014-05-07,399610,TMT50,行业，TMT,22.86,韭圈儿
2014-05-08,399610,TMT50,行业，TMT,22.79,韭圈儿
2014-05-09,399610,TMT50,行业，TMT,22.64,韭圈儿
2014-05-12,399610,TMT50,行业，TMT,23.08,韭圈儿
2014-05-13,399610,TMT50,行业，TMT,23.05,韭圈儿
2014-05-14,399610,TMT50,行业，TMT,23.09,韭圈儿
2014-05-15,399610,TMT50,行业，TMT,22.69,韭圈儿
2014-05-16,399610,TMT50,行业，TMT,22.64,韭圈儿
2014-05-19,399610,TMT50,行业，TMT,22.42,韭圈儿
2014-05-20,399610,TMT50,行业，TMT,22.56,韭圈儿
2014-05-21,399610,TMT50,行业，TMT,22.74,韭圈儿
2014-05-22,399610,TMT50,行业，TMT,22.76,韭圈儿
2014-05-23,399610,TMT50,行业，TMT,23.02,韭圈儿
2014-05-26,399610,TMT50,行业，TMT,23.24,韭圈儿
2014-05-27,399610,TMT50,行业，TMT,23.19,韭圈儿
2014-05-28,399610,TMT50,行业，TMT,23.76,韭圈儿
2014-05-29,399610,TMT50,行业，TMT,23.51,韭圈儿
2014-05-30,399610,TMT50,行业，TMT,23.59,韭圈儿
2014-06-03,399610,TMT50,行业，TMT,23.68,韭圈儿
2014-06-04,399610,TMT50,行业，TMT,23.5,韭圈儿
2014-06-05,399610,TMT50,行业，TMT,23.88,韭圈儿
2014-06-06,399610,TMT50,行业，TMT,23.67,韭圈儿
2014-06-09,399610,TMT50,行业，TMT,23.28,韭圈儿
2014-06-10,399610,TMT50,行业，TMT,23.84,韭圈儿
2014-06-11,399610,TMT50,行业，TMT,23.89,韭圈儿
2014-06-12,399610,TMT50,行业，TMT,23.85,韭圈儿
2014-06-13,399610,TMT50,行业，TMT,24.2,韭圈儿
2014-06-16,399610,TMT50,行业，TMT,24.38,韭圈儿
2014-06-17,399610,TMT50,行业，TMT,24.15,韭圈儿
2014-06-18,399610,TMT50,行业，TMT,24.01,韭圈儿
2014-06-19,399610,TMT50,行业，TMT,23.44,韭圈儿
2014-06-20,399610,TMT50,行业，TMT,23.53,韭圈儿
2014-06-23,399610,TMT50,行业，TMT,23.64,韭圈儿
2014-06-24,399610,TMT50,行业，TMT,23.82,韭圈儿
2014-06-25,399610,TMT50,行业，TMT,23.65,韭圈儿
2014-06-26,399610,TMT50,行业，TMT,23.99,韭圈儿
2014-06-27,399610,TMT50,行业，TMT,24.07,韭圈儿
2014-06-30,399610,TMT50,行业，TMT,24.31,韭圈儿
2014-07-01,399610,TMT50,行业，TMT,26.62,韭圈儿
2014-07-02,399610,TMT50,行业，TMT,26.67,韭圈儿
2014-07-03,399610,TMT50,行业，TMT,26.56,韭圈儿
2014-07-04,399610,TMT50,行业，TMT,26.47,韭圈儿
2014-07-07,399610,TMT50,行业，TMT,26.28,韭圈儿
2014-07-08,399610,TMT50,行业，TMT,26.52,韭圈儿
2014-07-09,399610,TMT50,行业，TMT,25.9,韭圈儿
2014-07-10,399610,TMT50,行业，TMT,25.45,韭圈儿
2014-07-11,399610,TMT50,行业，TMT,25.43,韭圈儿
2014-07-14,399610,TMT50,行业，TMT,25.61,韭圈儿
2014-07-15,399610,TMT50,行业，TMT,25.49,韭圈儿
2014-07-16,399610,TMT50,行业，TMT,25.23,韭圈儿
2014-07-17,399610,TMT50,行业，TMT,25.0,韭圈儿
2014-07-18,399610,TMT50,行业，TMT,25.0,韭圈儿
2014-07-21,399610,TMT50,行业，TMT,25.12,韭圈儿
2014-07-22,399610,TMT50,行业，TMT,25.27,韭圈儿
2014-07-23,399610,TMT50,行业，TMT,24.99,韭圈儿
2014-07-24,399610,TMT50,行业，TMT,24.82,韭圈儿
2014-07-25,399610,TMT50,行业，TMT,25.07,韭圈儿
2014-07-28,399610,TMT50,行业，TMT,25.63,韭圈儿
2014-07-29,399610,TMT50,行业，TMT,25.83,韭圈儿
2014-07-30,399610,TMT50,行业，TMT,25.82,韭圈儿
2014-07-31,399610,TMT50,行业，TMT,25.9,韭圈儿
2014-08-01,399610,TMT50,行业，TMT,25.55,韭圈儿
2014-08-04,399610,TMT50,行业，TMT,25.82,韭圈儿
2014-08-05,399610,TMT50,行业，TMT,26.12,韭圈儿
2014-08-06,399610,TMT50,行业，TMT,26.16,韭圈儿
2014-08-07,399610,TMT50,行业，TMT,25.97,韭圈儿
2014-08-08,399610,TMT50,行业，TMT,26.25,韭圈儿
2014-08-11,399610,TMT50,行业，TMT,26.54,韭圈儿
2014-08-12,399610,TMT50,行业，TMT,26.55,韭圈儿
2014-08-13,399610,TMT50,行业，TMT,26.49,韭圈儿
2014-08-14,399610,TMT50,行业，TMT,26.28,韭圈儿
2014-08-15,399610,TMT50,行业，TMT,26.58,韭圈儿
2014-08-18,399610,TMT50,行业，TMT,27.03,韭圈儿
2014-08-19,399610,TMT50,行业，TMT,25.66,韭圈儿
2014-08-20,399610,TMT50,行业，TMT,25.55,韭圈儿
2014-08-21,399610,TMT50,行业，TMT,25.44,韭圈儿
2014-08-22,399610,TMT50,行业，TMT,25.79,韭圈儿
2014-08-25,399610,TMT50,行业，TMT,25.44,韭圈儿
2014-08-26,399610,TMT50,行业，TMT,24.6,韭圈儿
2014-08-27,399610,TMT50,行业，TMT,24.78,韭圈儿
2014-08-28,399610,TMT50,行业，TMT,24.43,韭圈儿
2014-08-29,399610,TMT50,行业，TMT,24.7,韭圈儿
2014-09-01,399610,TMT50,行业，TMT,25.2,韭圈儿
2014-09-02,399610,TMT50,行业，TMT,25.45,韭圈儿
2014-09-03,399610,TMT50,行业，TMT,25.65,韭圈儿
2014-09-04,399610,TMT50,行业，TMT,25.86,韭圈儿
2014-09-05,399610,TMT50,行业，TMT,25.83,韭圈儿
2014-09-09,399610,TMT50,行业，TMT,25.77,韭圈儿
2014-09-10,399610,TMT50,行业，TMT,25.71,韭圈儿
2014-09-11,399610,TMT50,行业，TMT,25.67,韭圈儿
2014-09-12,399610,TMT50,行业，TMT,26.0,韭圈儿
2014-09-15,399610,TMT50,行业，TMT,26.0,韭圈儿
2014-09-16,399610,TMT50,行业，TMT,25.23,韭圈儿
2014-09-17,399610,TMT50,行业，TMT,25.3,韭圈儿
2014-09-18,399610,TMT50,行业，TMT,25.37,韭圈儿
2014-09-19,399610,TMT50,行业，TMT,25.5,韭圈儿
2014-09-22,399610,TMT50,行业，TMT,25.14,韭圈儿
2014-09-23,399610,TMT50,行业，TMT,25.4,韭圈儿
2014-09-24,399610,TMT50,行业，TMT,25.66,韭圈儿
2014-09-25,399610,TMT50,行业，TMT,25.51,韭圈儿
2014-09-26,399610,TMT50,行业，TMT,25.51,韭圈儿
2014-09-29,399610,TMT50,行业，TMT,25.73,韭圈儿
2014-09-30,399610,TMT50,行业，TMT,25.83,韭圈儿
2014-10-08,399610,TMT50,行业，TMT,25.98,韭圈儿
2014-10-09,399610,TMT50,行业，TMT,26.21,韭圈儿
2014-10-10,399610,TMT50,行业，TMT,26.16,韭圈儿
2014-10-13,399610,TMT50,行业，TMT,25.87,韭圈儿
2014-10-14,399610,TMT50,行业，TMT,25.84,韭圈儿
2014-10-15,399610,TMT50,行业，TMT,25.95,韭圈儿
2014-10-16,399610,TMT50,行业，TMT,25.47,韭圈儿
2014-10-17,399610,TMT50,行业，TMT,25.38,韭圈儿
2014-10-20,399610,TMT50,行业，TMT,25.61,韭圈儿
2014-10-21,399610,TMT50,行业，TMT,25.35,韭圈儿
2014-10-22,399610,TMT50,行业，TMT,25.15,韭圈儿
2014-10-23,399610,TMT50,行业，TMT,24.76,韭圈儿
2014-10-24,399610,TMT50,行业，TMT,24.0,韭圈儿
2014-10-27,399610,TMT50,行业，TMT,23.77,韭圈儿
2014-10-28,399610,TMT50,行业，TMT,24.19,韭圈儿
2014-10-29,399610,TMT50,行业，TMT,24.25,韭圈儿
2014-10-30,399610,TMT50,行业，TMT,24.06,韭圈儿
2014-10-31,399610,TMT50,行业，TMT,23.89,韭圈儿
2014-11-03,399610,TMT50,行业，TMT,23.99,韭圈儿
2014-11-04,399610,TMT50,行业，TMT,23.86,韭圈儿
2014-11-05,399610,TMT50,行业，TMT,23.72,韭圈儿
2014-11-06,399610,TMT50,行业，TMT,23.81,韭圈儿
2014-11-07,399610,TMT50,行业，TMT,23.75,韭圈儿
2014-11-10,399610,TMT50,行业，TMT,23.93,韭圈儿
2014-11-11,399610,TMT50,行业，TMT,23.33,韭圈儿
2014-11-12,399610,TMT50,行业，TMT,23.57,韭圈儿
2014-11-13,399610,TMT50,行业，TMT,23.2,韭圈儿
2014-11-14,399610,TMT50,行业，TMT,23.22,韭圈儿
2014-11-17,399610,TMT50,行业，TMT,23.37,韭圈儿
2014-11-18,399610,TMT50,行业，TMT,23.44,韭圈儿
2014-11-19,399610,TMT50,行业，TMT,23.66,韭圈儿
2014-11-20,399610,TMT50,行业，TMT,23.43,韭圈儿
2014-11-21,399610,TMT50,行业，TMT,23.72,韭圈儿
2014-11-24,399610,TMT50,行业，TMT,23.95,韭圈儿
2014-11-25,399610,TMT50,行业，TMT,24.42,韭圈儿
2014-11-26,399610,TMT50,行业，TMT,24.37,韭圈儿
2014-11-27,399610,TMT50,行业，TMT,24.46,韭圈儿
2014-11-28,399610,TMT50,行业，TMT,24.47,韭圈儿
2014-12-01,399610,TMT50,行业，TMT,24.59,韭圈儿
2014-12-02,399610,TMT50,行业，TMT,24.94,韭圈儿
2014-12-03,399610,TMT50,行业，TMT,25.77,韭圈儿
2014-12-04,399610,TMT50,行业，TMT,26.29,韭圈儿
2014-12-05,399610,TMT50,行业，TMT,25.86,韭圈儿
2014-12-08,399610,TMT50,行业，TMT,26.25,韭圈儿
2014-12-09,399610,TMT50,行业，TMT,25.16,韭圈儿
2014-12-10,399610,TMT50,行业，TMT,26.32,韭圈儿
2014-12-11,399610,TMT50,行业，TMT,26.44,韭圈儿
2014-12-12,399610,TMT50,行业，TMT,26.63,韭圈儿
2014-12-15,399610,TMT50,行业，TMT,27.15,韭圈儿
2014-12-16,399610,TMT50,行业，TMT,27.04,韭圈儿
2014-12-17,399610,TMT50,行业，TMT,26.83,韭圈儿
2014-12-18,399610,TMT50,行业，TMT,27.06,韭圈儿
2014-12-19,399610,TMT50,行业，TMT,26.54,韭圈儿
2014-12-22,399610,TMT50,行业，TMT,25.81,韭圈儿
2014-12-23,399610,TMT50,行业，TMT,25.68,韭圈儿
2014-12-24,399610,TMT50,行业，TMT,25.74,韭圈儿
2014-12-25,399610,TMT50,行业，TMT,26.02,韭圈儿
2014-12-26,399610,TMT50,行业，TMT,26.31,韭圈儿
2014-12-29,399610,TMT50,行业，TMT,25.84,韭圈儿
2014-12-30,399610,TMT50,行业，TMT,25.24,韭圈儿
2014-12-31,399610,TMT50,行业，TMT,25.5,韭圈儿
2015-01-05,399610,TMT50,行业，TMT,40.59,韭圈儿
2015-01-06,399610,TMT50,行业，TMT,42.21,韭圈儿
2015-01-07,399610,TMT50,行业，TMT,41.78,韭圈儿
2015-01-08,399610,TMT50,行业，TMT,42.01,韭圈儿
2015-01-09,399610,TMT50,行业，TMT,42.17,韭圈儿
2015-01-12,399610,TMT50,行业，TMT,42.71,韭圈儿
2015-01-13,399610,TMT50,行业，TMT,43.58,韭圈儿
2015-01-14,399610,TMT50,行业，TMT,43.02,韭圈儿
2015-01-15,399610,TMT50,行业，TMT,43.17,韭圈儿
2015-01-16,399610,TMT50,行业，TMT,44.52,韭圈儿
2015-01-19,399610,TMT50,行业，TMT,43.65,韭圈儿
2015-01-20,399610,TMT50,行业，TMT,45.47,韭圈儿
2015-01-21,399610,TMT50,行业，TMT,46.15,韭圈儿
2015-01-22,399610,TMT50,行业，TMT,46.6,韭圈儿
2015-01-23,399610,TMT50,行业，TMT,45.5,韭圈儿
2015-01-26,399610,TMT50,行业，TMT,46.6,韭圈儿
2015-01-27,399610,TMT50,行业，TMT,45.49,韭圈儿
2015-01-28,399610,TMT50,行业，TMT,44.88,韭圈儿
2015-01-29,399610,TMT50,行业，TMT,44.64,韭圈儿
2015-01-30,399610,TMT50,行业，TMT,43.87,韭圈儿
2015-02-02,399610,TMT50,行业，TMT,44.03,韭圈儿
2015-02-03,399610,TMT50,行业，TMT,45.21,韭圈儿
2015-02-04,399610,TMT50,行业，TMT,45.01,韭圈儿
2015-02-05,399610,TMT50,行业，TMT,45.09,韭圈儿
2015-02-06,399610,TMT50,行业，TMT,43.7,韭圈儿
2015-02-09,399610,TMT50,行业，TMT,42.95,韭圈儿
2015-02-10,399610,TMT50,行业，TMT,44.43,韭圈儿
2015-02-11,399610,TMT50,行业，TMT,45.51,韭圈儿
2015-02-12,399610,TMT50,行业，TMT,45.89,韭圈儿
2015-02-13,399610,TMT50,行业，TMT,46.37,韭圈儿
2015-02-16,399610,TMT50,行业，TMT,48.52,韭圈儿
2015-02-17,399610,TMT50,行业，TMT,48.19,韭圈儿
2015-02-25,399610,TMT50,行业，TMT,47.39,韭圈儿
2015-02-26,399610,TMT50,行业，TMT,47.55,韭圈儿
2015-02-27,399610,TMT50,行业，TMT,47.63,韭圈儿
2015-03-02,399610,TMT50,行业，TMT,47.78,韭圈儿
2015-03-03,399610,TMT50,行业，TMT,46.66,韭圈儿
2015-03-04,399610,TMT50,行业，TMT,47.81,韭圈儿
2015-03-05,399610,TMT50,行业，TMT,47.97,韭圈儿
2015-03-06,399610,TMT50,行业，TMT,46.76,韭圈儿
2015-03-09,399610,TMT50,行业，TMT,47.39,韭圈儿
2015-03-10,399610,TMT50,行业，TMT,48.53,韭圈儿
2015-03-11,399610,TMT50,行业，TMT,48.37,韭圈儿
2015-03-12,399610,TMT50,行业，TMT,48.26,韭圈儿
2015-03-13,399610,TMT50,行业，TMT,49.14,韭圈儿
2015-03-16,399610,TMT50,行业，TMT,50.84,韭圈儿
2015-03-17,399610,TMT50,行业，TMT,51.15,韭圈儿
2015-03-18,399610,TMT50,行业，TMT,52.29,韭圈儿
2015-03-19,399610,TMT50,行业，TMT,52.32,韭圈儿
2015-03-20,399610,TMT50,行业，TMT,52.8,韭圈儿
2015-03-23,399610,TMT50,行业，TMT,54.45,韭圈儿
2015-03-24,399610,TMT50,行业，TMT,55.28,韭圈儿
2015-03-25,399610,TMT50,行业，TMT,55.11,韭圈儿
2015-03-26,399610,TMT50,行业，TMT,53.43,韭圈儿
2015-03-27,399610,TMT50,行业，TMT,54.21,韭圈儿
2015-03-30,399610,TMT50,行业，TMT,54.34,韭圈儿
2015-03-31,399610,TMT50,行业，TMT,54.9,韭圈儿
2015-04-01,399610,TMT50,行业，TMT,56.38,韭圈儿
2015-04-02,399610,TMT50,行业，TMT,57.75,韭圈儿
2015-04-03,399610,TMT50,行业，TMT,58.11,韭圈儿
2015-04-07,399610,TMT50,行业，TMT,59.18,韭圈儿
2015-04-08,399610,TMT50,行业，TMT,57.79,韭圈儿
2015-04-09,399610,TMT50,行业，TMT,57.16,韭圈儿
2015-04-10,399610,TMT50,行业，TMT,58.72,韭圈儿
2015-04-13,399610,TMT50,行业，TMT,58.77,韭圈儿
2015-04-14,399610,TMT50,行业，TMT,58.17,韭圈儿
2015-04-15,399610,TMT50,行业，TMT,55.88,韭圈儿
2015-04-16,399610,TMT50,行业，TMT,56.99,韭圈儿
2015-04-17,399610,TMT50,行业，TMT,57.3,韭圈儿
2015-04-20,399610,TMT50,行业，TMT,56.92,韭圈儿
2015-04-21,399610,TMT50,行业，TMT,59.72,韭圈儿
2015-04-22,399610,TMT50,行业，TMT,61.16,韭圈儿
2015-04-23,399610,TMT50,行业，TMT,61.37,韭圈儿
2015-04-24,399610,TMT50,行业，TMT,61.58,韭圈儿
2015-04-27,399610,TMT50,行业，TMT,62.57,韭圈儿
2015-04-28,399610,TMT50,行业，TMT,61.38,韭圈儿
2015-04-29,399610,TMT50,行业，TMT,64.38,韭圈儿
2015-04-30,399610,TMT50,行业，TMT,65.19,韭圈儿
2015-05-04,399610,TMT50,行业，TMT,64.72,韭圈儿
2015-05-05,399610,TMT50,行业，TMT,62.5,韭圈儿
2015-05-06,399610,TMT50,行业，TMT,63.01,韭圈儿
2015-05-07,399610,TMT50,行业，TMT,62.29,韭圈儿
2015-05-08,399610,TMT50,行业，TMT,65.65,韭圈儿
2015-05-11,399610,TMT50,行业，TMT,69.14,韭圈儿
2015-05-12,399610,TMT50,行业，TMT,71.08,韭圈儿
2015-05-13,399610,TMT50,行业，TMT,71.53,韭圈儿
2015-05-14,399610,TMT50,行业，TMT,70.74,韭圈儿
2015-05-15,399610,TMT50,行业，TMT,70.53,韭圈儿
2015-05-18,399610,TMT50,行业，TMT,72.71,韭圈儿
2015-05-19,399610,TMT50,行业，TMT,74.1,韭圈儿
2015-05-20,399610,TMT50,行业，TMT,75.76,韭圈儿
2015-05-21,399610,TMT50,行业，TMT,78.41,韭圈儿
2015-05-22,399610,TMT50,行业，TMT,78.92,韭圈儿
2015-05-25,399610,TMT50,行业，TMT,79.79,韭圈儿
2015-05-26,399610,TMT50,行业，TMT,82.73,韭圈儿
2015-05-27,399610,TMT50,行业，TMT,81.96,韭圈儿
2015-05-28,399610,TMT50,行业，TMT,77.0,韭圈儿
2015-05-29,399610,TMT50,行业，TMT,78.34,韭圈儿
2015-06-01,399610,TMT50,行业，TMT,82.37,韭圈儿
2015-06-02,399610,TMT50,行业，TMT,85.68,韭圈儿
2015-06-03,399610,TMT50,行业，TMT,85.82,韭圈儿
2015-06-04,399610,TMT50,行业，TMT,84.93,韭圈儿
2015-06-05,399610,TMT50,行业，TMT,84.23,韭圈儿
2015-06-08,399610,TMT50,行业，TMT,82.13,韭圈儿
2015-06-09,399610,TMT50,行业，TMT,81.93,韭圈儿
2015-06-10,399610,TMT50,行业，TMT,84.22,韭圈儿
2015-06-11,399610,TMT50,行业，TMT,84.86,韭圈儿
2015-06-12,399610,TMT50,行业，TMT,85.57,韭圈儿
2015-06-15,399610,TMT50,行业，TMT,82.27,韭圈儿
2015-06-16,399610,TMT50,行业，TMT,78.75,韭圈儿
2015-06-17,399610,TMT50,行业，TMT,80.91,韭圈儿
2015-06-18,399610,TMT50,行业，TMT,76.74,韭圈儿
2015-06-19,399610,TMT50,行业，TMT,72.57,韭圈儿
2015-06-23,399610,TMT50,行业，TMT,74.38,韭圈儿
2015-06-24,399610,TMT50,行业，TMT,75.35,韭圈儿
2015-06-25,399610,TMT50,行业，TMT,71.6,韭圈儿
2015-06-26,399610,TMT50,行业，TMT,65.27,韭圈儿
2015-06-29,399610,TMT50,行业，TMT,61.0,韭圈儿
2015-06-30,399610,TMT50,行业，TMT,65.17,韭圈儿
2015-07-01,399610,TMT50,行业，TMT,65.24,韭圈儿
2015-07-02,399610,TMT50,行业，TMT,62.38,韭圈儿
2015-07-03,399610,TMT50,行业，TMT,60.22,韭圈儿
2015-07-06,399610,TMT50,行业，TMT,58.39,韭圈儿
2015-07-07,399610,TMT50,行业，TMT,54.28,韭圈儿
2015-07-08,399610,TMT50,行业，TMT,53.83,韭圈儿
2015-07-09,399610,TMT50,行业，TMT,55.27,韭圈儿
2015-07-10,399610,TMT50,行业，TMT,57.08,韭圈儿
2015-07-13,399610,TMT50,行业，TMT,60.3,韭圈儿
2015-07-14,399610,TMT50,行业，TMT,62.21,韭圈儿
2015-07-15,399610,TMT50,行业，TMT,59.13,韭圈儿
2015-07-16,399610,TMT50,行业，TMT,60.19,韭圈儿
2015-07-17,399610,TMT50,行业，TMT,63.81,韭圈儿
2015-07-20,399610,TMT50,行业，TMT,65.22,韭圈儿
2015-07-21,399610,TMT50,行业，TMT,65.43,韭圈儿
2015-07-22,399610,TMT50,行业，TMT,65.61,韭圈儿
2015-07-23,399610,TMT50,行业，TMT,66.33,韭圈儿
2015-07-24,399610,TMT50,行业，TMT,65.22,韭圈儿
2015-07-27,399610,TMT50,行业，TMT,60.26,韭圈儿
2015-07-28,399610,TMT50,行业，TMT,58.6,韭圈儿
2015-07-29,399610,TMT50,行业，TMT,61.72,韭圈儿
2015-07-30,399610,TMT50,行业，TMT,60.01,韭圈儿
2015-07-31,399610,TMT50,行业，TMT,59.51,韭圈儿
2015-08-03,399610,TMT50,行业，TMT,57.11,韭圈儿
2015-08-04,399610,TMT50,行业，TMT,60.28,韭圈儿
2015-08-05,399610,TMT50,行业，TMT,58.81,韭圈儿
2015-08-06,399610,TMT50,行业，TMT,58.21,韭圈儿
2015-08-07,399610,TMT50,行业，TMT,60.17,韭圈儿
2015-08-10,399610,TMT50,行业，TMT,62.75,韭圈儿
2015-08-11,399610,TMT50,行业，TMT,62.53,韭圈儿
2015-08-12,399610,TMT50,行业，TMT,61.34,韭圈儿
2015-08-13,399610,TMT50,行业，TMT,62.87,韭圈儿
2015-08-14,399610,TMT50,行业，TMT,62.51,韭圈儿
2015-08-17,399610,TMT50,行业，TMT,62.5,韭圈儿
2015-08-18,399610,TMT50,行业，TMT,58.67,韭圈儿
2015-08-19,399610,TMT50,行业，TMT,60.12,韭圈儿
2015-08-20,399610,TMT50,行业，TMT,58.88,韭圈儿
2015-08-21,399610,TMT50,行业，TMT,55.31,韭圈儿
2015-08-24,399610,TMT50,行业，TMT,51.29,韭圈儿
2015-08-25,399610,TMT50,行业，TMT,47.03,韭圈儿
2015-08-26,399610,TMT50,行业，TMT,43.34,韭圈儿
2015-08-27,399610,TMT50,行业，TMT,44.41,韭圈儿
2015-08-28,399610,TMT50,行业，TMT,46.64,韭圈儿
2015-08-31,399610,TMT50,行业，TMT,45.51,韭圈儿
2015-09-01,399610,TMT50,行业，TMT,44.05,韭圈儿
2015-09-02,399610,TMT50,行业，TMT,43.27,韭圈儿
2015-09-07,399610,TMT50,行业，TMT,43.29,韭圈儿
2015-09-08,399610,TMT50,行业，TMT,44.84,韭圈儿
2015-09-09,399610,TMT50,行业，TMT,46.27,韭圈儿
2015-09-10,399610,TMT50,行业，TMT,45.1,韭圈儿
2015-09-11,399610,TMT50,行业，TMT,45.6,韭圈儿
2015-09-14,399610,TMT50,行业，TMT,41.96,韭圈儿
2015-09-15,399610,TMT50,行业，TMT,39.34,韭圈儿
2015-09-16,399610,TMT50,行业，TMT,42.37,韭圈儿
2015-09-17,399610,TMT50,行业，TMT,41.87,韭圈儿
2015-09-18,399610,TMT50,行业，TMT,42.75,韭圈儿
2015-09-21,399610,TMT50,行业，TMT,44.74,韭圈儿
2015-09-22,399610,TMT50,行业，TMT,44.9,韭圈儿
2015-09-23,399610,TMT50,行业，TMT,44.54,韭圈儿
2015-09-24,399610,TMT50,行业，TMT,45.38,韭圈儿
2015-09-25,399610,TMT50,行业，TMT,43.39,韭圈儿
2015-09-28,399610,TMT50,行业，TMT,44.91,韭圈儿
2015-09-29,399610,TMT50,行业，TMT,44.08,韭圈儿
2015-09-30,399610,TMT50,行业，TMT,44.32,韭圈儿
2015-10-08,399610,TMT50,行业，TMT,46.32,韭圈儿
2015-10-09,399610,TMT50,行业，TMT,46.77,韭圈儿
2015-10-12,399610,TMT50,行业，TMT,48.85,韭圈儿
2015-10-13,399610,TMT50,行业，TMT,49.3,韭圈儿
2015-10-14,399610,TMT50,行业，TMT,48.45,韭圈儿
2015-10-15,399610,TMT50,行业，TMT,50.35,韭圈儿
2015-10-16,399610,TMT50,行业，TMT,51.17,韭圈儿
2015-10-19,399610,TMT50,行业，TMT,50.97,韭圈儿
2015-10-20,399610,TMT50,行业，TMT,51.91,韭圈儿
2015-10-21,399610,TMT50,行业，TMT,48.47,韭圈儿
2015-10-22,399610,TMT50,行业，TMT,49.96,韭圈儿
2015-10-23,399610,TMT50,行业，TMT,51.1,韭圈儿
2015-10-26,399610,TMT50,行业，TMT,51.32,韭圈儿
2015-10-27,399610,TMT50,行业，TMT,52.67,韭圈儿
2015-10-28,399610,TMT50,行业，TMT,50.54,韭圈儿
2015-10-29,399610,TMT50,行业，TMT,50.98,韭圈儿
2015-10-30,399610,TMT50,行业，TMT,50.95,韭圈儿
2015-11-02,399610,TMT50,行业，TMT,49.88,韭圈儿
2015-11-03,399610,TMT50,行业，TMT,49.63,韭圈儿
2015-11-04,399610,TMT50,行业，TMT,52.36,韭圈儿
2015-11-05,399610,TMT50,行业，TMT,52.15,韭圈儿
2015-11-06,399610,TMT50,行业，TMT,54.13,韭圈儿
2015-11-09,399610,TMT50,行业，TMT,54.98,韭圈儿
2015-11-10,399610,TMT50,行业，TMT,55.16,韭圈儿
2015-11-11,399610,TMT50,行业，TMT,56.05,韭圈儿
2015-11-12,399610,TMT50,行业，TMT,55.98,韭圈儿
2015-11-13,399610,TMT50,行业，TMT,54.28,韭圈儿
2015-11-16,399610,TMT50,行业，TMT,55.86,韭圈儿
2015-11-17,399610,TMT50,行业，TMT,54.63,韭圈儿
2015-11-18,399610,TMT50,行业，TMT,53.63,韭圈儿
2015-11-19,399610,TMT50,行业，TMT,55.9,韭圈儿
2015-11-20,399610,TMT50,行业，TMT,56.39,韭圈儿
2015-11-23,399610,TMT50,行业，TMT,56.01,韭圈儿
2015-11-24,399610,TMT50,行业，TMT,56.6,韭圈儿
2015-11-25,399610,TMT50,行业，TMT,57.46,韭圈儿
2015-11-26,399610,TMT50,行业，TMT,56.36,韭圈儿
2015-11-27,399610,TMT50,行业，TMT,53.04,韭圈儿
2015-11-30,399610,TMT50,行业，TMT,53.19,韭圈儿
2015-12-01,399610,TMT50,行业，TMT,53.01,韭圈儿
2015-12-02,399610,TMT50,行业，TMT,52.86,韭圈儿
2015-12-03,399610,TMT50,行业，TMT,54.41,韭圈儿
2015-12-04,399610,TMT50,行业，TMT,53.89,韭圈儿
2015-12-07,399610,TMT50,行业，TMT,54.98,韭圈儿
2015-12-08,399610,TMT50,行业，TMT,54.07,韭圈儿
2015-12-09,399610,TMT50,行业，TMT,53.8,韭圈儿
2015-12-10,399610,TMT50,行业，TMT,54.21,韭圈儿
2015-12-11,399610,TMT50,行业，TMT,53.93,韭圈儿
2015-12-14,399610,TMT50,行业，TMT,55.0,韭圈儿
2015-12-15,399610,TMT50,行业，TMT,55.68,韭圈儿
2015-12-16,399610,TMT50,行业，TMT,55.86,韭圈儿
2015-12-17,399610,TMT50,行业，TMT,57.41,韭圈儿
2015-12-18,399610,TMT50,行业，TMT,57.06,韭圈儿
2015-12-21,399610,TMT50,行业，TMT,57.49,韭圈儿
2015-12-22,399610,TMT50,行业，TMT,58.15,韭圈儿
2015-12-23,399610,TMT50,行业，TMT,57.02,韭圈儿
2015-12-24,399610,TMT50,行业，TMT,57.06,韭圈儿
2015-12-25,399610,TMT50,行业，TMT,57.29,韭圈儿
2015-12-28,399610,TMT50,行业，TMT,56.39,韭圈儿
2015-12-29,399610,TMT50,行业，TMT,56.58,韭圈儿
2015-12-30,399610,TMT50,行业，TMT,57.07,韭圈儿
2015-12-31,399610,TMT50,行业，TMT,55.79,韭圈儿
2016-01-04,399610,TMT50,行业，TMT,53.53,韭圈儿
2016-01-05,399610,TMT50,行业，TMT,52.49,韭圈儿
2016-01-06,399610,TMT50,行业，TMT,53.54,韭圈儿
2016-01-07,399610,TMT50,行业，TMT,49.06,韭圈儿
2016-01-08,399610,TMT50,行业，TMT,49.49,韭圈儿
2016-01-11,399610,TMT50,行业，TMT,46.57,韭圈儿
2016-01-12,399610,TMT50,行业，TMT,47.28,韭圈儿
2016-01-13,399610,TMT50,行业，TMT,45.73,韭圈儿
2016-01-14,399610,TMT50,行业，TMT,47.81,韭圈儿
2016-01-15,399610,TMT50,行业，TMT,46.13,韭圈儿
2016-01-18,399610,TMT50,行业，TMT,47.07,韭圈儿
2016-01-19,399610,TMT50,行业，TMT,48.35,韭圈儿
2016-01-20,399610,TMT50,行业，TMT,46.91,韭圈儿
2016-01-21,399610,TMT50,行业，TMT,45.0,韭圈儿
2016-01-22,399610,TMT50,行业，TMT,45.81,韭圈儿
2016-01-25,399610,TMT50,行业，TMT,46.12,韭圈儿
2016-01-26,399610,TMT50,行业，TMT,42.55,韭圈儿
2016-01-27,399610,TMT50,行业，TMT,42.71,韭圈儿
2016-01-28,399610,TMT50,行业，TMT,40.98,韭圈儿
2016-01-29,399610,TMT50,行业，TMT,42.75,韭圈儿
2016-02-01,399610,TMT50,行业，TMT,42.57,韭圈儿
2016-02-02,399610,TMT50,行业，TMT,44.1,韭圈儿
2016-02-03,399610,TMT50,行业，TMT,44.33,韭圈儿
2016-02-04,399610,TMT50,行业，TMT,45.0,韭圈儿
2016-02-05,399610,TMT50,行业，TMT,43.81,韭圈儿
2016-02-15,399610,TMT50,行业，TMT,43.78,韭圈儿
2016-02-16,399610,TMT50,行业，TMT,45.67,韭圈儿
2016-02-17,399610,TMT50,行业，TMT,46.15,韭圈儿
2016-02-18,399610,TMT50,行业，TMT,45.48,韭圈儿
2016-02-19,399610,TMT50,行业，TMT,45.71,韭圈儿
2016-02-22,399610,TMT50,行业，TMT,46.54,韭圈儿
2016-02-23,399610,TMT50,行业，TMT,45.95,韭圈儿
2016-02-24,399610,TMT50,行业，TMT,45.78,韭圈儿
2016-02-25,399610,TMT50,行业，TMT,42.36,韭圈儿
2016-02-26,399610,TMT50,行业，TMT,41.97,韭圈儿
2016-02-29,399610,TMT50,行业，TMT,38.81,韭圈儿
2016-03-01,399610,TMT50,行业，TMT,39.87,韭圈儿
2016-03-02,399610,TMT50,行业，TMT,41.49,韭圈儿
2016-03-03,399610,TMT50,行业，TMT,41.37,韭圈儿
2016-03-04,399610,TMT50,行业，TMT,40.15,韭圈儿
2016-03-07,399610,TMT50,行业，TMT,40.81,韭圈儿
2016-03-08,399610,TMT50,行业，TMT,41.24,韭圈儿
2016-03-09,399610,TMT50,行业，TMT,40.57,韭圈儿
2016-03-10,399610,TMT50,行业，TMT,40.05,韭圈儿
2016-03-11,399610,TMT50,行业，TMT,40.04,韭圈儿
2016-03-14,399610,TMT50,行业，TMT,41.43,韭圈儿
2016-03-15,399610,TMT50,行业，TMT,40.95,韭圈儿
2016-03-16,399610,TMT50,行业，TMT,40.52,韭圈儿
2016-03-17,399610,TMT50,行业，TMT,42.17,韭圈儿
2016-03-18,399610,TMT50,行业，TMT,43.6,韭圈儿
2016-03-21,399610,TMT50,行业，TMT,44.7,韭圈儿
2016-03-22,399610,TMT50,行业，TMT,44.34,韭圈儿
2016-03-23,399610,TMT50,行业，TMT,45.02,韭圈儿
2016-03-24,399610,TMT50,行业，TMT,44.51,韭圈儿
2016-03-25,399610,TMT50,行业，TMT,44.51,韭圈儿
2016-03-28,399610,TMT50,行业，TMT,43.84,韭圈儿
2016-03-29,399610,TMT50,行业，TMT,43.34,韭圈儿
2016-03-30,399610,TMT50,行业，TMT,44.88,韭圈儿
2016-03-31,399610,TMT50,行业，TMT,44.69,韭圈儿
2016-04-01,399610,TMT50,行业，TMT,44.46,韭圈儿
2016-04-05,399610,TMT50,行业，TMT,45.67,韭圈儿
2016-04-06,399610,TMT50,行业，TMT,45.73,韭圈儿
2016-04-07,399610,TMT50,行业，TMT,45.16,韭圈儿
2016-04-08,399610,TMT50,行业，TMT,45.44,韭圈儿
2016-04-11,399610,TMT50,行业，TMT,45.97,韭圈儿
2016-04-12,399610,TMT50,行业，TMT,45.77,韭圈儿
2016-04-13,399610,TMT50,行业，TMT,46.26,韭圈儿
2016-04-14,399610,TMT50,行业，TMT,46.59,韭圈儿
2016-04-15,399610,TMT50,行业，TMT,47.7,韭圈儿
2016-04-18,399610,TMT50,行业，TMT,46.9,韭圈儿
2016-04-19,399610,TMT50,行业，TMT,46.87,韭圈儿
2016-04-20,399610,TMT50,行业，TMT,45.03,韭圈儿
2016-04-21,399610,TMT50,行业，TMT,44.6,韭圈儿
2016-04-22,399610,TMT50,行业，TMT,45.2,韭圈儿
2016-04-25,399610,TMT50,行业，TMT,45.32,韭圈儿
2016-04-26,399610,TMT50,行业，TMT,46.4,韭圈儿
2016-04-27,399610,TMT50,行业，TMT,45.48,韭圈儿
2016-04-28,399610,TMT50,行业，TMT,45.53,韭圈儿
2016-04-29,399610,TMT50,行业，TMT,45.11,韭圈儿
2016-05-03,399610,TMT50,行业，TMT,46.25,韭圈儿
2016-05-04,399610,TMT50,行业，TMT,46.24,韭圈儿
2016-05-05,399610,TMT50,行业，TMT,46.47,韭圈儿
2016-05-06,399610,TMT50,行业，TMT,45.09,韭圈儿
2016-05-09,399610,TMT50,行业，TMT,43.98,韭圈儿
2016-05-10,399610,TMT50,行业，TMT,43.8,韭圈儿
2016-05-11,399610,TMT50,行业，TMT,43.57,韭圈儿
2016-05-12,399610,TMT50,行业，TMT,43.65,韭圈儿
2016-05-13,399610,TMT50,行业，TMT,43.46,韭圈儿
2016-05-16,399610,TMT50,行业，TMT,44.13,韭圈儿
2016-05-17,399610,TMT50,行业，TMT,44.51,韭圈儿
2016-05-18,399610,TMT50,行业，TMT,43.59,韭圈儿
2016-05-19,399610,TMT50,行业，TMT,43.79,韭圈儿
2016-05-20,399610,TMT50,行业，TMT,44.13,韭圈儿
2016-05-23,399610,TMT50,行业，TMT,44.59,韭圈儿
2016-05-24,399610,TMT50,行业，TMT,44.35,韭圈儿
2016-05-25,399610,TMT50,行业，TMT,44.22,韭圈儿
2016-05-26,399610,TMT50,行业，TMT,44.52,韭圈儿
2016-05-27,399610,TMT50,行业，TMT,44.63,韭圈儿
2016-05-30,399610,TMT50,行业，TMT,44.56,韭圈儿
2016-05-31,399610,TMT50,行业，TMT,46.36,韭圈儿
2016-06-01,399610,TMT50,行业，TMT,46.65,韭圈儿
2016-06-02,399610,TMT50,行业，TMT,46.86,韭圈儿
2016-06-03,399610,TMT50,行业，TMT,47.31,韭圈儿
2016-06-06,399610,TMT50,行业，TMT,47.52,韭圈儿
2016-06-07,399610,TMT50,行业，TMT,47.34,韭圈儿
2016-06-08,399610,TMT50,行业，TMT,46.97,韭圈儿
2016-06-13,399610,TMT50,行业，TMT,44.13,韭圈儿
2016-06-14,399610,TMT50,行业，TMT,44.06,韭圈儿
2016-06-15,399610,TMT50,行业，TMT,45.4,韭圈儿
2016-06-16,399610,TMT50,行业，TMT,44.86,韭圈儿
2016-06-17,399610,TMT50,行业，TMT,45.15,韭圈儿
2016-06-20,399610,TMT50,行业，TMT,45.37,韭圈儿
2016-06-21,399610,TMT50,行业，TMT,44.75,韭圈儿
2016-06-22,399610,TMT50,行业，TMT,45.38,韭圈儿
2016-06-23,399610,TMT50,行业，TMT,45.21,韭圈儿
2016-06-24,399610,TMT50,行业，TMT,44.63,韭圈儿
2016-06-27,399610,TMT50,行业，TMT,45.76,韭圈儿
2016-06-28,399610,TMT50,行业，TMT,46.29,韭圈儿
2016-06-29,399610,TMT50,行业，TMT,46.23,韭圈儿
2016-06-30,399610,TMT50,行业，TMT,46.76,韭圈儿
2016-07-01,399610,TMT50,行业，TMT,47.43,韭圈儿
2016-07-04,399610,TMT50,行业，TMT,48.13,韭圈儿
2016-07-05,399610,TMT50,行业，TMT,47.88,韭圈儿
2016-07-06,399610,TMT50,行业，TMT,48.1,韭圈儿
2016-07-07,399610,TMT50,行业，TMT,47.77,韭圈儿
2016-07-08,399610,TMT50,行业，TMT,47.85,韭圈儿
2016-07-11,399610,TMT50,行业，TMT,47.51,韭圈儿
2016-07-12,399610,TMT50,行业，TMT,48.23,韭圈儿
2016-07-13,399610,TMT50,行业，TMT,49.09,韭圈儿
2016-07-14,399610,TMT50,行业，TMT,49.12,韭圈儿
2016-07-15,399610,TMT50,行业，TMT,48.94,韭圈儿
2016-07-18,399610,TMT50,行业，TMT,48.77,韭圈儿
2016-07-19,399610,TMT50,行业，TMT,48.95,韭圈儿
2016-07-20,399610,TMT50,行业，TMT,49.11,韭圈儿
2016-07-21,399610,TMT50,行业，TMT,49.22,韭圈儿
2016-07-22,399610,TMT50,行业，TMT,49.13,韭圈儿
2016-07-25,399610,TMT50,行业，TMT,48.82,韭圈儿
2016-07-26,399610,TMT50,行业，TMT,49.32,韭圈儿
2016-07-27,399610,TMT50,行业，TMT,47.4,韭圈儿
2016-07-28,399610,TMT50,行业，TMT,46.85,韭圈儿
2016-07-29,399610,TMT50,行业，TMT,46.07,韭圈儿
2016-08-01,399610,TMT50,行业，TMT,44.46,韭圈儿
2016-08-02,399610,TMT50,行业，TMT,44.76,韭圈儿
2016-08-03,399610,TMT50,行业，TMT,44.93,韭圈儿
2016-08-04,399610,TMT50,行业，TMT,45.31,韭圈儿
2016-08-05,399610,TMT50,行业，TMT,44.97,韭圈儿
2016-08-08,399610,TMT50,行业，TMT,45.62,韭圈儿
2016-08-09,399610,TMT50,行业，TMT,46.23,韭圈儿
2016-08-10,399610,TMT50,行业，TMT,46.03,韭圈儿
2016-08-11,399610,TMT50,行业，TMT,45.44,韭圈儿
2016-08-12,399610,TMT50,行业，TMT,45.81,韭圈儿
2016-08-15,399610,TMT50,行业，TMT,46.98,韭圈儿
2016-08-16,399610,TMT50,行业，TMT,46.97,韭圈儿
2016-08-17,399610,TMT50,行业，TMT,47.22,韭圈儿
2016-08-18,399610,TMT50,行业，TMT,46.88,韭圈儿
2016-08-19,399610,TMT50,行业，TMT,46.92,韭圈儿
2016-08-22,399610,TMT50,行业，TMT,46.17,韭圈儿
2016-08-23,399610,TMT50,行业，TMT,46.13,韭圈儿
2016-08-24,399610,TMT50,行业，TMT,46.27,韭圈儿
2016-08-25,399610,TMT50,行业，TMT,45.95,韭圈儿
2016-08-26,399610,TMT50,行业，TMT,46.69,韭圈儿
2016-08-29,399610,TMT50,行业，TMT,46.48,韭圈儿
2016-08-30,399610,TMT50,行业，TMT,48.15,韭圈儿
2016-08-31,399610,TMT50,行业，TMT,48.09,韭圈儿
2016-09-01,399610,TMT50,行业，TMT,47.9,韭圈儿
2016-09-02,399610,TMT50,行业，TMT,47.65,韭圈儿
2016-09-05,399610,TMT50,行业，TMT,47.77,韭圈儿
2016-09-06,399610,TMT50,行业，TMT,48.64,韭圈儿
2016-09-07,399610,TMT50,行业，TMT,48.28,韭圈儿
2016-09-08,399610,TMT50,行业，TMT,48.07,韭圈儿
2016-09-09,399610,TMT50,行业，TMT,47.68,韭圈儿
2016-09-12,399610,TMT50,行业，TMT,46.31,韭圈儿
2016-09-13,399610,TMT50,行业，TMT,46.72,韭圈儿
2016-09-14,399610,TMT50,行业，TMT,46.98,韭圈儿
2016-09-19,399610,TMT50,行业，TMT,47.32,韭圈儿
2016-09-20,399610,TMT50,行业，TMT,47.1,韭圈儿
2016-09-21,399610,TMT50,行业，TMT,47.24,韭圈儿
2016-09-22,399610,TMT50,行业，TMT,47.37,韭圈儿
2016-09-23,399610,TMT50,行业，TMT,47.0,韭圈儿
2016-09-26,399610,TMT50,行业，TMT,45.88,韭圈儿
2016-09-27,399610,TMT50,行业，TMT,46.29,韭圈儿
2016-09-28,399610,TMT50,行业，TMT,46.09,韭圈儿
2016-09-29,399610,TMT50,行业，TMT,46.26,韭圈儿
2016-09-30,399610,TMT50,行业，TMT,46.42,韭圈儿
2016-10-10,399610,TMT50,行业，TMT,47.28,韭圈儿
2016-10-11,399610,TMT50,行业，TMT,47.4,韭圈儿
2016-10-12,399610,TMT50,行业，TMT,47.05,韭圈儿
2016-10-13,399610,TMT50,行业，TMT,47.21,韭圈儿
2016-10-14,399610,TMT50,行业，TMT,46.93,韭圈儿
2016-10-17,399610,TMT50,行业，TMT,46.34,韭圈儿
2016-10-18,399610,TMT50,行业，TMT,46.86,韭圈儿
2016-10-19,399610,TMT50,行业，TMT,46.68,韭圈儿
2016-10-20,399610,TMT50,行业，TMT,46.96,韭圈儿
2016-10-21,399610,TMT50,行业，TMT,46.45,韭圈儿
2016-10-24,399610,TMT50,行业，TMT,46.95,韭圈儿
2016-10-25,399610,TMT50,行业，TMT,45.65,韭圈儿
2016-10-26,399610,TMT50,行业，TMT,45.34,韭圈儿
2016-10-27,399610,TMT50,行业，TMT,44.99,韭圈儿
2016-10-28,399610,TMT50,行业，TMT,44.2,韭圈儿
2016-10-31,399610,TMT50,行业，TMT,42.67,韭圈儿
2016-11-01,399610,TMT50,行业，TMT,43.21,韭圈儿
2016-11-02,399610,TMT50,行业，TMT,43.0,韭圈儿
2016-11-03,399610,TMT50,行业，TMT,43.12,韭圈儿
2016-11-04,399610,TMT50,行业，TMT,43.67,韭圈儿
2016-11-07,399610,TMT50,行业，TMT,42.83,韭圈儿
2016-11-08,399610,TMT50,行业，TMT,43.31,韭圈儿
2016-11-09,399610,TMT50,行业，TMT,43.05,韭圈儿
2016-11-10,399610,TMT50,行业，TMT,43.49,韭圈儿
2016-11-11,399610,TMT50,行业，TMT,43.51,韭圈儿
2016-11-14,399610,TMT50,行业，TMT,43.84,韭圈儿
2016-11-15,399610,TMT50,行业，TMT,44.01,韭圈儿
2016-11-16,399610,TMT50,行业，TMT,44.16,韭圈儿
2016-11-17,399610,TMT50,行业，TMT,43.74,韭圈儿
2016-11-18,399610,TMT50,行业，TMT,43.36,韭圈儿
2016-11-21,399610,TMT50,行业，TMT,43.38,韭圈儿
2016-11-22,399610,TMT50,行业，TMT,43.79,韭圈儿
2016-11-23,399610,TMT50,行业，TMT,43.45,韭圈儿
2016-11-24,399610,TMT50,行业，TMT,43.14,韭圈儿
2016-11-25,399610,TMT50,行业，TMT,43.43,韭圈儿
2016-11-28,399610,TMT50,行业，TMT,43.45,韭圈儿
2016-11-29,399610,TMT50,行业，TMT,43.45,韭圈儿
2016-11-30,399610,TMT50,行业，TMT,43.56,韭圈儿
2016-12-01,399610,TMT50,行业，TMT,43.78,韭圈儿
2016-12-02,399610,TMT50,行业，TMT,43.23,韭圈儿
2016-12-05,399610,TMT50,行业，TMT,42.83,韭圈儿
2016-12-06,399610,TMT50,行业，TMT,42.49,韭圈儿
2016-12-07,399610,TMT50,行业，TMT,42.67,韭圈儿
2016-12-08,399610,TMT50,行业，TMT,42.37,韭圈儿
2016-12-09,399610,TMT50,行业，TMT,42.08,韭圈儿
2016-12-12,399610,TMT50,行业，TMT,39.86,韭圈儿
2016-12-13,399610,TMT50,行业，TMT,39.87,韭圈儿
2016-12-14,399610,TMT50,行业，TMT,39.43,韭圈儿
2016-12-15,399610,TMT50,行业，TMT,39.6,韭圈儿
2016-12-16,399610,TMT50,行业，TMT,40.06,韭圈儿
2016-12-19,399610,TMT50,行业，TMT,39.75,韭圈儿
2016-12-20,399610,TMT50,行业，TMT,39.73,韭圈儿
2016-12-21,399610,TMT50,行业，TMT,39.92,韭圈儿
2016-12-22,399610,TMT50,行业，TMT,39.83,韭圈儿
2016-12-23,399610,TMT50,行业，TMT,39.6,韭圈儿
2016-12-26,399610,TMT50,行业，TMT,39.5,韭圈儿
2016-12-27,399610,TMT50,行业，TMT,39.4,韭圈儿
2016-12-28,399610,TMT50,行业，TMT,39.31,韭圈儿
2016-12-29,399610,TMT50,行业，TMT,39.35,韭圈儿
2016-12-30,399610,TMT50,行业，TMT,39.42,韭圈儿
2017-01-03,399610,TMT50,行业，TMT,40.23,韭圈儿
2017-01-04,399610,TMT50,行业，TMT,40.83,韭圈儿
2017-01-05,399610,TMT50,行业，TMT,40.64,韭圈儿
2017-01-06,399610,TMT50,行业，TMT,40.21,韭圈儿
2017-01-09,399610,TMT50,行业，TMT,40.29,韭圈儿
2017-01-10,399610,TMT50,行业，TMT,40.18,韭圈儿
2017-01-11,399610,TMT50,行业，TMT,39.89,韭圈儿
2017-01-12,399610,TMT50,行业，TMT,39.79,韭圈儿
2017-01-13,399610,TMT50,行业，TMT,39.31,韭圈儿
2017-01-16,399610,TMT50,行业，TMT,37.86,韭圈儿
2017-01-17,399610,TMT50,行业，TMT,38.6,韭圈儿
2017-01-18,399610,TMT50,行业，TMT,38.43,韭圈儿
2017-01-19,399610,TMT50,行业，TMT,38.37,韭圈儿
2017-01-20,399610,TMT50,行业，TMT,39.04,韭圈儿
2017-01-23,399610,TMT50,行业，TMT,39.34,韭圈儿
2017-01-24,399610,TMT50,行业，TMT,39.13,韭圈儿
2017-01-25,399610,TMT50,行业，TMT,39.33,韭圈儿
2017-01-26,399610,TMT50,行业，TMT,39.55,韭圈儿
2017-02-03,399610,TMT50,行业，TMT,39.28,韭圈儿
2017-02-06,399610,TMT50,行业，TMT,39.54,韭圈儿
2017-02-07,399610,TMT50,行业，TMT,39.2,韭圈儿
2017-02-08,399610,TMT50,行业，TMT,39.54,韭圈儿
2017-02-09,399610,TMT50,行业，TMT,39.64,韭圈儿
2017-02-10,399610,TMT50,行业，TMT,39.49,韭圈儿
2017-02-13,399610,TMT50,行业，TMT,39.74,韭圈儿
2017-02-14,399610,TMT50,行业，TMT,39.78,韭圈儿
2017-02-15,399610,TMT50,行业，TMT,39.48,韭圈儿
2017-02-16,399610,TMT50,行业，TMT,39.67,韭圈儿
2017-02-17,399610,TMT50,行业，TMT,39.13,韭圈儿
2017-02-20,399610,TMT50,行业，TMT,39.54,韭圈儿
2017-02-21,399610,TMT50,行业，TMT,39.82,韭圈儿
2017-02-22,399610,TMT50,行业，TMT,39.86,韭圈儿
2017-02-23,399610,TMT50,行业，TMT,39.83,韭圈儿
2017-02-24,399610,TMT50,行业，TMT,40.03,韭圈儿
2017-02-27,399610,TMT50,行业，TMT,39.83,韭圈儿
2017-02-28,399610,TMT50,行业，TMT,41.82,韭圈儿
2017-03-01,399610,TMT50,行业，TMT,41.94,韭圈儿
2017-03-02,399610,TMT50,行业，TMT,41.68,韭圈儿
2017-03-03,399610,TMT50,行业，TMT,41.88,韭圈儿
2017-03-06,399610,TMT50,行业，TMT,42.46,韭圈儿
2017-03-07,399610,TMT50,行业，TMT,42.67,韭圈儿
2017-03-08,399610,TMT50,行业，TMT,48.75,韭圈儿
2017-03-09,399610,TMT50,行业，TMT,48.51,韭圈儿
2017-03-10,399610,TMT50,行业，TMT,48.48,韭圈儿
2017-03-13,399610,TMT50,行业，TMT,49.14,韭圈儿
2017-03-14,399610,TMT50,行业，TMT,48.79,韭圈儿
2017-03-15,399610,TMT50,行业，TMT,48.74,韭圈儿
2017-03-16,399610,TMT50,行业，TMT,49.15,韭圈儿
2017-03-17,399610,TMT50,行业，TMT,48.73,韭圈儿
2017-03-20,399610,TMT50,行业，TMT,48.76,韭圈儿
2017-03-21,399610,TMT50,行业，TMT,48.87,韭圈儿
2017-03-22,399610,TMT50,行业，TMT,49.05,韭圈儿
2017-03-23,399610,TMT50,行业，TMT,49.46,韭圈儿
2017-03-24,399610,TMT50,行业，TMT,50.12,韭圈儿
2017-03-27,399610,TMT50,行业，TMT,49.92,韭圈儿
2017-03-28,399610,TMT50,行业，TMT,50.05,韭圈儿
2017-03-29,399610,TMT50,行业，TMT,49.76,韭圈儿
2017-03-30,399610,TMT50,行业，TMT,48.77,韭圈儿
2017-03-31,399610,TMT50,行业，TMT,49.24,韭圈儿
2017-04-05,399610,TMT50,行业，TMT,50.01,韭圈儿
2017-04-06,399610,TMT50,行业，TMT,49.84,韭圈儿
2017-04-07,399610,TMT50,行业，TMT,50.06,韭圈儿
2017-04-10,399610,TMT50,行业，TMT,49.63,韭圈儿
2017-04-11,399610,TMT50,行业，TMT,47.12,韭圈儿
2017-04-12,399610,TMT50,行业，TMT,46.77,韭圈儿
2017-04-13,399610,TMT50,行业，TMT,46.89,韭圈儿
2017-04-14,399610,TMT50,行业，TMT,46.06,韭圈儿
2017-04-17,399610,TMT50,行业，TMT,45.61,韭圈儿
2017-04-18,399610,TMT50,行业，TMT,45.41,韭圈儿
2017-04-19,399610,TMT50,行业，TMT,45.31,韭圈儿
2017-04-20,399610,TMT50,行业，TMT,46.11,韭圈儿
2017-04-21,399610,TMT50,行业，TMT,46.34,韭圈儿
2017-04-24,399610,TMT50,行业，TMT,45.94,韭圈儿
2017-04-25,399610,TMT50,行业，TMT,43.89,韭圈儿
2017-04-26,399610,TMT50,行业，TMT,43.95,韭圈儿
2017-04-27,399610,TMT50,行业，TMT,44.24,韭圈儿
2017-04-28,399610,TMT50,行业，TMT,43.67,韭圈儿
2017-05-02,399610,TMT50,行业，TMT,43.67,韭圈儿
2017-05-03,399610,TMT50,行业，TMT,43.67,韭圈儿
2017-05-04,399610,TMT50,行业，TMT,43.78,韭圈儿
2017-05-05,399610,TMT50,行业，TMT,43.31,韭圈儿
2017-05-08,399610,TMT50,行业，TMT,42.47,韭圈儿
2017-05-09,399610,TMT50,行业，TMT,42.94,韭圈儿
2017-05-10,399610,TMT50,行业，TMT,42.74,韭圈儿
2017-05-11,399610,TMT50,行业，TMT,42.68,韭圈儿
2017-05-12,399610,TMT50,行业，TMT,42.58,韭圈儿
2017-05-15,399610,TMT50,行业，TMT,43.35,韭圈儿
2017-05-16,399610,TMT50,行业，TMT,44.46,韭圈儿
2017-05-17,399610,TMT50,行业，TMT,44.21,韭圈儿
2017-05-18,399610,TMT50,行业，TMT,44.05,韭圈儿
2017-05-19,399610,TMT50,行业，TMT,43.81,韭圈儿
2017-05-22,399610,TMT50,行业，TMT,43.95,韭圈儿
2017-05-23,399610,TMT50,行业，TMT,43.34,韭圈儿
2017-05-24,399610,TMT50,行业，TMT,43.67,韭圈儿
2017-05-25,399610,TMT50,行业，TMT,43.77,韭圈儿
2017-05-26,399610,TMT50,行业，TMT,43.35,韭圈儿
2017-05-31,399610,TMT50,行业，TMT,43.46,韭圈儿
2017-06-01,399610,TMT50,行业，TMT,43.57,韭圈儿
2017-06-02,399610,TMT50,行业，TMT,43.98,韭圈儿
2017-06-05,399610,TMT50,行业，TMT,44.26,韭圈儿
2017-06-06,399610,TMT50,行业，TMT,44.49,韭圈儿
2017-06-07,399610,TMT50,行业，TMT,45.66,韭圈儿
2017-06-08,399610,TMT50,行业，TMT,45.72,韭圈儿
2017-06-09,399610,TMT50,行业，TMT,46.34,韭圈儿
2017-06-12,399610,TMT50,行业，TMT,45.65,韭圈儿
2017-06-13,399610,TMT50,行业，TMT,46.09,韭圈儿
2017-06-14,399610,TMT50,行业，TMT,45.35,韭圈儿
2017-06-15,399610,TMT50,行业，TMT,45.74,韭圈儿
2017-06-16,399610,TMT50,行业，TMT,45.8,韭圈儿
2017-06-19,399610,TMT50,行业，TMT,45.6,韭圈儿
2017-06-20,399610,TMT50,行业，TMT,45.62,韭圈儿
2017-06-21,399610,TMT50,行业，TMT,46.47,韭圈儿
2017-06-22,399610,TMT50,行业，TMT,45.93,韭圈儿
2017-06-23,399610,TMT50,行业，TMT,46.46,韭圈儿
2017-06-26,399610,TMT50,行业，TMT,47.2,韭圈儿
2017-06-27,399610,TMT50,行业，TMT,47.13,韭圈儿
2017-06-28,399610,TMT50,行业，TMT,46.73,韭圈儿
2017-06-29,399610,TMT50,行业，TMT,47.44,韭圈儿
2017-06-30,399610,TMT50,行业，TMT,47.46,韭圈儿
2017-07-03,399610,TMT50,行业，TMT,48.11,韭圈儿
2017-07-04,399610,TMT50,行业，TMT,48.0,韭圈儿
2017-07-05,399610,TMT50,行业，TMT,48.52,韭圈儿
2017-07-06,399610,TMT50,行业，TMT,48.37,韭圈儿
2017-07-07,399610,TMT50,行业，TMT,48.31,韭圈儿
2017-07-10,399610,TMT50,行业，TMT,47.54,韭圈儿
2017-07-11,399610,TMT50,行业，TMT,47.37,韭圈儿
2017-07-12,399610,TMT50,行业，TMT,47.34,韭圈儿
2017-07-13,399610,TMT50,行业，TMT,47.25,韭圈儿
2017-07-14,399610,TMT50,行业，TMT,47.3,韭圈儿
2017-07-17,399610,TMT50,行业，TMT,45.69,韭圈儿
2017-07-18,399610,TMT50,行业，TMT,45.6,韭圈儿
2017-07-19,399610,TMT50,行业，TMT,46.96,韭圈儿
2017-07-20,399610,TMT50,行业，TMT,46.99,韭圈儿
2017-07-21,399610,TMT50,行业，TMT,47.03,韭圈儿
2017-07-24,399610,TMT50,行业，TMT,46.8,韭圈儿
2017-07-25,399610,TMT50,行业，TMT,46.31,韭圈儿
2017-07-26,399610,TMT50,行业，TMT,45.93,韭圈儿
2017-07-27,399610,TMT50,行业，TMT,46.55,韭圈儿
2017-07-28,399610,TMT50,行业，TMT,46.31,韭圈儿
2017-07-31,399610,TMT50,行业，TMT,46.45,韭圈儿
2017-08-01,399610,TMT50,行业，TMT,46.19,韭圈儿
2017-08-02,399610,TMT50,行业，TMT,45.88,韭圈儿
2017-08-03,399610,TMT50,行业，TMT,45.44,韭圈儿
2017-08-04,399610,TMT50,行业，TMT,45.11,韭圈儿
2017-08-07,399610,TMT50,行业，TMT,45.42,韭圈儿
2017-08-08,399610,TMT50,行业，TMT,45.61,韭圈儿
2017-08-09,399610,TMT50,行业，TMT,45.74,韭圈儿
2017-08-10,399610,TMT50,行业，TMT,45.93,韭圈儿
2017-08-11,399610,TMT50,行业，TMT,45.53,韭圈儿
2017-08-14,399610,TMT50,行业，TMT,46.92,韭圈儿
2017-08-15,399610,TMT50,行业，TMT,47.36,韭圈儿
2017-08-16,399610,TMT50,行业，TMT,48.18,韭圈儿
2017-08-17,399610,TMT50,行业，TMT,48.28,韭圈儿
2017-08-18,399610,TMT50,行业，TMT,47.72,韭圈儿
2017-08-21,399610,TMT50,行业，TMT,48.02,韭圈儿
2017-08-22,399610,TMT50,行业，TMT,47.36,韭圈儿
2017-08-23,399610,TMT50,行业，TMT,47.3,韭圈儿
2017-08-24,399610,TMT50,行业，TMT,46.91,韭圈儿
2017-08-25,399610,TMT50,行业，TMT,46.85,韭圈儿
2017-08-28,399610,TMT50,行业，TMT,47.81,韭圈儿
2017-08-29,399610,TMT50,行业，TMT,45.47,韭圈儿
2017-08-30,399610,TMT50,行业，TMT,45.85,韭圈儿
2017-08-31,399610,TMT50,行业，TMT,45.82,韭圈儿
2017-09-01,399610,TMT50,行业，TMT,46.34,韭圈儿
2017-09-04,399610,TMT50,行业，TMT,47.16,韭圈儿
2017-09-05,399610,TMT50,行业，TMT,47.03,韭圈儿
2017-09-06,399610,TMT50,行业，TMT,47.29,韭圈儿
2017-09-07,399610,TMT50,行业，TMT,46.82,韭圈儿
2017-09-08,399610,TMT50,行业，TMT,46.8,韭圈儿
2017-09-11,399610,TMT50,行业，TMT,46.88,韭圈儿
2017-09-12,399610,TMT50,行业，TMT,46.79,韭圈儿
2017-09-13,399610,TMT50,行业，TMT,46.65,韭圈儿
2017-09-14,399610,TMT50,行业，TMT,46.33,韭圈儿
2017-09-15,399610,TMT50,行业，TMT,46.13,韭圈儿
2017-09-18,399610,TMT50,行业，TMT,46.56,韭圈儿
2017-09-19,399610,TMT50,行业，TMT,46.18,韭圈儿
2017-09-20,399610,TMT50,行业，TMT,46.55,韭圈儿
2017-09-21,399610,TMT50,行业，TMT,46.26,韭圈儿
2017-09-22,399610,TMT50,行业，TMT,46.36,韭圈儿
2017-09-25,399610,TMT50,行业，TMT,45.66,韭圈儿
2017-09-26,399610,TMT50,行业，TMT,45.73,韭圈儿
2017-09-27,399610,TMT50,行业，TMT,46.27,韭圈儿
2017-09-28,399610,TMT50,行业，TMT,46.67,韭圈儿
2017-09-29,399610,TMT50,行业，TMT,47.03,韭圈儿
2017-10-09,399610,TMT50,行业，TMT,47.96,韭圈儿
2017-10-10,399610,TMT50,行业，TMT,48.18,韭圈儿
2017-10-11,399610,TMT50,行业，TMT,48.21,韭圈儿
2017-10-12,399610,TMT50,行业，TMT,48.38,韭圈儿
2017-10-13,399610,TMT50,行业，TMT,49.14,韭圈儿
2017-10-16,399610,TMT50,行业，TMT,49.01,韭圈儿
2017-10-17,399610,TMT50,行业，TMT,48.8,韭圈儿
2017-10-18,399610,TMT50,行业，TMT,49.14,韭圈儿
2017-10-19,399610,TMT50,行业，TMT,47.82,韭圈儿
2017-10-20,399610,TMT50,行业，TMT,47.96,韭圈儿
2017-10-23,399610,TMT50,行业，TMT,48.34,韭圈儿
2017-10-24,399610,TMT50,行业，TMT,48.12,韭圈儿
2017-10-25,399610,TMT50,行业，TMT,47.49,韭圈儿
2017-10-26,399610,TMT50,行业，TMT,47.14,韭圈儿
2017-10-27,399610,TMT50,行业，TMT,47.16,韭圈儿
2017-10-30,399610,TMT50,行业，TMT,48.76,韭圈儿
2017-10-31,399610,TMT50,行业，TMT,48.66,韭圈儿
2017-11-01,399610,TMT50,行业，TMT,48.27,韭圈儿
2017-11-02,399610,TMT50,行业，TMT,47.96,韭圈儿
2017-11-03,399610,TMT50,行业，TMT,48.31,韭圈儿
2017-11-06,399610,TMT50,行业，TMT,49.4,韭圈儿
2017-11-07,399610,TMT50,行业，TMT,49.75,韭圈儿
2017-11-08,399610,TMT50,行业，TMT,49.5,韭圈儿
2017-11-09,399610,TMT50,行业，TMT,50.63,韭圈儿
2017-11-10,399610,TMT50,行业，TMT,51.31,韭圈儿
2017-11-13,399610,TMT50,行业，TMT,52.05,韭圈儿
2017-11-14,399610,TMT50,行业，TMT,51.28,韭圈儿
2017-11-15,399610,TMT50,行业，TMT,50.22,韭圈儿
2017-11-16,399610,TMT50,行业，TMT,51.04,韭圈儿
2017-11-17,399610,TMT50,行业，TMT,49.88,韭圈儿
2017-11-20,399610,TMT50,行业，TMT,51.45,韭圈儿
2017-11-21,399610,TMT50,行业，TMT,52.28,韭圈儿
2017-11-22,399610,TMT50,行业，TMT,51.92,韭圈儿
2017-11-23,399610,TMT50,行业，TMT,49.29,韭圈儿
2017-11-24,399610,TMT50,行业，TMT,48.45,韭圈儿
2017-11-27,399610,TMT50,行业，TMT,47.02,韭圈儿
2017-11-28,399610,TMT50,行业，TMT,48.12,韭圈儿
2017-11-29,399610,TMT50,行业，TMT,47.64,韭圈儿
2017-11-30,399610,TMT50,行业，TMT,46.83,韭圈儿
2017-12-01,399610,TMT50,行业，TMT,47.73,韭圈儿
2017-12-04,399610,TMT50,行业，TMT,48.07,韭圈儿
2017-12-05,399610,TMT50,行业，TMT,47.25,韭圈儿
2017-12-06,399610,TMT50,行业，TMT,47.66,韭圈儿
2017-12-07,399610,TMT50,行业，TMT,46.99,韭圈儿
2017-12-08,399610,TMT50,行业，TMT,47.96,韭圈儿
2017-12-11,399610,TMT50,行业，TMT,49.1,韭圈儿
2017-12-12,399610,TMT50,行业，TMT,48.6,韭圈儿
2017-12-13,399610,TMT50,行业，TMT,48.85,韭圈儿
2017-12-14,399610,TMT50,行业，TMT,48.42,韭圈儿
2017-12-15,399610,TMT50,行业，TMT,47.77,韭圈儿
2017-12-18,399610,TMT50,行业，TMT,47.11,韭圈儿
2017-12-19,399610,TMT50,行业，TMT,47.68,韭圈儿
2017-12-20,399610,TMT50,行业，TMT,47.16,韭圈儿
2017-12-21,399610,TMT50,行业，TMT,48.31,韭圈儿
2017-12-22,399610,TMT50,行业，TMT,48.15,韭圈儿
2017-12-25,399610,TMT50,行业，TMT,47.41,韭圈儿
2017-12-26,399610,TMT50,行业，TMT,47.44,韭圈儿
2017-12-27,399610,TMT50,行业，TMT,46.74,韭圈儿
2017-12-28,399610,TMT50,行业，TMT,47.14,韭圈儿
2017-12-29,399610,TMT50,行业，TMT,47.72,韭圈儿
2018-01-02,399610,TMT50,行业，TMT,43.15,韭圈儿
2018-01-03,399610,TMT50,行业，TMT,43.83,韭圈儿
2018-01-04,399610,TMT50,行业，TMT,43.96,韭圈儿
2018-01-05,399610,TMT50,行业，TMT,43.44,韭圈儿
2018-01-08,399610,TMT50,行业，TMT,43.23,韭圈儿
2018-01-09,399610,TMT50,行业，TMT,43.64,韭圈儿
2018-01-10,399610,TMT50,行业，TMT,43.63,韭圈儿
2018-01-11,399610,TMT50,行业，TMT,44.09,韭圈儿
2018-01-12,399610,TMT50,行业，TMT,43.8,韭圈儿
2018-01-15,399610,TMT50,行业，TMT,43.17,韭圈儿
2018-01-16,399610,TMT50,行业，TMT,43.1,韭圈儿
2018-01-17,399610,TMT50,行业，TMT,42.77,韭圈儿
2018-01-18,399610,TMT50,行业，TMT,42.51,韭圈儿
2018-01-19,399610,TMT50,行业，TMT,42.7,韭圈儿
2018-01-22,399610,TMT50,行业，TMT,43.51,韭圈儿
2018-01-23,399610,TMT50,行业，TMT,43.58,韭圈儿
2018-01-24,399610,TMT50,行业，TMT,44.08,韭圈儿
2018-01-25,399610,TMT50,行业，TMT,43.7,韭圈儿
2018-01-26,399610,TMT50,行业，TMT,43.41,韭圈儿
2018-01-29,399610,TMT50,行业，TMT,42.21,韭圈儿
2018-01-30,399610,TMT50,行业，TMT,42.01,韭圈儿
2018-01-31,399610,TMT50,行业，TMT,41.24,韭圈儿
2018-02-01,399610,TMT50,行业，TMT,40.07,韭圈儿
2018-02-02,399610,TMT50,行业，TMT,37.27,韭圈儿
2018-02-05,399610,TMT50,行业，TMT,36.79,韭圈儿
2018-02-06,399610,TMT50,行业，TMT,34.96,韭圈儿
2018-02-07,399610,TMT50,行业，TMT,35.04,韭圈儿
2018-02-08,399610,TMT50,行业，TMT,35.95,韭圈儿
2018-02-09,399610,TMT50,行业，TMT,34.76,韭圈儿
2018-02-12,399610,TMT50,行业，TMT,36.12,韭圈儿
2018-02-13,399610,TMT50,行业，TMT,36.24,韭圈儿
2018-02-14,399610,TMT50,行业，TMT,36.34,韭圈儿
2018-02-22,399610,TMT50,行业，TMT,37.41,韭圈儿
2018-02-23,399610,TMT50,行业，TMT,37.21,韭圈儿
2018-02-26,399610,TMT50,行业，TMT,38.94,韭圈儿
2018-02-27,399610,TMT50,行业，TMT,38.89,韭圈儿
2018-02-28,399610,TMT50,行业，TMT,37.78,韭圈儿
2018-03-01,399610,TMT50,行业，TMT,38.65,韭圈儿
2018-03-02,399610,TMT50,行业，TMT,37.82,韭圈儿
2018-03-05,399610,TMT50,行业，TMT,38.16,韭圈儿
2018-03-06,399610,TMT50,行业，TMT,38.62,韭圈儿
2018-03-07,399610,TMT50,行业，TMT,38.0,韭圈儿
2018-03-08,399610,TMT50,行业，TMT,38.18,韭圈儿
2018-03-09,399610,TMT50,行业，TMT,39.35,韭圈儿
2018-03-12,399610,TMT50,行业，TMT,39.96,韭圈儿
2018-03-13,399610,TMT50,行业，TMT,39.55,韭圈儿
2018-03-14,399610,TMT50,行业，TMT,38.99,韭圈儿
2018-03-15,399610,TMT50,行业，TMT,39.05,韭圈儿
2018-03-16,399610,TMT50,行业，TMT,38.25,韭圈儿
2018-03-19,399610,TMT50,行业，TMT,38.49,韭圈儿
2018-03-20,399610,TMT50,行业，TMT,38.58,韭圈儿
2018-03-21,399610,TMT50,行业，TMT,38.26,韭圈儿
2018-03-22,399610,TMT50,行业，TMT,37.91,韭圈儿
2018-03-23,399610,TMT50,行业，TMT,36.13,韭圈儿
2018-03-26,399610,TMT50,行业，TMT,36.81,韭圈儿
2018-03-27,399610,TMT50,行业，TMT,37.98,韭圈儿
2018-03-28,399610,TMT50,行业，TMT,37.1,韭圈儿
2018-03-29,399610,TMT50,行业，TMT,37.04,韭圈儿
2018-03-30,399610,TMT50,行业，TMT,37.5,韭圈儿
2018-04-02,399610,TMT50,行业，TMT,37.55,韭圈儿
2018-04-03,399610,TMT50,行业，TMT,37.04,韭圈儿
2018-04-04,399610,TMT50,行业，TMT,36.46,韭圈儿
2018-04-09,399610,TMT50,行业，TMT,36.27,韭圈儿
2018-04-10,399610,TMT50,行业，TMT,36.7,韭圈儿
2018-04-11,399610,TMT50,行业，TMT,36.93,韭圈儿
2018-04-12,399610,TMT50,行业，TMT,36.66,韭圈儿
2018-04-13,399610,TMT50,行业，TMT,35.84,韭圈儿
2018-04-16,399610,TMT50,行业，TMT,35.76,韭圈儿
2018-04-17,399610,TMT50,行业，TMT,34.35,韭圈儿
2018-04-18,399610,TMT50,行业，TMT,34.53,韭圈儿
2018-04-19,399610,TMT50,行业，TMT,34.75,韭圈儿
2018-04-20,399610,TMT50,行业，TMT,33.8,韭圈儿
2018-04-23,399610,TMT50,行业，TMT,33.31,韭圈儿
2018-04-24,399610,TMT50,行业，TMT,34.47,韭圈儿
2018-04-25,399610,TMT50,行业，TMT,34.46,韭圈儿
2018-04-26,399610,TMT50,行业，TMT,32.39,韭圈儿
2018-04-27,399610,TMT50,行业，TMT,32.62,韭圈儿
2018-05-02,399610,TMT50,行业，TMT,32.71,韭圈儿
2018-05-03,399610,TMT50,行业，TMT,33.33,韭圈儿
2018-05-04,399610,TMT50,行业，TMT,33.13,韭圈儿
2018-05-07,399610,TMT50,行业，TMT,33.52,韭圈儿
2018-05-08,399610,TMT50,行业，TMT,33.97,韭圈儿
2018-05-09,399610,TMT50,行业，TMT,33.91,韭圈儿
2018-05-10,399610,TMT50,行业，TMT,34.0,韭圈儿
2018-05-11,399610,TMT50,行业，TMT,33.61,韭圈儿
2018-05-14,399610,TMT50,行业，TMT,34.02,韭圈儿
2018-05-15,399610,TMT50,行业，TMT,34.26,韭圈儿
2018-05-16,399610,TMT50,行业，TMT,34.04,韭圈儿
2018-05-17,399610,TMT50,行业，TMT,33.81,韭圈儿
2018-05-18,399610,TMT50,行业，TMT,33.81,韭圈儿
2018-05-21,399610,TMT50,行业，TMT,34.52,韭圈儿
2018-05-22,399610,TMT50,行业，TMT,34.48,韭圈儿
2018-05-23,399610,TMT50,行业，TMT,34.04,韭圈儿
2018-05-24,399610,TMT50,行业，TMT,33.67,韭圈儿
2018-05-25,399610,TMT50,行业，TMT,32.97,韭圈儿
2018-05-28,399610,TMT50,行业，TMT,33.07,韭圈儿
2018-05-29,399610,TMT50,行业，TMT,33.02,韭圈儿
2018-05-30,399610,TMT50,行业，TMT,32.1,韭圈儿
2018-05-31,399610,TMT50,行业，TMT,32.67,韭圈儿
2018-06-01,399610,TMT50,行业，TMT,32.25,韭圈儿
2018-06-04,399610,TMT50,行业，TMT,32.39,韭圈儿
2018-06-05,399610,TMT50,行业，TMT,33.28,韭圈儿
2018-06-06,399610,TMT50,行业，TMT,33.14,韭圈儿
2018-06-07,399610,TMT50,行业，TMT,32.98,韭圈儿
2018-06-08,399610,TMT50,行业，TMT,32.66,韭圈儿
2018-06-11,399610,TMT50,行业，TMT,32.56,韭圈儿
2018-06-12,399610,TMT50,行业，TMT,32.9,韭圈儿
2018-06-13,399610,TMT50,行业，TMT,32.19,韭圈儿
2018-06-14,399610,TMT50,行业，TMT,31.85,韭圈儿
2018-06-15,399610,TMT50,行业，TMT,31.15,韭圈儿
2018-06-19,399610,TMT50,行业，TMT,29.27,韭圈儿
2018-06-20,399610,TMT50,行业，TMT,29.29,韭圈儿
2018-06-21,399610,TMT50,行业，TMT,28.23,韭圈儿
2018-06-22,399610,TMT50,行业，TMT,28.48,韭圈儿
2018-06-25,399610,TMT50,行业，TMT,28.03,韭圈儿
2018-06-26,399610,TMT50,行业，TMT,28.49,韭圈儿
2018-06-27,399610,TMT50,行业，TMT,28.0,韭圈儿
2018-06-28,399610,TMT50,行业，TMT,27.81,韭圈儿
2018-06-29,399610,TMT50,行业，TMT,29.08,韭圈儿
2018-07-02,399610,TMT50,行业，TMT,28.34,韭圈儿
2018-07-03,399610,TMT50,行业，TMT,28.72,韭圈儿
2018-07-04,399610,TMT50,行业，TMT,28.02,韭圈儿
2018-07-05,399610,TMT50,行业，TMT,27.36,韭圈儿
2018-07-06,399610,TMT50,行业，TMT,27.34,韭圈儿
2018-07-09,399610,TMT50,行业，TMT,28.27,韭圈儿
2018-07-10,399610,TMT50,行业，TMT,28.49,韭圈儿
2018-07-11,399610,TMT50,行业，TMT,27.72,韭圈儿
2018-07-12,399610,TMT50,行业，TMT,28.89,韭圈儿
2018-07-13,399610,TMT50,行业，TMT,29.13,韭圈儿
2018-07-16,399610,TMT50,行业，TMT,29.18,韭圈儿
2018-07-17,399610,TMT50,行业，TMT,29.18,韭圈儿
2018-07-18,399610,TMT50,行业，TMT,28.73,韭圈儿
2018-07-19,399610,TMT50,行业，TMT,28.86,韭圈儿
2018-07-20,399610,TMT50,行业，TMT,29.26,韭圈儿
2018-07-23,399610,TMT50,行业，TMT,29.47,韭圈儿
2018-07-24,399610,TMT50,行业，TMT,29.73,韭圈儿
2018-07-25,399610,TMT50,行业，TMT,29.74,韭圈儿
2018-07-26,399610,TMT50,行业，TMT,29.05,韭圈儿
2018-07-27,399610,TMT50,行业，TMT,28.82,韭圈儿
2018-07-30,399610,TMT50,行业，TMT,31.33,韭圈儿
2018-07-31,399610,TMT50,行业，TMT,30.95,韭圈儿
2018-08-01,399610,TMT50,行业，TMT,30.4,韭圈儿
2018-08-02,399610,TMT50,行业，TMT,29.51,韭圈儿
2018-08-03,399610,TMT50,行业，TMT,28.67,韭圈儿
2018-08-06,399610,TMT50,行业，TMT,28.15,韭圈儿
2018-08-07,399610,TMT50,行业，TMT,28.98,韭圈儿
2018-08-08,399610,TMT50,行业，TMT,28.25,韭圈儿
2018-08-09,399610,TMT50,行业，TMT,29.62,韭圈儿
2018-08-10,399610,TMT50,行业，TMT,29.78,韭圈儿
2018-08-13,399610,TMT50,行业，TMT,30.22,韭圈儿
2018-08-14,399610,TMT50,行业，TMT,29.81,韭圈儿
2018-08-15,399610,TMT50,行业，TMT,29.09,韭圈儿
2018-08-16,399610,TMT50,行业，TMT,28.89,韭圈儿
2018-08-17,399610,TMT50,行业，TMT,28.28,韭圈儿
2018-08-20,399610,TMT50,行业，TMT,28.57,韭圈儿
2018-08-21,399610,TMT50,行业，TMT,29.02,韭圈儿
2018-08-22,399610,TMT50,行业，TMT,28.58,韭圈儿
2018-08-23,399610,TMT50,行业，TMT,28.76,韭圈儿
2018-08-24,399610,TMT50,行业，TMT,28.59,韭圈儿
2018-08-27,399610,TMT50,行业，TMT,30.14,韭圈儿
2018-08-28,399610,TMT50,行业，TMT,30.48,韭圈儿
2018-08-29,399610,TMT50,行业，TMT,30.09,韭圈儿
2018-08-30,399610,TMT50,行业，TMT,29.54,韭圈儿
2018-08-31,399610,TMT50,行业，TMT,30.91,韭圈儿
2018-09-03,399610,TMT50,行业，TMT,30.66,韭圈儿
2018-09-04,399610,TMT50,行业，TMT,31.18,韭圈儿
2018-09-05,399610,TMT50,行业，TMT,30.85,韭圈儿
2018-09-06,399610,TMT50,行业，TMT,30.46,韭圈儿
2018-09-07,399610,TMT50,行业，TMT,30.0,韭圈儿
2018-09-10,399610,TMT50,行业，TMT,28.81,韭圈儿
2018-09-11,399610,TMT50,行业，TMT,28.92,韭圈儿
2018-09-12,399610,TMT50,行业，TMT,28.42,韭圈儿
2018-09-13,399610,TMT50,行业，TMT,28.76,韭圈儿
2018-09-14,399610,TMT50,行业，TMT,28.48,韭圈儿
2018-09-17,399610,TMT50,行业，TMT,28.0,韭圈儿
2018-09-18,399610,TMT50,行业，TMT,28.39,韭圈儿
2018-09-19,399610,TMT50,行业，TMT,28.68,韭圈儿
2018-09-20,399610,TMT50,行业，TMT,28.6,韭圈儿
2018-09-21,399610,TMT50,行业，TMT,29.3,韭圈儿
2018-09-25,399610,TMT50,行业，TMT,29.05,韭圈儿
2018-09-26,399610,TMT50,行业，TMT,29.26,韭圈儿
2018-09-27,399610,TMT50,行业，TMT,28.74,韭圈儿
2018-09-28,399610,TMT50,行业，TMT,28.96,韭圈儿
2018-10-08,399610,TMT50,行业，TMT,27.25,韭圈儿
2018-10-09,399610,TMT50,行业，TMT,27.04,韭圈儿
2018-10-10,399610,TMT50,行业，TMT,27.06,韭圈儿
2018-10-11,399610,TMT50,行业，TMT,25.25,韭圈儿
2018-10-12,399610,TMT50,行业，TMT,25.33,韭圈儿
2018-10-15,399610,TMT50,行业，TMT,25.03,韭圈儿
2018-10-16,399610,TMT50,行业，TMT,24.39,韭圈儿
2018-10-17,399610,TMT50,行业，TMT,24.91,韭圈儿
2018-10-18,399610,TMT50,行业，TMT,24.42,韭圈儿
2018-10-19,399610,TMT50,行业，TMT,25.05,韭圈儿
2018-10-22,399610,TMT50,行业，TMT,25.97,韭圈儿
2018-10-23,399610,TMT50,行业，TMT,25.06,韭圈儿
2018-10-24,399610,TMT50,行业，TMT,24.85,韭圈儿
2018-10-25,399610,TMT50,行业，TMT,24.69,韭圈儿
2018-10-26,399610,TMT50,行业，TMT,25.17,韭圈儿
2018-10-29,399610,TMT50,行业，TMT,24.88,韭圈儿
2018-10-30,399610,TMT50,行业，TMT,25.18,韭圈儿
2018-10-31,399610,TMT50,行业，TMT,25.48,韭圈儿
2018-11-01,399610,TMT50,行业，TMT,26.09,韭圈儿
2018-11-02,399610,TMT50,行业，TMT,27.49,韭圈儿
2018-11-05,399610,TMT50,行业，TMT,27.19,韭圈儿
2018-11-06,399610,TMT50,行业，TMT,26.86,韭圈儿
2018-11-07,399610,TMT50,行业，TMT,26.63,韭圈儿
2018-11-08,399610,TMT50,行业，TMT,26.2,韭圈儿
2018-11-09,399610,TMT50,行业，TMT,26.03,韭圈儿
2018-11-12,399610,TMT50,行业，TMT,27.0,韭圈儿
2018-11-13,399610,TMT50,行业，TMT,27.48,韭圈儿
2018-11-14,399610,TMT50,行业，TMT,27.15,韭圈儿
2018-11-15,399610,TMT50,行业，TMT,27.69,韭圈儿
2018-11-16,399610,TMT50,行业，TMT,28.16,韭圈儿
2018-11-19,399610,TMT50,行业，TMT,28.19,韭圈儿
2018-11-20,399610,TMT50,行业，TMT,26.94,韭圈儿
2018-11-21,399610,TMT50,行业，TMT,26.93,韭圈儿
2018-11-22,399610,TMT50,行业，TMT,26.95,韭圈儿
2018-11-23,399610,TMT50,行业，TMT,26.02,韭圈儿
2018-11-26,399610,TMT50,行业，TMT,25.96,韭圈儿
2018-11-27,399610,TMT50,行业，TMT,26.02,韭圈儿
2018-11-28,399610,TMT50,行业，TMT,26.55,韭圈儿
2018-11-29,399610,TMT50,行业，TMT,25.79,韭圈儿
2018-11-30,399610,TMT50,行业，TMT,26.21,韭圈儿
2018-12-03,399610,TMT50,行业，TMT,27.45,韭圈儿
2018-12-04,399610,TMT50,行业，TMT,27.33,韭圈儿
2018-12-05,399610,TMT50,行业，TMT,27.05,韭圈儿
2018-12-06,399610,TMT50,行业，TMT,26.09,韭圈儿
2018-12-07,399610,TMT50,行业，TMT,26.26,韭圈儿
2018-12-10,399610,TMT50,行业，TMT,26.11,韭圈儿
2018-12-11,399610,TMT50,行业，TMT,26.3,韭圈儿
2018-12-12,399610,TMT50,行业，TMT,26.27,韭圈儿
2018-12-13,399610,TMT50,行业，TMT,26.65,韭圈儿
2018-12-14,399610,TMT50,行业，TMT,26.1,韭圈儿
2018-12-17,399610,TMT50,行业，TMT,25.92,韭圈儿
2018-12-18,399610,TMT50,行业，TMT,25.65,韭圈儿
2018-12-19,399610,TMT50,行业，TMT,25.36,韭圈儿
2018-12-20,399610,TMT50,行业，TMT,25.45,韭圈儿
2018-12-21,399610,TMT50,行业，TMT,25.16,韭圈儿
2018-12-24,399610,TMT50,行业，TMT,25.39,韭圈儿
2018-12-25,399610,TMT50,行业，TMT,25.22,韭圈儿
2018-12-26,399610,TMT50,行业，TMT,25.04,韭圈儿
2018-12-27,399610,TMT50,行业，TMT,24.74,韭圈儿
2018-12-28,399610,TMT50,行业，TMT,24.72,韭圈儿
2019-01-02,399610,TMT50,行业，TMT,25.59,韭圈儿
2019-01-03,399610,TMT50,行业，TMT,25.2,韭圈儿
2019-01-04,399610,TMT50,行业，TMT,25.85,韭圈儿
2019-01-07,399610,TMT50,行业，TMT,26.6,韭圈儿
2019-01-08,399610,TMT50,行业，TMT,26.65,韭圈儿
2019-01-09,399610,TMT50,行业，TMT,26.82,韭圈儿
2019-01-10,399610,TMT50,行业，TMT,26.81,韭圈儿
2019-01-11,399610,TMT50,行业，TMT,27.01,韭圈儿
2019-01-14,399610,TMT50,行业，TMT,26.73,韭圈儿
2019-01-15,399610,TMT50,行业，TMT,27.31,韭圈儿
2019-01-16,399610,TMT50,行业，TMT,27.21,韭圈儿
2019-01-17,399610,TMT50,行业，TMT,26.86,韭圈儿
2019-01-18,399610,TMT50,行业，TMT,27.25,韭圈儿
2019-01-21,399610,TMT50,行业，TMT,27.53,韭圈儿
2019-01-22,399610,TMT50,行业，TMT,27.04,韭圈儿
2019-01-23,399610,TMT50,行业，TMT,26.92,韭圈儿
2019-01-24,399610,TMT50,行业，TMT,27.21,韭圈儿
2019-01-25,399610,TMT50,行业，TMT,27.37,韭圈儿
2019-01-28,399610,TMT50,行业，TMT,27.44,韭圈儿
2019-01-29,399610,TMT50,行业，TMT,27.07,韭圈儿
2019-01-30,399610,TMT50,行业，TMT,26.69,韭圈儿
2019-01-31,399610,TMT50,行业，TMT,26.62,韭圈儿
2019-02-01,399610,TMT50,行业，TMT,27.59,韭圈儿
2019-02-11,399610,TMT50,行业，TMT,28.67,韭圈儿
2019-02-12,399610,TMT50,行业，TMT,29.07,韭圈儿
2019-02-13,399610,TMT50,行业，TMT,30.19,韭圈儿
2019-02-14,399610,TMT50,行业，TMT,30.35,韭圈儿
2019-02-15,399610,TMT50,行业，TMT,29.73,韭圈儿
2019-02-18,399610,TMT50,行业，TMT,32.06,韭圈儿
2019-02-19,399610,TMT50,行业，TMT,32.11,韭圈儿
2019-02-20,399610,TMT50,行业，TMT,32.25,韭圈儿
2019-02-21,399610,TMT50,行业，TMT,32.34,韭圈儿
2019-02-22,399610,TMT50,行业，TMT,33.99,韭圈儿
2019-02-25,399610,TMT50,行业，TMT,36.17,韭圈儿
2019-02-26,399610,TMT50,行业，TMT,35.63,韭圈儿
2019-02-27,399610,TMT50,行业，TMT,35.94,韭圈儿
2019-02-28,399610,TMT50,行业，TMT,38.24,韭圈儿
2019-03-01,399610,TMT50,行业，TMT,38.65,韭圈儿
2019-03-04,399610,TMT50,行业，TMT,39.58,韭圈儿
2019-03-05,399610,TMT50,行业，TMT,40.91,韭圈儿
2019-03-06,399610,TMT50,行业，TMT,41.31,韭圈儿
2019-03-07,399610,TMT50,行业，TMT,41.07,韭圈儿
2019-03-08,399610,TMT50,行业，TMT,40.11,韭圈儿
2019-03-11,399610,TMT50,行业，TMT,41.54,韭圈儿
2019-03-12,399610,TMT50,行业，TMT,42.31,韭圈儿
2019-03-13,399610,TMT50,行业，TMT,40.35,韭圈儿
2019-03-14,399610,TMT50,行业，TMT,39.65,韭圈儿
2019-03-15,399610,TMT50,行业，TMT,40.19,韭圈儿
2019-03-18,399610,TMT50,行业，TMT,40.99,韭圈儿
2019-03-19,399610,TMT50,行业，TMT,41.31,韭圈儿
2019-03-20,399610,TMT50,行业，TMT,40.8,韭圈儿
2019-03-21,399610,TMT50,行业，TMT,41.21,韭圈儿
2019-03-22,399610,TMT50,行业，TMT,41.06,韭圈儿
2019-03-25,399610,TMT50,行业，TMT,40.32,韭圈儿
2019-03-26,399610,TMT50,行业，TMT,40.24,韭圈儿
2019-03-27,399610,TMT50,行业，TMT,39.79,韭圈儿
2019-03-28,399610,TMT50,行业，TMT,39.98,韭圈儿
2019-03-29,399610,TMT50,行业，TMT,41.28,韭圈儿
2019-04-01,399610,TMT50,行业，TMT,42.93,韭圈儿
2019-04-02,399610,TMT50,行业，TMT,42.95,韭圈儿
2019-04-03,399610,TMT50,行业，TMT,43.1,韭圈儿
2019-04-04,399610,TMT50,行业，TMT,43.01,韭圈儿
2019-04-08,399610,TMT50,行业，TMT,42.08,韭圈儿
2019-04-09,399610,TMT50,行业，TMT,42.12,韭圈儿
2019-04-10,399610,TMT50,行业，TMT,41.94,韭圈儿
2019-04-11,399610,TMT50,行业，TMT,40.88,韭圈儿
2019-04-12,399610,TMT50,行业，TMT,41.03,韭圈儿
2019-04-15,399610,TMT50,行业，TMT,40.44,韭圈儿
2019-04-16,399610,TMT50,行业，TMT,41.8,韭圈儿
2019-04-17,399610,TMT50,行业，TMT,42.07,韭圈儿
2019-04-18,399610,TMT50,行业，TMT,41.55,韭圈儿
2019-04-19,399610,TMT50,行业，TMT,42.05,韭圈儿
2019-04-22,399610,TMT50,行业，TMT,41.56,韭圈儿
2019-04-23,399610,TMT50,行业，TMT,42.21,韭圈儿
2019-04-24,399610,TMT50,行业，TMT,42.97,韭圈儿
2019-04-25,399610,TMT50,行业，TMT,41.99,韭圈儿
2019-04-26,399610,TMT50,行业，TMT,43.97,韭圈儿
2019-04-29,399610,TMT50,行业，TMT,41.61,韭圈儿
2019-04-30,399610,TMT50,行业，TMT,37.9,韭圈儿
2019-05-06,399610,TMT50,行业，TMT,34.75,韭圈儿
2019-05-07,399610,TMT50,行业，TMT,35.24,韭圈儿
2019-05-08,399610,TMT50,行业，TMT,35.05,韭圈儿
2019-05-09,399610,TMT50,行业，TMT,34.52,韭圈儿
2019-05-10,399610,TMT50,行业，TMT,36.04,韭圈儿
2019-05-13,399610,TMT50,行业，TMT,34.84,韭圈儿
2019-05-14,399610,TMT50,行业，TMT,34.76,韭圈儿
2019-05-15,399610,TMT50,行业，TMT,35.47,韭圈儿
2019-05-16,399610,TMT50,行业，TMT,35.19,韭圈儿
2019-05-17,399610,TMT50,行业，TMT,34.04,韭圈儿
2019-05-20,399610,TMT50,行业，TMT,33.74,韭圈儿
2019-05-21,399610,TMT50,行业，TMT,34.64,韭圈儿
2019-05-22,399610,TMT50,行业，TMT,34.43,韭圈儿
2019-05-23,399610,TMT50,行业，TMT,33.18,韭圈儿
2019-05-24,399610,TMT50,行业，TMT,32.91,韭圈儿
2019-05-27,399610,TMT50,行业，TMT,34.09,韭圈儿
2019-05-28,399610,TMT50,行业，TMT,34.15,韭圈儿
2019-05-29,399610,TMT50,行业，TMT,34.02,韭圈儿
2019-05-30,399610,TMT50,行业，TMT,33.8,韭圈儿
2019-05-31,399610,TMT50,行业，TMT,33.7,韭圈儿
2019-06-03,399610,TMT50,行业，TMT,33.71,韭圈儿
2019-06-04,399610,TMT50,行业，TMT,33.4,韭圈儿
2019-06-05,399610,TMT50,行业，TMT,33.55,韭圈儿
2019-06-06,399610,TMT50,行业，TMT,32.63,韭圈儿
2019-06-10,399610,TMT50,行业，TMT,33.46,韭圈儿
2019-06-11,399610,TMT50,行业，TMT,34.68,韭圈儿
2019-06-12,399610,TMT50,行业，TMT,34.27,韭圈儿
2019-06-13,399610,TMT50,行业，TMT,34.3,韭圈儿
2019-06-14,399610,TMT50,行业，TMT,33.55,韭圈儿
2019-06-17,399610,TMT50,行业，TMT,33.13,韭圈儿
2019-06-18,399610,TMT50,行业，TMT,33.3,韭圈儿
2019-06-19,399610,TMT50,行业，TMT,34.23,韭圈儿
2019-06-20,399610,TMT50,行业，TMT,34.98,韭圈儿
2019-06-21,399610,TMT50,行业，TMT,35.68,韭圈儿
2019-06-24,399610,TMT50,行业，TMT,35.27,韭圈儿
2019-06-25,399610,TMT50,行业，TMT,34.83,韭圈儿
2019-06-26,399610,TMT50,行业，TMT,35.0,韭圈儿
2019-06-27,399610,TMT50,行业，TMT,35.74,韭圈儿
2019-06-28,399610,TMT50,行业，TMT,35.48,韭圈儿
2019-07-01,399610,TMT50,行业，TMT,37.5,韭圈儿
2019-07-02,399610,TMT50,行业，TMT,37.15,韭圈儿
2019-07-03,399610,TMT50,行业，TMT,36.8,韭圈儿
2019-07-04,399610,TMT50,行业，TMT,36.57,韭圈儿
2019-07-05,399610,TMT50,行业，TMT,36.66,韭圈儿
2019-07-08,399610,TMT50,行业，TMT,35.53,韭圈儿
2019-07-09,399610,TMT50,行业，TMT,35.46,韭圈儿
2019-07-10,399610,TMT50,行业，TMT,35.43,韭圈儿
2019-07-11,399610,TMT50,行业，TMT,35.32,韭圈儿
2019-07-12,399610,TMT50,行业，TMT,35.46,韭圈儿
2019-07-15,399610,TMT50,行业，TMT,36.13,韭圈儿
2019-07-16,399610,TMT50,行业，TMT,36.2,韭圈儿
2019-07-17,399610,TMT50,行业，TMT,36.51,韭圈儿
2019-07-18,399610,TMT50,行业，TMT,35.72,韭圈儿
2019-07-19,399610,TMT50,行业，TMT,35.84,韭圈儿
2019-07-22,399610,TMT50,行业，TMT,35.6,韭圈儿
2019-07-23,399610,TMT50,行业，TMT,36.12,韭圈儿
2019-07-24,399610,TMT50,行业，TMT,36.75,韭圈儿
2019-07-25,399610,TMT50,行业，TMT,37.6,韭圈儿
2019-07-26,399610,TMT50,行业，TMT,37.57,韭圈儿
2019-07-29,399610,TMT50,行业，TMT,37.52,韭圈儿
2019-07-30,399610,TMT50,行业，TMT,38.38,韭圈儿
2019-07-31,399610,TMT50,行业，TMT,38.72,韭圈儿
2019-08-01,399610,TMT50,行业，TMT,38.74,韭圈儿
2019-08-02,399610,TMT50,行业，TMT,37.98,韭圈儿
2019-08-05,399610,TMT50,行业，TMT,37.18,韭圈儿
2019-08-06,399610,TMT50,行业，TMT,36.65,韭圈儿
2019-08-07,399610,TMT50,行业，TMT,36.25,韭圈儿
2019-08-08,399610,TMT50,行业，TMT,36.74,韭圈儿
2019-08-09,399610,TMT50,行业，TMT,36.02,韭圈儿
2019-08-12,399610,TMT50,行业，TMT,37.32,韭圈儿
2019-08-13,399610,TMT50,行业，TMT,36.66,韭圈儿
2019-08-14,399610,TMT50,行业，TMT,36.86,韭圈儿
2019-08-15,399610,TMT50,行业，TMT,37.73,韭圈儿
2019-08-16,399610,TMT50,行业，TMT,37.93,韭圈儿
2019-08-19,399610,TMT50,行业，TMT,39.35,韭圈儿
2019-08-20,399610,TMT50,行业，TMT,39.35,韭圈儿
2019-08-21,399610,TMT50,行业，TMT,39.46,韭圈儿
2019-08-22,399610,TMT50,行业，TMT,39.32,韭圈儿
2019-08-23,399610,TMT50,行业，TMT,39.35,韭圈儿
2019-08-26,399610,TMT50,行业，TMT,37.73,韭圈儿
2019-08-27,399610,TMT50,行业，TMT,38.33,韭圈儿
2019-08-28,399610,TMT50,行业，TMT,36.27,韭圈儿
2019-08-29,399610,TMT50,行业，TMT,36.35,韭圈儿
2019-08-30,399610,TMT50,行业，TMT,36.21,韭圈儿
2019-09-02,399610,TMT50,行业，TMT,37.45,韭圈儿
2019-09-03,399610,TMT50,行业，TMT,38.36,韭圈儿
2019-09-04,399610,TMT50,行业，TMT,38.6,韭圈儿
2019-09-05,399610,TMT50,行业，TMT,39.19,韭圈儿
2019-09-06,399610,TMT50,行业，TMT,39.69,韭圈儿
2019-09-09,399610,TMT50,行业，TMT,41.27,韭圈儿
2019-09-10,399610,TMT50,行业，TMT,40.71,韭圈儿
2019-09-11,399610,TMT50,行业，TMT,40.22,韭圈儿
2019-09-12,399610,TMT50,行业，TMT,40.44,韭圈儿
2019-09-16,399610,TMT50,行业，TMT,40.7,韭圈儿
2019-09-17,399610,TMT50,行业，TMT,39.76,韭圈儿
2019-09-18,399610,TMT50,行业，TMT,39.86,韭圈儿
2019-09-19,399610,TMT50,行业，TMT,40.58,韭圈儿
2019-09-20,399610,TMT50,行业，TMT,40.79,韭圈儿
2019-09-23,399610,TMT50,行业，TMT,40.93,韭圈儿
2019-09-24,399610,TMT50,行业，TMT,41.09,韭圈儿
2019-09-25,399610,TMT50,行业，TMT,39.85,韭圈儿
2019-09-26,399610,TMT50,行业，TMT,38.84,韭圈儿
2019-09-27,399610,TMT50,行业，TMT,39.64,韭圈儿
2019-09-30,399610,TMT50,行业，TMT,38.74,韭圈儿
2019-10-08,399610,TMT50,行业，TMT,38.23,韭圈儿
2019-10-09,399610,TMT50,行业，TMT,38.32,韭圈儿
2019-10-10,399610,TMT50,行业，TMT,38.98,韭圈儿
2019-10-11,399610,TMT50,行业，TMT,39.05,韭圈儿
2019-10-14,399610,TMT50,行业，TMT,39.72,韭圈儿
2019-10-15,399610,TMT50,行业，TMT,39.15,韭圈儿
2019-10-16,399610,TMT50,行业，TMT,39.14,韭圈儿
2019-10-17,399610,TMT50,行业，TMT,39.52,韭圈儿
2019-10-18,399610,TMT50,行业，TMT,38.88,韭圈儿
2019-10-21,399610,TMT50,行业，TMT,38.62,韭圈儿
2019-10-22,399610,TMT50,行业，TMT,38.22,韭圈儿
2019-10-23,399610,TMT50,行业，TMT,38.1,韭圈儿
2019-10-24,399610,TMT50,行业，TMT,38.62,韭圈儿
2019-10-25,399610,TMT50,行业，TMT,38.95,韭圈儿
2019-10-28,399610,TMT50,行业，TMT,39.48,韭圈儿
2019-10-29,399610,TMT50,行业，TMT,36.97,韭圈儿
2019-10-30,399610,TMT50,行业，TMT,36.9,韭圈儿
2019-10-31,399610,TMT50,行业，TMT,37.24,韭圈儿
2019-11-01,399610,TMT50,行业，TMT,37.73,韭圈儿
2019-11-04,399610,TMT50,行业，TMT,38.15,韭圈儿
2019-11-05,399610,TMT50,行业，TMT,38.42,韭圈儿
2019-11-06,399610,TMT50,行业，TMT,38.08,韭圈儿
2019-11-07,399610,TMT50,行业，TMT,38.47,韭圈儿
2019-11-08,399610,TMT50,行业，TMT,38.66,韭圈儿
2019-11-11,399610,TMT50,行业，TMT,38.06,韭圈儿
2019-11-12,399610,TMT50,行业，TMT,37.93,韭圈儿
2019-11-13,399610,TMT50,行业，TMT,38.23,韭圈儿
2019-11-14,399610,TMT50,行业，TMT,38.66,韭圈儿
2019-11-15,399610,TMT50,行业，TMT,38.19,韭圈儿
2019-11-18,399610,TMT50,行业，TMT,38.4,韭圈儿
2019-11-19,399610,TMT50,行业，TMT,39.3,韭圈儿
2019-11-20,399610,TMT50,行业，TMT,38.91,韭圈儿
2019-11-21,399610,TMT50,行业，TMT,38.85,韭圈儿
2019-11-22,399610,TMT50,行业，TMT,37.85,韭圈儿
2019-11-25,399610,TMT50,行业，TMT,37.27,韭圈儿
2019-11-26,399610,TMT50,行业，TMT,37.77,韭圈儿
2019-11-27,399610,TMT50,行业，TMT,37.88,韭圈儿
2019-11-28,399610,TMT50,行业，TMT,37.69,韭圈儿
2019-11-29,399610,TMT50,行业，TMT,37.74,韭圈儿
2019-12-02,399610,TMT50,行业，TMT,37.89,韭圈儿
2019-12-03,399610,TMT50,行业，TMT,38.03,韭圈儿
2019-12-04,399610,TMT50,行业，TMT,38.13,韭圈儿
2019-12-05,399610,TMT50,行业，TMT,38.96,韭圈儿
2019-12-06,399610,TMT50,行业，TMT,39.42,韭圈儿
2019-12-09,399610,TMT50,行业，TMT,39.23,韭圈儿
2019-12-10,399610,TMT50,行业，TMT,39.62,韭圈儿
2019-12-11,399610,TMT50,行业，TMT,39.18,韭圈儿
2019-12-12,399610,TMT50,行业，TMT,39.13,韭圈儿
2019-12-13,399610,TMT50,行业，TMT,39.86,韭圈儿
2019-12-16,399610,TMT50,行业，TMT,42.64,韭圈儿
2019-12-17,399610,TMT50,行业，TMT,43.12,韭圈儿
2019-12-18,399610,TMT50,行业，TMT,43.41,韭圈儿
2019-12-19,399610,TMT50,行业，TMT,43.12,韭圈儿
2019-12-20,399610,TMT50,行业，TMT,42.61,韭圈儿
2019-12-23,399610,TMT50,行业，TMT,41.41,韭圈儿
2019-12-24,399610,TMT50,行业，TMT,42.21,韭圈儿
2019-12-25,399610,TMT50,行业，TMT,42.64,韭圈儿
2019-12-26,399610,TMT50,行业，TMT,42.79,韭圈儿
2019-12-27,399610,TMT50,行业，TMT,41.98,韭圈儿
2019-12-30,399610,TMT50,行业，TMT,42.35,韭圈儿
2019-12-31,399610,TMT50,行业，TMT,42.55,韭圈儿
2020-01-02,399610,TMT50,行业，TMT,44.01,韭圈儿
2020-01-03,399610,TMT50,行业，TMT,44.3,韭圈儿
2020-01-06,399610,TMT50,行业，TMT,44.75,韭圈儿
2020-01-07,399610,TMT50,行业，TMT,45.08,韭圈儿
2020-01-08,399610,TMT50,行业，TMT,44.33,韭圈儿
2020-01-09,399610,TMT50,行业，TMT,45.54,韭圈儿
2020-01-10,399610,TMT50,行业，TMT,45.52,韭圈儿
2020-01-13,399610,TMT50,行业，TMT,46.58,韭圈儿
2020-01-14,399610,TMT50,行业，TMT,46.45,韭圈儿
2020-01-15,399610,TMT50,行业，TMT,46.82,韭圈儿
2020-01-16,399610,TMT50,行业，TMT,46.87,韭圈儿
2020-01-17,399610,TMT50,行业，TMT,46.71,韭圈儿
2020-01-20,399610,TMT50,行业，TMT,47.97,韭圈儿
2020-01-21,399610,TMT50,行业，TMT,47.39,韭圈儿
2020-01-22,399610,TMT50,行业，TMT,48.73,韭圈儿
2020-01-23,399610,TMT50,行业，TMT,47.16,韭圈儿
2020-02-03,399610,TMT50,行业，TMT,42.9,韭圈儿
2020-02-04,399610,TMT50,行业，TMT,45.07,韭圈儿
2020-02-05,399610,TMT50,行业，TMT,45.64,韭圈儿
2020-02-06,399610,TMT50,行业，TMT,47.18,韭圈儿
2020-02-07,399610,TMT50,行业，TMT,47.71,韭圈儿
2020-02-10,399610,TMT50,行业，TMT,47.83,韭圈儿
2020-02-11,399610,TMT50,行业，TMT,48.41,韭圈儿
2020-02-12,399610,TMT50,行业，TMT,49.57,韭圈儿
2020-02-13,399610,TMT50,行业，TMT,49.3,韭圈儿
2020-02-14,399610,TMT50,行业，TMT,49.33,韭圈儿
2020-02-17,399610,TMT50,行业，TMT,51.54,韭圈儿
2020-02-18,399610,TMT50,行业，TMT,52.01,韭圈儿
2020-02-19,399610,TMT50,行业，TMT,51.5,韭圈儿
2020-02-20,399610,TMT50,行业，TMT,52.93,韭圈儿
2020-02-21,399610,TMT50,行业，TMT,54.65,韭圈儿
2020-02-24,399610,TMT50,行业，TMT,56.54,韭圈儿
2020-02-25,399610,TMT50,行业，TMT,56.93,韭圈儿
2020-02-26,399610,TMT50,行业，TMT,53.59,韭圈儿
2020-02-27,399610,TMT50,行业，TMT,53.14,韭圈儿
2020-02-28,399610,TMT50,行业，TMT,48.56,韭圈儿
2020-03-02,399610,TMT50,行业，TMT,51.27,韭圈儿
2020-03-03,399610,TMT50,行业，TMT,51.41,韭圈儿
2020-03-04,399610,TMT50,行业，TMT,50.57,韭圈儿
2020-03-05,399610,TMT50,行业，TMT,50.85,韭圈儿
2020-03-06,399610,TMT50,行业，TMT,50.36,韭圈儿
2020-03-09,399610,TMT50,行业，TMT,47.6,韭圈儿
2020-03-10,399610,TMT50,行业，TMT,49.84,韭圈儿
2020-03-11,399610,TMT50,行业，TMT,48.58,韭圈儿
2020-03-12,399610,TMT50,行业，TMT,47.29,韭圈儿
2020-03-13,399610,TMT50,行业，TMT,47.14,韭圈儿
2020-03-16,399610,TMT50,行业，TMT,43.84,韭圈儿
2020-03-17,399610,TMT50,行业，TMT,43.54,韭圈儿
2020-03-18,399610,TMT50,行业，TMT,42.75,韭圈儿
2020-03-19,399610,TMT50,行业，TMT,43.41,韭圈儿
2020-03-20,399610,TMT50,行业，TMT,43.55,韭圈儿
2020-03-23,399610,TMT50,行业，TMT,40.89,韭圈儿
2020-03-24,399610,TMT50,行业，TMT,41.57,韭圈儿
2020-03-25,399610,TMT50,行业，TMT,43.42,韭圈儿
2020-03-26,399610,TMT50,行业，TMT,42.69,韭圈儿
2020-03-27,399610,TMT50,行业，TMT,42.18,韭圈儿
2020-03-30,399610,TMT50,行业，TMT,40.45,韭圈儿
2020-03-31,399610,TMT50,行业，TMT,41.13,韭圈儿
2020-04-01,399610,TMT50,行业，TMT,41.46,韭圈儿
2020-04-02,399610,TMT50,行业，TMT,43.32,韭圈儿
2020-04-03,399610,TMT50,行业，TMT,42.78,韭圈儿
2020-04-07,399610,TMT50,行业，TMT,44.06,韭圈儿
2020-04-08,399610,TMT50,行业，TMT,43.95,韭圈儿
2020-04-09,399610,TMT50,行业，TMT,43.95,韭圈儿
2020-04-10,399610,TMT50,行业，TMT,42.46,韭圈儿
2020-04-13,399610,TMT50,行业，TMT,41.42,韭圈儿
2020-04-14,399610,TMT50,行业，TMT,43.1,韭圈儿
2020-04-15,399610,TMT50,行业，TMT,43.04,韭圈儿
2020-04-16,399610,TMT50,行业，TMT,43.36,韭圈儿
2020-04-17,399610,TMT50,行业，TMT,44.01,韭圈儿
2020-04-20,399610,TMT50,行业，TMT,44.41,韭圈儿
2020-04-21,399610,TMT50,行业，TMT,43.81,韭圈儿
2020-04-22,399610,TMT50,行业，TMT,44.11,韭圈儿
2020-04-23,399610,TMT50,行业，TMT,43.45,韭圈儿
2020-04-24,399610,TMT50,行业，TMT,42.67,韭圈儿
2020-04-27,399610,TMT50,行业，TMT,43.16,韭圈儿
2020-04-28,399610,TMT50,行业，TMT,44.06,韭圈儿
2020-04-29,399610,TMT50,行业，TMT,44.71,韭圈儿
2020-04-30,399610,TMT50,行业，TMT,46.69,韭圈儿
2020-05-06,399610,TMT50,行业，TMT,47.6,韭圈儿
2020-05-07,399610,TMT50,行业，TMT,47.3,韭圈儿
2020-05-08,399610,TMT50,行业，TMT,47.76,韭圈儿
2020-05-11,399610,TMT50,行业，TMT,47.67,韭圈儿
2020-05-12,399610,TMT50,行业，TMT,47.96,韭圈儿
2020-05-13,399610,TMT50,行业，TMT,48.06,韭圈儿
2020-05-14,399610,TMT50,行业，TMT,47.52,韭圈儿
2020-05-15,399610,TMT50,行业，TMT,47.62,韭圈儿
2020-05-18,399610,TMT50,行业，TMT,46.16,韭圈儿
2020-05-19,399610,TMT50,行业，TMT,47.21,韭圈儿
2020-05-20,399610,TMT50,行业，TMT,46.71,韭圈儿
2020-05-21,399610,TMT50,行业，TMT,45.84,韭圈儿
2020-05-22,399610,TMT50,行业，TMT,44.93,韭圈儿
2020-05-25,399610,TMT50,行业，TMT,44.07,韭圈儿
2020-05-26,399610,TMT50,行业，TMT,45.22,韭圈儿
2020-05-27,399610,TMT50,行业，TMT,44.35,韭圈儿
2020-05-28,399610,TMT50,行业，TMT,44.38,韭圈儿
2020-05-29,399610,TMT50,行业，TMT,44.69,韭圈儿
2020-06-01,399610,TMT50,行业，TMT,47.0,韭圈儿
2020-06-02,399610,TMT50,行业，TMT,47.39,韭圈儿
2020-06-03,399610,TMT50,行业，TMT,47.63,韭圈儿
2020-06-04,399610,TMT50,行业，TMT,47.57,韭圈儿
2020-06-05,399610,TMT50,行业，TMT,48.06,韭圈儿
2020-06-08,399610,TMT50,行业，TMT,48.37,韭圈儿
2020-06-09,399610,TMT50,行业，TMT,48.47,韭圈儿
2020-06-10,399610,TMT50,行业，TMT,49.1,韭圈儿
2020-06-11,399610,TMT50,行业，TMT,48.92,韭圈儿
2020-06-12,399610,TMT50,行业，TMT,49.04,韭圈儿
2020-06-15,399610,TMT50,行业，TMT,49.27,韭圈儿
2020-06-16,399610,TMT50,行业，TMT,50.33,韭圈儿
2020-06-17,399610,TMT50,行业，TMT,50.43,韭圈儿
2020-06-18,399610,TMT50,行业，TMT,51.82,韭圈儿
2020-06-19,399610,TMT50,行业，TMT,52.17,韭圈儿
2020-06-22,399610,TMT50,行业，TMT,52.81,韭圈儿
2020-06-23,399610,TMT50,行业，TMT,53.51,韭圈儿
2020-06-24,399610,TMT50,行业，TMT,53.85,韭圈儿
2020-06-29,399610,TMT50,行业，TMT,53.31,韭圈儿
2020-06-30,399610,TMT50,行业，TMT,55.22,韭圈儿
2020-07-01,399610,TMT50,行业，TMT,55.42,韭圈儿
2020-07-02,399610,TMT50,行业，TMT,55.78,韭圈儿
2020-07-03,399610,TMT50,行业，TMT,56.27,韭圈儿
2020-07-06,399610,TMT50,行业，TMT,58.59,韭圈儿
2020-07-07,399610,TMT50,行业，TMT,60.2,韭圈儿
2020-07-08,399610,TMT50,行业，TMT,61.75,韭圈儿
2020-07-09,399610,TMT50,行业，TMT,63.63,韭圈儿
2020-07-10,399610,TMT50,行业，TMT,62.98,韭圈儿
2020-07-13,399610,TMT50,行业，TMT,64.72,韭圈儿
2020-07-14,399610,TMT50,行业，TMT,63.21,韭圈儿
2020-07-15,399610,TMT50,行业，TMT,61.14,韭圈儿
2020-07-16,399610,TMT50,行业，TMT,57.64,韭圈儿
2020-07-17,399610,TMT50,行业，TMT,58.2,韭圈儿
2020-07-20,399610,TMT50,行业，TMT,59.26,韭圈儿
2020-07-21,399610,TMT50,行业，TMT,59.48,韭圈儿
2020-07-22,399610,TMT50,行业，TMT,60.52,韭圈儿
2020-07-23,399610,TMT50,行业，TMT,59.75,韭圈儿
2020-07-24,399610,TMT50,行业，TMT,56.17,韭圈儿
2020-07-27,399610,TMT50,行业，TMT,56.52,韭圈儿
2020-07-28,399610,TMT50,行业，TMT,57.42,韭圈儿
2020-07-29,399610,TMT50,行业，TMT,59.28,韭圈儿
2020-07-30,399610,TMT50,行业，TMT,58.25,韭圈儿
2020-07-31,399610,TMT50,行业，TMT,59.34,韭圈儿
2020-08-03,399610,TMT50,行业，TMT,61.17,韭圈儿
2020-08-04,399610,TMT50,行业，TMT,60.76,韭圈儿
2020-08-05,399610,TMT50,行业，TMT,60.99,韭圈儿
2020-08-06,399610,TMT50,行业，TMT,60.38,韭圈儿
2020-08-07,399610,TMT50,行业，TMT,59.24,韭圈儿
2020-08-10,399610,TMT50,行业，TMT,58.75,韭圈儿
2020-08-11,399610,TMT50,行业，TMT,57.98,韭圈儿
2020-08-12,399610,TMT50,行业，TMT,58.02,韭圈儿
2020-08-13,399610,TMT50,行业，TMT,57.75,韭圈儿
2020-08-14,399610,TMT50,行业，TMT,58.92,韭圈儿
2020-08-17,399610,TMT50,行业，TMT,60.12,韭圈儿
2020-08-18,399610,TMT50,行业，TMT,58.73,韭圈儿
2020-08-19,399610,TMT50,行业，TMT,57.0,韭圈儿
2020-08-20,399610,TMT50,行业，TMT,56.53,韭圈儿
2020-08-21,399610,TMT50,行业，TMT,57.07,韭圈儿
2020-08-24,399610,TMT50,行业，TMT,58.65,韭圈儿
2020-08-25,399610,TMT50,行业，TMT,57.77,韭圈儿
2020-08-26,399610,TMT50,行业，TMT,56.35,韭圈儿
2020-08-27,399610,TMT50,行业，TMT,56.39,韭圈儿
2020-08-28,399610,TMT50,行业，TMT,57.25,韭圈儿
2020-08-31,399610,TMT50,行业，TMT,56.56,韭圈儿
2020-09-01,399610,TMT50,行业，TMT,57.23,韭圈儿
2020-09-02,399610,TMT50,行业，TMT,57.76,韭圈儿
2020-09-03,399610,TMT50,行业，TMT,57.05,韭圈儿
2020-09-04,399610,TMT50,行业，TMT,56.63,韭圈儿
2020-09-07,399610,TMT50,行业，TMT,54.54,韭圈儿
2020-09-08,399610,TMT50,行业，TMT,54.32,韭圈儿
2020-09-09,399610,TMT50,行业，TMT,52.49,韭圈儿
2020-09-10,399610,TMT50,行业，TMT,51.89,韭圈儿
2020-09-11,399610,TMT50,行业，TMT,53.48,韭圈儿
2020-09-14,399610,TMT50,行业，TMT,53.99,韭圈儿
2020-09-15,399610,TMT50,行业，TMT,54.25,韭圈儿
2020-09-16,399610,TMT50,行业，TMT,53.66,韭圈儿
2020-09-17,399610,TMT50,行业，TMT,53.73,韭圈儿
2020-09-18,399610,TMT50,行业，TMT,54.66,韭圈儿
2020-09-21,399610,TMT50,行业，TMT,54.19,韭圈儿
2020-09-22,399610,TMT50,行业，TMT,53.66,韭圈儿
2020-09-23,399610,TMT50,行业，TMT,54.11,韭圈儿
2020-09-24,399610,TMT50,行业，TMT,52.81,韭圈儿
2020-09-25,399610,TMT50,行业，TMT,52.86,韭圈儿
2020-09-28,399610,TMT50,行业，TMT,53.0,韭圈儿
2020-09-29,399610,TMT50,行业，TMT,53.71,韭圈儿
2020-09-30,399610,TMT50,行业，TMT,53.74,韭圈儿
2020-10-09,399610,TMT50,行业，TMT,55.61,韭圈儿
2020-10-12,399610,TMT50,行业，TMT,56.8,韭圈儿
2020-10-13,399610,TMT50,行业，TMT,56.51,韭圈儿
2020-10-14,399610,TMT50,行业，TMT,55.49,韭圈儿
2020-10-15,399610,TMT50,行业，TMT,55.18,韭圈儿
2020-10-16,399610,TMT50,行业，TMT,54.47,韭圈儿
2020-10-19,399610,TMT50,行业，TMT,54.33,韭圈儿
2020-10-20,399610,TMT50,行业，TMT,55.12,韭圈儿
2020-10-21,399610,TMT50,行业，TMT,54.02,韭圈儿
2020-10-22,399610,TMT50,行业，TMT,53.74,韭圈儿
2020-10-23,399610,TMT50,行业，TMT,51.71,韭圈儿
2020-10-26,399610,TMT50,行业，TMT,52.26,韭圈儿
2020-10-27,399610,TMT50,行业，TMT,53.04,韭圈儿
2020-10-28,399610,TMT50,行业，TMT,53.56,韭圈儿
2020-10-29,399610,TMT50,行业，TMT,54.23,韭圈儿
2020-10-30,399610,TMT50,行业，TMT,52.07,韭圈儿
2020-11-02,399610,TMT50,行业，TMT,53.05,韭圈儿
2020-11-03,399610,TMT50,行业，TMT,53.75,韭圈儿
2020-11-04,399610,TMT50,行业，TMT,53.95,韭圈儿
2020-11-05,399610,TMT50,行业，TMT,55.36,韭圈儿
2020-11-06,399610,TMT50,行业，TMT,55.53,韭圈儿
2020-11-09,399610,TMT50,行业，TMT,56.96,韭圈儿
2020-11-10,399610,TMT50,行业，TMT,56.1,韭圈儿
2020-11-11,399610,TMT50,行业，TMT,54.34,韭圈儿
2020-11-12,399610,TMT50,行业，TMT,54.89,韭圈儿
2020-11-13,399610,TMT50,行业，TMT,54.54,韭圈儿
2020-11-16,399610,TMT50,行业，TMT,54.08,韭圈儿
2020-11-17,399610,TMT50,行业，TMT,53.49,韭圈儿
2020-11-18,399610,TMT50,行业，TMT,53.16,韭圈儿
2020-11-19,399610,TMT50,行业，TMT,53.7,韭圈儿
2020-11-20,399610,TMT50,行业，TMT,53.8,韭圈儿
2020-11-23,399610,TMT50,行业，TMT,53.45,韭圈儿
2020-11-24,399610,TMT50,行业，TMT,53.04,韭圈儿
2020-11-25,399610,TMT50,行业，TMT,52.39,韭圈儿
2020-11-26,399610,TMT50,行业，TMT,52.33,韭圈儿
2020-11-27,399610,TMT50,行业，TMT,52.8,韭圈儿
2020-11-30,399610,TMT50,行业，TMT,53.4,韭圈儿
2020-12-01,399610,TMT50,行业，TMT,54.4,韭圈儿
2020-12-02,399610,TMT50,行业，TMT,54.39,韭圈儿
2020-12-03,399610,TMT50,行业，TMT,54.12,韭圈儿
2020-12-04,399610,TMT50,行业，TMT,54.24,韭圈儿
2020-12-07,399610,TMT50,行业，TMT,54.15,韭圈儿
2020-12-08,399610,TMT50,行业，TMT,54.12,韭圈儿
2020-12-09,399610,TMT50,行业，TMT,53.42,韭圈儿
2020-12-10,399610,TMT50,行业，TMT,53.55,韭圈儿
2020-12-11,399610,TMT50,行业，TMT,52.52,韭圈儿
2020-12-14,399610,TMT50,行业，TMT,47.86,韭圈儿
2020-12-15,399610,TMT50,行业，TMT,48.41,韭圈儿
2020-12-16,399610,TMT50,行业，TMT,47.99,韭圈儿
2020-12-17,399610,TMT50,行业，TMT,47.86,韭圈儿
2020-12-18,399610,TMT50,行业，TMT,47.92,韭圈儿
2020-12-21,399610,TMT50,行业，TMT,48.79,韭圈儿
2020-12-22,399610,TMT50,行业，TMT,47.9,韭圈儿
2020-12-23,399610,TMT50,行业，TMT,48.91,韭圈儿
2020-12-24,399610,TMT50,行业，TMT,48.79,韭圈儿
2020-12-25,399610,TMT50,行业，TMT,48.9,韭圈儿
2020-12-28,399610,TMT50,行业，TMT,48.39,韭圈儿
2020-12-29,399610,TMT50,行业，TMT,48.81,韭圈儿
2020-12-30,399610,TMT50,行业，TMT,49.45,韭圈儿
2020-12-31,399610,TMT50,行业，TMT,50.35,韭圈儿
2021-01-04,399610,TMT50,行业，TMT,51.34,韭圈儿
2021-01-05,399610,TMT50,行业，TMT,53.17,韭圈儿
2021-01-06,399610,TMT50,行业，TMT,52.71,韭圈儿
2021-01-07,399610,TMT50,行业，TMT,53.46,韭圈儿
2021-01-08,399610,TMT50,行业，TMT,53.97,韭圈儿
2021-01-11,399610,TMT50,行业，TMT,54.7,韭圈儿
2021-01-12,399610,TMT50,行业，TMT,55.92,韭圈儿
2021-01-13,399610,TMT50,行业，TMT,56.3,韭圈儿
2021-01-14,399610,TMT50,行业，TMT,55.32,韭圈儿
2021-01-15,399610,TMT50,行业，TMT,54.74,韭圈儿
2021-01-18,399610,TMT50,行业，TMT,56.35,韭圈儿
2021-01-19,399610,TMT50,行业，TMT,55.22,韭圈儿
2021-01-20,399610,TMT50,行业，TMT,55.91,韭圈儿
2021-01-21,399610,TMT50,行业，TMT,57.16,韭圈儿
2021-01-22,399610,TMT50,行业，TMT,57.25,韭圈儿
2021-01-25,399610,TMT50,行业，TMT,56.28,韭圈儿
2021-01-26,399610,TMT50,行业，TMT,54.63,韭圈儿
2021-01-27,399610,TMT50,行业，TMT,55.69,韭圈儿
2021-01-28,399610,TMT50,行业，TMT,52.98,韭圈儿
2021-01-29,399610,TMT50,行业，TMT,52.35,韭圈儿
2021-02-01,399610,TMT50,行业，TMT,53.06,韭圈儿
2021-02-02,399610,TMT50,行业，TMT,53.91,韭圈儿
2021-02-03,399610,TMT50,行业，TMT,52.47,韭圈儿
2021-02-04,399610,TMT50,行业，TMT,51.85,韭圈儿
2021-02-05,399610,TMT50,行业，TMT,50.84,韭圈儿
2021-02-08,399610,TMT50,行业，TMT,50.9,韭圈儿
2021-02-09,399610,TMT50,行业，TMT,52.43,韭圈儿
2021-02-10,399610,TMT50,行业，TMT,53.89,韭圈儿
2021-02-18,399610,TMT50,行业，TMT,52.92,韭圈儿
2021-02-19,399610,TMT50,行业，TMT,52.85,韭圈儿
2021-02-22,399610,TMT50,行业，TMT,51.42,韭圈儿
2021-02-23,399610,TMT50,行业，TMT,51.21,韭圈儿
2021-02-24,399610,TMT50,行业，TMT,50.3,韭圈儿
2021-02-25,399610,TMT50,行业，TMT,50.1,韭圈儿
2021-02-26,399610,TMT50,行业，TMT,48.97,韭圈儿
2021-03-01,399610,TMT50,行业，TMT,49.79,韭圈儿
2021-03-02,399610,TMT50,行业，TMT,49.58,韭圈儿
2021-03-03,399610,TMT50,行业，TMT,49.87,韭圈儿
2021-03-04,399610,TMT50,行业，TMT,48.14,韭圈儿
2021-03-05,399610,TMT50,行业，TMT,48.67,韭圈儿
2021-03-08,399610,TMT50,行业，TMT,46.98,韭圈儿
2021-03-09,399610,TMT50,行业，TMT,45.48,韭圈儿
2021-03-10,399610,TMT50,行业，TMT,45.55,韭圈儿
2021-03-11,399610,TMT50,行业，TMT,44.82,韭圈儿
2021-03-12,399610,TMT50,行业，TMT,44.49,韭圈儿
2021-03-15,399610,TMT50,行业，TMT,42.85,韭圈儿
2021-03-16,399610,TMT50,行业，TMT,42.77,韭圈儿
2021-03-17,399610,TMT50,行业，TMT,43.71,韭圈儿
2021-03-18,399610,TMT50,行业，TMT,43.93,韭圈儿
2021-03-19,399610,TMT50,行业，TMT,42.7,韭圈儿
2021-03-22,399610,TMT50,行业，TMT,43.2,韭圈儿
2021-03-23,399610,TMT50,行业，TMT,42.12,韭圈儿
2021-03-24,399610,TMT50,行业，TMT,41.46,韭圈儿
2021-03-25,399610,TMT50,行业，TMT,40.77,韭圈儿
2021-03-26,399610,TMT50,行业，TMT,42.19,韭圈儿
2021-03-29,399610,TMT50,行业，TMT,41.88,韭圈儿
2021-03-30,399610,TMT50,行业，TMT,42.28,韭圈儿
2021-03-31,399610,TMT50,行业，TMT,41.79,韭圈儿
2021-04-01,399610,TMT50,行业，TMT,42.41,韭圈儿
2021-04-02,399610,TMT50,行业，TMT,42.94,韭圈儿
2021-04-06,399610,TMT50,行业，TMT,43.04,韭圈儿
2021-04-07,399610,TMT50,行业，TMT,42.77,韭圈儿
2021-04-08,399610,TMT50,行业，TMT,42.58,韭圈儿
2021-04-09,399610,TMT50,行业，TMT,42.14,韭圈儿
2021-04-12,399610,TMT50,行业，TMT,41.05,韭圈儿
2021-04-13,399610,TMT50,行业，TMT,40.19,韭圈儿
2021-04-14,399610,TMT50,行业，TMT,40.96,韭圈儿
2021-04-15,399610,TMT50,行业，TMT,40.64,韭圈儿
2021-04-16,399610,TMT50,行业，TMT,40.64,韭圈儿
2021-04-19,399610,TMT50,行业，TMT,43.2,韭圈儿
2021-04-20,399610,TMT50,行业，TMT,42.71,韭圈儿
2021-04-21,399610,TMT50,行业，TMT,42.83,韭圈儿
2021-04-22,399610,TMT50,行业，TMT,43.11,韭圈儿
2021-04-23,399610,TMT50,行业，TMT,42.16,韭圈儿
2021-04-26,399610,TMT50,行业，TMT,41.8,韭圈儿
2021-04-27,399610,TMT50,行业，TMT,41.77,韭圈儿
2021-04-28,399610,TMT50,行业，TMT,40.26,韭圈儿
2021-04-29,399610,TMT50,行业，TMT,39.68,韭圈儿
2021-04-30,399610,TMT50,行业，TMT,37.7,韭圈儿
2021-05-06,399610,TMT50,行业，TMT,37.05,韭圈儿
2021-05-07,399610,TMT50,行业，TMT,35.86,韭圈儿
2021-05-10,399610,TMT50,行业，TMT,35.74,韭圈儿
2021-05-11,399610,TMT50,行业，TMT,35.89,韭圈儿
2021-05-12,399610,TMT50,行业，TMT,36.15,韭圈儿
2021-05-13,399610,TMT50,行业，TMT,35.76,韭圈儿
2021-05-14,399610,TMT50,行业，TMT,36.58,韭圈儿
2021-05-17,399610,TMT50,行业，TMT,37.37,韭圈儿
2021-05-18,399610,TMT50,行业，TMT,37.49,韭圈儿
2021-05-19,399610,TMT50,行业，TMT,37.73,韭圈儿
2021-05-20,399610,TMT50,行业，TMT,38.04,韭圈儿
2021-05-21,399610,TMT50,行业，TMT,37.69,韭圈儿
2021-05-24,399610,TMT50,行业，TMT,38.31,韭圈儿
2021-05-25,399610,TMT50,行业，TMT,39.34,韭圈儿
2021-05-26,399610,TMT50,行业，TMT,38.79,韭圈儿
2021-05-27,399610,TMT50,行业，TMT,39.2,韭圈儿
2021-05-28,399610,TMT50,行业，TMT,38.96,韭圈儿
2021-05-31,399610,TMT50,行业，TMT,39.28,韭圈儿
2021-06-01,399610,TMT50,行业，TMT,39.24,韭圈儿
2021-06-02,399610,TMT50,行业，TMT,38.49,韭圈儿
2021-06-03,399610,TMT50,行业，TMT,38.24,韭圈儿
2021-06-04,399610,TMT50,行业，TMT,38.36,韭圈儿
2021-06-07,399610,TMT50,行业，TMT,38.72,韭圈儿
2021-06-08,399610,TMT50,行业，TMT,38.5,韭圈儿
2021-06-09,399610,TMT50,行业，TMT,38.67,韭圈儿
2021-06-10,399610,TMT50,行业，TMT,39.05,韭圈儿
2021-06-11,399610,TMT50,行业，TMT,38.74,韭圈儿
2021-06-15,399610,TMT50,行业，TMT,39.78,韭圈儿
2021-06-16,399610,TMT50,行业，TMT,38.59,韭圈儿
2021-06-17,399610,TMT50,行业，TMT,39.55,韭圈儿
2021-06-18,399610,TMT50,行业，TMT,40.02,韭圈儿
2021-06-21,399610,TMT50,行业，TMT,40.44,韭圈儿
2021-06-22,399610,TMT50,行业，TMT,40.37,韭圈儿
2021-06-23,399610,TMT50,行业，TMT,41.26,韭圈儿
2021-06-24,399610,TMT50,行业，TMT,41.47,韭圈儿
2021-06-25,399610,TMT50,行业，TMT,41.72,韭圈儿
2021-06-28,399610,TMT50,行业，TMT,42.05,韭圈儿
2021-06-29,399610,TMT50,行业，TMT,41.53,韭圈儿
2021-06-30,399610,TMT50,行业，TMT,42.09,韭圈儿
2021-07-01,399610,TMT50,行业，TMT,41.68,韭圈儿
2021-07-02,399610,TMT50,行业，TMT,40.42,韭圈儿
2021-07-05,399610,TMT50,行业，TMT,40.75,韭圈儿
2021-07-06,399610,TMT50,行业，TMT,40.56,韭圈儿
2021-07-07,399610,TMT50,行业，TMT,41.32,韭圈儿
2021-07-08,399610,TMT50,行业，TMT,41.75,韭圈儿
2021-07-09,399610,TMT50,行业，TMT,41.2,韭圈儿
2021-07-12,399610,TMT50,行业，TMT,42.2,韭圈儿
2021-07-13,399610,TMT50,行业，TMT,41.85,韭圈儿
2021-07-14,399610,TMT50,行业，TMT,41.49,韭圈儿
2021-07-15,399610,TMT50,行业，TMT,41.82,韭圈儿
2021-07-16,399610,TMT50,行业，TMT,41.55,韭圈儿
2021-07-19,399610,TMT50,行业，TMT,41.75,韭圈儿
2021-07-20,399610,TMT50,行业，TMT,41.72,韭圈儿
2021-07-21,399610,TMT50,行业，TMT,42.34,韭圈儿
2021-07-22,399610,TMT50,行业，TMT,42.52,韭圈儿
2021-07-23,399610,TMT50,行业，TMT,41.89,韭圈儿
2021-07-26,399610,TMT50,行业，TMT,40.72,韭圈儿
2021-07-27,399610,TMT50,行业，TMT,39.46,韭圈儿
2021-07-28,399610,TMT50,行业，TMT,39.0,韭圈儿
2021-07-29,399610,TMT50,行业，TMT,40.15,韭圈儿
2021-07-30,399610,TMT50,行业，TMT,40.1,韭圈儿
2021-08-02,399610,TMT50,行业，TMT,40.69,韭圈儿
2021-08-03,399610,TMT50,行业，TMT,40.01,韭圈儿
2021-08-04,399610,TMT50,行业，TMT,41.0,韭圈儿
2021-08-05,399610,TMT50,行业，TMT,40.59,韭圈儿
2021-08-06,399610,TMT50,行业，TMT,40.35,韭圈儿
2021-08-09,399610,TMT50,行业，TMT,40.3,韭圈儿
2021-08-10,399610,TMT50,行业，TMT,39.25,韭圈儿
2021-08-11,399610,TMT50,行业，TMT,39.06,韭圈儿
2021-08-12,399610,TMT50,行业，TMT,38.91,韭圈儿
2021-08-13,399610,TMT50,行业，TMT,37.84,韭圈儿
2021-08-16,399610,TMT50,行业，TMT,37.69,韭圈儿
2021-08-17,399610,TMT50,行业，TMT,37.01,韭圈儿
2021-08-18,399610,TMT50,行业，TMT,37.0,韭圈儿
2021-08-19,399610,TMT50,行业，TMT,37.48,韭圈儿
2021-08-20,399610,TMT50,行业，TMT,37.38,韭圈儿
2021-08-23,399610,TMT50,行业，TMT,38.13,韭圈儿
2021-08-24,399610,TMT50,行业，TMT,38.01,韭圈儿
2021-08-25,399610,TMT50,行业，TMT,37.83,韭圈儿
2021-08-26,399610,TMT50,行业，TMT,36.79,韭圈儿
2021-08-27,399610,TMT50,行业，TMT,36.7,韭圈儿
2021-08-30,399610,TMT50,行业，TMT,35.92,韭圈儿
2021-08-31,399610,TMT50,行业，TMT,33.44,韭圈儿
2021-09-01,399610,TMT50,行业，TMT,33.55,韭圈儿
2021-09-02,399610,TMT50,行业，TMT,33.12,韭圈儿
2021-09-03,399610,TMT50,行业，TMT,32.91,韭圈儿
2021-09-06,399610,TMT50,行业，TMT,33.61,韭圈儿
2021-09-07,399610,TMT50,行业，TMT,33.74,韭圈儿
2021-09-08,399610,TMT50,行业，TMT,34.1,韭圈儿
2021-09-09,399610,TMT50,行业，TMT,33.64,韭圈儿
2021-09-10,399610,TMT50,行业，TMT,33.99,韭圈儿
2021-09-13,399610,TMT50,行业，TMT,33.44,韭圈儿
2021-09-14,399610,TMT50,行业，TMT,33.28,韭圈儿
2021-09-15,399610,TMT50,行业，TMT,33.12,韭圈儿
2021-09-16,399610,TMT50,行业，TMT,32.56,韭圈儿
2021-09-17,399610,TMT50,行业，TMT,32.7,韭圈儿
2021-09-22,399610,TMT50,行业，TMT,32.49,韭圈儿
2021-09-23,399610,TMT50,行业，TMT,32.98,韭圈儿
2021-09-24,399610,TMT50,行业，TMT,33.02,韭圈儿
2021-09-27,399610,TMT50,行业，TMT,33.27,韭圈儿
2021-09-28,399610,TMT50,行业，TMT,33.05,韭圈儿
2021-09-29,399610,TMT50,行业，TMT,32.48,韭圈儿
2021-09-30,399610,TMT50,行业，TMT,32.89,韭圈儿
2021-10-08,399610,TMT50,行业，TMT,33.42,韭圈儿
2021-10-11,399610,TMT50,行业，TMT,33.32,韭圈儿
2021-10-12,399610,TMT50,行业，TMT,32.61,韭圈儿
2021-10-13,399610,TMT50,行业，TMT,32.91,韭圈儿
2021-10-14,399610,TMT50,行业，TMT,32.93,韭圈儿
2021-10-15,399610,TMT50,行业，TMT,33.23,韭圈儿
2021-10-18,399610,TMT50,行业，TMT,32.78,韭圈儿
2021-10-19,399610,TMT50,行业，TMT,33.11,韭圈儿
2021-10-20,399610,TMT50,行业，TMT,32.95,韭圈儿
2021-10-21,399610,TMT50,行业，TMT,32.71,韭圈儿
2021-10-22,399610,TMT50,行业，TMT,32.96,韭圈儿
2021-10-25,399610,TMT50,行业，TMT,32.75,韭圈儿
2021-10-26,399610,TMT50,行业，TMT,32.64,韭圈儿
2021-10-27,399610,TMT50,行业，TMT,31.55,韭圈儿
2021-10-28,399610,TMT50,行业，TMT,31.48,韭圈儿
2021-10-29,399610,TMT50,行业，TMT,30.66,韭圈儿
2021-11-01,399610,TMT50,行业，TMT,31.03,韭圈儿
2021-11-02,399610,TMT50,行业，TMT,31.03,韭圈儿
2021-11-03,399610,TMT50,行业，TMT,31.08,韭圈儿
2021-11-04,399610,TMT50,行业，TMT,31.56,韭圈儿
2021-11-05,399610,TMT50,行业，TMT,31.79,韭圈儿
2021-11-08,399610,TMT50,行业，TMT,31.9,韭圈儿
2021-11-09,399610,TMT50,行业，TMT,32.16,韭圈儿
2021-11-10,399610,TMT50,行业，TMT,32.15,韭圈儿
2021-11-11,399610,TMT50,行业，TMT,32.51,韭圈儿
2021-11-12,399610,TMT50,行业，TMT,32.53,韭圈儿
2021-11-15,399610,TMT50,行业，TMT,32.54,韭圈儿
2021-11-16,399610,TMT50,行业，TMT,32.37,韭圈儿
2021-11-17,399610,TMT50,行业，TMT,32.54,韭圈儿
2021-11-18,399610,TMT50,行业，TMT,32.04,韭圈儿
2021-11-19,399610,TMT50,行业，TMT,32.57,韭圈儿
2021-11-22,399610,TMT50,行业，TMT,33.22,韭圈儿
2021-11-23,399610,TMT50,行业，TMT,32.85,韭圈儿
2021-11-24,399610,TMT50,行业，TMT,32.94,韭圈儿
2021-11-25,399610,TMT50,行业，TMT,32.66,韭圈儿
2021-11-26,399610,TMT50,行业，TMT,32.18,韭圈儿
2021-11-29,399610,TMT50,行业，TMT,32.17,韭圈儿
2021-11-30,399610,TMT50,行业，TMT,32.39,韭圈儿
2021-12-01,399610,TMT50,行业，TMT,32.35,韭圈儿
2021-12-02,399610,TMT50,行业，TMT,32.06,韭圈儿
2021-12-03,399610,TMT50,行业，TMT,32.37,韭圈儿
2021-12-06,399610,TMT50,行业，TMT,32.24,韭圈儿
2021-12-07,399610,TMT50,行业，TMT,32.14,韭圈儿
2021-12-08,399610,TMT50,行业，TMT,32.97,韭圈儿
2021-12-09,399610,TMT50,行业，TMT,33.65,韭圈儿
2021-12-10,399610,TMT50,行业，TMT,33.53,韭圈儿
2021-12-13,399610,TMT50,行业，TMT,34.27,韭圈儿
2021-12-14,399610,TMT50,行业，TMT,34.33,韭圈儿
2021-12-15,399610,TMT50,行业，TMT,33.95,韭圈儿
2021-12-16,399610,TMT50,行业，TMT,34.12,韭圈儿
2021-12-17,399610,TMT50,行业，TMT,33.45,韭圈儿
2021-12-20,399610,TMT50,行业，TMT,32.71,韭圈儿
2021-12-21,399610,TMT50,行业，TMT,33.16,韭圈儿
2021-12-22,399610,TMT50,行业，TMT,33.59,韭圈儿
2021-12-23,399610,TMT50,行业，TMT,33.75,韭圈儿
2021-12-24,399610,TMT50,行业，TMT,33.64,韭圈儿
2021-12-27,399610,TMT50,行业，TMT,33.42,韭圈儿
2021-12-28,399610,TMT50,行业，TMT,33.63,韭圈儿
2021-12-29,399610,TMT50,行业，TMT,33.22,韭圈儿
2021-12-30,399610,TMT50,行业，TMT,33.77,韭圈儿
2021-12-31,399610,TMT50,行业，TMT,33.93,韭圈儿
2022-01-04,399610,TMT50,行业，TMT,33.85,韭圈儿
2022-01-05,399610,TMT50,行业，TMT,32.95,韭圈儿
2022-01-06,399610,TMT50,行业，TMT,32.46,韭圈儿
2022-01-07,399610,TMT50,行业，TMT,32.23,韭圈儿
2022-01-10,399610,TMT50,行业，TMT,32.49,韭圈儿
2022-01-11,399610,TMT50,行业，TMT,31.85,韭圈儿
2022-01-12,399610,TMT50,行业，TMT,32.2,韭圈儿
2022-01-13,399610,TMT50,行业，TMT,31.48,韭圈儿
2022-01-14,399610,TMT50,行业，TMT,31.63,韭圈儿
2022-01-17,399610,TMT50,行业，TMT,32.29,韭圈儿
2022-01-18,399610,TMT50,行业，TMT,32.56,韭圈儿
2022-01-19,399610,TMT50,行业，TMT,32.06,韭圈儿
2022-01-20,399610,TMT50,行业，TMT,31.94,韭圈儿
2022-01-21,399610,TMT50,行业，TMT,31.45,韭圈儿
2022-01-24,399610,TMT50,行业，TMT,31.75,韭圈儿
2022-01-25,399610,TMT50,行业，TMT,30.92,韭圈儿
2022-01-26,399610,TMT50,行业，TMT,31.1,韭圈儿
2022-01-27,399610,TMT50,行业，TMT,30.21,韭圈儿
2022-01-28,399610,TMT50,行业，TMT,30.01,韭圈儿
2022-02-07,399610,TMT50,行业，TMT,29.82,韭圈儿
2022-02-08,399610,TMT50,行业，TMT,29.2,韭圈儿
2022-02-09,399610,TMT50,行业，TMT,29.64,韭圈儿
2022-02-10,399610,TMT50,行业，TMT,29.49,韭圈儿
2022-02-11,399610,TMT50,行业，TMT,28.89,韭圈儿
2022-02-14,399610,TMT50,行业，TMT,28.75,韭圈儿
2022-02-15,399610,TMT50,行业，TMT,29.51,韭圈儿
2022-02-16,399610,TMT50,行业，TMT,29.36,韭圈儿
2022-02-17,399610,TMT50,行业，TMT,29.43,韭圈儿
2022-02-18,399610,TMT50,行业，TMT,29.39,韭圈儿
2022-02-21,399610,TMT50,行业，TMT,29.58,韭圈儿
2022-02-22,399610,TMT50,行业，TMT,29.11,韭圈儿
2022-02-23,399610,TMT50,行业，TMT,29.93,韭圈儿
2022-02-24,399610,TMT50,行业，TMT,29.3,韭圈儿
2022-02-25,399610,TMT50,行业，TMT,29.59,韭圈儿
2022-02-28,399610,TMT50,行业，TMT,30.09,韭圈儿
2022-03-01,399610,TMT50,行业，TMT,29.98,韭圈儿
2022-03-02,399610,TMT50,行业，TMT,29.52,韭圈儿
2022-03-03,399610,TMT50,行业，TMT,28.89,韭圈儿
2022-03-04,399610,TMT50,行业，TMT,28.57,韭圈儿
2022-03-07,399610,TMT50,行业，TMT,27.33,韭圈儿
2022-03-08,399610,TMT50,行业，TMT,26.92,韭圈儿
2022-03-09,399610,TMT50,行业，TMT,26.92,韭圈儿
2022-03-10,399610,TMT50,行业，TMT,26.68,韭圈儿
2022-03-11,399610,TMT50,行业，TMT,26.74,韭圈儿
2022-03-14,399610,TMT50,行业，TMT,25.86,韭圈儿
2022-03-15,399610,TMT50,行业，TMT,24.92,韭圈儿
2022-03-16,399610,TMT50,行业，TMT,25.83,韭圈儿
2022-03-17,399610,TMT50,行业，TMT,26.42,韭圈儿
2022-03-18,399610,TMT50,行业，TMT,26.3,韭圈儿
2022-03-21,399610,TMT50,行业，TMT,26.38,韭圈儿
2022-03-22,399610,TMT50,行业，TMT,26.19,韭圈儿
2022-03-23,399610,TMT50,行业，TMT,26.39,韭圈儿
2022-03-24,399610,TMT50,行业，TMT,25.98,韭圈儿
2022-03-25,399610,TMT50,行业，TMT,25.47,韭圈儿
2022-03-28,399610,TMT50,行业，TMT,25.19,韭圈儿
2022-03-29,399610,TMT50,行业，TMT,24.8,韭圈儿
2022-03-30,399610,TMT50,行业，TMT,25.55,韭圈儿
2022-03-31,399610,TMT50,行业，TMT,25.06,韭圈儿
2022-04-01,399610,TMT50,行业，TMT,25.2,韭圈儿
2022-04-06,399610,TMT50,行业，TMT,24.77,韭圈儿
2022-04-07,399610,TMT50,行业，TMT,24.34,韭圈儿
2022-04-08,399610,TMT50,行业，TMT,24.36,韭圈儿
2022-04-11,399610,TMT50,行业，TMT,23.09,韭圈儿
2022-04-12,399610,TMT50,行业，TMT,23.51,韭圈儿
2022-04-13,399610,TMT50,行业，TMT,23.06,韭圈儿
2022-04-14,399610,TMT50,行业，TMT,23.37,韭圈儿
2022-04-15,399610,TMT50,行业，TMT,23.35,韭圈儿
2022-04-18,399610,TMT50,行业，TMT,23.86,韭圈儿
2022-04-19,399610,TMT50,行业，TMT,23.58,韭圈儿
2022-04-20,399610,TMT50,行业，TMT,23.42,韭圈儿
2022-04-21,399610,TMT50,行业，TMT,22.94,韭圈儿
2022-04-22,399610,TMT50,行业，TMT,22.72,韭圈儿
2022-04-25,399610,TMT50,行业，TMT,21.57,韭圈儿
2022-04-26,399610,TMT50,行业，TMT,20.88,韭圈儿
2022-04-27,399610,TMT50,行业，TMT,22.1,韭圈儿
2022-04-28,399610,TMT50,行业，TMT,22.62,韭圈儿
2022-04-29,399610,TMT50,行业，TMT,23.82,韭圈儿
2022-05-05,399610,TMT50,行业，TMT,23.77,韭圈儿
2022-05-06,399610,TMT50,行业，TMT,23.02,韭圈儿
2022-05-09,399610,TMT50,行业，TMT,22.84,韭圈儿
2022-05-10,399610,TMT50,行业，TMT,23.34,韭圈儿
2022-05-11,399610,TMT50,行业，TMT,23.92,韭圈儿
2022-05-12,399610,TMT50,行业，TMT,23.84,韭圈儿
2022-05-13,399610,TMT50,行业，TMT,23.63,韭圈儿
2022-05-16,399610,TMT50,行业，TMT,23.52,韭圈儿
2022-05-17,399610,TMT50,行业，TMT,23.94,韭圈儿
2022-05-18,399610,TMT50,行业，TMT,24.02,韭圈儿
2022-05-19,399610,TMT50,行业，TMT,24.17,韭圈儿
2022-05-20,399610,TMT50,行业，TMT,24.4,韭圈儿
2022-05-23,399610,TMT50,行业，TMT,24.36,韭圈儿
2022-05-24,399610,TMT50,行业，TMT,23.47,韭圈儿
2022-05-25,399610,TMT50,行业，TMT,23.58,韭圈儿
2022-05-26,399610,TMT50,行业，TMT,23.83,韭圈儿
2022-05-27,399610,TMT50,行业，TMT,23.81,韭圈儿
2022-05-30,399610,TMT50,行业，TMT,24.08,韭圈儿
2022-05-31,399610,TMT50,行业，TMT,24.77,韭圈儿
2022-06-01,399610,TMT50,行业，TMT,24.76,韭圈儿
2022-06-02,399610,TMT50,行业，TMT,25.09,韭圈儿
2022-06-06,399610,TMT50,行业，TMT,25.92,韭圈儿
2022-06-07,399610,TMT50,行业，TMT,25.7,韭圈儿
2022-06-08,399610,TMT50,行业，TMT,25.87,韭圈儿
2022-06-09,399610,TMT50,行业，TMT,25.17,韭圈儿
2022-06-10,399610,TMT50,行业，TMT,25.59,韭圈儿
2022-06-13,399610,TMT50,行业，TMT,24.39,韭圈儿
2022-06-14,399610,TMT50,行业，TMT,24.2,韭圈儿
2022-06-15,399610,TMT50,行业，TMT,24.66,韭圈儿
2022-06-16,399610,TMT50,行业，TMT,24.74,韭圈儿
2022-06-17,399610,TMT50,行业，TMT,24.76,韭圈儿
2022-06-20,399610,TMT50,行业，TMT,25.04,韭圈儿
2022-06-21,399610,TMT50,行业，TMT,25.07,韭圈儿
2022-06-22,399610,TMT50,行业，TMT,24.25,韭圈儿
2022-06-23,399610,TMT50,行业，TMT,24.79,韭圈儿
2022-06-24,399610,TMT50,行业，TMT,25.1,韭圈儿
2022-06-27,399610,TMT50,行业，TMT,25.28,韭圈儿
2022-06-28,399610,TMT50,行业，TMT,25.79,韭圈儿
2022-06-29,399610,TMT50,行业，TMT,25.29,韭圈儿
2022-06-30,399610,TMT50,行业，TMT,25.45,韭圈儿
2022-07-01,399610,TMT50,行业，TMT,25.42,韭圈儿
2022-07-04,399610,TMT50,行业，TMT,25.31,韭圈儿
2022-07-05,399610,TMT50,行业，TMT,25.08,韭圈儿
2022-07-06,399610,TMT50,行业，TMT,25.02,韭圈儿
2022-07-07,399610,TMT50,行业，TMT,25.1,韭圈儿
2022-07-08,399610,TMT50,行业，TMT,25.18,韭圈儿
2022-07-11,399610,TMT50,行业，TMT,24.63,韭圈儿
2022-07-12,399610,TMT50,行业，TMT,24.25,韭圈儿
2022-07-13,399610,TMT50,行业，TMT,24.12,韭圈儿
2022-07-14,399610,TMT50,行业，TMT,24.33,韭圈儿
2022-07-15,399610,TMT50,行业，TMT,24.06,韭圈儿
2022-07-18,399610,TMT50,行业，TMT,24.27,韭圈儿
2022-07-19,399610,TMT50,行业，TMT,24.4,韭圈儿
2022-07-20,399610,TMT50,行业，TMT,24.5,韭圈儿
2022-07-21,399610,TMT50,行业，TMT,24.56,韭圈儿
2022-07-22,399610,TMT50,行业，TMT,24.31,韭圈儿
2022-07-25,399610,TMT50,行业，TMT,24.05,韭圈儿
2022-07-26,399610,TMT50,行业，TMT,24.19,韭圈儿
2022-07-27,399610,TMT50,行业，TMT,24.16,韭圈儿
2022-07-28,399610,TMT50,行业，TMT,24.67,韭圈儿
2022-07-29,399610,TMT50,行业，TMT,24.26,韭圈儿
2022-08-01,399610,TMT50,行业，TMT,24.69,韭圈儿
2022-08-02,399610,TMT50,行业，TMT,24.13,韭圈儿
2022-08-03,399610,TMT50,行业，TMT,24.2,韭圈儿
2022-08-04,399610,TMT50,行业，TMT,24.37,韭圈儿
2022-08-05,399610,TMT50,行业，TMT,25.19,韭圈儿
2022-08-08,399610,TMT50,行业，TMT,25.33,韭圈儿
2022-08-09,399610,TMT50,行业，TMT,25.32,韭圈儿
2022-08-10,399610,TMT50,行业，TMT,24.9,韭圈儿
2022-08-11,399610,TMT50,行业，TMT,25.67,韭圈儿
2022-08-12,399610,TMT50,行业，TMT,25.41,韭圈儿
2022-08-15,399610,TMT50,行业，TMT,25.2,韭圈儿
2022-08-16,399610,TMT50,行业，TMT,24.99,韭圈儿
2022-08-17,399610,TMT50,行业，TMT,25.63,韭圈儿
2022-08-18,399610,TMT50,行业，TMT,25.56,韭圈儿
2022-08-19,399610,TMT50,行业，TMT,25.18,韭圈儿
2022-08-22,399610,TMT50,行业，TMT,25.5,韭圈儿
2022-08-23,399610,TMT50,行业，TMT,25.37,韭圈儿
2022-08-24,399610,TMT50,行业，TMT,24.46,韭圈儿
2022-08-25,399610,TMT50,行业，TMT,24.46,韭圈儿
2022-08-26,399610,TMT50,行业，TMT,24.14,韭圈儿
2022-08-29,399610,TMT50,行业，TMT,24.8,韭圈儿
2022-08-30,399610,TMT50,行业，TMT,25.76,韭圈儿
2022-08-31,399610,TMT50,行业，TMT,25.87,韭圈儿
2022-09-01,399610,TMT50,行业，TMT,25.57,韭圈儿
2022-09-02,399610,TMT50,行业，TMT,25.88,韭圈儿
2022-09-05,399610,TMT50,行业，TMT,25.59,韭圈儿
2022-09-06,399610,TMT50,行业，TMT,25.83,韭圈儿
2022-09-07,399610,TMT50,行业，TMT,25.95,韭圈儿
2022-09-08,399610,TMT50,行业，TMT,25.72,韭圈儿
2022-09-09,399610,TMT50,行业，TMT,25.81,韭圈儿
2022-09-13,399610,TMT50,行业，TMT,25.98,韭圈儿
2022-09-14,399610,TMT50,行业，TMT,25.8,韭圈儿
2022-09-15,399610,TMT50,行业，TMT,25.29,韭圈儿
2022-09-16,399610,TMT50,行业，TMT,25.07,韭圈儿
2022-09-19,399610,TMT50,行业，TMT,24.73,韭圈儿
2022-09-20,399610,TMT50,行业，TMT,24.71,韭圈儿
2022-09-21,399610,TMT50,行业，TMT,24.49,韭圈儿
2022-09-22,399610,TMT50,行业，TMT,24.23,韭圈儿
2022-09-23,399610,TMT50,行业，TMT,23.84,韭圈儿
2022-09-26,399610,TMT50,行业，TMT,23.63,韭圈儿
2022-09-27,399610,TMT50,行业，TMT,24.07,韭圈儿
2022-09-28,399610,TMT50,行业，TMT,23.53,韭圈儿
2022-09-29,399610,TMT50,行业，TMT,23.51,韭圈儿
2022-09-30,399610,TMT50,行业，TMT,23.25,韭圈儿
2022-10-10,399610,TMT50,行业，TMT,22.34,韭圈儿
2022-10-11,399610,TMT50,行业，TMT,22.24,韭圈儿
2022-10-12,399610,TMT50,行业，TMT,23.04,韭圈儿
2022-10-13,399610,TMT50,行业，TMT,23.12,韭圈儿
2022-10-14,399610,TMT50,行业，TMT,23.64,韭圈儿
2022-10-17,399610,TMT50,行业，TMT,24.13,韭圈儿
2022-10-18,399610,TMT50,行业，TMT,24.01,韭圈儿
2022-10-19,399610,TMT50,行业，TMT,23.76,韭圈儿
2022-10-20,399610,TMT50,行业，TMT,24.05,韭圈儿
2022-10-21,399610,TMT50,行业，TMT,23.92,韭圈儿
2022-10-24,399610,TMT50,行业，TMT,23.75,韭圈儿
2022-10-25,399610,TMT50,行业，TMT,24.04,韭圈儿
2022-10-26,399610,TMT50,行业，TMT,24.6,韭圈儿
2022-10-27,399610,TMT50,行业，TMT,24.36,韭圈儿
2022-10-28,399610,TMT50,行业，TMT,23.41,韭圈儿
2022-10-31,399610,TMT50,行业，TMT,25.89,韭圈儿
2022-11-01,399610,TMT50,行业，TMT,26.32,韭圈儿
2022-11-02,399610,TMT50,行业，TMT,26.64,韭圈儿
2022-11-03,399610,TMT50,行业，TMT,26.64,韭圈儿
2022-11-04,399610,TMT50,行业，TMT,27.22,韭圈儿
2022-11-07,399610,TMT50,行业，TMT,27.15,韭圈儿
2022-11-08,399610,TMT50,行业，TMT,26.94,韭圈儿
2022-11-09,399610,TMT50,行业，TMT,26.6,韭圈儿
2022-11-10,399610,TMT50,行业，TMT,26.12,韭圈儿
2022-11-11,399610,TMT50,行业，TMT,26.62,韭圈儿
2022-11-14,399610,TMT50,行业，TMT,26.78,韭圈儿
2022-11-15,399610,TMT50,行业，TMT,27.81,韭圈儿
2022-11-16,399610,TMT50,行业，TMT,27.52,韭圈儿
2022-11-17,399610,TMT50,行业，TMT,27.83,韭圈儿
2022-11-18,399610,TMT50,行业，TMT,27.58,韭圈儿
2022-11-21,399610,TMT50,行业，TMT,27.44,韭圈儿
2022-11-22,399610,TMT50,行业，TMT,27.17,韭圈儿
2022-11-23,399610,TMT50,行业，TMT,26.9,韭圈儿
2022-11-24,399610,TMT50,行业，TMT,26.63,韭圈儿
2022-11-25,399610,TMT50,行业，TMT,26.4,韭圈儿
2022-11-28,399610,TMT50,行业，TMT,26.08,韭圈儿
2022-11-29,399610,TMT50,行业，TMT,26.6,韭圈儿
2022-11-30,399610,TMT50,行业，TMT,26.59,韭圈儿
2022-12-01,399610,TMT50,行业，TMT,27.07,韭圈儿
2022-12-02,399610,TMT50,行业，TMT,26.85,韭圈儿
2022-12-05,399610,TMT50,行业，TMT,27.14,韭圈儿
2022-12-06,399610,TMT50,行业，TMT,27.5,韭圈儿
2022-12-07,399610,TMT50,行业，TMT,27.37,韭圈儿
2022-12-08,399610,TMT50,行业，TMT,27.13,韭圈儿
2022-12-09,399610,TMT50,行业，TMT,27.3,韭圈儿
2022-12-12,399610,TMT50,行业，TMT,27.34,韭圈儿
2022-12-13,399610,TMT50,行业，TMT,27.08,韭圈儿
2022-12-14,399610,TMT50,行业，TMT,27.15,韭圈儿
2022-12-15,399610,TMT50,行业，TMT,27.37,韭圈儿
2022-12-16,399610,TMT50,行业，TMT,27.07,韭圈儿
2022-12-19,399610,TMT50,行业，TMT,26.64,韭圈儿
2022-12-20,399610,TMT50,行业，TMT,26.33,韭圈儿
2022-12-21,399610,TMT50,行业，TMT,26.16,韭圈儿
2022-12-22,399610,TMT50,行业，TMT,26.31,韭圈儿
2022-12-23,399610,TMT50,行业，TMT,26.3,韭圈儿
2022-12-26,399610,TMT50,行业，TMT,26.69,韭圈儿
2022-12-27,399610,TMT50,行业，TMT,26.94,韭圈儿
2022-12-28,399610,TMT50,行业，TMT,26.63,韭圈儿
2022-12-29,399610,TMT50,行业，TMT,26.59,韭圈儿
2022-12-30,399610,TMT50,行业，TMT,26.55,韭圈儿
2023-01-03,399610,TMT50,行业，TMT,27.06,韭圈儿
2023-01-04,399610,TMT50,行业，TMT,26.76,韭圈儿
2023-01-05,399610,TMT50,行业，TMT,27.28,韭圈儿
2023-01-06,399610,TMT50,行业，TMT,27.03,韭圈儿
2023-01-09,399610,TMT50,行业，TMT,27.1,韭圈儿
2023-01-10,399610,TMT50,行业，TMT,27.24,韭圈儿
2023-01-11,399610,TMT50,行业，TMT,26.89,韭圈儿
2023-01-12,399610,TMT50,行业，TMT,26.95,韭圈儿
2023-01-13,399610,TMT50,行业，TMT,27.07,韭圈儿
2023-01-16,399610,TMT50,行业，TMT,27.66,韭圈儿
2023-01-17,399610,TMT50,行业，TMT,27.9,韭圈儿
2023-01-18,399610,TMT50,行业，TMT,28.11,韭圈儿
2023-01-19,399610,TMT50,行业，TMT,28.75,韭圈儿
2023-01-20,399610,TMT50,行业，TMT,28.76,韭圈儿
2023-01-30,399610,TMT50,行业，TMT,29.34,韭圈儿
2023-01-31,399610,TMT50,行业，TMT,28.78,韭圈儿
2023-02-01,399610,TMT50,行业，TMT,29.19,韭圈儿
2023-02-02,399610,TMT50,行业，TMT,29.29,韭圈儿
2023-02-03,399610,TMT50,行业，TMT,29.5,韭圈儿
2023-02-06,399610,TMT50,行业，TMT,29.31,韭圈儿
2023-02-07,399610,TMT50,行业，TMT,29.34,韭圈儿
2023-02-08,399610,TMT50,行业，TMT,29.01,韭圈儿
2023-02-09,399610,TMT50,行业，TMT,29.84,韭圈儿
2023-02-10,399610,TMT50,行业，TMT,29.62,韭圈儿
2023-02-13,399610,TMT50,行业，TMT,29.87,韭圈儿
2023-02-14,399610,TMT50,行业，TMT,29.78,韭圈儿
2023-02-15,399610,TMT50,行业，TMT,30.3,韭圈儿
2023-02-16,399610,TMT50,行业，TMT,30.0,韭圈儿
2023-02-17,399610,TMT50,行业，TMT,29.0,韭圈儿
2023-02-20,399610,TMT50,行业，TMT,30.23,韭圈儿
2023-02-21,399610,TMT50,行业，TMT,30.15,韭圈儿
2023-02-22,399610,TMT50,行业，TMT,29.97,韭圈儿
2023-02-23,399610,TMT50,行业，TMT,29.77,韭圈儿
2023-02-24,399610,TMT50,行业，TMT,29.67,韭圈儿
2023-02-27,399610,TMT50,行业，TMT,29.5,韭圈儿
2023-02-28,399610,TMT50,行业，TMT,29.17,韭圈儿
2023-03-01,399610,TMT50,行业，TMT,29.82,韭圈儿
2023-03-02,399610,TMT50,行业，TMT,29.79,韭圈儿
2023-03-03,399610,TMT50,行业，TMT,29.71,韭圈儿
2023-03-06,399610,TMT50,行业，TMT,29.66,韭圈儿
2023-03-07,399610,TMT50,行业，TMT,28.88,韭圈儿
2023-03-08,399610,TMT50,行业，TMT,29.06,韭圈儿
2023-03-09,399610,TMT50,行业，TMT,29.13,韭圈儿
2023-03-10,399610,TMT50,行业，TMT,28.76,韭圈儿
2023-03-13,399610,TMT50,行业，TMT,29.22,韭圈儿
2023-03-14,399610,TMT50,行业，TMT,28.98,韭圈儿
2023-03-15,399610,TMT50,行业，TMT,29.06,韭圈儿
2023-03-16,399610,TMT50,行业，TMT,28.63,韭圈儿
2023-03-17,399610,TMT50,行业，TMT,29.51,韭圈儿
2023-03-20,399610,TMT50,行业，TMT,29.72,韭圈儿
2023-03-21,399610,TMT50,行业，TMT,29.92,韭圈儿
2023-03-22,399610,TMT50,行业，TMT,30.64,韭圈儿
2023-03-23,399610,TMT50,行业，TMT,31.89,韭圈儿
2023-03-24,399610,TMT50,行业，TMT,32.24,韭圈儿
2023-03-27,399610,TMT50,行业，TMT,32.08,韭圈儿
2023-03-28,399610,TMT50,行业，TMT,31.38,韭圈儿
2023-03-29,399610,TMT50,行业，TMT,31.34,韭圈儿
2023-03-30,399610,TMT50,行业，TMT,31.07,韭圈儿
2023-03-31,399610,TMT50,行业，TMT,32.03,韭圈儿
2023-04-03,399610,TMT50,行业，TMT,33.16,韭圈儿
2023-04-04,399610,TMT50,行业，TMT,34.47,韭圈儿
2023-04-06,399610,TMT50,行业，TMT,34.54,韭圈儿
2023-04-07,399610,TMT50,行业，TMT,35.02,韭圈儿
2023-04-10,399610,TMT50,行业，TMT,33.91,韭圈儿
2023-04-11,399610,TMT50,行业，TMT,33.93,韭圈儿
2023-04-12,399610,TMT50,行业，TMT,34.84,韭圈儿
2023-04-13,399610,TMT50,行业，TMT,33.52,韭圈儿
2023-04-14,399610,TMT50,行业，TMT,33.49,韭圈儿
2023-04-17,399610,TMT50,行业，TMT,33.34,韭圈儿
2023-04-18,399610,TMT50,行业，TMT,34.49,韭圈儿
2023-04-19,399610,TMT50,行业，TMT,34.33,韭圈儿
2023-04-20,399610,TMT50,行业，TMT,35.01,韭圈儿
2023-04-21,399610,TMT50,行业，TMT,33.62,韭圈儿
2023-04-24,399610,TMT50,行业，TMT,33.62,韭圈儿
2023-04-25,399610,TMT50,行业，TMT,33.19,韭圈儿
2023-04-26,399610,TMT50,行业，TMT,32.54,韭圈儿
2023-04-27,399610,TMT50,行业，TMT,32.28,韭圈儿
2023-04-28,399610,TMT50,行业，TMT,34.15,韭圈儿
2023-05-04,399610,TMT50,行业，TMT,38.28,韭圈儿
2023-05-05,399610,TMT50,行业，TMT,37.67,韭圈儿
2023-05-08,399610,TMT50,行业，TMT,37.78,韭圈儿
2023-05-09,399610,TMT50,行业，TMT,37.55,韭圈儿
2023-05-10,399610,TMT50,行业，TMT,37.17,韭圈儿
2023-05-11,399610,TMT50,行业，TMT,37.07,韭圈儿
2023-05-12,399610,TMT50,行业，TMT,36.5,韭圈儿
2023-05-15,399610,TMT50,行业，TMT,36.88,韭圈儿
2023-05-16,399610,TMT50,行业，TMT,36.56,韭圈儿
2023-05-17,399610,TMT50,行业，TMT,36.75,韭圈儿
2023-05-18,399610,TMT50,行业，TMT,37.46,韭圈儿
2023-05-19,399610,TMT50,行业，TMT,37.62,韭圈儿
2023-05-22,399610,TMT50,行业，TMT,37.24,韭圈儿
2023-05-23,399610,TMT50,行业，TMT,36.89,韭圈儿
2023-05-24,399610,TMT50,行业，TMT,36.54,韭圈儿
2023-05-25,399610,TMT50,行业，TMT,36.56,韭圈儿
2023-05-26,399610,TMT50,行业，TMT,36.96,韭圈儿
2023-05-29,399610,TMT50,行业，TMT,36.92,韭圈儿
2023-05-30,399610,TMT50,行业，TMT,37.7,韭圈儿
2023-05-31,399610,TMT50,行业，TMT,37.77,韭圈儿
2023-06-01,399610,TMT50,行业，TMT,38.57,韭圈儿
2023-06-02,399610,TMT50,行业，TMT,38.74,韭圈儿
2023-06-05,399610,TMT50,行业，TMT,38.89,韭圈儿
2023-06-06,399610,TMT50,行业，TMT,37.66,韭圈儿
2023-06-07,399610,TMT50,行业，TMT,37.71,韭圈儿
2023-06-08,399610,TMT50,行业，TMT,37.46,韭圈儿
2023-06-09,399610,TMT50,行业，TMT,38.01,韭圈儿
2023-06-12,399610,TMT50,行业，TMT,41.83,韭圈儿
2023-06-13,399610,TMT50,行业，TMT,43.17,韭圈儿
2023-06-14,399610,TMT50,行业，TMT,43.4,韭圈儿
2023-06-15,399610,TMT50,行业，TMT,43.34,韭圈儿
2023-06-16,399610,TMT50,行业，TMT,44.59,韭圈儿
2023-06-19,399610,TMT50,行业，TMT,45.36,韭圈儿
2023-06-20,399610,TMT50,行业，TMT,46.31,韭圈儿
2023-06-21,399610,TMT50,行业，TMT,44.49,韭圈儿
2023-06-26,399610,TMT50,行业，TMT,43.01,韭圈儿
2023-06-27,399610,TMT50,行业，TMT,43.48,韭圈儿
2023-06-28,399610,TMT50,行业，TMT,42.67,韭圈儿
2023-06-29,399610,TMT50,行业，TMT,43.06,韭圈儿
2023-06-30,399610,TMT50,行业，TMT,43.36,韭圈儿
2023-07-03,399610,TMT50,行业，TMT,43.18,韭圈儿
2023-07-04,399610,TMT50,行业，TMT,43.83,韭圈儿
2023-07-05,399610,TMT50,行业，TMT,43.21,韭圈儿
2023-07-06,399610,TMT50,行业，TMT,43.24,韭圈儿
2023-07-07,399610,TMT50,行业，TMT,42.82,韭圈儿
2023-07-10,399610,TMT50,行业，TMT,42.76,韭圈儿
2023-07-11,399610,TMT50,行业，TMT,43.47,韭圈儿
2023-07-12,399610,TMT50,行业，TMT,42.35,韭圈儿
2023-07-13,399610,TMT50,行业，TMT,43.41,韭圈儿
2023-07-14,399610,TMT50,行业，TMT,43.74,韭圈儿
2023-07-17,399610,TMT50,行业，TMT,43.5,韭圈儿
2023-07-18,399610,TMT50,行业，TMT,43.11,韭圈儿
2023-07-19,399610,TMT50,行业，TMT,42.81,韭圈儿
2023-07-20,399610,TMT50,行业，TMT,41.53,韭圈儿
2023-07-21,399610,TMT50,行业，TMT,41.23,韭圈儿
2023-07-24,399610,TMT50,行业，TMT,41.31,韭圈儿
2023-07-25,399610,TMT50,行业，TMT,42.15,韭圈儿
2023-07-26,399610,TMT50,行业，TMT,41.52,韭圈儿
2023-07-27,399610,TMT50,行业，TMT,41.12,韭圈儿
2023-07-28,399610,TMT50,行业，TMT,41.59,韭圈儿
2023-07-31,399610,TMT50,行业，TMT,42.08,韭圈儿
2023-08-01,399610,TMT50,行业，TMT,42.33,韭圈儿
2023-08-02,399610,TMT50,行业，TMT,42.29,韭圈儿
2023-08-03,399610,TMT50,行业，TMT,42.28,韭圈儿
2023-08-04,399610,TMT50,行业，TMT,42.84,韭圈儿
2023-08-07,399610,TMT50,行业，TMT,42.6,韭圈儿
2023-08-08,399610,TMT50,行业，TMT,42.35,韭圈儿
2023-08-09,399610,TMT50,行业，TMT,41.73,韭圈儿
2023-08-10,399610,TMT50,行业，TMT,41.56,韭圈儿
2023-08-11,399610,TMT50,行业，TMT,40.57,韭圈儿
2023-08-14,399610,TMT50,行业，TMT,40.77,韭圈儿
2023-08-15,399610,TMT50,行业，TMT,40.27,韭圈儿
2023-08-16,399610,TMT50,行业，TMT,39.28,韭圈儿
2023-08-17,399610,TMT50,行业，TMT,39.53,韭圈儿
2023-08-18,399610,TMT50,行业，TMT,38.63,韭圈儿
2023-08-21,399610,TMT50,行业，TMT,37.92,韭圈儿
2023-08-22,399610,TMT50,行业，TMT,38.87,韭圈儿
2023-08-23,399610,TMT50,行业，TMT,37.59,韭圈儿
2023-08-24,399610,TMT50,行业，TMT,37.98,韭圈儿
2023-08-25,399610,TMT50,行业，TMT,36.77,韭圈儿
2023-08-28,399610,TMT50,行业，TMT,37.57,韭圈儿
2023-08-29,399610,TMT50,行业，TMT,39.84,韭圈儿
2023-08-30,399610,TMT50,行业，TMT,39.39,韭圈儿
2023-08-31,399610,TMT50,行业，TMT,40.6,韭圈儿
2023-09-01,399610,TMT50,行业，TMT,40.36,韭圈儿
2023-09-04,399610,TMT50,行业，TMT,40.77,韭圈儿
2023-09-05,399610,TMT50,行业，TMT,40.33,韭圈儿
2023-09-06,399610,TMT50,行业，TMT,40.39,韭圈儿
2023-09-07,399610,TMT50,行业，TMT,39.42,韭圈儿
2023-09-08,399610,TMT50,行业，TMT,39.34,韭圈儿
2023-09-11,399610,TMT50,行业，TMT,39.75,韭圈儿
2023-09-12,399610,TMT50,行业，TMT,39.64,韭圈儿
2023-09-13,399610,TMT50,行业，TMT,38.78,韭圈儿
2023-09-14,399610,TMT50,行业，TMT,38.5,韭圈儿
2023-09-15,399610,TMT50,行业，TMT,38.21,韭圈儿
2023-09-18,399610,TMT50,行业，TMT,38.14,韭圈儿
2023-09-19,399610,TMT50,行业，TMT,37.63,韭圈儿
2023-09-20,399610,TMT50,行业，TMT,37.43,韭圈儿
2023-09-21,399610,TMT50,行业，TMT,37.35,韭圈儿
2023-09-22,399610,TMT50,行业，TMT,38.62,韭圈儿
2023-09-25,399610,TMT50,行业，TMT,38.11,韭圈儿
2023-09-26,399610,TMT50,行业，TMT,38.24,韭圈儿
2023-09-27,399610,TMT50,行业，TMT,38.32,韭圈儿
2023-09-28,399610,TMT50,行业，TMT,38.59,韭圈儿
2023-10-09,399610,TMT50,行业，TMT,39.04,韭圈儿
2023-10-10,399610,TMT50,行业，TMT,39.11,韭圈儿
2023-10-11,399610,TMT50,行业，TMT,39.59,韭圈儿
2023-10-12,399610,TMT50,行业，TMT,39.62,韭圈儿
2023-10-13,399610,TMT50,行业，TMT,39.27,韭圈儿
2023-10-16,399610,TMT50,行业，TMT,38.57,韭圈儿
2023-10-17,399610,TMT50,行业，TMT,38.57,韭圈儿
2023-10-18,399610,TMT50,行业，TMT,37.94,韭圈儿
2023-10-19,399610,TMT50,行业，TMT,37.52,韭圈儿
2023-10-20,399610,TMT50,行业，TMT,36.76,韭圈儿
2023-10-23,399610,TMT50,行业，TMT,35.9,韭圈儿
2023-10-24,399610,TMT50,行业，TMT,36.11,韭圈儿
2023-10-25,399610,TMT50,行业，TMT,36.06,韭圈儿
2023-10-26,399610,TMT50,行业，TMT,36.13,韭圈儿
2023-10-27,399610,TMT50,行业，TMT,37.44,韭圈儿
2023-10-30,399610,TMT50,行业，TMT,38.3,韭圈儿
2023-10-31,399610,TMT50,行业，TMT,37.98,韭圈儿
2023-11-01,399610,TMT50,行业，TMT,36.96,韭圈儿
2023-11-02,399610,TMT50,行业，TMT,36.65,韭圈儿
2023-11-03,399610,TMT50,行业，TMT,37.34,韭圈儿
2023-11-06,399610,TMT50,行业，TMT,38.64,韭圈儿
2023-11-07,399610,TMT50,行业，TMT,38.72,韭圈儿
2023-11-08,399610,TMT50,行业，TMT,38.79,韭圈儿
2023-11-09,399610,TMT50,行业，TMT,38.65,韭圈儿
2023-11-10,399610,TMT50,行业，TMT,38.55,韭圈儿
2023-11-13,399610,TMT50,行业，TMT,38.82,韭圈儿
2023-11-14,399610,TMT50,行业，TMT,38.85,韭圈儿
2023-11-15,399610,TMT50,行业，TMT,38.95,韭圈儿
2023-11-16,399610,TMT50,行业，TMT,38.38,韭圈儿
2023-11-17,399610,TMT50,行业，TMT,38.46,韭圈儿
2023-11-20,399610,TMT50,行业，TMT,38.37,韭圈儿
2023-11-21,399610,TMT50,行业，TMT,38.07,韭圈儿
2023-11-22,399610,TMT50,行业，TMT,37.5,韭圈儿
2023-11-23,399610,TMT50,行业，TMT,37.85,韭圈儿
2023-11-24,399610,TMT50,行业，TMT,37.29,韭圈儿
2023-11-27,399610,TMT50,行业，TMT,37.31,韭圈儿
2023-11-28,399610,TMT50,行业，TMT,37.38,韭圈儿
2023-11-29,399610,TMT50,行业，TMT,37.21,韭圈儿
2023-11-30,399610,TMT50,行业，TMT,36.98,韭圈儿
2023-12-01,399610,TMT50,行业，TMT,37.41,韭圈儿
2023-12-04,399610,TMT50,行业，TMT,37.18,韭圈儿
2023-12-05,399610,TMT50,行业，TMT,36.18,韭圈儿
2023-12-06,399610,TMT50,行业，TMT,36.26,韭圈儿
2023-12-07,399610,TMT50,行业，TMT,36.25,韭圈儿
2023-12-08,399610,TMT50,行业，TMT,36.81,韭圈儿
2023-12-11,399610,TMT50,行业，TMT,36.48,韭圈儿
2023-12-12,399610,TMT50,行业，TMT,36.43,韭圈儿
2023-12-13,399610,TMT50,行业，TMT,35.95,韭圈儿
2023-12-14,399610,TMT50,行业，TMT,35.78,韭圈儿
2023-12-15,399610,TMT50,行业，TMT,35.64,韭圈儿
2023-12-18,399610,TMT50,行业，TMT,35.21,韭圈儿
2023-12-19,399610,TMT50,行业，TMT,35.52,韭圈儿
2023-12-20,399610,TMT50,行业，TMT,34.87,韭圈儿
2023-12-21,399610,TMT50,行业，TMT,35.2,韭圈儿
2023-12-22,399610,TMT50,行业，TMT,34.56,韭圈儿
2023-12-25,399610,TMT50,行业，TMT,34.78,韭圈儿
2023-12-26,399610,TMT50,行业，TMT,34.15,韭圈儿
2023-12-27,399610,TMT50,行业，TMT,34.4,韭圈儿
2023-12-28,399610,TMT50,行业，TMT,35.27,韭圈儿
2023-12-29,399610,TMT50,行业，TMT,35.97,韭圈儿
2024-01-02,399610,TMT50,行业，TMT,35.28,韭圈儿
2024-01-03,399610,TMT50,行业，TMT,34.61,韭圈儿
2024-01-04,399610,TMT50,行业，TMT,34.07,韭圈儿
2024-01-05,399610,TMT50,行业，TMT,33.62,韭圈儿
2024-01-08,399610,TMT50,行业，TMT,32.88,韭圈儿
2024-01-09,399610,TMT50,行业，TMT,32.74,韭圈儿
2024-01-10,399610,TMT50,行业，TMT,32.25,韭圈儿
2024-01-11,399610,TMT50,行业，TMT,32.88,韭圈儿
2024-01-12,399610,TMT50,行业，TMT,32.35,韭圈儿
2024-01-15,399610,TMT50,行业，TMT,32.35,韭圈儿
2024-01-16,399610,TMT50,行业，TMT,32.27,韭圈儿
2024-01-17,399610,TMT50,行业，TMT,31.48,韭圈儿
2024-01-18,399610,TMT50,行业，TMT,32.13,韭圈儿
2024-01-19,399610,TMT50,行业，TMT,32.02,韭圈儿
2024-01-22,399610,TMT50,行业，TMT,30.87,韭圈儿
2024-01-23,399610,TMT50,行业，TMT,31.5,韭圈儿
2024-01-24,399610,TMT50,行业，TMT,31.75,韭圈儿
2024-01-25,399610,TMT50,行业，TMT,32.37,韭圈儿
2024-01-26,399610,TMT50,行业，TMT,31.77,韭圈儿
2024-01-29,399610,TMT50,行业，TMT,30.85,韭圈儿
2024-01-30,399610,TMT50,行业，TMT,29.76,韭圈儿
2024-01-31,399610,TMT50,行业，TMT,28.92,韭圈儿
2024-02-01,399610,TMT50,行业，TMT,29.44,韭圈儿
2024-02-02,399610,TMT50,行业，TMT,28.63,韭圈儿
2024-02-05,399610,TMT50,行业，TMT,28.39,韭圈儿
2024-02-06,399610,TMT50,行业，TMT,30.26,韭圈儿
2024-02-07,399610,TMT50,行业，TMT,30.79,韭圈儿
2024-02-08,399610,TMT50,行业，TMT,31.58,韭圈儿
2024-02-19,399610,TMT50,行业，TMT,32.47,韭圈儿
2024-02-20,399610,TMT50,行业，TMT,32.37,韭圈儿
2024-02-21,399610,TMT50,行业，TMT,32.39,韭圈儿
2024-02-22,399610,TMT50,行业，TMT,32.92,韭圈儿
2024-02-23,399610,TMT50,行业，TMT,33.03,韭圈儿
2024-02-26,399610,TMT50,行业，TMT,33.08,韭圈儿
2024-02-27,399610,TMT50,行业，TMT,34.5,韭圈儿
2024-02-28,399610,TMT50,行业，TMT,33.11,韭圈儿
2024-02-29,399610,TMT50,行业，TMT,33.72,韭圈儿
2024-03-01,399610,TMT50,行业，TMT,34.82,韭圈儿
2024-03-04,399610,TMT50,行业，TMT,34.83,韭圈儿
2024-03-05,399610,TMT50,行业，TMT,34.8,韭圈儿
2024-03-06,399610,TMT50,行业，TMT,34.51,韭圈儿
2024-03-07,399610,TMT50,行业，TMT,33.75,韭圈儿
2024-03-08,399610,TMT50,行业，TMT,34.57,韭圈儿
2024-03-11,399610,TMT50,行业，TMT,34.76,韭圈儿
2024-03-12,399610,TMT50,行业，TMT,34.69,韭圈儿
2024-03-13,399610,TMT50,行业，TMT,34.8,韭圈儿
2024-03-14,399610,TMT50,行业，TMT,34.3,韭圈儿
2024-03-15,399610,TMT50,行业，TMT,34.58,韭圈儿
2024-03-18,399610,TMT50,行业，TMT,35.26,韭圈儿
2024-03-19,399610,TMT50,行业，TMT,35.13,韭圈儿
2024-03-20,399610,TMT50,行业，TMT,35.45,韭圈儿
2024-03-21,399610,TMT50,行业，TMT,35.33,韭圈儿
2024-03-22,399610,TMT50,行业，TMT,35.26,韭圈儿
2024-03-25,399610,TMT50,行业，TMT,34.47,韭圈儿
2024-03-26,399610,TMT50,行业，TMT,34.28,韭圈儿
2024-03-27,399610,TMT50,行业，TMT,33.23,韭圈儿
2024-03-28,399610,TMT50,行业，TMT,33.25,韭圈儿
2024-03-29,399610,TMT50,行业，TMT,33.22,韭圈儿
2024-04-01,399610,TMT50,行业，TMT,34.18,韭圈儿
2024-04-02,399610,TMT50,行业，TMT,33.75,韭圈儿
2024-04-03,399610,TMT50,行业，TMT,33.34,韭圈儿
2024-04-08,399610,TMT50,行业，TMT,32.99,韭圈儿
2024-04-09,399610,TMT50,行业，TMT,33.1,韭圈儿
2024-04-10,399610,TMT50,行业，TMT,32.37,韭圈儿
2024-04-11,399610,TMT50,行业，TMT,32.4,韭圈儿
2024-04-12,399610,TMT50,行业，TMT,32.45,韭圈儿
2024-04-15,399610,TMT50,行业，TMT,32.76,韭圈儿
2024-04-16,399610,TMT50,行业，TMT,30.6,韭圈儿
2024-04-17,399610,TMT50,行业，TMT,31.6,韭圈儿
2024-04-18,399610,TMT50,行业，TMT,31.31,韭圈儿
2024-04-19,399610,TMT50,行业，TMT,30.79,韭圈儿
2024-04-22,399610,TMT50,行业，TMT,29.88,韭圈儿
2024-04-23,399610,TMT50,行业，TMT,29.62,韭圈儿
2024-04-24,399610,TMT50,行业，TMT,29.94,韭圈儿
2024-04-25,399610,TMT50,行业，TMT,29.49,韭圈儿
2024-04-26,399610,TMT50,行业，TMT,30.25,韭圈儿
2024-04-29,399610,TMT50,行业，TMT,33.39,韭圈儿
2024-04-30,399610,TMT50,行业，TMT,30.05,韭圈儿
2024-05-06,399610,TMT50,行业，TMT,30.53,韭圈儿
2024-05-07,399610,TMT50,行业，TMT,30.32,韭圈儿
2024-05-08,399610,TMT50,行业，TMT,29.69,韭圈儿
2024-05-09,399610,TMT50,行业，TMT,30.03,韭圈儿
2024-05-10,399610,TMT50,行业，TMT,29.74,韭圈儿
2024-05-13,399610,TMT50,行业，TMT,29.82,韭圈儿
2024-05-14,399610,TMT50,行业，TMT,29.93,韭圈儿
2024-05-15,399610,TMT50,行业，TMT,29.62,韭圈儿
2024-05-16,399610,TMT50,行业，TMT,29.84,韭圈儿
2024-05-17,399610,TMT50,行业，TMT,30.02,韭圈儿
2024-05-20,399610,TMT50,行业，TMT,30.12,韭圈儿
2024-05-21,399610,TMT50,行业，TMT,29.99,韭圈儿
2024-05-22,399610,TMT50,行业，TMT,30.15,韭圈儿
2024-05-23,399610,TMT50,行业，TMT,29.69,韭圈儿
2024-05-24,399610,TMT50,行业，TMT,29.08,韭圈儿
2024-05-27,399610,TMT50,行业，TMT,29.54,韭圈儿
2024-05-28,399610,TMT50,行业，TMT,29.0,韭圈儿
2024-05-29,399610,TMT50,行业，TMT,28.98,韭圈儿
2024-05-30,399610,TMT50,行业，TMT,29.24,韭圈儿
2024-05-31,399610,TMT50,行业，TMT,29.2,韭圈儿
2024-06-03,399610,TMT50,行业，TMT,29.57,韭圈儿
2024-06-04,399610,TMT50,行业，TMT,29.76,韭圈儿
2024-06-05,399610,TMT50,行业，TMT,29.78,韭圈儿
2024-06-06,399610,TMT50,行业，TMT,29.77,韭圈儿
2024-06-07,399610,TMT50,行业，TMT,29.41,韭圈儿
2024-06-11,399610,TMT50,行业，TMT,29.74,韭圈儿
2024-06-12,399610,TMT50,行业，TMT,29.94,韭圈儿
2024-06-13,399610,TMT50,行业，TMT,30.0,韭圈儿
2024-06-14,399610,TMT50,行业，TMT,30.47,韭圈儿
2024-06-17,399610,TMT50,行业，TMT,31.14,韭圈儿
2024-06-18,399610,TMT50,行业，TMT,31.49,韭圈儿
2024-06-19,399610,TMT50,行业，TMT,31.22,韭圈儿
2024-06-20,399610,TMT50,行业，TMT,30.72,韭圈儿
2024-06-21,399610,TMT50,行业，TMT,30.84,韭圈儿
2024-06-24,399610,TMT50,行业，TMT,30.19,韭圈儿
2024-06-25,399610,TMT50,行业，TMT,29.47,韭圈儿
2024-06-26,399610,TMT50,行业，TMT,30.4,韭圈儿
2024-06-27,399610,TMT50,行业，TMT,30.09,韭圈儿
2024-06-28,399610,TMT50,行业，TMT,30.43,韭圈儿
2024-07-01,399610,TMT50,行业，TMT,30.55,韭圈儿
2024-07-02,399610,TMT50,行业，TMT,30.21,韭圈儿
2024-07-03,399610,TMT50,行业，TMT,30.01,韭圈儿
2024-07-04,399610,TMT50,行业，TMT,29.77,韭圈儿
2024-07-05,399610,TMT50,行业，TMT,29.76,韭圈儿
2024-07-08,399610,TMT50,行业，TMT,29.57,韭圈儿
2024-07-09,399610,TMT50,行业，TMT,30.61,韭圈儿
2024-07-10,399610,TMT50,行业，TMT,30.83,韭圈儿
2024-07-11,399610,TMT50,行业，TMT,31.13,韭圈儿
2024-07-12,399610,TMT50,行业，TMT,30.88,韭圈儿
2024-07-15,399610,TMT50,行业，TMT,30.58,韭圈儿
2024-07-16,399610,TMT50,行业，TMT,31.47,韭圈儿
2024-07-17,399610,TMT50,行业，TMT,30.89,韭圈儿
2024-07-18,399610,TMT50,行业，TMT,30.73,韭圈儿
2024-07-19,399610,TMT50,行业，TMT,30.82,韭圈儿
2024-07-22,399610,TMT50,行业，TMT,30.73,韭圈儿
2024-07-23,399610,TMT50,行业，TMT,29.69,韭圈儿
2024-07-24,399610,TMT50,行业，TMT,29.32,韭圈儿
2024-07-25,399610,TMT50,行业，TMT,28.96,韭圈儿
2024-07-26,399610,TMT50,行业，TMT,29.38,韭圈儿
2024-07-29,399610,TMT50,行业，TMT,29.39,韭圈儿
2024-07-30,399610,TMT50,行业，TMT,29.15,韭圈儿
2024-07-31,399610,TMT50,行业，TMT,29.98,韭圈儿
2024-08-01,399610,TMT50,行业，TMT,29.84,韭圈儿
2024-08-02,399610,TMT50,行业，TMT,29.07,韭圈儿
2024-08-05,399610,TMT50,行业，TMT,27.85,韭圈儿
2024-08-06,399610,TMT50,行业，TMT,28.27,韭圈儿
2024-08-07,399610,TMT50,行业，TMT,28.05,韭圈儿
2024-08-08,399610,TMT50,行业，TMT,28.02,韭圈儿
2024-08-09,399610,TMT50,行业，TMT,27.99,韭圈儿
2024-08-12,399610,TMT50,行业，TMT,27.88,韭圈儿
2024-08-13,399610,TMT50,行业，TMT,28.13,韭圈儿
2024-08-14,399610,TMT50,行业，TMT,27.94,韭圈儿
2024-08-15,399610,TMT50,行业，TMT,27.88,韭圈儿
2024-08-16,399610,TMT50,行业，TMT,27.99,韭圈儿
2024-08-19,399610,TMT50,行业，TMT,27.99,韭圈儿
2024-08-20,399610,TMT50,行业，TMT,27.69,韭圈儿
2024-08-21,399610,TMT50,行业，TMT,27.78,韭圈儿
2024-08-22,399610,TMT50,行业，TMT,27.57,韭圈儿
2024-08-23,399610,TMT50,行业，TMT,27.52,韭圈儿
2024-08-26,399610,TMT50,行业，TMT,27.2,韭圈儿
2024-08-27,399610,TMT50,行业，TMT,26.65,韭圈儿
2024-08-28,399610,TMT50,行业，TMT,26.39,韭圈儿
2024-08-29,399610,TMT50,行业，TMT,26.51,韭圈儿
2024-08-30,399610,TMT50,行业，TMT,27.5,韭圈儿
2024-09-02,399610,TMT50,行业，TMT,26.55,韭圈儿
2024-09-03,399610,TMT50,行业，TMT,26.82,韭圈儿
2024-09-04,399610,TMT50,行业，TMT,26.51,韭圈儿
2024-09-05,399610,TMT50,行业，TMT,26.55,韭圈儿
2024-09-06,399610,TMT50,行业，TMT,26.02,韭圈儿
2024-09-09,399610,TMT50,行业，TMT,25.86,韭圈儿
2024-09-10,399610,TMT50,行业，TMT,26.21,韭圈儿
2024-09-11,399610,TMT50,行业，TMT,26.12,韭圈儿
2024-09-12,399610,TMT50,行业，TMT,25.9,韭圈儿
2024-09-13,399610,TMT50,行业，TMT,25.95,韭圈儿
2024-09-18,399610,TMT50,行业，TMT,25.72,韭圈儿
2024-09-19,399610,TMT50,行业，TMT,25.87,韭圈儿
2024-09-20,399610,TMT50,行业，TMT,26.03,韭圈儿
2024-09-23,399610,TMT50,行业，TMT,25.97,韭圈儿
2024-09-24,399610,TMT50,行业，TMT,27.15,韭圈儿
2024-09-25,399610,TMT50,行业，TMT,27.29,韭圈儿
2024-09-26,399610,TMT50,行业，TMT,28.22,韭圈儿
2024-09-27,399610,TMT50,行业，TMT,30.12,韭圈儿
2024-09-30,399610,TMT50,行业，TMT,33.57,韭圈儿
2024-10-08,399610,TMT50,行业，TMT,37.37,韭圈儿
2024-10-09,399610,TMT50,行业，TMT,34.85,韭圈儿
2024-10-10,399610,TMT50,行业，TMT,34.11,韭圈儿
2024-10-11,399610,TMT50,行业，TMT,32.55,韭圈儿
2024-10-14,399610,TMT50,行业，TMT,33.61,韭圈儿
2024-10-15,399610,TMT50,行业，TMT,33.0,韭圈儿
2024-10-16,399610,TMT50,行业，TMT,32.24,韭圈儿
2024-10-17,399610,TMT50,行业，TMT,32.45,韭圈儿
2024-10-18,399610,TMT50,行业，TMT,34.39,韭圈儿
2024-10-21,399610,TMT50,行业，TMT,34.84,韭圈儿
2024-10-22,399610,TMT50,行业，TMT,35.04,韭圈儿
2024-10-23,399610,TMT50,行业，TMT,34.34,韭圈儿
2024-10-24,399610,TMT50,行业，TMT,33.88,韭圈儿
2024-10-25,399610,TMT50,行业，TMT,33.93,韭圈儿
2024-10-28,399610,TMT50,行业，TMT,33.89,韭圈儿
2024-10-29,399610,TMT50,行业，TMT,33.65,韭圈儿
2024-10-30,399610,TMT50,行业，TMT,33.9,韭圈儿
2024-10-31,399610,TMT50,行业，TMT,33.83,韭圈儿
2024-11-01,399610,TMT50,行业，TMT,32.94,韭圈儿
2024-11-04,399610,TMT50,行业，TMT,33.63,韭圈儿
2024-11-05,399610,TMT50,行业，TMT,34.92,韭圈儿
2024-11-06,399610,TMT50,行业，TMT,34.62,韭圈儿
2024-11-07,399610,TMT50,行业，TMT,35.41,韭圈儿
2024-11-08,399610,TMT50,行业，TMT,35.51,韭圈儿
2024-11-11,399610,TMT50,行业，TMT,36.93,韭圈儿
2024-11-12,399610,TMT50,行业，TMT,36.43,韭圈儿
2024-11-13,399610,TMT50,行业，TMT,36.92,韭圈儿
2024-11-14,399610,TMT50,行业，TMT,35.52,韭圈儿
2024-11-15,399610,TMT50,行业，TMT,34.47,韭圈儿
2024-11-18,399610,TMT50,行业，TMT,33.26,韭圈儿
2024-11-19,399610,TMT50,行业，TMT,33.97,韭圈儿
2024-11-20,399610,TMT50,行业，TMT,34.14,韭圈儿
2024-11-21,399610,TMT50,行业，TMT,34.04,韭圈儿
2024-11-22,399610,TMT50,行业，TMT,32.84,韭圈儿
2024-11-25,399610,TMT50,行业，TMT,32.36,韭圈儿
2024-11-26,399610,TMT50,行业，TMT,32.27,韭圈儿
2024-11-27,399610,TMT50,行业，TMT,33.36,韭圈儿
2024-11-28,399610,TMT50,行业，TMT,32.89,韭圈儿
2024-11-29,399610,TMT50,行业，TMT,33.53,韭圈儿
2024-12-02,399610,TMT50,行业，TMT,34.17,韭圈儿
2024-12-03,399610,TMT50,行业，TMT,33.77,韭圈儿
2024-12-04,399610,TMT50,行业，TMT,33.51,韭圈儿
2024-12-05,399610,TMT50,行业，TMT,33.69,韭圈儿
2024-12-06,399610,TMT50,行业，TMT,34.26,韭圈儿
2024-12-09,399610,TMT50,行业，TMT,33.99,韭圈儿
2024-12-10,399610,TMT50,行业，TMT,34.37,韭圈儿
2024-12-11,399610,TMT50,行业，TMT,34.53,韭圈儿
2024-12-12,399610,TMT50,行业，TMT,34.81,韭圈儿
2024-12-13,399610,TMT50,行业，TMT,34.23,韭圈儿
2024-12-16,399610,TMT50,行业，TMT,33.66,韭圈儿
2024-12-17,399610,TMT50,行业，TMT,33.79,韭圈儿
2024-12-18,399610,TMT50,行业，TMT,34.2,韭圈儿
2024-12-19,399610,TMT50,行业，TMT,35.18,韭圈儿
2024-12-20,399610,TMT50,行业，TMT,35.32,韭圈儿
2024-12-23,399610,TMT50,行业，TMT,34.79,韭圈儿
2024-12-24,399610,TMT50,行业，TMT,35.16,韭圈儿
2024-12-25,399610,TMT50,行业，TMT,35.05,韭圈儿
2024-12-26,399610,TMT50,行业，TMT,35.91,韭圈儿
2024-12-27,399610,TMT50,行业，TMT,35.44,韭圈儿
2024-12-30,399610,TMT50,行业，TMT,35.34,韭圈儿
2024-12-31,399610,TMT50,行业，TMT,34.19,韭圈儿
2025-01-02,399610,TMT50,行业，TMT,32.82,韭圈儿
2025-01-03,399610,TMT50,行业，TMT,32.04,韭圈儿
2025-01-06,399610,TMT50,行业，TMT,31.87,韭圈儿
2025-01-07,399610,TMT50,行业，TMT,32.9,韭圈儿
2025-01-08,399610,TMT50,行业，TMT,32.51,韭圈儿
2025-01-09,399610,TMT50,行业，TMT,32.74,韭圈儿
2025-01-10,399610,TMT50,行业，TMT,32.06,韭圈儿
2025-01-13,399610,TMT50,行业，TMT,31.93,韭圈儿
2025-01-14,399610,TMT50,行业，TMT,33.62,韭圈儿
2025-01-15,399610,TMT50,行业，TMT,32.91,韭圈儿
2025-01-16,399610,TMT50,行业，TMT,33.28,韭圈儿
2025-01-17,399610,TMT50,行业，TMT,33.59,韭圈儿
2025-01-20,399610,TMT50,行业，TMT,33.94,韭圈儿
2025-01-21,399610,TMT50,行业，TMT,34.6,韭圈儿
2025-01-22,399610,TMT50,行业，TMT,34.6,韭圈儿
2025-01-23,399610,TMT50,行业，TMT,34.16,韭圈儿
2025-01-24,399610,TMT50,行业，TMT,34.96,韭圈儿
2025-01-27,399610,TMT50,行业，TMT,33.99,韭圈儿
2025-02-05,399610,TMT50,行业，TMT,34.34,韭圈儿
2025-02-06,399610,TMT50,行业，TMT,35.47,韭圈儿
2025-02-07,399610,TMT50,行业，TMT,35.97,韭圈儿
2025-02-10,399610,TMT50,行业，TMT,36.32,韭圈儿
2025-02-11,399610,TMT50,行业，TMT,36.21,韭圈儿
2025-02-12,399610,TMT50,行业，TMT,36.99,韭圈儿
2025-02-13,399610,TMT50,行业，TMT,36.2,韭圈儿
2025-02-14,399610,TMT50,行业，TMT,36.84,韭圈儿
2025-02-17,399610,TMT50,行业，TMT,37.25,韭圈儿
2025-02-18,399610,TMT50,行业，TMT,36.32,韭圈儿
2025-02-19,399610,TMT50,行业，TMT,37.05,韭圈儿
2025-02-20,399610,TMT50,行业，TMT,37.19,韭圈儿
2025-02-21,399610,TMT50,行业，TMT,38.41,韭圈儿
2025-02-24,399610,TMT50,行业，TMT,38.93,韭圈儿
2025-02-25,399610,TMT50,行业，TMT,38.24,韭圈儿
2025-02-26,399610,TMT50,行业，TMT,38.35,韭圈儿
2025-02-27,399610,TMT50,行业，TMT,37.57,韭圈儿
2025-02-28,399610,TMT50,行业，TMT,35.85,韭圈儿
2025-03-03,399610,TMT50,行业，TMT,35.6,韭圈儿
2025-03-04,399610,TMT50,行业，TMT,36.08,韭圈儿
2025-03-05,399610,TMT50,行业，TMT,36.34,韭圈儿
2025-03-06,399610,TMT50,行业，TMT,37.38,韭圈儿
2025-03-07,399610,TMT50,行业，TMT,37.01,韭圈儿
2025-03-10,399610,TMT50,行业，TMT,36.82,韭圈儿
2025-03-11,399610,TMT50,行业，TMT,36.61,韭圈儿
2025-03-12,399610,TMT50,行业，TMT,36.61,韭圈儿
2025-03-13,399610,TMT50,行业，TMT,36.0,韭圈儿
2025-03-14,399610,TMT50,行业，TMT,36.75,韭圈儿
2025-03-17,399610,TMT50,行业，TMT,36.63,韭圈儿
2025-03-18,399610,TMT50,行业，TMT,36.93,韭圈儿
2025-03-19,399610,TMT50,行业，TMT,36.37,韭圈儿
2025-03-20,399610,TMT50,行业，TMT,35.93,韭圈儿
2025-03-21,399610,TMT50,行业，TMT,35.17,韭圈儿
2025-03-24,399610,TMT50,行业，TMT,33.58,韭圈儿
2025-03-25,399610,TMT50,行业，TMT,33.16,韭圈儿
2025-03-26,399610,TMT50,行业，TMT,33.1,韭圈儿
2025-03-27,399610,TMT50,行业，TMT,33.06,韭圈儿
2025-03-28,399610,TMT50,行业，TMT,32.92,韭圈儿
2025-03-31,399610,TMT50,行业，TMT,33.96,韭圈儿
2025-04-01,399610,TMT50,行业，TMT,33.83,韭圈儿
2025-04-02,399610,TMT50,行业，TMT,33.95,韭圈儿
2025-04-03,399610,TMT50,行业，TMT,32.94,韭圈儿
2025-04-07,399610,TMT50,行业，TMT,29.52,韭圈儿
2025-04-08,399610,TMT50,行业，TMT,29.02,韭圈儿
2025-04-09,399610,TMT50,行业，TMT,29.65,韭圈儿
2025-04-10,399610,TMT50,行业，TMT,30.52,韭圈儿
2025-04-11,399610,TMT50,行业，TMT,31.12,韭圈儿
2025-04-14,399610,TMT50,行业，TMT,31.25,韭圈儿
2025-04-15,399610,TMT50,行业，TMT,31.04,韭圈儿
2025-04-16,399610,TMT50,行业，TMT,30.57,韭圈儿
2025-04-17,399610,TMT50,行业，TMT,30.48,韭圈儿
2025-04-18,399610,TMT50,行业，TMT,30.67,韭圈儿
2025-04-21,399610,TMT50,行业，TMT,30.91,韭圈儿
2025-04-22,399610,TMT50,行业，TMT,30.02,韭圈儿
2025-04-23,399610,TMT50,行业，TMT,29.79,韭圈儿
2025-04-24,399610,TMT50,行业，TMT,29.46,韭圈儿
2025-04-25,399610,TMT50,行业，TMT,29.61,韭圈儿
2025-04-28,399610,TMT50,行业，TMT,30.21,韭圈儿
2025-04-29,399610,TMT50,行业，TMT,30.18,韭圈儿
2025-04-30,399610,TMT50,行业，TMT,30.44,韭圈儿
2025-05-06,399610,TMT50,行业，TMT,31.22,韭圈儿
2025-05-07,399610,TMT50,行业，TMT,31.08,韭圈儿
2025-05-08,399610,TMT50,行业，TMT,31.56,韭圈儿
2025-05-09,399610,TMT50,行业，TMT,31.03,韭圈儿
2025-05-12,399610,TMT50,行业，TMT,31.8,韭圈儿
2025-05-13,399610,TMT50,行业，TMT,31.53,韭圈儿
2025-05-14,399610,TMT50,行业，TMT,31.66,韭圈儿
2025-05-15,399610,TMT50,行业，TMT,30.93,韭圈儿
2025-05-16,399610,TMT50,行业，TMT,30.98,韭圈儿
2025-05-19,399610,TMT50,行业，TMT,30.84,韭圈儿
2025-05-20,399610,TMT50,行业，TMT,30.97,韭圈儿
2025-05-21,399610,TMT50,行业，TMT,30.85,韭圈儿
2025-05-22,399610,TMT50,行业，TMT,30.68,韭圈儿
2025-05-23,399610,TMT50,行业，TMT,30.29,韭圈儿
2025-05-26,399610,TMT50,行业，TMT,30.53,韭圈儿
2025-05-27,399610,TMT50,行业，TMT,30.16,韭圈儿
2025-05-28,399610,TMT50,行业，TMT,30.08,韭圈儿
2025-05-29,399610,TMT50,行业，TMT,30.75,韭圈儿
2025-05-30,399610,TMT50,行业，TMT,30.24,韭圈儿
2025-06-03,399610,TMT50,行业，TMT,30.28,韭圈儿
2025-06-04,399610,TMT50,行业，TMT,30.74,韭圈儿
2025-06-05,399610,TMT50,行业，TMT,31.4,韭圈儿
2025-06-06,399610,TMT50,行业，TMT,31.38,韭圈儿
2025-06-09,399610,TMT50,行业，TMT,31.69,韭圈儿
2025-06-10,399610,TMT50,行业，TMT,31.19,韭圈儿
2025-06-11,399610,TMT50,行业，TMT,31.28,韭圈儿
2025-06-12,399610,TMT50,行业，TMT,31.39,韭圈儿
2025-06-13,399610,TMT50,行业，TMT,31.08,韭圈儿
2025-06-16,399610,TMT50,行业，TMT,32.39,韭圈儿
2025-06-17,399610,TMT50,行业，TMT,32.41,韭圈儿
2025-06-18,399610,TMT50,行业，TMT,32.8,韭圈儿
2025-06-19,399610,TMT50,行业，TMT,32.55,韭圈儿
2025-06-20,399610,TMT50,行业，TMT,32.29,韭圈儿
2025-06-23,399610,TMT50,行业，TMT,32.39,韭圈儿
2025-06-24,399610,TMT50,行业，TMT,32.85,韭圈儿
2025-06-25,399610,TMT50,行业，TMT,33.55,韭圈儿
2025-06-26,399610,TMT50,行业，TMT,33.48,韭圈儿
2025-06-27,399610,TMT50,行业，TMT,33.95,韭圈儿
2025-06-30,399610,TMT50,行业，TMT,34.45,韭圈儿
2025-07-01,399610,TMT50,行业，TMT,34.48,韭圈儿
2025-07-02,399610,TMT50,行业，TMT,33.87,韭圈儿
2025-07-03,399610,TMT50,行业，TMT,34.72,韭圈儿
2025-07-04,399610,TMT50,行业，TMT,34.64,韭圈儿
2025-07-07,399610,TMT50,行业，TMT,34.23,韭圈儿
2025-07-08,399610,TMT50,行业，TMT,35.12,韭圈儿
2025-07-09,399610,TMT50,行业，TMT,35.01,韭圈儿
2025-07-10,399610,TMT50,行业，TMT,35.09,韭圈儿
2025-07-11,399610,TMT50,行业，TMT,35.26,韭圈儿
2025-07-14,399610,TMT50,行业，TMT,35.19,韭圈儿
2025-07-15,399610,TMT50,行业，TMT,36.39,韭圈儿
2025-07-16,399610,TMT50,行业，TMT,36.15,韭圈儿
2025-07-17,399610,TMT50,行业，TMT,37.3,韭圈儿
2025-07-18,399610,TMT50,行业，TMT,37.12,韭圈儿
2025-07-21,399610,TMT50,行业，TMT,37.2,韭圈儿
2025-07-22,399610,TMT50,行业，TMT,37.06,韭圈儿
2025-07-23,399610,TMT50,行业，TMT,36.99,韭圈儿
2025-07-24,399610,TMT50,行业，TMT,37.35,韭圈儿
2025-07-25,399610,TMT50,行业，TMT,37.43,韭圈儿
2025-07-28,399610,TMT50,行业，TMT,37.99,韭圈儿
2025-07-29,399610,TMT50,行业，TMT,38.74,韭圈儿
2025-07-30,399610,TMT50,行业，TMT,38.52,韭圈儿
2025-07-31,399610,TMT50,行业，TMT,38.28,韭圈儿
2025-08-01,399610,TMT50,行业，TMT,38.02,韭圈儿
2025-08-04,399610,TMT50,行业，TMT,37.77,韭圈儿
2025-08-05,399610,TMT50,行业，TMT,38.02,韭圈儿
2025-08-06,399610,TMT50,行业，TMT,38.3,韭圈儿
2025-08-07,399610,TMT50,行业，TMT,38.18,韭圈儿
2025-08-08,399610,TMT50,行业，TMT,37.8,韭圈儿
2025-08-11,399610,TMT50,行业，TMT,38.76,韭圈儿
2025-08-12,399610,TMT50,行业，TMT,39.36,韭圈儿
2025-08-13,399610,TMT50,行业，TMT,40.62,韭圈儿
2025-08-14,399610,TMT50,行业，TMT,39.96,韭圈儿
2025-08-15,399610,TMT50,行业，TMT,40.54,韭圈儿
2025-08-18,399610,TMT50,行业，TMT,41.93,韭圈儿
2025-08-19,399610,TMT50,行业，TMT,41.92,韭圈儿
2025-08-20,399610,TMT50,行业，TMT,42.43,韭圈儿
2025-08-21,399610,TMT50,行业，TMT,42.47,韭圈儿
2025-08-22,399610,TMT50,行业，TMT,44.16,韭圈儿
2025-08-25,399610,TMT50,行业，TMT,45.7,韭圈儿
2025-08-26,399610,TMT50,行业，TMT,44.84,韭圈儿
2025-08-27,399610,TMT50,行业，TMT,43.93,韭圈儿
2025-08-28,399610,TMT50,行业，TMT,46.12,韭圈儿
2025-08-29,399610,TMT50,行业，TMT,46.25,韭圈儿
2025-09-01,399610,TMT50,行业，TMT,47.18,韭圈儿
2025-09-02,399610,TMT50,行业，TMT,45.09,韭圈儿
2025-09-03,399610,TMT50,行业，TMT,44.95,韭圈儿
2025-09-04,399610,TMT50,行业，TMT,42.37,韭圈儿
2025-09-05,399610,TMT50,行业，TMT,44.54,韭圈儿
2025-09-08,399610,TMT50,行业，TMT,44.0,韭圈儿
2025-09-09,399610,TMT50,行业，TMT,42.98,韭圈儿
2025-09-10,399610,TMT50,行业，TMT,44.06,韭圈儿
2025-09-11,399610,TMT50,行业，TMT,47.05,韭圈儿
2025-09-12,399610,TMT50,行业，TMT,46.62,韭圈儿
2025-09-15,399610,TMT50,行业，TMT,46.45,韭圈儿
2025-09-16,399610,TMT50,行业，TMT,46.83,韭圈儿
2025-09-17,399610,TMT50,行业，TMT,47.18,韭圈儿
2025-09-18,399610,TMT50,行业，TMT,47.17,韭圈儿
2025-09-19,399610,TMT50,行业，TMT,47.44,韭圈儿
2025-09-22,399610,TMT50,行业，TMT,48.5,韭圈儿
2025-09-23,399610,TMT50,行业，TMT,48.61,韭圈儿
2025-09-24,399610,TMT50,行业，TMT,49.47,韭圈儿
2025-09-25,399610,TMT50,行业，TMT,50.06,韭圈儿
2025-09-26,399610,TMT50,行业，TMT,48.39,韭圈儿
2025-09-29,399610,TMT50,行业，TMT,49.32,韭圈儿
2025-09-30,399610,TMT50,行业，TMT,49.18,韭圈儿
2025-10-09,399610,TMT50,行业，TMT,50.03,韭圈儿
2025-10-10,399610,TMT50,行业，TMT,48.08,韭圈儿
2025-10-13,399610,TMT50,行业，TMT,47.41,韭圈儿
2025-10-14,399610,TMT50,行业，TMT,45.2,韭圈儿
2025-10-15,399610,TMT50,行业，TMT,46.19,韭圈儿
2025-10-16,399610,TMT50,行业，TMT,46.3,韭圈儿
2025-10-17,399610,TMT50,行业，TMT,44.65,韭圈儿
2025-10-20,399610,TMT50,行业，TMT,45.25,韭圈儿
2025-10-21,399610,TMT50,行业，TMT,47.08,韭圈儿
2025-10-22,399610,TMT50,行业，TMT,46.91,韭圈儿
2025-10-23,399610,TMT50,行业，TMT,46.4,韭圈儿
2025-10-24,399610,TMT50,行业，TMT,48.41,韭圈儿
2025-10-27,399610,TMT50,行业，TMT,50.01,韭圈儿
2025-10-28,399610,TMT50,行业，TMT,49.07,韭圈儿
2025-10-29,399610,TMT50,行业，TMT,50.16,韭圈儿
2025-10-30,399610,TMT50,行业，TMT,46.37,韭圈儿
2025-10-31,399610,TMT50,行业，TMT,43.51,韭圈儿
2025-11-03,399610,TMT50,行业，TMT,43.65,韭圈儿
2025-11-04,399610,TMT50,行业，TMT,42.99,韭圈儿
2025-11-05,399610,TMT50,行业，TMT,42.75,韭圈儿
2025-11-06,399610,TMT50,行业，TMT,43.77,韭圈儿
2025-11-07,399610,TMT50,行业，TMT,43.16,韭圈儿
2025-11-10,399610,TMT50,行业，TMT,42.96,韭圈儿
2025-11-11,399610,TMT50,行业，TMT,41.99,韭圈儿
2025-11-12,399610,TMT50,行业，TMT,41.95,韭圈儿
2025-11-13,399610,TMT50,行业，TMT,42.03,韭圈儿
2025-11-14,399610,TMT50,行业，TMT,40.79,韭圈儿
2025-11-17,399610,TMT50,行业，TMT,40.88,韭圈儿
2025-11-18,399610,TMT50,行业，TMT,41.01,韭圈儿
2025-11-19,399610,TMT50,行业，TMT,40.86,韭圈儿
2025-11-20,399610,TMT50,行业，TMT,40.6,韭圈儿
2025-11-21,399610,TMT50,行业，TMT,38.89,韭圈儿
2025-11-24,399610,TMT50,行业，TMT,39.14,韭圈儿
2025-11-25,399610,TMT50,行业，TMT,40.2,韭圈儿
2025-11-26,399610,TMT50,行业，TMT,41.43,韭圈儿
2025-11-27,399610,TMT50,行业，TMT,41.14,韭圈儿
2025-11-28,399610,TMT50,行业，TMT,41.31,韭圈儿
2025-12-01,399610,TMT50,行业，TMT,42.37,韭圈儿
2025-12-02,399610,TMT50,行业，TMT,42.22,韭圈儿
2025-12-03,399610,TMT50,行业，TMT,41.81,韭圈儿
2025-12-04,399610,TMT50,行业，TMT,42.12,韭圈儿
2025-12-05,399610,TMT50,行业，TMT,42.37,韭圈儿
2025-12-08,399610,TMT50,行业，TMT,43.72,韭圈儿
2025-12-09,399610,TMT50,行业，TMT,44.41,韭圈儿
2025-12-10,399610,TMT50,行业，TMT,44.42,韭圈儿
2025-12-11,399610,TMT50,行业，TMT,43.29,韭圈儿
2025-12-12,399610,TMT50,行业，TMT,43.81,韭圈儿
2025-12-15,399610,TMT50,行业，TMT,42.71,韭圈儿
2025-12-16,399610,TMT50,行业，TMT,41.98,韭圈儿
2025-12-17,399610,TMT50,行业，TMT,43.71,韭圈儿
2025-12-18,399610,TMT50,行业，TMT,42.78,韭圈儿
2025-12-19,399610,TMT50,行业，TMT,42.84,韭圈儿
2025-12-22,399610,TMT50,行业，TMT,44.15,韭圈儿
2025-12-23,399610,TMT50,行业，TMT,44.26,韭圈儿
2025-12-24,399610,TMT50,行业，TMT,44.89,韭圈儿
2025-12-25,399610,TMT50,行业，TMT,44.79,韭圈儿
2025-12-26,399610,TMT50,行业，TMT,44.42,韭圈儿
2025-12-29,399610,TMT50,行业，TMT,44.46,韭圈儿
2025-12-30,399610,TMT50,行业，TMT,44.72,韭圈儿
2025-12-31,399610,TMT50,行业，TMT,44.12,韭圈儿
2026-01-05,399610,TMT50,行业，TMT,45.34,韭圈儿
2026-01-06,399610,TMT50,行业，TMT,45.82,韭圈儿
2026-01-07,399610,TMT50,行业，TMT,45.87,韭圈儿
2026-01-08,399610,TMT50,行业，TMT,45.2,韭圈儿
2026-01-09,399610,TMT50,行业，TMT,45.68,韭圈儿
2026-01-12,399610,TMT50,行业，TMT,47.05,韭圈儿
2026-01-13,399610,TMT50,行业，TMT,45.89,韭圈儿
2026-01-14,399610,TMT50,行业，TMT,46.44,韭圈儿
2026-01-15,399610,TMT50,行业，TMT,46.99,韭圈儿
2026-01-16,399610,TMT50,行业，TMT,47.2,韭圈儿
2026-01-19,399610,TMT50,行业，TMT,46.74,韭圈儿
2026-01-20,399610,TMT50,行业，TMT,45.7,韭圈儿
2026-01-21,399610,TMT50,行业，TMT,45.97,韭圈儿
2026-01-22,399610,TMT50,行业，TMT,46.76,韭圈儿
2026-01-23,399610,TMT50,行业，TMT,46.37,韭圈儿
2026-01-26,399610,TMT50,行业，TMT,45.83,韭圈儿
2026-01-27,399610,TMT50,行业，TMT,46.41,韭圈儿
2026-01-28,399610,TMT50,行业，TMT,46.15,韭圈儿
2026-01-29,399610,TMT50,行业，TMT,45.36,韭圈儿
2026-01-30,399610,TMT50,行业，TMT,45.68,韭圈儿
2026-02-02,399610,TMT50,行业，TMT,44.65,韭圈儿
2026-02-03,399610,TMT50,行业，TMT,45.45,韭圈儿
2026-02-04,399610,TMT50,行业，TMT,44.59,韭圈儿
2026-02-05,399610,TMT50,行业，TMT,44.02,韭圈儿
2026-02-06,399610,TMT50,行业，TMT,43.6,韭圈儿
2026-02-09,399610,TMT50,行业，TMT,44.94,韭圈儿
2026-02-10,399610,TMT50,行业，TMT,45.17,韭圈儿
2026-02-11,399610,TMT50,行业，TMT,44.37,韭圈儿
2026-02-12,399610,TMT50,行业，TMT,44.74,韭圈儿
2026-02-13,399610,TMT50,行业，TMT,44.55,韭圈儿
2026-02-24,399610,TMT50,行业，TMT,45.5,韭圈儿
2026-02-25,399610,TMT50,行业，TMT,45.98,韭圈儿
2026-02-26,399610,TMT50,行业，TMT,46.83,韭圈儿
2026-02-27,399610,TMT50,行业，TMT,46.13,韭圈儿
2026-03-02,399610,TMT50,行业，TMT,45.2,韭圈儿
2026-03-03,399610,TMT50,行业，TMT,43.62,韭圈儿
2026-03-04,399610,TMT50,行业，TMT,43.24,韭圈儿
2026-03-05,399610,TMT50,行业，TMT,44.01,韭圈儿
2026-03-06,399610,TMT50,行业，TMT,43.95,韭圈儿
2026-03-09,399610,TMT50,行业，TMT,43.39,韭圈儿
2026-03-10,399610,TMT50,行业，TMT,44.56,韭圈儿
2026-03-11,399610,TMT50,行业，TMT,44.66,韭圈儿
2026-03-12,399610,TMT50,行业，TMT,44.17,韭圈儿
2026-03-13,399610,TMT50,行业，TMT,43.55,韭圈儿
2026-03-16,399610,TMT50,行业，TMT,44.03,韭圈儿
2026-03-17,399610,TMT50,行业，TMT,42.91,韭圈儿
2026-03-18,399610,TMT50,行业，TMT,44.32,韭圈儿
2026-03-19,399610,TMT50,行业，TMT,43.77,韭圈儿
2026-03-20,399610,TMT50,行业，TMT,43.94,韭圈儿
2026-03-23,399610,TMT50,行业，TMT,41.97,韭圈儿
2026-03-24,399610,TMT50,行业，TMT,42.47,韭圈儿
2026-03-25,399610,TMT50,行业，TMT,43.71,韭圈儿
2026-03-26,399610,TMT50,行业，TMT,42.76,韭圈儿
2026-03-27,399610,TMT50,行业，TMT,42.58,韭圈儿
2026-03-30,399610,TMT50,行业，TMT,41.93,韭圈儿
2026-03-31,399610,TMT50,行业，TMT,41.11,韭圈儿
2026-04-01,399610,TMT50,行业，TMT,42.76,韭圈儿
2026-04-02,399610,TMT50,行业，TMT,41.61,韭圈儿
2026-04-03,399610,TMT50,行业，TMT,41.77,韭圈儿
2026-04-07,399610,TMT50,行业，TMT,41.96,韭圈儿
2026-04-08,399610,TMT50,行业，TMT,44.95,韭圈儿
2026-04-09,399610,TMT50,行业，TMT,45.29,韭圈儿
2026-04-10,399610,TMT50,行业，TMT,46.83,韭圈儿
2026-04-13,399610,TMT50,行业，TMT,47.2,韭圈儿
2026-04-14,399610,TMT50,行业，TMT,48.23,韭圈儿
2026-04-15,399610,TMT50,行业，TMT,46.86,韭圈儿
2026-04-16,399610,TMT50,行业，TMT,48.07,韭圈儿
2026-04-17,399610,TMT50,行业，TMT,47.87,韭圈儿
2026-04-20,399610,TMT50,行业，TMT,48.65,韭圈儿
2026-04-21,399610,TMT50,行业，TMT,48.31,韭圈儿
2026-04-22,399610,TMT50,行业，TMT,51.05,韭圈儿
2026-04-23,399610,TMT50,行业，TMT,50.32,韭圈儿
2026-04-24,399610,TMT50,行业，TMT,47.97,韭圈儿
2026-04-27,399610,TMT50,行业，TMT,49.16,韭圈儿
2026-04-28,399610,TMT50,行业，TMT,46.28,韭圈儿
2026-04-29,399610,TMT50,行业，TMT,46.6,韭圈儿
2026-04-30,399610,TMT50,行业，TMT,46.52,韭圈儿
2026-05-06,399610,TMT50,行业，TMT,47.53,韭圈儿
2026-05-07,399610,TMT50,行业，TMT,48.82,韭圈儿
2026-05-08,399610,TMT50,行业，TMT,48.88,韭圈儿
2026-05-11,399610,TMT50,行业，TMT,50.77,韭圈儿
2026-05-12,399610,TMT50,行业，TMT,51.28,韭圈儿
2026-05-13,399610,TMT50,行业，TMT,53.05,韭圈儿
2026-05-14,399610,TMT50,行业，TMT,51.79,韭圈儿
2026-05-15,399610,TMT50,行业，TMT,51.13,韭圈儿
2026-05-18,399610,TMT50,行业，TMT,51.43,韭圈儿
2026-05-19,399610,TMT50,行业，TMT,51.5,韭圈儿
2026-05-20,399610,TMT50,行业，TMT,51.5,韭圈儿
2026-05-21,399610,TMT50,行业，TMT,50.21,韭圈儿
2026-05-22,399610,TMT50,行业，TMT,52.68,韭圈儿
2026-05-25,399610,TMT50,行业，TMT,54.74,韭圈儿
2026-05-26,399610,TMT50,行业，TMT,55.04,韭圈儿
2026-05-27,399610,TMT50,行业，TMT,54.56,韭圈儿
2026-05-28,399610,TMT50,行业，TMT,55.66,韭圈儿
2026-05-29,399610,TMT50,行业，TMT,54.27,韭圈儿
2026-06-01,399610,TMT50,行业，TMT,52.53,韭圈儿
2026-06-02,399610,TMT50,行业，TMT,54.48,韭圈儿
2026-06-03,399610,TMT50,行业，TMT,55.95,韭圈儿
2026-06-04,399610,TMT50,行业，TMT,56.58,韭圈儿
2026-06-05,399610,TMT50,行业，TMT,54.35,韭圈儿
2026-06-08,399610,TMT50,行业，TMT,52.33,韭圈儿
2026-06-09,399610,TMT50,行业，TMT,54.7,韭圈儿
2026-06-10,399610,TMT50,行业，TMT,52.82,韭圈儿
2026-06-11,399610,TMT50,行业，TMT,51.97,韭圈儿
2026-06-12,399610,TMT50,行业，TMT,51.92,韭圈儿
2026-06-15,399610,TMT50,行业，TMT,53.35,韭圈儿
2026-06-16,399610,TMT50,行业，TMT,54.11,韭圈儿
2026-06-17,399610,TMT50,行业，TMT,55.99,韭圈儿
2026-06-18,399610,TMT50,行业，TMT,57.72,韭圈儿
2026-06-22,399610,TMT50,行业，TMT,58.38,韭圈儿
2026-06-23,399610,TMT50,行业，TMT,56.35,韭圈儿
2026-06-24,399610,TMT50,行业，TMT,57.69,韭圈儿
2026-06-25,399610,TMT50,行业，TMT,60.18,韭圈儿
2026-06-26,399610,TMT50,行业，TMT,57.81,韭圈儿
2026-06-29,399610,TMT50,行业，TMT,57.42,韭圈儿
2026-06-30,399610,TMT50,行业，TMT,60.02,韭圈儿
2026-07-01,399610,TMT50,行业，TMT,58.95,韭圈儿
2026-07-02,399610,TMT50,行业，TMT,54.86,韭圈儿
2026-07-03,399610,TMT50,行业，TMT,55.37,韭圈儿
2026-07-06,399610,TMT50,行业，TMT,54.55,韭圈儿
2026-07-07,399610,TMT50,行业，TMT,54.19,韭圈儿
2026-07-08,399610,TMT50,行业，TMT,53.79,韭圈儿
2026-07-09,399610,TMT50,行业，TMT,57.23,韭圈儿
2026-07-10,399610,TMT50,行业，TMT,54.88,韭圈儿
2026-07-13,399610,TMT50,行业，TMT,52.63,韭圈儿
2026-07-14,399610,TMT50,行业，TMT,54.73,韭圈儿
2026-07-15,399610,TMT50,行业，TMT,53.29,韭圈儿
2026-07-16,399610,TMT50,行业，TMT,52.08,韭圈儿
2026-07-17,399610,TMT50,行业，TMT,47.84,韭圈儿
2026-07-20,399610,TMT50,行业，TMT,47.37,韭圈儿
2026-07-21,399610,TMT50,行业，TMT,51.21,韭圈儿
2026-07-22,399610,TMT50,行业，TMT,49.71,韭圈儿
2026-07-23,399610,TMT50,行业，TMT,49.07,韭圈儿
2026-07-24,399610,TMT50,行业，TMT,47.68,韭圈儿
2026-07-27,399610,TMT50,行业，TMT,49.07,韭圈儿
2026-07-28,399610,TMT50,行业，TMT,44.76,韭圈儿
2026-07-29,399610,TMT50,行业，TMT,45.03,韭圈儿
2026-07-30,399610,TMT50,行业，TMT,42.55,韭圈儿
2026-07-31,399610,TMT50,行业，TMT,44.46,韭圈儿
2026-08-03,399610,TMT50,行业，TMT,43.49,韭圈儿
2026-08-04,399610,TMT50,行业，TMT,46.58,韭圈儿
2026-08-05,399610,TMT50,行业，TMT,47.4,韭圈儿
2026-08-06,399610,TMT50,行业，TMT,47.55,韭圈儿
2026-08-07,399610,TMT50,行业，TMT,48.29,韭圈儿
2026-08-10,399610,TMT50,行业，TMT,47.47,韭圈儿
2026-08-11,399610,TMT50,行业，TMT,45.89,韭圈儿
2026-08-12,399610,TMT50,行业，TMT,46.72,韭圈儿
2026-08-13,399610,TMT50,行业，TMT,46.45,韭圈儿
2026-08-14,399610,TMT50,行业，TMT,47.01,韭圈儿
2026-08-17,399610,TMT50,行业，TMT,48.69,韭圈儿
2026-08-18,399610,TMT50,行业，TMT,48.22,韭圈儿
2026-08-19,399610,TMT50,行业，TMT,44.63,韭圈儿
2026-08-20,399610,TMT50,行业，TMT,44.38,韭圈儿
2026-08-21,399610,TMT50,行业，TMT,45.34,韭圈儿
